date,ticker,sentiment_score,news_count,positive_count,negative_count,neutral_count,sentiment_confidence_mean,p_positive_mean,p_negative_mean,p_neutral_mean,sentiment_score_3d,news_count_3d,positive_count_3d,negative_count_3d,neutral_count_3d
2023-09-12,AAPL,0.0,0.0,0.0,0.0,0.0,0.0,0.0,0.0,0.0,0.0,0.0,0.0,0.0,0.0
2023-09-13,AAPL,0.0,0.0,0.0,0.0,0.0,0.0,0.0,0.0,0.0,0.0,0.0,0.0,0.0,0.0
2023-09-14,AAPL,0.0,0.0,0.0,0.0,0.0,0.0,0.0,0.0,0.0,0.0,0.0,0.0,0.0,0.0
2023-09-15,AAPL,0.0,0.0,0.0,0.0,0.0,0.0,0.0,0.0,0.0,0.0,0.0,0.0,0.0,0.0
2023-09-18,AAPL,0.0,0.0,0.0,0.0,0.0,0.0,0.0,0.0,0.0,0.0,0.0,0.0,0.0,0.0
2023-09-19,AAPL,0.0,0.0,0.0,0.0,0.0,0.0,0.0,0.0,0.0,0.0,0.0,0.0,0.0,0.0
2023-09-20,AAPL,0.0,0.0,0.0,0.0,0.0,0.0,0.0,0.0,0.0,0.0,0.0,0.0,0.0,0.0
2023-09-21,AAPL,0.0,0.0,0.0,0.0,0.0,0.0,0.0,0.0,0.0,0.0,0.0,0.0,0.0,0.0
2023-09-22,AAPL,0.0,0.0,0.0,0.0,0.0,0.0,0.0,0.0,0.0,0.0,0.0,0.0,0.0,0.0
2023-09-25,AAPL,0.0,0.0,0.0,0.0,0.0,0.0,0.0,0.0,0.0,0.0,0.0,0.0,0.0,0.0
2023-09-26,AAPL,0.0,0.0,0.0,0.0,0.0,0.0,0.0,0.0,0.0,0.0,0.0,0.0,0.0,0.0
2023-09-27,AAPL,0.0,0.0,0.0,0.0,0.0,0.0,0.0,0.0,0.0,0.0,0.0,0.0,0.0,0.0
2023-09-28,AAPL,0.0,0.0,0.0,0.0,0.0,0.0,0.0,0.0,0.0,0.0,0.0,0.0,0.0,0.0
2023-09-29,AAPL,0.0,0.0,0.0,0.0,0.0,0.0,0.0,0.0,0.0,0.0,0.0,0.0,0.0,0.0
2023-10-02,AAPL,0.0,0.0,0.0,0.0,0.0,0.0,0.0,0.0,0.0,0.0,0.0,0.0,0.0,0.0
2023-10-03,AAPL,0.0,0.0,0.0,0.0,0.0,0.0,0.0,0.0,0.0,0.0,0.0,0.0,0.0,0.0
2023-10-04,AAPL,0.0,0.0,0.0,0.0,0.0,0.0,0.0,0.0,0.0,0.0,0.0,0.0,0.0,0.0
2023-10-05,AAPL,0.0,0.0,0.0,0.0,0.0,0.0,0.0,0.0,0.0,0.0,0.0,0.0,0.0,0.0
2023-10-06,AAPL,0.0,0.0,0.0,0.0,0.0,0.0,0.0,0.0,0.0,0.0,0.0,0.0,0.0,0.0
2023-10-09,AAPL,0.0,0.0,0.0,0.0,0.0,0.0,0.0,0.0,0.0,0.0,0.0,0.0,0.0,0.0
2023-10-10,AAPL,0.0,0.0,0.0,0.0,0.0,0.0,0.0,0.0,0.0,0.0,0.0,0.0,0.0,0.0
2023-10-11,AAPL,0.0,0.0,0.0,0.0,0.0,0.0,0.0,0.0,0.0,0.0,0.0,0.0,0.0,0.0
2023-10-12,AAPL,0.0,0.0,0.0,0.0,0.0,0.0,0.0,0.0,0.0,0.0,0.0,0.0,0.0,0.0
2023-10-13,AAPL,0.0,0.0,0.0,0.0,0.0,0.0,0.0,0.0,0.0,0.0,0.0,0.0,0.0,0.0
2023-10-16,AAPL,0.0,0.0,0.0,0.0,0.0,0.0,0.0,0.0,0.0,0.0,0.0,0.0,0.0,0.0
2023-10-17,AAPL,0.0,0.0,0.0,0.0,0.0,0.0,0.0,0.0,0.0,0.0,0.0,0.0,0.0,0.0
2023-10-18,AAPL,0.0,0.0,0.0,0.0,0.0,0.0,0.0,0.0,0.0,0.0,0.0,0.0,0.0,0.0
2023-10-19,AAPL,0.0,0.0,0.0,0.0,0.0,0.0,0.0,0.0,0.0,0.0,0.0,0.0,0.0,0.0
2023-10-20,AAPL,0.0,0.0,0.0,0.0,0.0,0.0,0.0,0.0,0.0,0.0,0.0,0.0,0.0,0.0
2023-10-23,AAPL,0.0,0.0,0.0,0.0,0.0,0.0,0.0,0.0,0.0,0.0,0.0,0.0,0.0,0.0
2023-10-24,AAPL,0.0,0.0,0.0,0.0,0.0,0.0,0.0,0.0,0.0,0.0,0.0,0.0,0.0,0.0
2023-10-25,AAPL,0.0,0.0,0.0,0.0,0.0,0.0,0.0,0.0,0.0,0.0,0.0,0.0,0.0,0.0
2023-10-26,AAPL,0.0,0.0,0.0,0.0,0.0,0.0,0.0,0.0,0.0,0.0,0.0,0.0,0.0,0.0
2023-10-27,AAPL,0.0,0.0,0.0,0.0,0.0,0.0,0.0,0.0,0.0,0.0,0.0,0.0,0.0,0.0
2023-10-30,AAPL,0.0,0.0,0.0,0.0,0.0,0.0,0.0,0.0,0.0,0.0,0.0,0.0,0.0,0.0
2023-10-31,AAPL,0.0,0.0,0.0,0.0,0.0,0.0,0.0,0.0,0.0,0.0,0.0,0.0,0.0,0.0
2023-11-01,AAPL,0.0,0.0,0.0,0.0,0.0,0.0,0.0,0.0,0.0,0.0,0.0,0.0,0.0,0.0
2023-11-02,AAPL,0.0,0.0,0.0,0.0,0.0,0.0,0.0,0.0,0.0,0.0,0.0,0.0,0.0,0.0
2023-11-03,AAPL,0.0,0.0,0.0,0.0,0.0,0.0,0.0,0.0,0.0,0.0,0.0,0.0,0.0,0.0
2023-11-06,AAPL,0.0,0.0,0.0,0.0,0.0,0.0,0.0,0.0,0.0,0.0,0.0,0.0,0.0,0.0
2023-11-07,AAPL,0.0,0.0,0.0,0.0,0.0,0.0,0.0,0.0,0.0,0.0,0.0,0.0,0.0,0.0
2023-11-08,AAPL,0.0,0.0,0.0,0.0,0.0,0.0,0.0,0.0,0.0,0.0,0.0,0.0,0.0,0.0
2023-11-09,AAPL,0.0,0.0,0.0,0.0,0.0,0.0,0.0,0.0,0.0,0.0,0.0,0.0,0.0,0.0
2023-11-10,AAPL,0.0,0.0,0.0,0.0,0.0,0.0,0.0,0.0,0.0,0.0,0.0,0.0,0.0,0.0
2023-11-13,AAPL,0.0,0.0,0.0,0.0,0.0,0.0,0.0,0.0,0.0,0.0,0.0,0.0,0.0,0.0
2023-11-14,AAPL,0.0,0.0,0.0,0.0,0.0,0.0,0.0,0.0,0.0,0.0,0.0,0.0,0.0,0.0
2023-11-15,AAPL,0.0,0.0,0.0,0.0,0.0,0.0,0.0,0.0,0.0,0.0,0.0,0.0,0.0,0.0
2023-11-16,AAPL,0.0,0.0,0.0,0.0,0.0,0.0,0.0,0.0,0.0,0.0,0.0,0.0,0.0,0.0
2023-11-17,AAPL,0.0,0.0,0.0,0.0,0.0,0.0,0.0,0.0,0.0,0.0,0.0,0.0,0.0,0.0
2023-11-20,AAPL,0.0,0.0,0.0,0.0,0.0,0.0,0.0,0.0,0.0,0.0,0.0,0.0,0.0,0.0
2023-11-21,AAPL,0.0,0.0,0.0,0.0,0.0,0.0,0.0,0.0,0.0,0.0,0.0,0.0,0.0,0.0
2023-11-22,AAPL,0.0,0.0,0.0,0.0,0.0,0.0,0.0,0.0,0.0,0.0,0.0,0.0,0.0,0.0
2023-11-24,AAPL,0.0,0.0,0.0,0.0,0.0,0.0,0.0,0.0,0.0,0.0,0.0,0.0,0.0,0.0
2023-11-27,AAPL,0.0,0.0,0.0,0.0,0.0,0.0,0.0,0.0,0.0,0.0,0.0,0.0,0.0,0.0
2023-11-28,AAPL,0.0,0.0,0.0,0.0,0.0,0.0,0.0,0.0,0.0,0.0,0.0,0.0,0.0,0.0
2023-11-29,AAPL,0.0,0.0,0.0,0.0,0.0,0.0,0.0,0.0,0.0,0.0,0.0,0.0,0.0,0.0
2023-11-30,AAPL,0.0,0.0,0.0,0.0,0.0,0.0,0.0,0.0,0.0,0.0,0.0,0.0,0.0,0.0
2023-12-01,AAPL,0.0,0.0,0.0,0.0,0.0,0.0,0.0,0.0,0.0,0.0,0.0,0.0,0.0,0.0
2023-12-04,AAPL,0.0,0.0,0.0,0.0,0.0,0.0,0.0,0.0,0.0,0.0,0.0,0.0,0.0,0.0
2023-12-05,AAPL,0.0,0.0,0.0,0.0,0.0,0.0,0.0,0.0,0.0,0.0,0.0,0.0,0.0,0.0
2023-12-06,AAPL,0.0,0.0,0.0,0.0,0.0,0.0,0.0,0.0,0.0,0.0,0.0,0.0,0.0,0.0
2023-12-07,AAPL,0.0,0.0,0.0,0.0,0.0,0.0,0.0,0.0,0.0,0.0,0.0,0.0,0.0,0.0
2023-12-08,AAPL,0.0,0.0,0.0,0.0,0.0,0.0,0.0,0.0,0.0,0.0,0.0,0.0,0.0,0.0
2023-12-11,AAPL,0.0,0.0,0.0,0.0,0.0,0.0,0.0,0.0,0.0,0.0,0.0,0.0,0.0,0.0
2023-12-12,AAPL,0.0,0.0,0.0,0.0,0.0,0.0,0.0,0.0,0.0,0.0,0.0,0.0,0.0,0.0
2023-12-13,AAPL,0.0,0.0,0.0,0.0,0.0,0.0,0.0,0.0,0.0,0.0,0.0,0.0,0.0,0.0
2023-12-14,AAPL,0.0,0.0,0.0,0.0,0.0,0.0,0.0,0.0,0.0,0.0,0.0,0.0,0.0,0.0
2023-12-15,AAPL,0.0,0.0,0.0,0.0,0.0,0.0,0.0,0.0,0.0,0.0,0.0,0.0,0.0,0.0
2023-12-18,AAPL,0.0,0.0,0.0,0.0,0.0,0.0,0.0,0.0,0.0,0.0,0.0,0.0,0.0,0.0
2023-12-19,AAPL,0.0,0.0,0.0,0.0,0.0,0.0,0.0,0.0,0.0,0.0,0.0,0.0,0.0,0.0
2023-12-20,AAPL,0.0,0.0,0.0,0.0,0.0,0.0,0.0,0.0,0.0,0.0,0.0,0.0,0.0,0.0
2023-12-21,AAPL,0.0,0.0,0.0,0.0,0.0,0.0,0.0,0.0,0.0,0.0,0.0,0.0,0.0,0.0
2023-12-22,AAPL,0.0,0.0,0.0,0.0,0.0,0.0,0.0,0.0,0.0,0.0,0.0,0.0,0.0,0.0
2023-12-26,AAPL,0.0,0.0,0.0,0.0,0.0,0.0,0.0,0.0,0.0,0.0,0.0,0.0,0.0,0.0
2023-12-27,AAPL,0.0,0.0,0.0,0.0,0.0,0.0,0.0,0.0,0.0,0.0,0.0,0.0,0.0,0.0
2023-12-28,AAPL,0.0,0.0,0.0,0.0,0.0,0.0,0.0,0.0,0.0,0.0,0.0,0.0,0.0,0.0
2023-12-29,AAPL,0.0,0.0,0.0,0.0,0.0,0.0,0.0,0.0,0.0,0.0,0.0,0.0,0.0,0.0
2024-01-02,AAPL,0.0,0.0,0.0,0.0,0.0,0.0,0.0,0.0,0.0,0.0,0.0,0.0,0.0,0.0
2024-01-03,AAPL,0.0,0.0,0.0,0.0,0.0,0.0,0.0,0.0,0.0,0.0,0.0,0.0,0.0,0.0
2024-01-04,AAPL,0.0,0.0,0.0,0.0,0.0,0.0,0.0,0.0,0.0,0.0,0.0,0.0,0.0,0.0
2024-01-05,AAPL,0.0,0.0,0.0,0.0,0.0,0.0,0.0,0.0,0.0,0.0,0.0,0.0,0.0,0.0
2024-01-08,AAPL,0.0,0.0,0.0,0.0,0.0,0.0,0.0,0.0,0.0,0.0,0.0,0.0,0.0,0.0
2024-01-09,AAPL,0.0,0.0,0.0,0.0,0.0,0.0,0.0,0.0,0.0,0.0,0.0,0.0,0.0,0.0
2024-01-10,AAPL,0.0,0.0,0.0,0.0,0.0,0.0,0.0,0.0,0.0,0.0,0.0,0.0,0.0,0.0
2024-01-11,AAPL,0.0,0.0,0.0,0.0,0.0,0.0,0.0,0.0,0.0,0.0,0.0,0.0,0.0,0.0
2024-01-12,AAPL,0.0,0.0,0.0,0.0,0.0,0.0,0.0,0.0,0.0,0.0,0.0,0.0,0.0,0.0
2024-01-16,AAPL,0.0,0.0,0.0,0.0,0.0,0.0,0.0,0.0,0.0,0.0,0.0,0.0,0.0,0.0
2024-01-17,AAPL,0.0,0.0,0.0,0.0,0.0,0.0,0.0,0.0,0.0,0.0,0.0,0.0,0.0,0.0
2024-01-18,AAPL,0.0,0.0,0.0,0.0,0.0,0.0,0.0,0.0,0.0,0.0,0.0,0.0,0.0,0.0
2024-01-19,AAPL,0.0,0.0,0.0,0.0,0.0,0.0,0.0,0.0,0.0,0.0,0.0,0.0,0.0,0.0
2024-01-22,AAPL,0.0,0.0,0.0,0.0,0.0,0.0,0.0,0.0,0.0,0.0,0.0,0.0,0.0,0.0
2024-01-23,AAPL,0.0,0.0,0.0,0.0,0.0,0.0,0.0,0.0,0.0,0.0,0.0,0.0,0.0,0.0
2024-01-24,AAPL,0.0,0.0,0.0,0.0,0.0,0.0,0.0,0.0,0.0,0.0,0.0,0.0,0.0,0.0
2024-01-25,AAPL,0.0,0.0,0.0,0.0,0.0,0.0,0.0,0.0,0.0,0.0,0.0,0.0,0.0,0.0
2024-01-26,AAPL,0.0,0.0,0.0,0.0,0.0,0.0,0.0,0.0,0.0,0.0,0.0,0.0,0.0,0.0
2024-01-29,AAPL,0.0,0.0,0.0,0.0,0.0,0.0,0.0,0.0,0.0,0.0,0.0,0.0,0.0,0.0
2024-01-30,AAPL,0.0,0.0,0.0,0.0,0.0,0.0,0.0,0.0,0.0,0.0,0.0,0.0,0.0,0.0
2024-01-31,AAPL,0.0,0.0,0.0,0.0,0.0,0.0,0.0,0.0,0.0,0.0,0.0,0.0,0.0,0.0
2024-02-01,AAPL,0.0,0.0,0.0,0.0,0.0,0.0,0.0,0.0,0.0,0.0,0.0,0.0,0.0,0.0
2024-02-02,AAPL,0.0,0.0,0.0,0.0,0.0,0.0,0.0,0.0,0.0,0.0,0.0,0.0,0.0,0.0
2024-02-05,AAPL,0.0,0.0,0.0,0.0,0.0,0.0,0.0,0.0,0.0,0.0,0.0,0.0,0.0,0.0
2024-02-06,AAPL,0.0,0.0,0.0,0.0,0.0,0.0,0.0,0.0,0.0,0.0,0.0,0.0,0.0,0.0
2024-02-07,AAPL,0.0,0.0,0.0,0.0,0.0,0.0,0.0,0.0,0.0,0.0,0.0,0.0,0.0,0.0
2024-02-08,AAPL,0.0,0.0,0.0,0.0,0.0,0.0,0.0,0.0,0.0,0.0,0.0,0.0,0.0,0.0
2024-02-09,AAPL,0.0,0.0,0.0,0.0,0.0,0.0,0.0,0.0,0.0,0.0,0.0,0.0,0.0,0.0
2024-02-12,AAPL,0.0,0.0,0.0,0.0,0.0,0.0,0.0,0.0,0.0,0.0,0.0,0.0,0.0,0.0
2024-02-13,AAPL,0.0,0.0,0.0,0.0,0.0,0.0,0.0,0.0,0.0,0.0,0.0,0.0,0.0,0.0
2024-02-14,AAPL,0.0,0.0,0.0,0.0,0.0,0.0,0.0,0.0,0.0,0.0,0.0,0.0,0.0,0.0
2024-02-15,AAPL,0.0,0.0,0.0,0.0,0.0,0.0,0.0,0.0,0.0,0.0,0.0,0.0,0.0,0.0
2024-02-16,AAPL,0.0,0.0,0.0,0.0,0.0,0.0,0.0,0.0,0.0,0.0,0.0,0.0,0.0,0.0
2024-02-20,AAPL,0.0,0.0,0.0,0.0,0.0,0.0,0.0,0.0,0.0,0.0,0.0,0.0,0.0,0.0
2024-02-21,AAPL,0.0,0.0,0.0,0.0,0.0,0.0,0.0,0.0,0.0,0.0,0.0,0.0,0.0,0.0
2024-02-22,AAPL,0.0,0.0,0.0,0.0,0.0,0.0,0.0,0.0,0.0,0.0,0.0,0.0,0.0,0.0
2024-02-23,AAPL,0.0,0.0,0.0,0.0,0.0,0.0,0.0,0.0,0.0,0.0,0.0,0.0,0.0,0.0
2024-02-26,AAPL,0.0,0.0,0.0,0.0,0.0,0.0,0.0,0.0,0.0,0.0,0.0,0.0,0.0,0.0
2024-02-27,AAPL,0.0,0.0,0.0,0.0,0.0,0.0,0.0,0.0,0.0,0.0,0.0,0.0,0.0,0.0
2024-02-28,AAPL,0.0,0.0,0.0,0.0,0.0,0.0,0.0,0.0,0.0,0.0,0.0,0.0,0.0,0.0
2024-02-29,AAPL,0.0,0.0,0.0,0.0,0.0,0.0,0.0,0.0,0.0,0.0,0.0,0.0,0.0,0.0
2024-03-01,AAPL,0.0,0.0,0.0,0.0,0.0,0.0,0.0,0.0,0.0,0.0,0.0,0.0,0.0,0.0
2024-03-04,AAPL,0.0,0.0,0.0,0.0,0.0,0.0,0.0,0.0,0.0,0.0,0.0,0.0,0.0,0.0
2024-03-05,AAPL,0.0,0.0,0.0,0.0,0.0,0.0,0.0,0.0,0.0,0.0,0.0,0.0,0.0,0.0
2024-03-06,AAPL,0.0,0.0,0.0,0.0,0.0,0.0,0.0,0.0,0.0,0.0,0.0,0.0,0.0,0.0
2024-03-07,AAPL,0.0,0.0,0.0,0.0,0.0,0.0,0.0,0.0,0.0,0.0,0.0,0.0,0.0,0.0
2024-03-08,AAPL,0.0,0.0,0.0,0.0,0.0,0.0,0.0,0.0,0.0,0.0,0.0,0.0,0.0,0.0
2024-03-11,AAPL,0.0,0.0,0.0,0.0,0.0,0.0,0.0,0.0,0.0,0.0,0.0,0.0,0.0,0.0
2024-03-12,AAPL,0.0,0.0,0.0,0.0,0.0,0.0,0.0,0.0,0.0,0.0,0.0,0.0,0.0,0.0
2024-03-13,AAPL,0.0,0.0,0.0,0.0,0.0,0.0,0.0,0.0,0.0,0.0,0.0,0.0,0.0,0.0
2024-03-14,AAPL,0.0,0.0,0.0,0.0,0.0,0.0,0.0,0.0,0.0,0.0,0.0,0.0,0.0,0.0
2024-03-15,AAPL,0.0,0.0,0.0,0.0,0.0,0.0,0.0,0.0,0.0,0.0,0.0,0.0,0.0,0.0
2024-03-18,AAPL,0.0,0.0,0.0,0.0,0.0,0.0,0.0,0.0,0.0,0.0,0.0,0.0,0.0,0.0
2024-03-19,AAPL,0.0,0.0,0.0,0.0,0.0,0.0,0.0,0.0,0.0,0.0,0.0,0.0,0.0,0.0
2024-03-20,AAPL,0.0,0.0,0.0,0.0,0.0,0.0,0.0,0.0,0.0,0.0,0.0,0.0,0.0,0.0
2024-03-21,AAPL,0.0,0.0,0.0,0.0,0.0,0.0,0.0,0.0,0.0,0.0,0.0,0.0,0.0,0.0
2024-03-22,AAPL,0.0,0.0,0.0,0.0,0.0,0.0,0.0,0.0,0.0,0.0,0.0,0.0,0.0,0.0
2024-03-25,AAPL,0.0,0.0,0.0,0.0,0.0,0.0,0.0,0.0,0.0,0.0,0.0,0.0,0.0,0.0
2024-03-26,AAPL,0.0,0.0,0.0,0.0,0.0,0.0,0.0,0.0,0.0,0.0,0.0,0.0,0.0,0.0
2024-03-27,AAPL,0.0,0.0,0.0,0.0,0.0,0.0,0.0,0.0,0.0,0.0,0.0,0.0,0.0,0.0
2024-03-28,AAPL,0.0,0.0,0.0,0.0,0.0,0.0,0.0,0.0,0.0,0.0,0.0,0.0,0.0,0.0
2024-04-01,AAPL,0.0,0.0,0.0,0.0,0.0,0.0,0.0,0.0,0.0,0.0,0.0,0.0,0.0,0.0
2024-04-02,AAPL,0.0,0.0,0.0,0.0,0.0,0.0,0.0,0.0,0.0,0.0,0.0,0.0,0.0,0.0
2024-04-03,AAPL,0.0,0.0,0.0,0.0,0.0,0.0,0.0,0.0,0.0,0.0,0.0,0.0,0.0,0.0
2024-04-04,AAPL,0.0,0.0,0.0,0.0,0.0,0.0,0.0,0.0,0.0,0.0,0.0,0.0,0.0,0.0
2024-04-05,AAPL,0.0,0.0,0.0,0.0,0.0,0.0,0.0,0.0,0.0,0.0,0.0,0.0,0.0,0.0
2024-04-08,AAPL,0.0,0.0,0.0,0.0,0.0,0.0,0.0,0.0,0.0,0.0,0.0,0.0,0.0,0.0
2024-04-09,AAPL,0.0,0.0,0.0,0.0,0.0,0.0,0.0,0.0,0.0,0.0,0.0,0.0,0.0,0.0
2024-04-10,AAPL,0.0,0.0,0.0,0.0,0.0,0.0,0.0,0.0,0.0,0.0,0.0,0.0,0.0,0.0
2024-04-11,AAPL,0.0,0.0,0.0,0.0,0.0,0.0,0.0,0.0,0.0,0.0,0.0,0.0,0.0,0.0
2024-04-12,AAPL,0.0,0.0,0.0,0.0,0.0,0.0,0.0,0.0,0.0,0.0,0.0,0.0,0.0,0.0
2024-04-15,AAPL,0.0,0.0,0.0,0.0,0.0,0.0,0.0,0.0,0.0,0.0,0.0,0.0,0.0,0.0
2024-04-16,AAPL,0.0,0.0,0.0,0.0,0.0,0.0,0.0,0.0,0.0,0.0,0.0,0.0,0.0,0.0
2024-04-17,AAPL,0.0,0.0,0.0,0.0,0.0,0.0,0.0,0.0,0.0,0.0,0.0,0.0,0.0,0.0
2024-04-18,AAPL,0.0,0.0,0.0,0.0,0.0,0.0,0.0,0.0,0.0,0.0,0.0,0.0,0.0,0.0
2024-04-19,AAPL,0.0,0.0,0.0,0.0,0.0,0.0,0.0,0.0,0.0,0.0,0.0,0.0,0.0,0.0
2024-04-22,AAPL,0.0,0.0,0.0,0.0,0.0,0.0,0.0,0.0,0.0,0.0,0.0,0.0,0.0,0.0
2024-04-23,AAPL,0.0,0.0,0.0,0.0,0.0,0.0,0.0,0.0,0.0,0.0,0.0,0.0,0.0,0.0
2024-04-24,AAPL,0.0,0.0,0.0,0.0,0.0,0.0,0.0,0.0,0.0,0.0,0.0,0.0,0.0,0.0
2024-04-25,AAPL,0.0,0.0,0.0,0.0,0.0,0.0,0.0,0.0,0.0,0.0,0.0,0.0,0.0,0.0
2024-04-26,AAPL,0.0,0.0,0.0,0.0,0.0,0.0,0.0,0.0,0.0,0.0,0.0,0.0,0.0,0.0
2024-04-29,AAPL,0.0,0.0,0.0,0.0,0.0,0.0,0.0,0.0,0.0,0.0,0.0,0.0,0.0,0.0
2024-04-30,AAPL,0.0,0.0,0.0,0.0,0.0,0.0,0.0,0.0,0.0,0.0,0.0,0.0,0.0,0.0
2024-05-01,AAPL,0.0,0.0,0.0,0.0,0.0,0.0,0.0,0.0,0.0,0.0,0.0,0.0,0.0,0.0
2024-05-02,AAPL,0.0,0.0,0.0,0.0,0.0,0.0,0.0,0.0,0.0,0.0,0.0,0.0,0.0,0.0
2024-05-03,AAPL,0.0,0.0,0.0,0.0,0.0,0.0,0.0,0.0,0.0,0.0,0.0,0.0,0.0,0.0
2024-05-06,AAPL,0.0,0.0,0.0,0.0,0.0,0.0,0.0,0.0,0.0,0.0,0.0,0.0,0.0,0.0
2024-05-07,AAPL,0.0,0.0,0.0,0.0,0.0,0.0,0.0,0.0,0.0,0.0,0.0,0.0,0.0,0.0
2024-05-08,AAPL,0.0,0.0,0.0,0.0,0.0,0.0,0.0,0.0,0.0,0.0,0.0,0.0,0.0,0.0
2024-05-09,AAPL,0.0,0.0,0.0,0.0,0.0,0.0,0.0,0.0,0.0,0.0,0.0,0.0,0.0,0.0
2024-05-10,AAPL,0.0,0.0,0.0,0.0,0.0,0.0,0.0,0.0,0.0,0.0,0.0,0.0,0.0,0.0
2024-05-13,AAPL,0.0,0.0,0.0,0.0,0.0,0.0,0.0,0.0,0.0,0.0,0.0,0.0,0.0,0.0
2024-05-14,AAPL,0.0,0.0,0.0,0.0,0.0,0.0,0.0,0.0,0.0,0.0,0.0,0.0,0.0,0.0
2024-05-15,AAPL,0.0,0.0,0.0,0.0,0.0,0.0,0.0,0.0,0.0,0.0,0.0,0.0,0.0,0.0
2024-05-16,AAPL,0.0,0.0,0.0,0.0,0.0,0.0,0.0,0.0,0.0,0.0,0.0,0.0,0.0,0.0
2024-05-17,AAPL,0.0,0.0,0.0,0.0,0.0,0.0,0.0,0.0,0.0,0.0,0.0,0.0,0.0,0.0
2024-05-20,AAPL,0.0,0.0,0.0,0.0,0.0,0.0,0.0,0.0,0.0,0.0,0.0,0.0,0.0,0.0
2024-05-21,AAPL,0.0,0.0,0.0,0.0,0.0,0.0,0.0,0.0,0.0,0.0,0.0,0.0,0.0,0.0
2024-05-22,AAPL,0.0,0.0,0.0,0.0,0.0,0.0,0.0,0.0,0.0,0.0,0.0,0.0,0.0,0.0
2024-05-23,AAPL,0.0,0.0,0.0,0.0,0.0,0.0,0.0,0.0,0.0,0.0,0.0,0.0,0.0,0.0
2024-05-24,AAPL,0.0,0.0,0.0,0.0,0.0,0.0,0.0,0.0,0.0,0.0,0.0,0.0,0.0,0.0
2024-05-28,AAPL,0.0,0.0,0.0,0.0,0.0,0.0,0.0,0.0,0.0,0.0,0.0,0.0,0.0,0.0
2024-05-29,AAPL,0.0,0.0,0.0,0.0,0.0,0.0,0.0,0.0,0.0,0.0,0.0,0.0,0.0,0.0
2024-05-30,AAPL,0.0,0.0,0.0,0.0,0.0,0.0,0.0,0.0,0.0,0.0,0.0,0.0,0.0,0.0
2024-05-31,AAPL,0.0,0.0,0.0,0.0,0.0,0.0,0.0,0.0,0.0,0.0,0.0,0.0,0.0,0.0
2024-06-03,AAPL,0.0,0.0,0.0,0.0,0.0,0.0,0.0,0.0,0.0,0.0,0.0,0.0,0.0,0.0
2024-06-04,AAPL,0.0,0.0,0.0,0.0,0.0,0.0,0.0,0.0,0.0,0.0,0.0,0.0,0.0,0.0
2024-06-05,AAPL,0.0,0.0,0.0,0.0,0.0,0.0,0.0,0.0,0.0,0.0,0.0,0.0,0.0,0.0
2024-06-06,AAPL,0.0,0.0,0.0,0.0,0.0,0.0,0.0,0.0,0.0,0.0,0.0,0.0,0.0,0.0
2024-06-07,AAPL,0.0,0.0,0.0,0.0,0.0,0.0,0.0,0.0,0.0,0.0,0.0,0.0,0.0,0.0
2024-06-10,AAPL,0.0,0.0,0.0,0.0,0.0,0.0,0.0,0.0,0.0,0.0,0.0,0.0,0.0,0.0
2024-06-11,AAPL,0.0,0.0,0.0,0.0,0.0,0.0,0.0,0.0,0.0,0.0,0.0,0.0,0.0,0.0
2024-06-12,AAPL,0.0,0.0,0.0,0.0,0.0,0.0,0.0,0.0,0.0,0.0,0.0,0.0,0.0,0.0
2024-06-13,AAPL,0.0,0.0,0.0,0.0,0.0,0.0,0.0,0.0,0.0,0.0,0.0,0.0,0.0,0.0
2024-06-14,AAPL,0.0,0.0,0.0,0.0,0.0,0.0,0.0,0.0,0.0,0.0,0.0,0.0,0.0,0.0
2024-06-17,AAPL,0.0,0.0,0.0,0.0,0.0,0.0,0.0,0.0,0.0,0.0,0.0,0.0,0.0,0.0
2024-06-18,AAPL,0.0,0.0,0.0,0.0,0.0,0.0,0.0,0.0,0.0,0.0,0.0,0.0,0.0,0.0
2024-06-20,AAPL,0.0,0.0,0.0,0.0,0.0,0.0,0.0,0.0,0.0,0.0,0.0,0.0,0.0,0.0
2024-06-21,AAPL,0.0,0.0,0.0,0.0,0.0,0.0,0.0,0.0,0.0,0.0,0.0,0.0,0.0,0.0
2024-06-24,AAPL,0.0,0.0,0.0,0.0,0.0,0.0,0.0,0.0,0.0,0.0,0.0,0.0,0.0,0.0
2024-06-25,AAPL,0.0,0.0,0.0,0.0,0.0,0.0,0.0,0.0,0.0,0.0,0.0,0.0,0.0,0.0
2024-06-26,AAPL,0.0,0.0,0.0,0.0,0.0,0.0,0.0,0.0,0.0,0.0,0.0,0.0,0.0,0.0
2024-06-27,AAPL,0.0,0.0,0.0,0.0,0.0,0.0,0.0,0.0,0.0,0.0,0.0,0.0,0.0,0.0
2024-06-28,AAPL,0.0,0.0,0.0,0.0,0.0,0.0,0.0,0.0,0.0,0.0,0.0,0.0,0.0,0.0
2024-07-01,AAPL,0.0,0.0,0.0,0.0,0.0,0.0,0.0,0.0,0.0,0.0,0.0,0.0,0.0,0.0
2024-07-02,AAPL,0.0,0.0,0.0,0.0,0.0,0.0,0.0,0.0,0.0,0.0,0.0,0.0,0.0,0.0
2024-07-03,AAPL,0.0,0.0,0.0,0.0,0.0,0.0,0.0,0.0,0.0,0.0,0.0,0.0,0.0,0.0
2024-07-05,AAPL,0.0,0.0,0.0,0.0,0.0,0.0,0.0,0.0,0.0,0.0,0.0,0.0,0.0,0.0
2024-07-08,AAPL,0.0,0.0,0.0,0.0,0.0,0.0,0.0,0.0,0.0,0.0,0.0,0.0,0.0,0.0
2024-07-09,AAPL,0.0,0.0,0.0,0.0,0.0,0.0,0.0,0.0,0.0,0.0,0.0,0.0,0.0,0.0
2024-07-10,AAPL,0.0,0.0,0.0,0.0,0.0,0.0,0.0,0.0,0.0,0.0,0.0,0.0,0.0,0.0
2024-07-11,AAPL,0.0,0.0,0.0,0.0,0.0,0.0,0.0,0.0,0.0,0.0,0.0,0.0,0.0,0.0
2024-07-12,AAPL,0.0,0.0,0.0,0.0,0.0,0.0,0.0,0.0,0.0,0.0,0.0,0.0,0.0,0.0
2024-07-15,AAPL,0.0,0.0,0.0,0.0,0.0,0.0,0.0,0.0,0.0,0.0,0.0,0.0,0.0,0.0
2024-07-16,AAPL,0.0,0.0,0.0,0.0,0.0,0.0,0.0,0.0,0.0,0.0,0.0,0.0,0.0,0.0
2024-07-17,AAPL,0.0,0.0,0.0,0.0,0.0,0.0,0.0,0.0,0.0,0.0,0.0,0.0,0.0,0.0
2024-07-18,AAPL,0.0,0.0,0.0,0.0,0.0,0.0,0.0,0.0,0.0,0.0,0.0,0.0,0.0,0.0
2024-07-19,AAPL,0.0,0.0,0.0,0.0,0.0,0.0,0.0,0.0,0.0,0.0,0.0,0.0,0.0,0.0
2024-07-22,AAPL,0.0,0.0,0.0,0.0,0.0,0.0,0.0,0.0,0.0,0.0,0.0,0.0,0.0,0.0
2024-07-23,AAPL,0.0,0.0,0.0,0.0,0.0,0.0,0.0,0.0,0.0,0.0,0.0,0.0,0.0,0.0
2024-07-24,AAPL,0.0,0.0,0.0,0.0,0.0,0.0,0.0,0.0,0.0,0.0,0.0,0.0,0.0,0.0
2024-07-25,AAPL,0.0,0.0,0.0,0.0,0.0,0.0,0.0,0.0,0.0,0.0,0.0,0.0,0.0,0.0
2024-07-26,AAPL,0.0,0.0,0.0,0.0,0.0,0.0,0.0,0.0,0.0,0.0,0.0,0.0,0.0,0.0
2024-07-29,AAPL,0.0,0.0,0.0,0.0,0.0,0.0,0.0,0.0,0.0,0.0,0.0,0.0,0.0,0.0
2024-07-30,AAPL,0.0,0.0,0.0,0.0,0.0,0.0,0.0,0.0,0.0,0.0,0.0,0.0,0.0,0.0
2024-07-31,AAPL,0.0,0.0,0.0,0.0,0.0,0.0,0.0,0.0,0.0,0.0,0.0,0.0,0.0,0.0
2024-08-01,AAPL,0.0,0.0,0.0,0.0,0.0,0.0,0.0,0.0,0.0,0.0,0.0,0.0,0.0,0.0
2024-08-02,AAPL,0.0,0.0,0.0,0.0,0.0,0.0,0.0,0.0,0.0,0.0,0.0,0.0,0.0,0.0
2024-08-05,AAPL,0.0,0.0,0.0,0.0,0.0,0.0,0.0,0.0,0.0,0.0,0.0,0.0,0.0,0.0
2024-08-06,AAPL,0.0,0.0,0.0,0.0,0.0,0.0,0.0,0.0,0.0,0.0,0.0,0.0,0.0,0.0
2024-08-07,AAPL,0.0,0.0,0.0,0.0,0.0,0.0,0.0,0.0,0.0,0.0,0.0,0.0,0.0,0.0
2024-08-08,AAPL,0.0,0.0,0.0,0.0,0.0,0.0,0.0,0.0,0.0,0.0,0.0,0.0,0.0,0.0
2024-08-09,AAPL,0.0,0.0,0.0,0.0,0.0,0.0,0.0,0.0,0.0,0.0,0.0,0.0,0.0,0.0
2024-08-12,AAPL,0.0,0.0,0.0,0.0,0.0,0.0,0.0,0.0,0.0,0.0,0.0,0.0,0.0,0.0
2024-08-13,AAPL,0.0,0.0,0.0,0.0,0.0,0.0,0.0,0.0,0.0,0.0,0.0,0.0,0.0,0.0
2024-08-14,AAPL,0.0,0.0,0.0,0.0,0.0,0.0,0.0,0.0,0.0,0.0,0.0,0.0,0.0,0.0
2024-08-15,AAPL,0.0,0.0,0.0,0.0,0.0,0.0,0.0,0.0,0.0,0.0,0.0,0.0,0.0,0.0
2024-08-16,AAPL,0.0,0.0,0.0,0.0,0.0,0.0,0.0,0.0,0.0,0.0,0.0,0.0,0.0,0.0
2024-08-19,AAPL,0.0,0.0,0.0,0.0,0.0,0.0,0.0,0.0,0.0,0.0,0.0,0.0,0.0,0.0
2024-08-20,AAPL,0.0,0.0,0.0,0.0,0.0,0.0,0.0,0.0,0.0,0.0,0.0,0.0,0.0,0.0
2024-08-21,AAPL,0.0,0.0,0.0,0.0,0.0,0.0,0.0,0.0,0.0,0.0,0.0,0.0,0.0,0.0
2024-08-22,AAPL,0.0,0.0,0.0,0.0,0.0,0.0,0.0,0.0,0.0,0.0,0.0,0.0,0.0,0.0
2024-08-23,AAPL,0.0,0.0,0.0,0.0,0.0,0.0,0.0,0.0,0.0,0.0,0.0,0.0,0.0,0.0
2024-08-26,AAPL,0.0,0.0,0.0,0.0,0.0,0.0,0.0,0.0,0.0,0.0,0.0,0.0,0.0,0.0
2024-08-27,AAPL,0.0,0.0,0.0,0.0,0.0,0.0,0.0,0.0,0.0,0.0,0.0,0.0,0.0,0.0
2024-08-28,AAPL,0.0,0.0,0.0,0.0,0.0,0.0,0.0,0.0,0.0,0.0,0.0,0.0,0.0,0.0
2024-08-29,AAPL,0.0,0.0,0.0,0.0,0.0,0.0,0.0,0.0,0.0,0.0,0.0,0.0,0.0,0.0
2024-08-30,AAPL,0.0,0.0,0.0,0.0,0.0,0.0,0.0,0.0,0.0,0.0,0.0,0.0,0.0,0.0
2024-09-03,AAPL,0.0,0.0,0.0,0.0,0.0,0.0,0.0,0.0,0.0,0.0,0.0,0.0,0.0,0.0
2024-09-04,AAPL,0.0,0.0,0.0,0.0,0.0,0.0,0.0,0.0,0.0,0.0,0.0,0.0,0.0,0.0
2024-09-05,AAPL,0.0,0.0,0.0,0.0,0.0,0.0,0.0,0.0,0.0,0.0,0.0,0.0,0.0,0.0
2024-09-06,AAPL,0.0,0.0,0.0,0.0,0.0,0.0,0.0,0.0,0.0,0.0,0.0,0.0,0.0,0.0
2024-09-09,AAPL,0.0,0.0,0.0,0.0,0.0,0.0,0.0,0.0,0.0,0.0,0.0,0.0,0.0,0.0
2024-09-10,AAPL,0.0,0.0,0.0,0.0,0.0,0.0,0.0,0.0,0.0,0.0,0.0,0.0,0.0,0.0
2024-09-11,AAPL,0.0,0.0,0.0,0.0,0.0,0.0,0.0,0.0,0.0,0.0,0.0,0.0,0.0,0.0
2024-09-12,AAPL,0.0,0.0,0.0,0.0,0.0,0.0,0.0,0.0,0.0,0.0,0.0,0.0,0.0,0.0
2024-09-13,AAPL,0.0,0.0,0.0,0.0,0.0,0.0,0.0,0.0,0.0,0.0,0.0,0.0,0.0,0.0
2024-09-16,AAPL,0.0,0.0,0.0,0.0,0.0,0.0,0.0,0.0,0.0,0.0,0.0,0.0,0.0,0.0
2024-09-17,AAPL,0.0,0.0,0.0,0.0,0.0,0.0,0.0,0.0,0.0,0.0,0.0,0.0,0.0,0.0
2024-09-18,AAPL,0.0,0.0,0.0,0.0,0.0,0.0,0.0,0.0,0.0,0.0,0.0,0.0,0.0,0.0
2024-09-19,AAPL,0.0,0.0,0.0,0.0,0.0,0.0,0.0,0.0,0.0,0.0,0.0,0.0,0.0,0.0
2024-09-20,AAPL,0.0,0.0,0.0,0.0,0.0,0.0,0.0,0.0,0.0,0.0,0.0,0.0,0.0,0.0
2024-09-23,AAPL,0.0,0.0,0.0,0.0,0.0,0.0,0.0,0.0,0.0,0.0,0.0,0.0,0.0,0.0
2024-09-24,AAPL,0.0,0.0,0.0,0.0,0.0,0.0,0.0,0.0,0.0,0.0,0.0,0.0,0.0,0.0
2024-09-25,AAPL,0.0,0.0,0.0,0.0,0.0,0.0,0.0,0.0,0.0,0.0,0.0,0.0,0.0,0.0
2024-09-26,AAPL,0.0,0.0,0.0,0.0,0.0,0.0,0.0,0.0,0.0,0.0,0.0,0.0,0.0,0.0
2024-09-27,AAPL,0.0,0.0,0.0,0.0,0.0,0.0,0.0,0.0,0.0,0.0,0.0,0.0,0.0,0.0
2024-09-30,AAPL,0.0,0.0,0.0,0.0,0.0,0.0,0.0,0.0,0.0,0.0,0.0,0.0,0.0,0.0
2024-10-01,AAPL,0.0,0.0,0.0,0.0,0.0,0.0,0.0,0.0,0.0,0.0,0.0,0.0,0.0,0.0
2024-10-02,AAPL,0.0,0.0,0.0,0.0,0.0,0.0,0.0,0.0,0.0,0.0,0.0,0.0,0.0,0.0
2024-10-03,AAPL,0.0,0.0,0.0,0.0,0.0,0.0,0.0,0.0,0.0,0.0,0.0,0.0,0.0,0.0
2024-10-04,AAPL,0.0,0.0,0.0,0.0,0.0,0.0,0.0,0.0,0.0,0.0,0.0,0.0,0.0,0.0
2024-10-07,AAPL,0.0,0.0,0.0,0.0,0.0,0.0,0.0,0.0,0.0,0.0,0.0,0.0,0.0,0.0
2024-10-08,AAPL,0.0,0.0,0.0,0.0,0.0,0.0,0.0,0.0,0.0,0.0,0.0,0.0,0.0,0.0
2024-10-09,AAPL,0.0,0.0,0.0,0.0,0.0,0.0,0.0,0.0,0.0,0.0,0.0,0.0,0.0,0.0
2024-10-10,AAPL,0.0,0.0,0.0,0.0,0.0,0.0,0.0,0.0,0.0,0.0,0.0,0.0,0.0,0.0
2024-10-11,AAPL,0.0,0.0,0.0,0.0,0.0,0.0,0.0,0.0,0.0,0.0,0.0,0.0,0.0,0.0
2024-10-14,AAPL,0.0,0.0,0.0,0.0,0.0,0.0,0.0,0.0,0.0,0.0,0.0,0.0,0.0,0.0
2024-10-15,AAPL,0.0,0.0,0.0,0.0,0.0,0.0,0.0,0.0,0.0,0.0,0.0,0.0,0.0,0.0
2024-10-16,AAPL,0.0,0.0,0.0,0.0,0.0,0.0,0.0,0.0,0.0,0.0,0.0,0.0,0.0,0.0
2024-10-17,AAPL,0.0,0.0,0.0,0.0,0.0,0.0,0.0,0.0,0.0,0.0,0.0,0.0,0.0,0.0
2024-10-18,AAPL,0.0,0.0,0.0,0.0,0.0,0.0,0.0,0.0,0.0,0.0,0.0,0.0,0.0,0.0
2024-10-21,AAPL,0.0,0.0,0.0,0.0,0.0,0.0,0.0,0.0,0.0,0.0,0.0,0.0,0.0,0.0
2024-10-22,AAPL,0.0,0.0,0.0,0.0,0.0,0.0,0.0,0.0,0.0,0.0,0.0,0.0,0.0,0.0
2024-10-23,AAPL,0.0,0.0,0.0,0.0,0.0,0.0,0.0,0.0,0.0,0.0,0.0,0.0,0.0,0.0
2024-10-24,AAPL,0.0,0.0,0.0,0.0,0.0,0.0,0.0,0.0,0.0,0.0,0.0,0.0,0.0,0.0
2024-10-25,AAPL,0.0,0.0,0.0,0.0,0.0,0.0,0.0,0.0,0.0,0.0,0.0,0.0,0.0,0.0
2024-10-28,AAPL,0.0,0.0,0.0,0.0,0.0,0.0,0.0,0.0,0.0,0.0,0.0,0.0,0.0,0.0
2024-10-29,AAPL,0.0,0.0,0.0,0.0,0.0,0.0,0.0,0.0,0.0,0.0,0.0,0.0,0.0,0.0
2024-10-30,AAPL,0.0,0.0,0.0,0.0,0.0,0.0,0.0,0.0,0.0,0.0,0.0,0.0,0.0,0.0
2024-10-31,AAPL,0.0,0.0,0.0,0.0,0.0,0.0,0.0,0.0,0.0,0.0,0.0,0.0,0.0,0.0
2024-11-01,AAPL,0.0,0.0,0.0,0.0,0.0,0.0,0.0,0.0,0.0,0.0,0.0,0.0,0.0,0.0
2024-11-04,AAPL,0.0,0.0,0.0,0.0,0.0,0.0,0.0,0.0,0.0,0.0,0.0,0.0,0.0,0.0
2024-11-05,AAPL,0.0,0.0,0.0,0.0,0.0,0.0,0.0,0.0,0.0,0.0,0.0,0.0,0.0,0.0
2024-11-06,AAPL,0.0,0.0,0.0,0.0,0.0,0.0,0.0,0.0,0.0,0.0,0.0,0.0,0.0,0.0
2024-11-07,AAPL,0.0,0.0,0.0,0.0,0.0,0.0,0.0,0.0,0.0,0.0,0.0,0.0,0.0,0.0
2024-11-08,AAPL,0.0,0.0,0.0,0.0,0.0,0.0,0.0,0.0,0.0,0.0,0.0,0.0,0.0,0.0
2024-11-11,AAPL,0.0,0.0,0.0,0.0,0.0,0.0,0.0,0.0,0.0,0.0,0.0,0.0,0.0,0.0
2024-11-12,AAPL,0.0,0.0,0.0,0.0,0.0,0.0,0.0,0.0,0.0,0.0,0.0,0.0,0.0,0.0
2024-11-13,AAPL,0.0,0.0,0.0,0.0,0.0,0.0,0.0,0.0,0.0,0.0,0.0,0.0,0.0,0.0
2024-11-14,AAPL,0.0,0.0,0.0,0.0,0.0,0.0,0.0,0.0,0.0,0.0,0.0,0.0,0.0,0.0
2024-11-15,AAPL,0.0,0.0,0.0,0.0,0.0,0.0,0.0,0.0,0.0,0.0,0.0,0.0,0.0,0.0
2024-11-18,AAPL,0.0,0.0,0.0,0.0,0.0,0.0,0.0,0.0,0.0,0.0,0.0,0.0,0.0,0.0
2024-11-19,AAPL,0.0,0.0,0.0,0.0,0.0,0.0,0.0,0.0,0.0,0.0,0.0,0.0,0.0,0.0
2024-11-20,AAPL,0.0,0.0,0.0,0.0,0.0,0.0,0.0,0.0,0.0,0.0,0.0,0.0,0.0,0.0
2024-11-21,AAPL,0.0,0.0,0.0,0.0,0.0,0.0,0.0,0.0,0.0,0.0,0.0,0.0,0.0,0.0
2024-11-22,AAPL,0.0,0.0,0.0,0.0,0.0,0.0,0.0,0.0,0.0,0.0,0.0,0.0,0.0,0.0
2024-11-25,AAPL,0.0,0.0,0.0,0.0,0.0,0.0,0.0,0.0,0.0,0.0,0.0,0.0,0.0,0.0
2024-11-26,AAPL,0.0,0.0,0.0,0.0,0.0,0.0,0.0,0.0,0.0,0.0,0.0,0.0,0.0,0.0
2024-11-27,AAPL,0.0,0.0,0.0,0.0,0.0,0.0,0.0,0.0,0.0,0.0,0.0,0.0,0.0,0.0
2024-11-29,AAPL,0.0,0.0,0.0,0.0,0.0,0.0,0.0,0.0,0.0,0.0,0.0,0.0,0.0,0.0
2024-12-02,AAPL,0.0,0.0,0.0,0.0,0.0,0.0,0.0,0.0,0.0,0.0,0.0,0.0,0.0,0.0
2024-12-03,AAPL,0.0,0.0,0.0,0.0,0.0,0.0,0.0,0.0,0.0,0.0,0.0,0.0,0.0,0.0
2024-12-04,AAPL,0.0,0.0,0.0,0.0,0.0,0.0,0.0,0.0,0.0,0.0,0.0,0.0,0.0,0.0
2024-12-05,AAPL,0.0,0.0,0.0,0.0,0.0,0.0,0.0,0.0,0.0,0.0,0.0,0.0,0.0,0.0
2024-12-06,AAPL,0.0,0.0,0.0,0.0,0.0,0.0,0.0,0.0,0.0,0.0,0.0,0.0,0.0,0.0
2024-12-09,AAPL,0.0,0.0,0.0,0.0,0.0,0.0,0.0,0.0,0.0,0.0,0.0,0.0,0.0,0.0
2024-12-10,AAPL,0.0,0.0,0.0,0.0,0.0,0.0,0.0,0.0,0.0,0.0,0.0,0.0,0.0,0.0
2024-12-11,AAPL,0.0,0.0,0.0,0.0,0.0,0.0,0.0,0.0,0.0,0.0,0.0,0.0,0.0,0.0
2024-12-12,AAPL,0.0,0.0,0.0,0.0,0.0,0.0,0.0,0.0,0.0,0.0,0.0,0.0,0.0,0.0
2024-12-13,AAPL,0.0,0.0,0.0,0.0,0.0,0.0,0.0,0.0,0.0,0.0,0.0,0.0,0.0,0.0
2024-12-16,AAPL,0.0,0.0,0.0,0.0,0.0,0.0,0.0,0.0,0.0,0.0,0.0,0.0,0.0,0.0
2024-12-17,AAPL,0.0,0.0,0.0,0.0,0.0,0.0,0.0,0.0,0.0,0.0,0.0,0.0,0.0,0.0
2024-12-18,AAPL,0.0,0.0,0.0,0.0,0.0,0.0,0.0,0.0,0.0,0.0,0.0,0.0,0.0,0.0
2024-12-19,AAPL,0.0,0.0,0.0,0.0,0.0,0.0,0.0,0.0,0.0,0.0,0.0,0.0,0.0,0.0
2024-12-20,AAPL,0.0,0.0,0.0,0.0,0.0,0.0,0.0,0.0,0.0,0.0,0.0,0.0,0.0,0.0
2024-12-23,AAPL,0.0,0.0,0.0,0.0,0.0,0.0,0.0,0.0,0.0,0.0,0.0,0.0,0.0,0.0
2024-12-24,AAPL,0.0,0.0,0.0,0.0,0.0,0.0,0.0,0.0,0.0,0.0,0.0,0.0,0.0,0.0
2024-12-26,AAPL,0.0,0.0,0.0,0.0,0.0,0.0,0.0,0.0,0.0,0.0,0.0,0.0,0.0,0.0
2024-12-27,AAPL,0.0,0.0,0.0,0.0,0.0,0.0,0.0,0.0,0.0,0.0,0.0,0.0,0.0,0.0
2024-12-30,AAPL,0.0,0.0,0.0,0.0,0.0,0.0,0.0,0.0,0.0,0.0,0.0,0.0,0.0,0.0
2024-12-31,AAPL,0.0,0.0,0.0,0.0,0.0,0.0,0.0,0.0,0.0,0.0,0.0,0.0,0.0,0.0
2025-01-02,AAPL,0.0,0.0,0.0,0.0,0.0,0.0,0.0,0.0,0.0,0.0,0.0,0.0,0.0,0.0
2025-01-03,AAPL,0.0,0.0,0.0,0.0,0.0,0.0,0.0,0.0,0.0,0.0,0.0,0.0,0.0,0.0
2025-01-06,AAPL,0.0,0.0,0.0,0.0,0.0,0.0,0.0,0.0,0.0,0.0,0.0,0.0,0.0,0.0
2025-01-07,AAPL,0.0,0.0,0.0,0.0,0.0,0.0,0.0,0.0,0.0,0.0,0.0,0.0,0.0,0.0
2025-01-08,AAPL,0.0,0.0,0.0,0.0,0.0,0.0,0.0,0.0,0.0,0.0,0.0,0.0,0.0,0.0
2025-01-10,AAPL,0.0,0.0,0.0,0.0,0.0,0.0,0.0,0.0,0.0,0.0,0.0,0.0,0.0,0.0
2025-01-13,AAPL,0.0,0.0,0.0,0.0,0.0,0.0,0.0,0.0,0.0,0.0,0.0,0.0,0.0,0.0
2025-01-14,AAPL,0.0,0.0,0.0,0.0,0.0,0.0,0.0,0.0,0.0,0.0,0.0,0.0,0.0,0.0
2025-01-15,AAPL,0.0,0.0,0.0,0.0,0.0,0.0,0.0,0.0,0.0,0.0,0.0,0.0,0.0,0.0
2025-01-16,AAPL,0.0,0.0,0.0,0.0,0.0,0.0,0.0,0.0,0.0,0.0,0.0,0.0,0.0,0.0
2025-01-17,AAPL,0.0,0.0,0.0,0.0,0.0,0.0,0.0,0.0,0.0,0.0,0.0,0.0,0.0,0.0
2025-01-21,AAPL,0.0,0.0,0.0,0.0,0.0,0.0,0.0,0.0,0.0,0.0,0.0,0.0,0.0,0.0
2025-01-22,AAPL,0.0,0.0,0.0,0.0,0.0,0.0,0.0,0.0,0.0,0.0,0.0,0.0,0.0,0.0
2025-01-23,AAPL,0.0,0.0,0.0,0.0,0.0,0.0,0.0,0.0,0.0,0.0,0.0,0.0,0.0,0.0
2025-01-24,AAPL,0.0,0.0,0.0,0.0,0.0,0.0,0.0,0.0,0.0,0.0,0.0,0.0,0.0,0.0
2025-01-27,AAPL,0.0,0.0,0.0,0.0,0.0,0.0,0.0,0.0,0.0,0.0,0.0,0.0,0.0,0.0
2025-01-28,AAPL,0.0,0.0,0.0,0.0,0.0,0.0,0.0,0.0,0.0,0.0,0.0,0.0,0.0,0.0
2025-01-29,AAPL,0.0,0.0,0.0,0.0,0.0,0.0,0.0,0.0,0.0,0.0,0.0,0.0,0.0,0.0
2025-01-30,AAPL,0.0,0.0,0.0,0.0,0.0,0.0,0.0,0.0,0.0,0.0,0.0,0.0,0.0,0.0
2025-01-31,AAPL,0.0,0.0,0.0,0.0,0.0,0.0,0.0,0.0,0.0,0.0,0.0,0.0,0.0,0.0
2025-02-03,AAPL,0.0,0.0,0.0,0.0,0.0,0.0,0.0,0.0,0.0,0.0,0.0,0.0,0.0,0.0
2025-02-04,AAPL,0.0,0.0,0.0,0.0,0.0,0.0,0.0,0.0,0.0,0.0,0.0,0.0,0.0,0.0
2025-02-05,AAPL,0.0,0.0,0.0,0.0,0.0,0.0,0.0,0.0,0.0,0.0,0.0,0.0,0.0,0.0
2025-02-06,AAPL,0.0,0.0,0.0,0.0,0.0,0.0,0.0,0.0,0.0,0.0,0.0,0.0,0.0,0.0
2025-02-07,AAPL,0.0,0.0,0.0,0.0,0.0,0.0,0.0,0.0,0.0,0.0,0.0,0.0,0.0,0.0
2025-02-10,AAPL,0.0,0.0,0.0,0.0,0.0,0.0,0.0,0.0,0.0,0.0,0.0,0.0,0.0,0.0
2025-02-11,AAPL,0.0,0.0,0.0,0.0,0.0,0.0,0.0,0.0,0.0,0.0,0.0,0.0,0.0,0.0
2025-02-12,AAPL,0.0,0.0,0.0,0.0,0.0,0.0,0.0,0.0,0.0,0.0,0.0,0.0,0.0,0.0
2025-02-13,AAPL,0.0,0.0,0.0,0.0,0.0,0.0,0.0,0.0,0.0,0.0,0.0,0.0,0.0,0.0
2025-02-14,AAPL,0.0,0.0,0.0,0.0,0.0,0.0,0.0,0.0,0.0,0.0,0.0,0.0,0.0,0.0
2025-02-18,AAPL,0.0,0.0,0.0,0.0,0.0,0.0,0.0,0.0,0.0,0.0,0.0,0.0,0.0,0.0
2025-02-19,AAPL,0.0,0.0,0.0,0.0,0.0,0.0,0.0,0.0,0.0,0.0,0.0,0.0,0.0,0.0
2025-02-20,AAPL,0.0,0.0,0.0,0.0,0.0,0.0,0.0,0.0,0.0,0.0,0.0,0.0,0.0,0.0
2025-02-21,AAPL,0.0,0.0,0.0,0.0,0.0,0.0,0.0,0.0,0.0,0.0,0.0,0.0,0.0,0.0
2025-02-24,AAPL,0.0,0.0,0.0,0.0,0.0,0.0,0.0,0.0,0.0,0.0,0.0,0.0,0.0,0.0
2025-02-25,AAPL,0.0,0.0,0.0,0.0,0.0,0.0,0.0,0.0,0.0,0.0,0.0,0.0,0.0,0.0
2025-02-26,AAPL,0.0,0.0,0.0,0.0,0.0,0.0,0.0,0.0,0.0,0.0,0.0,0.0,0.0,0.0
2025-02-27,AAPL,0.0,0.0,0.0,0.0,0.0,0.0,0.0,0.0,0.0,0.0,0.0,0.0,0.0,0.0
2025-02-28,AAPL,0.0,0.0,0.0,0.0,0.0,0.0,0.0,0.0,0.0,0.0,0.0,0.0,0.0,0.0
2025-03-03,AAPL,0.0,0.0,0.0,0.0,0.0,0.0,0.0,0.0,0.0,0.0,0.0,0.0,0.0,0.0
2025-03-04,AAPL,0.0,0.0,0.0,0.0,0.0,0.0,0.0,0.0,0.0,0.0,0.0,0.0,0.0,0.0
2025-03-05,AAPL,0.0,0.0,0.0,0.0,0.0,0.0,0.0,0.0,0.0,0.0,0.0,0.0,0.0,0.0
2025-03-06,AAPL,0.0,0.0,0.0,0.0,0.0,0.0,0.0,0.0,0.0,0.0,0.0,0.0,0.0,0.0
2025-03-07,AAPL,0.0,0.0,0.0,0.0,0.0,0.0,0.0,0.0,0.0,0.0,0.0,0.0,0.0,0.0
2025-03-10,AAPL,0.0,0.0,0.0,0.0,0.0,0.0,0.0,0.0,0.0,0.0,0.0,0.0,0.0,0.0
2025-03-11,AAPL,0.0,0.0,0.0,0.0,0.0,0.0,0.0,0.0,0.0,0.0,0.0,0.0,0.0,0.0
2025-03-12,AAPL,0.0,0.0,0.0,0.0,0.0,0.0,0.0,0.0,0.0,0.0,0.0,0.0,0.0,0.0
2025-03-13,AAPL,0.0,0.0,0.0,0.0,0.0,0.0,0.0,0.0,0.0,0.0,0.0,0.0,0.0,0.0
2025-03-14,AAPL,0.0,0.0,0.0,0.0,0.0,0.0,0.0,0.0,0.0,0.0,0.0,0.0,0.0,0.0
2025-03-17,AAPL,0.0,0.0,0.0,0.0,0.0,0.0,0.0,0.0,0.0,0.0,0.0,0.0,0.0,0.0
2025-03-18,AAPL,0.0,0.0,0.0,0.0,0.0,0.0,0.0,0.0,0.0,0.0,0.0,0.0,0.0,0.0
2025-03-19,AAPL,0.0,0.0,0.0,0.0,0.0,0.0,0.0,0.0,0.0,0.0,0.0,0.0,0.0,0.0
2025-03-20,AAPL,0.0,0.0,0.0,0.0,0.0,0.0,0.0,0.0,0.0,0.0,0.0,0.0,0.0,0.0
2025-03-21,AAPL,0.0,0.0,0.0,0.0,0.0,0.0,0.0,0.0,0.0,0.0,0.0,0.0,0.0,0.0
2025-03-24,AAPL,0.0,0.0,0.0,0.0,0.0,0.0,0.0,0.0,0.0,0.0,0.0,0.0,0.0,0.0
2025-03-25,AAPL,0.0,0.0,0.0,0.0,0.0,0.0,0.0,0.0,0.0,0.0,0.0,0.0,0.0,0.0
2025-03-26,AAPL,0.0,0.0,0.0,0.0,0.0,0.0,0.0,0.0,0.0,0.0,0.0,0.0,0.0,0.0
2025-03-27,AAPL,0.0,0.0,0.0,0.0,0.0,0.0,0.0,0.0,0.0,0.0,0.0,0.0,0.0,0.0
2025-03-28,AAPL,0.0,0.0,0.0,0.0,0.0,0.0,0.0,0.0,0.0,0.0,0.0,0.0,0.0,0.0
2025-03-31,AAPL,0.0,0.0,0.0,0.0,0.0,0.0,0.0,0.0,0.0,0.0,0.0,0.0,0.0,0.0
2025-04-01,AAPL,0.0,0.0,0.0,0.0,0.0,0.0,0.0,0.0,0.0,0.0,0.0,0.0,0.0,0.0
2025-04-02,AAPL,0.0,0.0,0.0,0.0,0.0,0.0,0.0,0.0,0.0,0.0,0.0,0.0,0.0,0.0
2025-04-03,AAPL,0.0,0.0,0.0,0.0,0.0,0.0,0.0,0.0,0.0,0.0,0.0,0.0,0.0,0.0
2025-04-04,AAPL,0.0,0.0,0.0,0.0,0.0,0.0,0.0,0.0,0.0,0.0,0.0,0.0,0.0,0.0
2025-04-07,AAPL,0.0,0.0,0.0,0.0,0.0,0.0,0.0,0.0,0.0,0.0,0.0,0.0,0.0,0.0
2025-04-08,AAPL,0.0,0.0,0.0,0.0,0.0,0.0,0.0,0.0,0.0,0.0,0.0,0.0,0.0,0.0
2025-04-09,AAPL,0.0,0.0,0.0,0.0,0.0,0.0,0.0,0.0,0.0,0.0,0.0,0.0,0.0,0.0
2025-04-10,AAPL,0.0,0.0,0.0,0.0,0.0,0.0,0.0,0.0,0.0,0.0,0.0,0.0,0.0,0.0
2025-04-11,AAPL,0.0,0.0,0.0,0.0,0.0,0.0,0.0,0.0,0.0,0.0,0.0,0.0,0.0,0.0
2025-04-14,AAPL,0.0,0.0,0.0,0.0,0.0,0.0,0.0,0.0,0.0,0.0,0.0,0.0,0.0,0.0
2025-04-15,AAPL,0.0,0.0,0.0,0.0,0.0,0.0,0.0,0.0,0.0,0.0,0.0,0.0,0.0,0.0
2025-04-16,AAPL,0.0,0.0,0.0,0.0,0.0,0.0,0.0,0.0,0.0,0.0,0.0,0.0,0.0,0.0
2025-04-17,AAPL,0.0,0.0,0.0,0.0,0.0,0.0,0.0,0.0,0.0,0.0,0.0,0.0,0.0,0.0
2025-04-21,AAPL,0.0,0.0,0.0,0.0,0.0,0.0,0.0,0.0,0.0,0.0,0.0,0.0,0.0,0.0
2025-04-22,AAPL,0.0,0.0,0.0,0.0,0.0,0.0,0.0,0.0,0.0,0.0,0.0,0.0,0.0,0.0
2025-04-23,AAPL,0.0,0.0,0.0,0.0,0.0,0.0,0.0,0.0,0.0,0.0,0.0,0.0,0.0,0.0
2025-04-24,AAPL,0.0,0.0,0.0,0.0,0.0,0.0,0.0,0.0,0.0,0.0,0.0,0.0,0.0,0.0
2025-04-25,AAPL,0.0,0.0,0.0,0.0,0.0,0.0,0.0,0.0,0.0,0.0,0.0,0.0,0.0,0.0
2025-04-28,AAPL,0.0,0.0,0.0,0.0,0.0,0.0,0.0,0.0,0.0,0.0,0.0,0.0,0.0,0.0
2025-04-29,AAPL,0.0,0.0,0.0,0.0,0.0,0.0,0.0,0.0,0.0,0.0,0.0,0.0,0.0,0.0
2025-04-30,AAPL,0.0,0.0,0.0,0.0,0.0,0.0,0.0,0.0,0.0,0.0,0.0,0.0,0.0,0.0
2025-05-01,AAPL,0.0,0.0,0.0,0.0,0.0,0.0,0.0,0.0,0.0,0.0,0.0,0.0,0.0,0.0
2025-05-02,AAPL,0.0,0.0,0.0,0.0,0.0,0.0,0.0,0.0,0.0,0.0,0.0,0.0,0.0,0.0
2025-05-05,AAPL,0.0,0.0,0.0,0.0,0.0,0.0,0.0,0.0,0.0,0.0,0.0,0.0,0.0,0.0
2025-05-06,AAPL,0.0,0.0,0.0,0.0,0.0,0.0,0.0,0.0,0.0,0.0,0.0,0.0,0.0,0.0
2025-05-07,AAPL,0.0,0.0,0.0,0.0,0.0,0.0,0.0,0.0,0.0,0.0,0.0,0.0,0.0,0.0
2025-05-08,AAPL,0.0,0.0,0.0,0.0,0.0,0.0,0.0,0.0,0.0,0.0,0.0,0.0,0.0,0.0
2025-05-09,AAPL,0.0,0.0,0.0,0.0,0.0,0.0,0.0,0.0,0.0,0.0,0.0,0.0,0.0,0.0
2025-05-12,AAPL,0.0,0.0,0.0,0.0,0.0,0.0,0.0,0.0,0.0,0.0,0.0,0.0,0.0,0.0
2025-05-13,AAPL,0.0,0.0,0.0,0.0,0.0,0.0,0.0,0.0,0.0,0.0,0.0,0.0,0.0,0.0
2025-05-14,AAPL,0.0,0.0,0.0,0.0,0.0,0.0,0.0,0.0,0.0,0.0,0.0,0.0,0.0,0.0
2025-05-15,AAPL,0.0,0.0,0.0,0.0,0.0,0.0,0.0,0.0,0.0,0.0,0.0,0.0,0.0,0.0
2025-05-16,AAPL,0.0,0.0,0.0,0.0,0.0,0.0,0.0,0.0,0.0,0.0,0.0,0.0,0.0,0.0
2025-05-19,AAPL,0.0,0.0,0.0,0.0,0.0,0.0,0.0,0.0,0.0,0.0,0.0,0.0,0.0,0.0
2025-05-20,AAPL,0.0,0.0,0.0,0.0,0.0,0.0,0.0,0.0,0.0,0.0,0.0,0.0,0.0,0.0
2025-05-21,AAPL,0.0,0.0,0.0,0.0,0.0,0.0,0.0,0.0,0.0,0.0,0.0,0.0,0.0,0.0
2025-05-22,AAPL,0.0,0.0,0.0,0.0,0.0,0.0,0.0,0.0,0.0,0.0,0.0,0.0,0.0,0.0
2025-05-23,AAPL,0.0,0.0,0.0,0.0,0.0,0.0,0.0,0.0,0.0,0.0,0.0,0.0,0.0,0.0
2025-05-27,AAPL,0.0,0.0,0.0,0.0,0.0,0.0,0.0,0.0,0.0,0.0,0.0,0.0,0.0,0.0
2025-05-28,AAPL,0.0,0.0,0.0,0.0,0.0,0.0,0.0,0.0,0.0,0.0,0.0,0.0,0.0,0.0
2025-05-29,AAPL,0.0,0.0,0.0,0.0,0.0,0.0,0.0,0.0,0.0,0.0,0.0,0.0,0.0,0.0
2025-05-30,AAPL,0.0,0.0,0.0,0.0,0.0,0.0,0.0,0.0,0.0,0.0,0.0,0.0,0.0,0.0
2025-06-02,AAPL,0.0,0.0,0.0,0.0,0.0,0.0,0.0,0.0,0.0,0.0,0.0,0.0,0.0,0.0
2025-06-03,AAPL,0.0,0.0,0.0,0.0,0.0,0.0,0.0,0.0,0.0,0.0,0.0,0.0,0.0,0.0
2025-06-04,AAPL,0.0,0.0,0.0,0.0,0.0,0.0,0.0,0.0,0.0,0.0,0.0,0.0,0.0,0.0
2025-06-05,AAPL,0.0,0.0,0.0,0.0,0.0,0.0,0.0,0.0,0.0,0.0,0.0,0.0,0.0,0.0
2025-06-06,AAPL,0.0,0.0,0.0,0.0,0.0,0.0,0.0,0.0,0.0,0.0,0.0,0.0,0.0,0.0
2025-06-09,AAPL,0.0,0.0,0.0,0.0,0.0,0.0,0.0,0.0,0.0,0.0,0.0,0.0,0.0,0.0
2025-06-10,AAPL,0.0,0.0,0.0,0.0,0.0,0.0,0.0,0.0,0.0,0.0,0.0,0.0,0.0,0.0
2025-06-11,AAPL,0.0,0.0,0.0,0.0,0.0,0.0,0.0,0.0,0.0,0.0,0.0,0.0,0.0,0.0
2025-06-12,AAPL,0.0,0.0,0.0,0.0,0.0,0.0,0.0,0.0,0.0,0.0,0.0,0.0,0.0,0.0
2025-06-13,AAPL,0.0,0.0,0.0,0.0,0.0,0.0,0.0,0.0,0.0,0.0,0.0,0.0,0.0,0.0
2025-06-16,AAPL,-0.19215575581335503,23.0,1.0,8.0,14.0,0.7679852195408033,0.1660624963190892,0.3582182521324443,0.47571923761912016,-0.06405191860445168,23.0,1.0,8.0,14.0
2025-06-17,AAPL,0.12468646842986343,25.0,9.0,6.0,10.0,0.807180449962616,0.37414141722023486,0.24945494879037142,0.37640363596379756,-0.022489762461163867,48.0,10.0,14.0,24.0
2025-06-18,AAPL,0.30223964267255116,24.0,11.0,4.0,9.0,0.7964357410868009,0.4527707064213852,0.150531063748834,0.39669823956986267,0.07825678509635318,72.0,21.0,18.0,33.0
2025-06-20,AAPL,-0.0833141025621444,20.0,7.0,10.0,3.0,0.8223368659615516,0.3396881238091737,0.4230022263713181,0.23730965154245492,0.11453733618009006,69.0,27.0,20.0,22.0
2025-06-23,AAPL,-0.13968490441108034,21.0,3.0,8.0,10.0,0.8041237535930815,0.22979111725553156,0.3694760216666119,0.40073287167719435,0.02641354523310881,65.0,21.0,22.0,22.0
2025-06-24,AAPL,0.05267706836628564,17.0,6.0,4.0,7.0,0.751505830708672,0.29633030514506725,0.2436532367787817,0.4600164686494014,-0.05677397953564636,58.0,16.0,22.0,20.0
2025-06-25,AAPL,0.18114753985511406,7.0,3.0,2.0,2.0,0.8519498791013446,0.4617127874600035,0.2805652476048895,0.2577219658664295,0.03137990127010646,45.0,12.0,14.0,19.0
2025-06-26,AAPL,0.19151236783833273,31.0,16.0,7.0,8.0,0.7872724648444883,0.4567468036567011,0.2652344358183683,0.27801876226740496,0.14177899201991082,55.0,25.0,13.0,17.0
2025-06-27,AAPL,-0.13598484415164652,47.0,7.0,17.0,23.0,0.7911381011313581,0.20881665478202888,0.34480149893367545,0.4463818437479278,0.07889168784726676,85.0,26.0,26.0,33.0
2025-06-30,AAPL,-0.05990195726318397,34.0,9.0,12.0,13.0,0.7868284092229956,0.2685632313711239,0.3284651886343079,0.4029715814463356,-0.0014581445254992474,112.0,32.0,36.0,44.0
2025-07-01,AAPL,0.049692973623880074,54.0,15.0,15.0,24.0,0.7874412895352753,0.3107610088600605,0.26106803523618033,0.4281709474614925,-0.04873127593031681,135.0,31.0,44.0,60.0
2025-07-02,AAPL,-0.003114667145143214,38.0,11.0,13.0,14.0,0.7801548446479597,0.3191698365967328,0.322284503741876,0.3585456579825596,-0.004441216928149031,126.0,35.0,40.0,51.0
2025-07-03,AAPL,0.15655658680945636,50.0,19.0,12.0,19.0,0.7888684970140457,0.40790433445945384,0.25134774764999745,0.34074792105704543,0.06771163109606441,142.0,45.0,40.0,57.0
2025-07-07,AAPL,-0.28600652996570836,31.0,5.0,17.0,9.0,0.8457008917485515,0.20975052562331956,0.49575705558902794,0.29449242047004154,-0.04418820343379839,119.0,35.0,42.0,42.0
2025-07-08,AAPL,-0.058244165950313655,33.0,7.0,10.0,16.0,0.7892094218369686,0.24009747331905543,0.2983416392693691,0.4615608852243785,-0.06256470303552186,114.0,31.0,39.0,44.0
2025-07-09,AAPL,-0.04196945006131299,18.0,4.0,5.0,9.0,0.8061186936166551,0.23384041132198435,0.27580986138329733,0.4903497404108445,-0.12874004865911165,82.0,16.0,32.0,34.0
2025-07-10,AAPL,0.4519601765709619,30.0,17.0,3.0,10.0,0.8640131235122681,0.5540056309352318,0.10204545436426993,0.34394891839474434,0.11724885351977844,81.0,28.0,18.0,35.0
2025-07-11,AAPL,0.32202849449323756,35.0,18.0,6.0,11.0,0.8043596386909485,0.4923254955293877,0.17029700103615006,0.33737750787820137,0.2440064070009622,83.0,39.0,14.0,30.0
2025-07-14,AAPL,-0.036183362826704986,32.0,8.0,10.0,14.0,0.7922156499698758,0.2645102392416447,0.30069360206834966,0.4347961684688926,0.2459351027458315,97.0,43.0,19.0,35.0
2025-07-15,AAPL,0.2617660332686053,65.0,28.0,13.0,24.0,0.8253409440700824,0.44405928933992983,0.18229325607132452,0.3736474527619206,0.18253705497837935,132.0,54.0,29.0,49.0
2025-07-16,AAPL,0.1503035952747964,34.0,10.0,7.0,17.0,0.7895811349153519,0.3236832873457494,0.17337969207095308,0.5029370224870303,0.1252954219055656,131.0,46.0,30.0,55.0
2025-07-17,AAPL,0.22916130882610256,24.0,11.0,5.0,8.0,0.8236701898276806,0.46584767925863463,0.23668637043253204,0.2974659620473782,0.21374364578983482,123.0,49.0,25.0,49.0
2025-07-18,AAPL,0.3520928402431309,36.0,21.0,8.0,7.0,0.8354181829426024,0.5629544582528373,0.21086161800970632,0.22618391913258362,0.24385258144801,94.0,42.0,20.0,32.0
2025-07-21,AAPL,0.36785340333228994,29.0,15.0,2.0,12.0,0.8134797297675034,0.4744323554994731,0.10657895216718312,0.4189886958820039,0.3163691841338412,89.0,47.0,15.0,27.0
2025-07-22,AAPL,0.2783006019764454,37.0,15.0,7.0,15.0,0.7751600420152819,0.45291516373588425,0.17461456175943882,0.3724702733594018,0.3327489485172888,102.0,51.0,17.0,34.0
2025-07-23,AAPL,0.01707918702491689,21.0,5.0,6.0,10.0,0.8121596489633832,0.27876731048205067,0.2616881234571337,0.4595445535544838,0.2210777307778841,87.0,35.0,15.0,37.0
2025-07-24,AAPL,0.07545875447035275,34.0,9.0,9.0,16.0,0.8225960494840846,0.33257972968139626,0.2571209752110435,0.41029930377707763,0.12361284782390507,92.0,29.0,22.0,41.0
2025-07-25,AAPL,0.11082312507954027,42.0,16.0,9.0,17.0,0.8173138314769381,0.3408885660825208,0.23006544100298054,0.4290460054540918,0.06778702219160333,97.0,30.0,24.0,43.0
2025-07-28,AAPL,0.032517525331618675,26.0,6.0,6.0,14.0,0.7973405237381275,0.26546408046180237,0.23294655513018367,0.5015893562768514,0.07293313496050394,102.0,31.0,24.0,47.0
2025-07-29,AAPL,-0.012910952474663251,72.0,24.0,28.0,20.0,0.8144801213509507,0.33871574415954653,0.35162669663420976,0.30965755982065774,0.043476565978831934,140.0,46.0,43.0,51.0
2025-07-30,AAPL,-0.03912759991362691,2.0,1.0,1.0,0.0,0.8999953269958496,0.4391150837764144,0.47824268369004125,0.0826422721147537,-0.006507009018890457,100.0,31.0,35.0,34.0
2025-07-31,AAPL,0.09586170508134129,38.0,16.0,11.0,11.0,0.8283714605005164,0.39819994312711054,0.30233823804576926,0.29946181325143884,0.014607717564350413,112.0,41.0,40.0,31.0
2025-08-01,AAPL,0.1960202609867944,48.0,24.0,14.0,10.0,0.8228171318769455,0.47267814258035895,0.27665788159356447,0.2506639739925352,0.08425145538483629,88.0,41.0,26.0,21.0
2025-08-04,AAPL,0.2535163636871234,27.0,7.0,0.0,20.0,0.7909027326990057,0.30708446146713364,0.05356809778001016,0.6393474437710311,0.18179944325175304,113.0,47.0,25.0,41.0
2025-08-05,AAPL,0.12019357072734614,41.0,14.0,9.0,18.0,0.7952577449926516,0.3361639708007981,0.21597040007345192,0.44786561989202733,0.18991006513375466,116.0,45.0,23.0,48.0
2025-08-06,AAPL,0.08614231280184219,21.0,10.0,8.0,3.0,0.8585769363812038,0.46135571798575775,0.37521340518391555,0.16343088545614762,0.15328408240543726,89.0,31.0,17.0,41.0
2025-08-07,AAPL,0.43039995896570543,47.0,33.0,6.0,8.0,0.838425985042085,0.597160874330934,0.16676091536522858,0.2360782109082062,0.2122452808316313,109.0,57.0,23.0,29.0
2025-08-08,AAPL,0.3257716543506831,10.0,5.0,1.0,4.0,0.872744619846344,0.4519551440142095,0.12618348966352638,0.42186136040836575,0.28077130870607697,78.0,48.0,15.0,15.0
2025-08-11,AAPL,0.1598441124869845,39.0,16.0,8.0,15.0,0.7692147821952136,0.3553756771800227,0.19553156469303823,0.44909275433000845,0.30533857526779107,96.0,54.0,15.0,27.0
2025-08-12,AAPL,-0.02143172248163156,45.0,13.0,14.0,18.0,0.7983607053756714,0.3058885044728716,0.32732022695450314,0.36679127133554884,0.1547280147853454,94.0,34.0,23.0,37.0
2025-08-13,AAPL,0.07811661812343768,35.0,13.0,8.0,14.0,0.7604922243527004,0.3573407841314162,0.2792241660079785,0.3634350507919277,0.07217633604293024,119.0,42.0,30.0,47.0
2025-08-14,AAPL,0.06589066956192254,50.0,14.0,13.0,23.0,0.8247545671463012,0.32371159553527834,0.2578209259733557,0.4184674757346511,0.040858521734576256,130.0,40.0,35.0,55.0
2025-08-15,AAPL,0.10457831141711384,27.0,9.0,7.0,11.0,0.8367197921982518,0.3468891528124611,0.24231084139534717,0.4107999949957485,0.08286186636749139,112.0,36.0,28.0,48.0
2025-08-18,AAPL,0.036015530078050965,24.0,7.0,5.0,12.0,0.8018535524606705,0.2886762394336983,0.25266070935564733,0.4586630570702255,0.06882817035236248,101.0,30.0,25.0,46.0
2025-08-19,AAPL,0.05871001562184613,46.0,13.0,11.0,22.0,0.7906705218812694,0.29965560939972813,0.24094559377788197,0.4593987969438667,0.06643461903900368,97.0,29.0,23.0,45.0
2025-08-20,AAPL,0.13989109111328918,12.0,5.0,2.0,5.0,0.7622663031021754,0.37303749565035105,0.2331464045370618,0.39381609422465164,0.07820554560439547,82.0,25.0,18.0,39.0
2025-08-21,AAPL,-0.25772859076887633,57.0,10.0,28.0,19.0,0.8515544418703046,0.20433571596482863,0.46206430673370497,0.3335999804794004,-0.0197091613445803,115.0,28.0,41.0,46.0
2025-08-22,AAPL,0.10888201160484859,29.0,12.0,6.0,11.0,0.7498717780770927,0.363511333258116,0.2546293216532674,0.38185934722423553,-0.0029851626835794795,98.0,27.0,36.0,35.0
2025-08-25,AAPL,-0.11775141724501735,16.0,4.0,7.0,5.0,0.8361125700175762,0.25693640139070334,0.3746878186357207,0.3683757637627422,-0.08886599880301499,102.0,26.0,41.0,35.0
2025-08-26,AAPL,-0.17290081214741804,64.0,10.0,29.0,25.0,0.7862435248680413,0.2219502054067561,0.3948510175541741,0.3831987854791805,-0.06059007259586222,109.0,26.0,42.0,41.0
2025-08-27,AAPL,0.10443810977610862,36.0,10.0,6.0,20.0,0.7821886539459229,0.299698340991098,0.19526023121498937,0.5050414347917669,-0.062071373205442225,116.0,24.0,42.0,50.0
2025-08-28,AAPL,-0.029099974845949974,36.0,9.0,11.0,16.0,0.7944346318642298,0.26751635673766333,0.29661633158361334,0.43586732079792356,-0.03252089240575309,136.0,29.0,46.0,61.0
2025-08-29,AAPL,0.16487328276750357,34.0,14.0,9.0,11.0,0.8387760195661994,0.4169730050215388,0.25209972225403515,0.3309272726011626,0.08007047256588745,106.0,33.0,26.0,47.0
2025-09-02,AAPL,0.1992898956562082,15.0,6.0,5.0,4.0,0.7432468672593434,0.44860631277163815,0.24931641711542998,0.3020772818475962,0.11168773452592064,85.0,29.0,25.0,31.0
2025-09-03,AAPL,0.1307784436704141,58.0,27.0,16.0,15.0,0.7790016989255774,0.41857380563682267,0.2877953619664085,0.29363082678474745,0.164980540698042,107.0,47.0,30.0,30.0
2025-09-04,AAPL,0.022521648955132274,21.0,4.0,6.0,11.0,0.7640629637809027,0.2927297589679559,0.2702081100128236,0.4370621246773572,0.11752999609391823,94.0,37.0,27.0,30.0
2025-09-05,AAPL,0.19463022937085114,51.0,18.0,10.0,23.0,0.7670656243960062,0.39160299399758086,0.1969727646267297,0.41142425174806635,0.11597677399879923,130.0,49.0,32.0,49.0
2025-09-08,AAPL,0.3391834365403546,28.0,14.0,3.0,11.0,0.808424208845411,0.46267838243927273,0.12349494589891814,0.41382666803630336,0.18544510495544606,100.0,36.0,19.0,45.0
2025-09-09,AAPL,0.25463533956833456,27.0,11.0,4.0,12.0,0.8700847714035599,0.4089613018074521,0.15432596223911751,0.4367127333664232,0.2628163351598468,106.0,43.0,17.0,46.0
2025-09-10,AAPL,-0.2444115549325943,5.0,0.0,2.0,3.0,0.8019854664802551,0.14191794022917742,0.38632949516177173,0.4717525698244572,0.11646907372536498,60.0,25.0,9.0,26.0
2025-09-11,AAPL,-0.14357413602392038,31.0,7.0,14.0,10.0,0.8397375960503856,0.2644190907388204,0.40799322676274086,0.32758767596415933,-0.04445011712939332,63.0,18.0,20.0,25.0
2025-09-12,AAPL,0.1900033667916432,48.0,19.0,8.0,21.0,0.8210350573062897,0.37468225941605243,0.1846788926244092,0.44063885622502613,-0.0659941080549571,84.0,26.0,24.0,34.0
2025-09-15,AAPL,0.4451727519184351,25.0,13.0,1.0,11.0,0.825808687210083,0.49821860671043394,0.05304585479199883,0.4487355251610279,0.1638673275620527,104.0,39.0,23.0,42.0
2025-09-16,AAPL,0.2929800064051272,37.0,18.0,7.0,12.0,0.8276917435027458,0.4985322246227313,0.20555221821760403,0.29591555727293356,0.30938537503840186,110.0,50.0,16.0,44.0
2025-09-17,AAPL,0.15777972459706457,43.0,20.0,12.0,11.0,0.8434857379558475,0.44374357645811385,0.2859638518610492,0.2702925579275849,0.29864416097354235,105.0,51.0,20.0,34.0
2025-09-18,AAPL,0.27083147049415857,48.0,22.0,6.0,20.0,0.8223548978567123,0.40749276413892704,0.13666129364476845,0.45584594081932056,0.24053040049878352,128.0,60.0,25.0,43.0
2025-09-19,AAPL,0.17385562815733493,31.0,10.0,2.0,19.0,0.7868144550631123,0.3174774893709728,0.1436218612136379,0.5389006497158159,0.20082227441618608,122.0,52.0,20.0,50.0
2025-09-22,AAPL,0.1448513552812593,7.0,2.0,1.0,4.0,0.7884456600461688,0.302244414708444,0.15739305942718468,0.5403625534049101,0.19651281797758433,86.0,34.0,9.0,43.0
2025-09-23,AAPL,0.026747440546751006,30.0,7.0,9.0,14.0,0.7958903650442759,0.2965737768138448,0.26982633626709374,0.43359989623228706,0.11515147466178181,68.0,19.0,12.0,37.0
2025-09-24,AAPL,-0.14939684232534922,23.0,5.0,10.0,8.0,0.7504273951053619,0.23421802493217195,0.3836148672575212,0.3821671108674744,0.007400651167553757,60.0,14.0,20.0,26.0
2025-09-25,AAPL,-0.05957920918715936,51.0,13.0,19.0,19.0,0.8410066588252199,0.29507887242909736,0.3546580816162567,0.35026304193717595,-0.060742870321919135,104.0,25.0,38.0,41.0
2025-09-26,AAPL,0.18235394177803146,60.0,25.0,14.0,21.0,0.8400990476210912,0.4400217363067592,0.2576677945287277,0.3023104719662418,-0.008874036578158986,134.0,43.0,43.0,48.0
2025-09-29,AAPL,0.14783690944914857,31.0,8.0,5.0,18.0,0.8007577628858628,0.3360650278327445,0.188228118383596,0.4757068410756127,0.09020388068000695,142.0,46.0,38.0,58.0
2025-09-30,AAPL,0.021329452299737733,29.0,8.0,7.0,14.0,0.7642649669071724,0.27058020876399397,0.24925075646425626,0.4801690300348504,0.11717343450897265,120.0,41.0,26.0,53.0
2025-10-01,AAPL,0.21333473299164324,40.0,12.0,6.0,22.0,0.7615107595920563,0.3415006423834711,0.12816590939182784,0.5303334477357566,0.1275003649135099,100.0,28.0,18.0,54.0
2025-10-02,AAPL,0.36355293320556137,29.0,15.0,5.0,9.0,0.8423249844847054,0.5321997084558524,0.16864677525029098,0.29915351664711687,0.19940570616564748,98.0,35.0,18.0,45.0
2025-10-03,AAPL,0.07593586946399335,34.0,11.0,9.0,14.0,0.7803005988107008,0.35061241471318194,0.2746765452491886,0.374711045940571,0.21760784522039942,103.0,38.0,20.0,45.0
2025-10-06,AAPL,0.17764021460122117,24.0,8.0,3.0,13.0,0.7904532700777054,0.3549061241016413,0.17726590950042007,0.4678279699292034,0.20570967242359203,87.0,34.0,17.0,36.0
2025-10-07,AAPL,0.09493568865582347,26.0,8.0,7.0,11.0,0.7954252018378332,0.36168324399309665,0.2667475553372731,0.37156918752365387,0.11617059090701272,84.0,27.0,19.0,38.0
2025-10-08,AAPL,0.32333640079014003,28.0,12.0,3.0,13.0,0.829705033983503,0.44960047035211964,0.12626406956197955,0.4241354561943029,0.19863743468239495,78.0,28.0,13.0,37.0
2025-10-09,AAPL,0.21809699495851592,37.0,14.0,6.0,17.0,0.8218457247759845,0.3874208124706874,0.16932381751217146,0.4432553699793848,0.21212302813482653,91.0,34.0,16.0,41.0
2025-10-10,AAPL,0.15113181065923223,24.0,7.0,5.0,12.0,0.8378199910124143,0.3565232312151541,0.20539142055592186,0.43808536247039837,0.23085506880262943,89.0,33.0,14.0,42.0
2025-10-13,AAPL,0.08408987250489491,24.0,9.0,6.0,9.0,0.8418413897355398,0.3567444605287164,0.2726545880238215,0.37060094814902794,0.1511062260408811,85.0,30.0,17.0,38.0
2025-10-14,AAPL,0.18845594239246566,32.0,11.0,6.0,15.0,0.8105708165094256,0.3689303849241696,0.18047444253170392,0.450595170725137,0.14122587518553098,80.0,27.0,17.0,36.0
2025-10-15,AAPL,0.16630542915887558,26.0,13.0,7.0,6.0,0.8076936419193561,0.4289247229910241,0.26261929383214844,0.3084559853260333,0.14628374801874544,82.0,33.0,19.0,30.0
2025-10-16,AAPL,0.22512707086982872,53.0,26.0,12.0,15.0,0.8654616520089923,0.4670116832602839,0.24188461239045517,0.2911037010896318,0.19329614747372337,111.0,50.0,25.0,36.0
2025-10-17,AAPL,0.1309211547075606,34.0,13.0,9.0,12.0,0.8123408450799829,0.3966784293708555,0.2657572746632949,0.3375642964725985,0.17411788491208835,113.0,52.0,28.0,33.0
2025-10-20,AAPL,0.35490559802080196,21.0,11.0,3.0,7.0,0.8742536646979195,0.5206564231997445,0.16575082517894246,0.31359274405986065,0.2369846078660638,108.0,50.0,24.0,34.0
2025-10-21,AAPL,0.33082671744610975,54.0,28.0,11.0,15.0,0.8188908640985135,0.5230984496021712,0.19227173215606144,0.284629819466284,0.27221782339149087,109.0,52.0,23.0,34.0
2025-10-22,AAPL,0.047684311730942376,24.0,9.0,8.0,7.0,0.8233766704797745,0.3494924847230625,0.30180817299212015,0.3486993391998112,0.24447220906595143,99.0,48.0,22.0,29.0
2025-10-23,AAPL,0.032609207216988886,33.0,9.0,8.0,16.0,0.8253343276905291,0.29078484072603955,0.25817563350905065,0.4510395267808979,0.13704007879801372,111.0,46.0,27.0,38.0
2025-10-24,AAPL,0.25784313324838876,5.0,2.0,1.0,2.0,0.7094230771064758,0.40767109394073486,0.14982796069234605,0.442500938475132,0.11271221739877339,62.0,20.0,17.0,25.0
2025-10-27,AAPL,0.1805440826384827,43.0,16.0,7.0,20.0,0.8161603517310564,0.3573669880671903,0.17682290542870757,0.46581009463515394,0.15699880770128682,81.0,27.0,16.0,38.0
2025-10-28,AAPL,0.263896439889712,49.0,20.0,9.0,20.0,0.8099438760961805,0.43849194277914205,0.17459550288943,0.38691255284891446,0.2340945519255279,97.0,38.0,17.0,42.0
2025-10-29,AAPL,0.5635498156771064,16.0,10.0,2.0,4.0,0.8124891929328442,0.6519592506811023,0.08840943500399585,0.25963133492041374,0.3359967794017671,108.0,46.0,18.0,44.0
2025-10-30,AAPL,0.06701258159078219,51.0,16.0,15.0,20.0,0.8575211798443514,0.3549880564541501,0.2879754748633679,0.35703647571305436,0.2981529457192002,116.0,46.0,26.0,44.0
2025-10-31,AAPL,0.3630236858734861,80.0,45.0,17.0,18.0,0.841407248750329,0.5725701775751076,0.2095464917016215,0.2178833307116292,0.33119536104712494,147.0,71.0,34.0,42.0
2025-11-03,AAPL,0.08173219231708394,31.0,8.0,9.0,14.0,0.804750689575749,0.32575943492232784,0.24402724260524394,0.43021332051965494,0.17058948659378412,162.0,69.0,41.0,52.0
2025-11-04,AAPL,0.33468019345309585,24.0,12.0,3.0,9.0,0.8306011781096458,0.4862527569251445,0.15157256347204864,0.3621746817758928,0.259812023881222,135.0,65.0,29.0,41.0
2025-11-05,AAPL,0.28085881937295204,4.0,2.0,0.0,2.0,0.8197599798440933,0.3984281928278506,0.11756937345489857,0.48400241136550903,0.23242373504771066,59.0,22.0,12.0,25.0
2025-11-06,AAPL,0.2144924693812544,13.0,5.0,1.0,7.0,0.8320406079292297,0.35220665090645736,0.13771418152520287,0.5100791750905606,0.2766771607357675,41.0,19.0,4.0,18.0
2025-11-07,AAPL,0.08789774286560713,28.0,11.0,8.0,9.0,0.8276195621916226,0.39108373244692174,0.3031859895813146,0.3057302718183824,0.19441634387327122,45.0,18.0,9.0,18.0
2025-11-10,AAPL,0.07863897269126027,20.0,6.0,4.0,10.0,0.8474055379629135,0.306638508173637,0.2279995354823768,0.4653619404882193,0.12700972831270732,61.0,22.0,13.0,26.0
2025-11-11,AAPL,0.044849750652377084,35.0,10.0,8.0,17.0,0.8728805082184928,0.3011193830919052,0.25626963243952816,0.4426109825926167,0.07046215540308153,83.0,27.0,20.0,36.0
2025-11-12,AAPL,-0.5369530806007484,6.0,1.0,4.0,1.0,0.8905023733774821,0.15129093468810118,0.6882440152888497,0.16046505576620496,-0.13782145241903698,61.0,17.0,16.0,28.0
2025-11-13,AAPL,0.12480317911616078,27.0,11.0,7.0,9.0,0.8716432242481796,0.40877081143359345,0.2839676323174326,0.3072615533515259,-0.12243338361073682,68.0,22.0,19.0,27.0
2025-11-14,AAPL,0.02923618665112083,38.0,10.0,9.0,19.0,0.8246560904540514,0.27583237109999903,0.24659618444887818,0.4775714452231401,-0.1276379049444889,71.0,22.0,20.0,29.0
2025-11-17,AAPL,-0.009621741277549221,34.0,7.0,7.0,20.0,0.8380534806672264,0.2326897941803669,0.24231153545791606,0.5249986706630272,0.048139208163244164,99.0,28.0,23.0,48.0
2025-11-18,AAPL,0.12000016605433746,39.0,13.0,9.0,17.0,0.8440093344602829,0.3649090714513873,0.24490890539704985,0.39018202420228565,0.04653820380930306,111.0,30.0,25.0,56.0
2025-11-19,AAPL,0.023674216733447138,35.0,12.0,12.0,11.0,0.8439259026731764,0.3442276037697281,0.32055338703628095,0.3352190146488802,0.04468421383674517,108.0,32.0,28.0,48.0
2025-11-20,AAPL,0.42422579358942036,29.0,16.0,3.0,10.0,0.8383338225298914,0.5396027271475258,0.11537693355810535,0.34502033670914584,0.18930005879240172,103.0,41.0,24.0,38.0
2025-11-21,AAPL,0.2695087299105667,21.0,8.0,3.0,10.0,0.7821808216117677,0.4023225892867361,0.13281385937616935,0.4648635522240684,0.23913624674447811,85.0,36.0,18.0,31.0
2025-11-24,AAPL,0.3473371738342173,33.0,17.0,5.0,11.0,0.7768539370912494,0.5011515419817332,0.15381436814751587,0.3450341024294947,0.34702389911140147,83.0,41.0,11.0,31.0
2025-11-25,AAPL,-0.05331945286856758,45.0,12.0,13.0,20.0,0.8139660020669301,0.2722425623072518,0.32556201517581934,0.4021954136590163,0.18784215029207219,99.0,37.0,21.0,41.0
2025-11-26,AAPL,0.06403943542145976,38.0,13.0,14.0,11.0,0.7765411036579233,0.3590763664534805,0.2950369310320207,0.34588670201207455,0.11935238546236987,116.0,42.0,32.0,42.0
2025-11-28,AAPL,0.16845296780229546,16.0,5.0,3.0,8.0,0.8136868253350258,0.3323112986399792,0.1638583308376837,0.5038303711917251,0.05972431678506259,99.0,30.0,30.0,39.0
2025-12-01,AAPL,0.3240192419849336,10.0,3.0,0.0,7.0,0.7975753962993621,0.365393178537488,0.04137393655255433,0.5932328835129738,0.18550388173622964,64.0,21.0,17.0,26.0
2025-12-02,AAPL,-0.09452980982937984,42.0,10.0,14.0,18.0,0.8227628072102865,0.26558759693233736,0.36011740676171716,0.37429499404416194,0.13264746665261642,68.0,18.0,17.0,33.0
2025-12-03,AAPL,0.3582801587333012,46.0,22.0,4.0,20.0,0.818883738440016,0.49378002886457933,0.13549987013127812,0.3707201007510657,0.19592319696295168,98.0,35.0,18.0,45.0
2025-12-04,AAPL,0.11246623973258668,36.0,13.0,11.0,12.0,0.8296213373541832,0.37522765538758696,0.2627614156550003,0.36201092859523165,0.12540552954550271,124.0,45.0,29.0,50.0
2025-12-05,AAPL,-0.005723836721460297,38.0,9.0,10.0,19.0,0.8240880134858584,0.2483448112309959,0.25406864795245615,0.4975865360251383,0.15500752058147588,120.0,44.0,25.0,51.0
2025-12-08,AAPL,0.2380324733288338,24.0,9.0,2.0,13.0,0.778228409588337,0.385932051227428,0.1478995778985942,0.466168356128037,0.11492495877998675,98.0,31.0,23.0,44.0
2025-12-09,AAPL,0.10228949231095612,30.0,8.0,6.0,16.0,0.7768453240394593,0.2997728071951618,0.19748331488420562,0.5027438820029299,0.11153270963944323,92.0,26.0,18.0,48.0
2025-12-10,AAPL,0.32163331240343934,26.0,12.0,3.0,11.0,0.825814983019462,0.4588747060356232,0.13724139363218382,0.4038839089469268,0.22065175934774314,80.0,29.0,11.0,40.0
2025-12-11,AAPL,-0.06496356475737787,31.0,6.0,10.0,15.0,0.85780732862411,0.24628949826282837,0.3112530630202063,0.4424574403693118,0.11965307998567255,87.0,26.0,19.0,42.0
2025-12-12,AAPL,0.06886510283596091,31.0,9.0,8.0,14.0,0.8283023911137735,0.30986800086834737,0.2410028980323864,0.449129119515419,0.10851161682734083,88.0,27.0,21.0,40.0
2025-12-15,AAPL,0.3219152538194543,21.0,7.0,1.0,13.0,0.7880194102014814,0.40835302961724146,0.08643777579778712,0.5052092011485781,0.10860559729934581,83.0,22.0,19.0,42.0
2025-12-16,AAPL,0.052328759254041034,22.0,8.0,8.0,6.0,0.8443835919553583,0.3900988695042377,0.33777011025019665,0.2721310304901139,0.14770303863648543,74.0,24.0,17.0,33.0
2025-12-17,AAPL,-0.06969383351504801,25.0,7.0,9.0,9.0,0.841092836856842,0.2975862117111683,0.36728004522621627,0.3351337358355522,0.10151672651948247,68.0,22.0,18.0,28.0
2025-12-18,AAPL,0.011235759300352224,27.0,5.0,6.0,16.0,0.7983567626387985,0.23477793459056148,0.22354217529020926,0.5416798909643182,-0.00204310498688488,74.0,20.0,23.0,31.0
2025-12-19,AAPL,0.02573017611090714,24.0,4.0,4.0,16.0,0.8069477925697962,0.23692215007031334,0.21119197395940617,0.5518858755240217,-0.010909299367929512,76.0,16.0,19.0,41.0
2025-12-22,AAPL,0.11146341982142376,24.0,6.0,3.0,15.0,0.8208938526610533,0.27292908433203894,0.16146566451061514,0.565605257715409,0.04947645174422775,75.0,15.0,13.0,47.0
2025-12-23,AAPL,0.11707343316326538,30.0,10.0,6.0,14.0,0.8171309133370718,0.3419249583346148,0.2248515251713494,0.4332235172390938,0.0847556763651988,78.0,20.0,13.0,45.0
2025-12-24,AAPL,0.3563813981600106,8.0,3.0,0.0,5.0,0.8687144443392754,0.40054612467065454,0.04416472651064391,0.5552891585975885,0.1949727503815666,62.0,19.0,9.0,34.0
2025-12-26,AAPL,0.1991728720151716,9.0,3.0,1.0,5.0,0.8795996507008871,0.3387494534254074,0.1395765814102358,0.5216739531606436,0.22420923444614924,47.0,16.0,7.0,24.0
2025-12-29,AAPL,0.006387733169557397,17.0,3.0,4.0,10.0,0.860222223926993,0.23125163224690096,0.22486389907734353,0.5438844660187468,0.18731400111491325,34.0,9.0,5.0,20.0
2025-12-30,AAPL,0.17597639492219863,34.0,11.0,6.0,17.0,0.8513659194988363,0.35959186437813667,0.1836154694559381,0.45679267178125244,0.12717900003564261,60.0,17.0,11.0,32.0
2025-12-31,AAPL,0.03999503584284529,19.0,6.0,6.0,7.0,0.7856024974270871,0.3098157724169524,0.26982073657410705,0.42036349434209497,0.07411972131153383,70.0,20.0,16.0,34.0
2026-01-02,AAPL,-0.0319139435887337,3.0,1.0,1.0,1.0,0.7758740782737732,0.2947389713178078,0.3266529149065415,0.3786081162591775,0.061352495725436794,56.0,18.0,13.0,25.0
2026-01-05,AAPL,0.17979372860863804,30.0,11.0,7.0,12.0,0.8453543702761332,0.39990984195222457,0.2201161133435865,0.37997404932975765,0.06262494028758327,52.0,18.0,14.0,20.0
2026-01-06,AAPL,0.12627523196106022,37.0,16.0,9.0,12.0,0.8126348981986175,0.403995585602683,0.2777203536416228,0.318284055318784,0.09138500566032158,70.0,28.0,17.0,25.0
2026-01-07,AAPL,0.2406152800346414,9.0,3.0,1.0,5.0,0.8395807809299893,0.36651862836960286,0.12590334833496142,0.5075780138787296,0.18222808020144662,76.0,30.0,17.0,29.0
2026-01-08,AAPL,0.0,0.0,0.0,0.0,0.0,0.0,0.0,0.0,0.0,0.1222968373319006,46.0,19.0,10.0,17.0
2026-01-09,AAPL,0.1336541643159257,45.0,18.0,12.0,15.0,0.8180509593751696,0.42065469303892716,0.2870005287230014,0.29234478715807194,0.12475648145018908,54.0,21.0,13.0,20.0
2026-01-12,AAPL,0.22261040022988854,38.0,17.0,9.0,12.0,0.8592153897410945,0.4409985193296483,0.2183881190997597,0.34061335850703084,0.1187548548486048,83.0,35.0,21.0,27.0
2026-01-13,AAPL,0.26631423038622687,63.0,29.0,12.0,22.0,0.8180360221673572,0.4576684142802916,0.19135418389406467,0.35097739768643227,0.20752626497734708,146.0,64.0,33.0,49.0
2026-01-14,AAPL,0.09333069067956373,22.0,9.0,6.0,7.0,0.8665860782970082,0.39120331685990095,0.2978726261803372,0.3109240574677559,0.19408510709855978,123.0,55.0,27.0,41.0
2026-01-15,AAPL,0.2166109705513174,55.0,30.0,17.0,8.0,0.8719467650760304,0.5221646154976703,0.305553644946353,0.17228174155408682,0.1920852972057027,140.0,68.0,35.0,37.0
2026-01-16,AAPL,0.38775522803718393,44.0,26.0,7.0,11.0,0.8434699746695432,0.5469647143036127,0.15920948626642872,0.2938258019275963,0.23256562975602177,121.0,65.0,30.0,26.0
2026-01-20,AAPL,-0.04133748527965508,32.0,9.0,13.0,10.0,0.8059732932597399,0.33283346533426084,0.3741709506139159,0.2929955842264462,0.1876762377696155,131.0,65.0,37.0,29.0
2026-01-21,AAPL,-0.24342987309986105,12.0,5.0,7.0,0.0,0.8527691314617792,0.3260484959852571,0.5694783690851182,0.10447315794105326,0.03432928988588932,88.0,40.0,27.0,21.0
2026-01-22,AAPL,0.0,0.0,0.0,0.0,0.0,0.0,0.0,0.0,0.0,-0.09492245279317198,44.0,14.0,20.0,10.0
2026-01-23,AAPL,-0.2116435543866828,20.0,2.0,8.0,10.0,0.8007650941610336,0.16105864061973985,0.3727021950064227,0.46623918078839777,-0.15169114249551457,32.0,7.0,15.0,10.0
2026-01-26,AAPL,-0.11927337580601928,54.0,10.0,20.0,24.0,0.8171251968101219,0.2388024308925701,0.3580758066985894,0.40312176506483444,-0.11030564339756732,74.0,12.0,28.0,34.0
2026-01-27,AAPL,0.16756465481752056,59.0,25.0,14.0,20.0,0.8057861065460463,0.4145227836413404,0.2469581288238198,0.3385190784110356,-0.05445075845839379,133.0,37.0,42.0,54.0
2026-01-28,AAPL,0.13102060188317582,21.0,9.0,5.0,7.0,0.7801952645892188,0.38634260020972716,0.2553219983265513,0.35833540070979364,0.059770626964892416,134.0,44.0,39.0,51.0
2026-01-29,AAPL,0.0,0.0,0.0,0.0,0.0,0.0,0.0,0.0,0.0,0.09952841890023217,80.0,34.0,19.0,27.0
2026-01-30,AAPL,0.09359373348323921,19.0,8.0,5.0,6.0,0.8333542739090166,0.38518987194095783,0.2915961384577186,0.3232140067572656,0.0748714451221384,40.0,17.0,10.0,13.0
2026-02-02,AAPL,0.04886637881155245,46.0,10.0,10.0,26.0,0.8320126753786335,0.2764925864808585,0.22762620766930602,0.49588121036472527,0.04748670409826394,65.0,18.0,15.0,32.0
2026-02-03,AAPL,0.11890971332710855,48.0,16.0,12.0,20.0,0.8059294236203035,0.3670259866242607,0.24811627329715213,0.3848577331130703,0.08712327520730012,113.0,34.0,27.0,52.0
2026-02-04,AAPL,0.1837000472781559,21.0,10.0,6.0,5.0,0.8001999826658339,0.4252835895777458,0.2415835422995899,0.3331328810503085,0.11715871313893904,115.0,36.0,28.0,51.0
2026-02-05,AAPL,-0.0318942731525749,50.0,18.0,20.0,12.0,0.8253268152475357,0.3621516783349216,0.3940459514874965,0.24380236644297834,0.09023849581756326,119.0,44.0,38.0,37.0
2026-02-06,AAPL,-0.051294477377086874,30.0,7.0,9.0,14.0,0.7733700275421143,0.28283969943101206,0.3341341768080989,0.3830261154100299,0.033503765582831434,101.0,35.0,35.0,31.0
2026-02-09,AAPL,-0.05824251286685469,22.0,4.0,5.0,13.0,0.8155369596047835,0.20702693315053525,0.26526944601738994,0.5277036281133239,-0.04714375446550542,102.0,29.0,34.0,39.0
2026-02-10,AAPL,0.30892112077428746,39.0,18.0,6.0,15.0,0.7899073026119134,0.4837327557496535,0.17481163497536606,0.3414555996751938,0.0664613768434487,91.0,29.0,20.0,42.0
2026-02-11,AAPL,-0.13887038361281154,10.0,3.0,5.0,2.0,0.8690779685974122,0.3556468807160854,0.494517264328897,0.14983585253357884,0.03726940809820714,71.0,25.0,16.0,30.0
2026-02-12,AAPL,-0.1944680362357758,16.0,4.0,8.0,4.0,0.8650897182524204,0.26934722601436073,0.4638152622501366,0.2668375173816457,-0.008139099691433227,65.0,25.0,19.0,21.0
2026-02-13,AAPL,-0.3423901361175904,51.0,8.0,29.0,14.0,0.8590323001730675,0.19865055029810055,0.541040686415691,0.2603087614600857,-0.22524285198872585,77.0,15.0,42.0,20.0
2026-02-17,AAPL,-0.179866204428817,31.0,8.0,13.0,10.0,0.8065286047997013,0.25054661956645785,0.43041282399527486,0.31904056073436815,-0.23890812559406097,98.0,20.0,50.0,28.0
2026-02-18,AAPL,-0.07031601508531499,34.0,10.0,13.0,11.0,0.8450117488117779,0.3051000030930428,0.37541601817835774,0.3194839691414552,-0.1975241185439074,116.0,26.0,55.0,35.0
2026-02-19,AAPL,-0.04583857674151661,37.0,11.0,13.0,13.0,0.8371275856688216,0.3017375398477589,0.3475761165892755,0.35068634439360447,-0.0986735987518828,102.0,29.0,39.0,34.0
2026-02-20,AAPL,0.2274326646248951,33.0,13.0,6.0,14.0,0.8476801207571318,0.4039157100416945,0.17648304541679943,0.419601251342983,0.037092690932687904,104.0,34.0,32.0,38.0
2026-02-23,AAPL,0.0014921922120265517,24.0,5.0,6.0,13.0,0.8526019131143888,0.2658087093926345,0.26431651718060795,0.4698747783356036,0.06102876003180174,94.0,29.0,25.0,40.0
2026-02-24,AAPL,0.262382666580379,35.0,14.0,5.0,16.0,0.8072114033358437,0.42715604709727417,0.16477338051689516,0.40807057563215493,0.16376917447243364,92.0,32.0,17.0,43.0
2026-02-25,AAPL,0.12238478722671664,12.0,3.0,2.0,7.0,0.8419288396835327,0.3049210354996224,0.1825362482729057,0.5125427188662192,0.1287532153397075,71.0,22.0,13.0,36.0
2026-02-26,AAPL,-0.13147474585199043,19.0,5.0,9.0,5.0,0.8295398244732305,0.2775607207103779,0.40903546656236833,0.3134038232659038,0.08443090265170182,66.0,22.0,16.0,28.0
2026-02-27,AAPL,-0.12494571184596193,39.0,10.0,15.0,14.0,0.8419683461005871,0.24864546613146857,0.37359117797743047,0.37776335164044905,-0.044678556823745164,70.0,18.0,26.0,26.0
2026-03-02,AAPL,-0.037254872317943305,27.0,7.0,9.0,11.0,0.7975620638441157,0.2860723497621991,0.32332722208014236,0.3906004348838771,-0.09789177667196514,85.0,22.0,33.0,30.0
2026-03-03,AAPL,0.09041563769625055,42.0,12.0,11.0,19.0,0.7983339514051165,0.356053936982616,0.26563829928636545,0.37830776166880414,-0.023928315489218154,108.0,29.0,35.0,44.0
2026-03-04,AAPL,0.18585718140149346,39.0,14.0,8.0,17.0,0.7996142720564817,0.38778563157822454,0.20192845017673108,0.41028591331381065,0.07967264892660031,108.0,33.0,28.0,47.0
2026-03-05,AAPL,0.16819033743813633,30.0,11.0,5.0,14.0,0.7963173786799113,0.3749536530425151,0.20676331560437874,0.4182830260445674,0.1481543855119602,111.0,37.0,24.0,50.0
2026-03-06,AAPL,0.26788443361368514,23.0,10.0,3.0,10.0,0.8151537231777025,0.4167960075783017,0.1489115739646165,0.4342924383995326,0.2073106508177717,92.0,35.0,16.0,41.0
2026-03-09,AAPL,0.0982210245205178,21.0,6.0,5.0,10.0,0.8467430472373962,0.3259468808592785,0.22772585633876063,0.4463272629571812,0.17809859852411317,74.0,27.0,13.0,34.0
2026-03-10,AAPL,0.1848544647871721,41.0,18.0,10.0,13.0,0.8056257825072218,0.4040387422527845,0.2191842774656124,0.3767769786006793,0.18365330764045842,85.0,34.0,18.0,33.0
2026-03-11,AAPL,0.0791435332192729,30.0,9.0,8.0,13.0,0.846601340174675,0.3311197994897762,0.25197626627050335,0.41690393115083374,0.12073967417565434,92.0,33.0,23.0,36.0
2026-03-12,AAPL,0.12186749444271508,26.0,8.0,5.0,13.0,0.8597974800146543,0.3369880409266513,0.2151205464839362,0.4478914256995687,0.12862183081638676,97.0,35.0,23.0,39.0
2026-03-13,AAPL,-0.07089087020796844,39.0,9.0,12.0,18.0,0.8117076617020828,0.24651589938320023,0.31740676959116865,0.4360773274436211,0.043373385818006586,95.0,26.0,25.0,44.0
2026-03-16,AAPL,-0.017637234292924422,25.0,6.0,7.0,12.0,0.8350273072719574,0.29531118176877497,0.3129484160616994,0.3917404103279114,0.011113129980607478,90.0,23.0,24.0,43.0
2026-03-17,AAPL,0.20222922067086285,26.0,14.0,6.0,6.0,0.7865093659896117,0.4538702271305598,0.2516410064596969,0.2944887656575212,0.037900372056656736,90.0,29.0,25.0,36.0
2026-03-18,AAPL,0.016863911189138894,25.0,6.0,5.0,14.0,0.8277362585067749,0.25290021248161787,0.236036301292479,0.5110634911060333,0.06715196585569251,76.0,26.0,18.0,32.0
2026-03-19,AAPL,-0.17197851675816558,33.0,8.0,14.0,11.0,0.818148588592356,0.2524298255924474,0.424408342350613,0.3231618383786443,0.015704871700612133,84.0,28.0,25.0,31.0
2026-03-20,AAPL,-0.22187628997894732,23.0,4.0,10.0,9.0,0.838709823463274,0.2006991130866758,0.42257540306562313,0.3767255015023377,-0.12566363184932458,81.0,18.0,29.0,34.0
2026-03-23,AAPL,-0.09838731934062463,22.0,4.0,7.0,11.0,0.8755790943449194,0.21323424857109782,0.3116215679117224,0.4751441789875654,-0.1640807086925791,78.0,16.0,31.0,31.0
2026-03-24,AAPL,0.17500091931673092,34.0,15.0,8.0,11.0,0.8229617441401762,0.42792272273286736,0.2529218034161364,0.3191554687424179,-0.0484208966676136,79.0,23.0,25.0,31.0
2026-03-25,AAPL,0.04389516782636441,15.0,3.0,3.0,9.0,0.8673705458641052,0.2408497565425932,0.19695458871622876,0.5621956611673037,0.040169589267490306,71.0,22.0,18.0,31.0
2026-03-26,AAPL,0.016607645930101465,15.0,6.0,5.0,4.0,0.8505658825238546,0.3450643348197142,0.32845668888961277,0.32647896222770206,0.07850124435773234,64.0,24.0,16.0,24.0
2026-03-27,AAPL,0.15076023255450982,39.0,17.0,11.0,11.0,0.8328556387852399,0.42415437862897915,0.2733941460744692,0.3024514824725114,0.07042101543699196,69.0,26.0,19.0,24.0
2026-03-30,AAPL,0.03499253549509578,27.0,6.0,6.0,15.0,0.814874408421693,0.26084778657941904,0.22585525108432325,0.5132969570242696,0.06745347132656909,81.0,29.0,22.0,30.0
2026-03-31,AAPL,-0.15916153456633672,39.0,7.0,16.0,16.0,0.8628849448301853,0.2467981663245994,0.4059597008909361,0.3472421321158225,0.008863744494423028,105.0,30.0,33.0,42.0
2026-04-01,AAPL,0.3036067495122552,17.0,9.0,3.0,5.0,0.7890548670993132,0.494027397759697,0.1904206482474418,0.31555195919731077,0.059812583480338154,83.0,22.0,25.0,36.0
2026-04-02,AAPL,0.0,0.0,0.0,0.0,0.0,0.0,0.0,0.0,0.0,0.04814840498197289,56.0,16.0,19.0,21.0
2026-04-06,AAPL,0.0,0.0,0.0,0.0,0.0,0.0,0.0,0.0,0.0,0.10120224983741848,17.0,9.0,3.0,5.0
2026-04-07,AAPL,0.0,0.0,0.0,0.0,0.0,0.0,0.0,0.0,0.0,0.0,0.0,0.0,0.0,0.0
2026-04-08,AAPL,-0.05560862081234946,17.0,5.0,7.0,5.0,0.8274303008528316,0.3250304635285454,0.38063908434089494,0.29433047612581176,-0.018536206937449746,17.0,5.0,7.0,5.0
2026-04-09,AAPL,0.16383252272914564,28.0,9.0,8.0,11.0,0.7584488817623684,0.40371411446748035,0.2398815917383347,0.3564042824187449,0.036074633972265464,45.0,14.0,15.0,16.0
2026-04-10,AAPL,0.17197043129538253,41.0,15.0,9.0,17.0,0.7957790624804613,0.41310795392023353,0.24113752262485097,0.34575451578854055,0.0933981110707263,86.0,29.0,24.0,33.0
2026-04-13,AAPL,0.4482524658786133,20.0,9.0,1.0,10.0,0.7624962672591209,0.5187810897827149,0.0705286239041015,0.410690300911665,0.26135180663438057,89.0,33.0,18.0,38.0
2026-04-14,AAPL,0.19358075450566647,38.0,13.0,7.0,18.0,0.8044477842356029,0.3756545835027569,0.18207382899709043,0.4422715950855299,0.2712678838932208,99.0,37.0,17.0,45.0
2026-04-15,AAPL,0.35478849788196387,20.0,9.0,1.0,10.0,0.8449754327535629,0.4275532622821629,0.07276476440019901,0.4996819783002138,0.33220723942208125,78.0,31.0,9.0,38.0
2026-04-16,AAPL,0.0,0.0,0.0,0.0,0.0,0.0,0.0,0.0,0.0,0.1827897507958769,58.0,22.0,8.0,28.0
2026-04-17,AAPL,0.0,0.0,0.0,0.0,0.0,0.0,0.0,0.0,0.0,0.11826283262732139,20.0,9.0,1.0,10.0
2026-04-20,AAPL,0.15829054690787894,34.0,12.0,5.0,17.0,0.8472339405732996,0.3330781488706741,0.1747876019627951,0.4921342595754301,0.05276351563595974,34.0,12.0,5.0,17.0
2026-04-21,AAPL,0.005664868207665489,109.0,24.0,16.0,69.0,0.7997134090016741,0.21424608482389682,0.20858121661623133,0.5771726926857041,0.054651805038514904,143.0,36.0,21.0,86.0
2026-04-22,AAPL,-0.10232795851438176,42.0,7.0,13.0,22.0,0.8350701835893449,0.2218998956183592,0.3242278541327409,0.45387224757689093,0.020542485533720983,185.0,43.0,34.0,108.0
2026-04-23,AAPL,0.0,0.0,0.0,0.0,0.0,0.0,0.0,0.0,0.0,-0.03222103010223867,151.0,31.0,29.0,91.0
2026-04-24,AAPL,-0.16644409562328033,35.0,4.0,13.0,18.0,0.8350859607969011,0.1902128657858286,0.35665696140910896,0.4531301862959351,-0.08959068471255394,77.0,11.0,26.0,40.0
2026-04-27,AAPL,-0.2444199545425363,64.0,14.0,30.0,20.0,0.82531858375296,0.21683666577155233,0.46125662031408865,0.32190670534328086,-0.13695468338860545,99.0,18.0,43.0,38.0
2026-04-28,AAPL,0.09642547026884797,49.0,18.0,10.0,21.0,0.8230797447720353,0.35155734452133885,0.25513187425249084,0.3933107807890189,-0.10481285996565613,148.0,36.0,53.0,59.0
2026-04-29,AAPL,0.05995030384510756,15.0,6.0,3.0,6.0,0.8275139530499777,0.32374341456840433,0.26379311072329675,0.4124634691203634,-0.02934806014286016,128.0,38.0,43.0,47.0
2026-04-30,AAPL,0.0,0.0,0.0,0.0,0.0,0.0,0.0,0.0,0.0,0.05212525803798527,64.0,24.0,13.0,27.0
2026-05-01,AAPL,0.3969350755214691,4.0,3.0,1.0,0.0,0.8562507927417755,0.6535690762102604,0.2566340006887912,0.08979691844433545,0.15229512645552565,19.0,9.0,4.0,6.0
2026-05-04,AAPL,0.20144687604340838,41.0,19.0,6.0,16.0,0.7890962144223655,0.38702905648274394,0.1855821804393355,0.4273887601930921,0.19946065052162595,45.0,22.0,7.0,16.0
2026-05-05,AAPL,0.20785533377056709,64.0,29.0,16.0,19.0,0.8024300038814545,0.45170262215106044,0.24384728838049338,0.3044500899704871,0.26874576177848164,109.0,51.0,23.0,35.0
2026-05-06,AAPL,0.33909105816079926,24.0,14.0,5.0,5.0,0.8105667692919573,0.5638015540316701,0.2247104958708708,0.21148796643440917,0.24946442265825833,129.0,62.0,27.0,40.0
2026-05-07,AAPL,0.0,0.0,0.0,0.0,0.0,0.0,0.0,0.0,0.0,0.1823154639771222,88.0,43.0,21.0,24.0
2026-05-08,AAPL,0.2164582242257893,28.0,12.0,7.0,9.0,0.80202069239957,0.4354723393584468,0.2190141151326575,0.34551354903461673,0.18518309412886294,52.0,26.0,12.0,14.0
2026-05-11,AAPL,0.2714782270376344,37.0,18.0,6.0,13.0,0.8163233914890805,0.45117262526843194,0.17969439823079753,0.3691329858895089,0.16264548375447466,65.0,30.0,13.0,22.0
2026-05-12,AAPL,0.11084785099398897,47.0,15.0,12.0,20.0,0.8258897218298404,0.3607206608743427,0.24987280988035362,0.38940652866075015,0.19959476741913765,112.0,45.0,25.0,42.0
2026-05-13,AAPL,0.013569683481294349,13.0,3.0,3.0,7.0,0.8121693638654855,0.26464172194783503,0.25107203846654064,0.4842862425228724,0.13196525383763932,97.0,36.0,21.0,40.0
2026-05-14,AAPL,0.04648501631420324,17.0,5.0,5.0,7.0,0.865411779459785,0.32236795856014766,0.2758829422459444,0.40174908212879124,0.05696751692982895,77.0,23.0,20.0,34.0
2026-05-15,AAPL,0.06428701793774962,50.0,16.0,13.0,21.0,0.8217845678329467,0.3290461198054254,0.26475910186767576,0.40619478315114976,0.041447239244415825,80.0,24.0,21.0,35.0
2026-05-18,AAPL,0.13253455600616607,22.0,8.0,5.0,9.0,0.8691383600234985,0.3740642533256588,0.24152969731949267,0.38440604821186175,0.0811021967527064,89.0,29.0,23.0,37.0
2026-05-19,AAPL,0.09583208682438865,44.0,9.0,6.0,29.0,0.8098053945736452,0.26087199951606715,0.16503991269167848,0.5740880834954706,0.09755122025610154,116.0,33.0,24.0,59.0
2026-05-20,AAPL,-0.17310880977311172,16.0,2.0,5.0,9.0,0.8080356698483229,0.17627200769493354,0.3493808174680453,0.4743471930269152,0.018419277685814434,82.0,19.0,16.0,47.0
2026-05-21,AAPL,-0.020874710311181852,40.0,9.0,12.0,19.0,0.8251579843461514,0.2598867940017953,0.28076150431297714,0.4593517162837088,-0.03271714441996821,100.0,20.0,23.0,57.0
2026-05-22,AAPL,0.014442884813873992,31.0,8.0,8.0,15.0,0.7982775367075398,0.2785185543039152,0.2640756694900413,0.45740577308160646,-0.0598468784234731,87.0,19.0,25.0,43.0
2026-05-26,AAPL,0.15831298051078035,46.0,20.0,11.0,15.0,0.8582435412251431,0.41521727413182025,0.2569042936210399,0.3278784200792079,0.05062705167115759,117.0,37.0,31.0,49.0
2026-05-27,AAPL,0.1405309274420142,25.0,9.0,5.0,11.0,0.8371393120288849,0.3675248222798109,0.22699389483779664,0.40548128508031367,0.10442893092222294,102.0,37.0,24.0,41.0
2026-05-28,AAPL,-0.04688419043086469,40.0,6.0,11.0,23.0,0.8379463627934456,0.2220061583910137,0.2688903488218784,0.5091034810757264,0.08398657250731005,111.0,35.0,27.0,49.0
2026-05-29,AAPL,0.4605344943702221,28.0,14.0,1.0,13.0,0.8235945659024375,0.5234678753518632,0.06293338098164111,0.4135987435334495,0.18472707712712397,93.0,29.0,17.0,47.0
2026-06-01,AAPL,0.23204486037138847,28.0,10.0,5.0,13.0,0.7898580070052829,0.4119133769833882,0.17986851661199968,0.4082181176968983,0.21523172143691538,96.0,30.0,17.0,49.0
2026-06-02,AAPL,0.14262622165991815,43.0,12.0,8.0,23.0,0.791801790858424,0.345239877549195,0.2026136558892768,0.4521464583312356,0.27840185880050966,99.0,36.0,14.0,49.0
2026-06-03,AAPL,0.188422094254444,12.0,3.0,1.0,8.0,0.748132606347402,0.3338631493970751,0.1454410551426311,0.5206958142419656,0.18769772542858365,83.0,25.0,14.0,44.0
2026-06-04,AAPL,0.1207701482499639,30.0,10.0,7.0,13.0,0.8048849324385325,0.35930178966373205,0.2385316414137681,0.4021665662527084,0.1506061547214421,85.0,25.0,16.0,44.0
2026-06-05,AAPL,0.21499215785468764,34.0,9.0,3.0,22.0,0.8051370978355408,0.3123284251812626,0.09733626732657495,0.5903353068484541,0.17472813345303195,76.0,22.0,11.0,43.0
2023-09-12,COP,0.0,0.0,0.0,0.0,0.0,0.0,0.0,0.0,0.0,0.0,0.0,0.0,0.0,0.0
2023-09-13,COP,0.0,0.0,0.0,0.0,0.0,0.0,0.0,0.0,0.0,0.0,0.0,0.0,0.0,0.0
2023-09-14,COP,0.0,0.0,0.0,0.0,0.0,0.0,0.0,0.0,0.0,0.0,0.0,0.0,0.0,0.0
2023-09-15,COP,0.0,0.0,0.0,0.0,0.0,0.0,0.0,0.0,0.0,0.0,0.0,0.0,0.0,0.0
2023-09-18,COP,0.0,0.0,0.0,0.0,0.0,0.0,0.0,0.0,0.0,0.0,0.0,0.0,0.0,0.0
2023-09-19,COP,0.0,0.0,0.0,0.0,0.0,0.0,0.0,0.0,0.0,0.0,0.0,0.0,0.0,0.0
2023-09-20,COP,0.0,0.0,0.0,0.0,0.0,0.0,0.0,0.0,0.0,0.0,0.0,0.0,0.0,0.0
2023-09-21,COP,0.0,0.0,0.0,0.0,0.0,0.0,0.0,0.0,0.0,0.0,0.0,0.0,0.0,0.0
2023-09-22,COP,0.0,0.0,0.0,0.0,0.0,0.0,0.0,0.0,0.0,0.0,0.0,0.0,0.0,0.0
2023-09-25,COP,0.0,0.0,0.0,0.0,0.0,0.0,0.0,0.0,0.0,0.0,0.0,0.0,0.0,0.0
2023-09-26,COP,0.0,0.0,0.0,0.0,0.0,0.0,0.0,0.0,0.0,0.0,0.0,0.0,0.0,0.0
2023-09-27,COP,0.0,0.0,0.0,0.0,0.0,0.0,0.0,0.0,0.0,0.0,0.0,0.0,0.0,0.0
2023-09-28,COP,0.0,0.0,0.0,0.0,0.0,0.0,0.0,0.0,0.0,0.0,0.0,0.0,0.0,0.0
2023-09-29,COP,0.0,0.0,0.0,0.0,0.0,0.0,0.0,0.0,0.0,0.0,0.0,0.0,0.0,0.0
2023-10-02,COP,0.0,0.0,0.0,0.0,0.0,0.0,0.0,0.0,0.0,0.0,0.0,0.0,0.0,0.0
2023-10-03,COP,0.0,0.0,0.0,0.0,0.0,0.0,0.0,0.0,0.0,0.0,0.0,0.0,0.0,0.0
2023-10-04,COP,0.0,0.0,0.0,0.0,0.0,0.0,0.0,0.0,0.0,0.0,0.0,0.0,0.0,0.0
2023-10-05,COP,0.0,0.0,0.0,0.0,0.0,0.0,0.0,0.0,0.0,0.0,0.0,0.0,0.0,0.0
2023-10-06,COP,0.0,0.0,0.0,0.0,0.0,0.0,0.0,0.0,0.0,0.0,0.0,0.0,0.0,0.0
2023-10-09,COP,0.0,0.0,0.0,0.0,0.0,0.0,0.0,0.0,0.0,0.0,0.0,0.0,0.0,0.0
2023-10-10,COP,0.0,0.0,0.0,0.0,0.0,0.0,0.0,0.0,0.0,0.0,0.0,0.0,0.0,0.0
2023-10-11,COP,0.0,0.0,0.0,0.0,0.0,0.0,0.0,0.0,0.0,0.0,0.0,0.0,0.0,0.0
2023-10-12,COP,0.0,0.0,0.0,0.0,0.0,0.0,0.0,0.0,0.0,0.0,0.0,0.0,0.0,0.0
2023-10-13,COP,0.0,0.0,0.0,0.0,0.0,0.0,0.0,0.0,0.0,0.0,0.0,0.0,0.0,0.0
2023-10-16,COP,0.0,0.0,0.0,0.0,0.0,0.0,0.0,0.0,0.0,0.0,0.0,0.0,0.0,0.0
2023-10-17,COP,0.0,0.0,0.0,0.0,0.0,0.0,0.0,0.0,0.0,0.0,0.0,0.0,0.0,0.0
2023-10-18,COP,0.0,0.0,0.0,0.0,0.0,0.0,0.0,0.0,0.0,0.0,0.0,0.0,0.0,0.0
2023-10-19,COP,0.0,0.0,0.0,0.0,0.0,0.0,0.0,0.0,0.0,0.0,0.0,0.0,0.0,0.0
2023-10-20,COP,0.0,0.0,0.0,0.0,0.0,0.0,0.0,0.0,0.0,0.0,0.0,0.0,0.0,0.0
2023-10-23,COP,0.0,0.0,0.0,0.0,0.0,0.0,0.0,0.0,0.0,0.0,0.0,0.0,0.0,0.0
2023-10-24,COP,0.0,0.0,0.0,0.0,0.0,0.0,0.0,0.0,0.0,0.0,0.0,0.0,0.0,0.0
2023-10-25,COP,0.0,0.0,0.0,0.0,0.0,0.0,0.0,0.0,0.0,0.0,0.0,0.0,0.0,0.0
2023-10-26,COP,0.0,0.0,0.0,0.0,0.0,0.0,0.0,0.0,0.0,0.0,0.0,0.0,0.0,0.0
2023-10-27,COP,0.0,0.0,0.0,0.0,0.0,0.0,0.0,0.0,0.0,0.0,0.0,0.0,0.0,0.0
2023-10-30,COP,0.0,0.0,0.0,0.0,0.0,0.0,0.0,0.0,0.0,0.0,0.0,0.0,0.0,0.0
2023-10-31,COP,0.0,0.0,0.0,0.0,0.0,0.0,0.0,0.0,0.0,0.0,0.0,0.0,0.0,0.0
2023-11-01,COP,0.0,0.0,0.0,0.0,0.0,0.0,0.0,0.0,0.0,0.0,0.0,0.0,0.0,0.0
2023-11-02,COP,0.0,0.0,0.0,0.0,0.0,0.0,0.0,0.0,0.0,0.0,0.0,0.0,0.0,0.0
2023-11-03,COP,0.0,0.0,0.0,0.0,0.0,0.0,0.0,0.0,0.0,0.0,0.0,0.0,0.0,0.0
2023-11-06,COP,0.0,0.0,0.0,0.0,0.0,0.0,0.0,0.0,0.0,0.0,0.0,0.0,0.0,0.0
2023-11-07,COP,0.0,0.0,0.0,0.0,0.0,0.0,0.0,0.0,0.0,0.0,0.0,0.0,0.0,0.0
2023-11-08,COP,0.0,0.0,0.0,0.0,0.0,0.0,0.0,0.0,0.0,0.0,0.0,0.0,0.0,0.0
2023-11-09,COP,0.0,0.0,0.0,0.0,0.0,0.0,0.0,0.0,0.0,0.0,0.0,0.0,0.0,0.0
2023-11-10,COP,0.0,0.0,0.0,0.0,0.0,0.0,0.0,0.0,0.0,0.0,0.0,0.0,0.0,0.0
2023-11-13,COP,0.0,0.0,0.0,0.0,0.0,0.0,0.0,0.0,0.0,0.0,0.0,0.0,0.0,0.0
2023-11-14,COP,0.0,0.0,0.0,0.0,0.0,0.0,0.0,0.0,0.0,0.0,0.0,0.0,0.0,0.0
2023-11-15,COP,0.0,0.0,0.0,0.0,0.0,0.0,0.0,0.0,0.0,0.0,0.0,0.0,0.0,0.0
2023-11-16,COP,0.0,0.0,0.0,0.0,0.0,0.0,0.0,0.0,0.0,0.0,0.0,0.0,0.0,0.0
2023-11-17,COP,0.0,0.0,0.0,0.0,0.0,0.0,0.0,0.0,0.0,0.0,0.0,0.0,0.0,0.0
2023-11-20,COP,0.0,0.0,0.0,0.0,0.0,0.0,0.0,0.0,0.0,0.0,0.0,0.0,0.0,0.0
2023-11-21,COP,0.0,0.0,0.0,0.0,0.0,0.0,0.0,0.0,0.0,0.0,0.0,0.0,0.0,0.0
2023-11-22,COP,0.0,0.0,0.0,0.0,0.0,0.0,0.0,0.0,0.0,0.0,0.0,0.0,0.0,0.0
2023-11-24,COP,0.0,0.0,0.0,0.0,0.0,0.0,0.0,0.0,0.0,0.0,0.0,0.0,0.0,0.0
2023-11-27,COP,0.0,0.0,0.0,0.0,0.0,0.0,0.0,0.0,0.0,0.0,0.0,0.0,0.0,0.0
2023-11-28,COP,0.0,0.0,0.0,0.0,0.0,0.0,0.0,0.0,0.0,0.0,0.0,0.0,0.0,0.0
2023-11-29,COP,0.0,0.0,0.0,0.0,0.0,0.0,0.0,0.0,0.0,0.0,0.0,0.0,0.0,0.0
2023-11-30,COP,0.0,0.0,0.0,0.0,0.0,0.0,0.0,0.0,0.0,0.0,0.0,0.0,0.0,0.0
2023-12-01,COP,0.0,0.0,0.0,0.0,0.0,0.0,0.0,0.0,0.0,0.0,0.0,0.0,0.0,0.0
2023-12-04,COP,0.0,0.0,0.0,0.0,0.0,0.0,0.0,0.0,0.0,0.0,0.0,0.0,0.0,0.0
2023-12-05,COP,0.0,0.0,0.0,0.0,0.0,0.0,0.0,0.0,0.0,0.0,0.0,0.0,0.0,0.0
2023-12-06,COP,0.0,0.0,0.0,0.0,0.0,0.0,0.0,0.0,0.0,0.0,0.0,0.0,0.0,0.0
2023-12-07,COP,0.0,0.0,0.0,0.0,0.0,0.0,0.0,0.0,0.0,0.0,0.0,0.0,0.0,0.0
2023-12-08,COP,0.0,0.0,0.0,0.0,0.0,0.0,0.0,0.0,0.0,0.0,0.0,0.0,0.0,0.0
2023-12-11,COP,0.0,0.0,0.0,0.0,0.0,0.0,0.0,0.0,0.0,0.0,0.0,0.0,0.0,0.0
2023-12-12,COP,0.0,0.0,0.0,0.0,0.0,0.0,0.0,0.0,0.0,0.0,0.0,0.0,0.0,0.0
2023-12-13,COP,0.0,0.0,0.0,0.0,0.0,0.0,0.0,0.0,0.0,0.0,0.0,0.0,0.0,0.0
2023-12-14,COP,0.0,0.0,0.0,0.0,0.0,0.0,0.0,0.0,0.0,0.0,0.0,0.0,0.0,0.0
2023-12-15,COP,0.0,0.0,0.0,0.0,0.0,0.0,0.0,0.0,0.0,0.0,0.0,0.0,0.0,0.0
2023-12-18,COP,0.0,0.0,0.0,0.0,0.0,0.0,0.0,0.0,0.0,0.0,0.0,0.0,0.0,0.0
2023-12-19,COP,0.0,0.0,0.0,0.0,0.0,0.0,0.0,0.0,0.0,0.0,0.0,0.0,0.0,0.0
2023-12-20,COP,0.0,0.0,0.0,0.0,0.0,0.0,0.0,0.0,0.0,0.0,0.0,0.0,0.0,0.0
2023-12-21,COP,0.0,0.0,0.0,0.0,0.0,0.0,0.0,0.0,0.0,0.0,0.0,0.0,0.0,0.0
2023-12-22,COP,0.0,0.0,0.0,0.0,0.0,0.0,0.0,0.0,0.0,0.0,0.0,0.0,0.0,0.0
2023-12-26,COP,0.0,0.0,0.0,0.0,0.0,0.0,0.0,0.0,0.0,0.0,0.0,0.0,0.0,0.0
2023-12-27,COP,0.0,0.0,0.0,0.0,0.0,0.0,0.0,0.0,0.0,0.0,0.0,0.0,0.0,0.0
2023-12-28,COP,0.0,0.0,0.0,0.0,0.0,0.0,0.0,0.0,0.0,0.0,0.0,0.0,0.0,0.0
2023-12-29,COP,0.0,0.0,0.0,0.0,0.0,0.0,0.0,0.0,0.0,0.0,0.0,0.0,0.0,0.0
2024-01-02,COP,0.0,0.0,0.0,0.0,0.0,0.0,0.0,0.0,0.0,0.0,0.0,0.0,0.0,0.0
2024-01-03,COP,0.0,0.0,0.0,0.0,0.0,0.0,0.0,0.0,0.0,0.0,0.0,0.0,0.0,0.0
2024-01-04,COP,0.0,0.0,0.0,0.0,0.0,0.0,0.0,0.0,0.0,0.0,0.0,0.0,0.0,0.0
2024-01-05,COP,0.0,0.0,0.0,0.0,0.0,0.0,0.0,0.0,0.0,0.0,0.0,0.0,0.0,0.0
2024-01-08,COP,0.0,0.0,0.0,0.0,0.0,0.0,0.0,0.0,0.0,0.0,0.0,0.0,0.0,0.0
2024-01-09,COP,0.0,0.0,0.0,0.0,0.0,0.0,0.0,0.0,0.0,0.0,0.0,0.0,0.0,0.0
2024-01-10,COP,0.0,0.0,0.0,0.0,0.0,0.0,0.0,0.0,0.0,0.0,0.0,0.0,0.0,0.0
2024-01-11,COP,0.0,0.0,0.0,0.0,0.0,0.0,0.0,0.0,0.0,0.0,0.0,0.0,0.0,0.0
2024-01-12,COP,0.0,0.0,0.0,0.0,0.0,0.0,0.0,0.0,0.0,0.0,0.0,0.0,0.0,0.0
2024-01-16,COP,0.0,0.0,0.0,0.0,0.0,0.0,0.0,0.0,0.0,0.0,0.0,0.0,0.0,0.0
2024-01-17,COP,0.0,0.0,0.0,0.0,0.0,0.0,0.0,0.0,0.0,0.0,0.0,0.0,0.0,0.0
2024-01-18,COP,0.0,0.0,0.0,0.0,0.0,0.0,0.0,0.0,0.0,0.0,0.0,0.0,0.0,0.0
2024-01-19,COP,0.0,0.0,0.0,0.0,0.0,0.0,0.0,0.0,0.0,0.0,0.0,0.0,0.0,0.0
2024-01-22,COP,0.0,0.0,0.0,0.0,0.0,0.0,0.0,0.0,0.0,0.0,0.0,0.0,0.0,0.0
2024-01-23,COP,0.0,0.0,0.0,0.0,0.0,0.0,0.0,0.0,0.0,0.0,0.0,0.0,0.0,0.0
2024-01-24,COP,0.0,0.0,0.0,0.0,0.0,0.0,0.0,0.0,0.0,0.0,0.0,0.0,0.0,0.0
2024-01-25,COP,0.0,0.0,0.0,0.0,0.0,0.0,0.0,0.0,0.0,0.0,0.0,0.0,0.0,0.0
2024-01-26,COP,0.0,0.0,0.0,0.0,0.0,0.0,0.0,0.0,0.0,0.0,0.0,0.0,0.0,0.0
2024-01-29,COP,0.0,0.0,0.0,0.0,0.0,0.0,0.0,0.0,0.0,0.0,0.0,0.0,0.0,0.0
2024-01-30,COP,0.0,0.0,0.0,0.0,0.0,0.0,0.0,0.0,0.0,0.0,0.0,0.0,0.0,0.0
2024-01-31,COP,0.0,0.0,0.0,0.0,0.0,0.0,0.0,0.0,0.0,0.0,0.0,0.0,0.0,0.0
2024-02-01,COP,0.0,0.0,0.0,0.0,0.0,0.0,0.0,0.0,0.0,0.0,0.0,0.0,0.0,0.0
2024-02-02,COP,0.0,0.0,0.0,0.0,0.0,0.0,0.0,0.0,0.0,0.0,0.0,0.0,0.0,0.0
2024-02-05,COP,0.0,0.0,0.0,0.0,0.0,0.0,0.0,0.0,0.0,0.0,0.0,0.0,0.0,0.0
2024-02-06,COP,0.0,0.0,0.0,0.0,0.0,0.0,0.0,0.0,0.0,0.0,0.0,0.0,0.0,0.0
2024-02-07,COP,0.0,0.0,0.0,0.0,0.0,0.0,0.0,0.0,0.0,0.0,0.0,0.0,0.0,0.0
2024-02-08,COP,0.0,0.0,0.0,0.0,0.0,0.0,0.0,0.0,0.0,0.0,0.0,0.0,0.0,0.0
2024-02-09,COP,0.0,0.0,0.0,0.0,0.0,0.0,0.0,0.0,0.0,0.0,0.0,0.0,0.0,0.0
2024-02-12,COP,0.0,0.0,0.0,0.0,0.0,0.0,0.0,0.0,0.0,0.0,0.0,0.0,0.0,0.0
2024-02-13,COP,0.0,0.0,0.0,0.0,0.0,0.0,0.0,0.0,0.0,0.0,0.0,0.0,0.0,0.0
2024-02-14,COP,0.0,0.0,0.0,0.0,0.0,0.0,0.0,0.0,0.0,0.0,0.0,0.0,0.0,0.0
2024-02-15,COP,0.0,0.0,0.0,0.0,0.0,0.0,0.0,0.0,0.0,0.0,0.0,0.0,0.0,0.0
2024-02-16,COP,0.0,0.0,0.0,0.0,0.0,0.0,0.0,0.0,0.0,0.0,0.0,0.0,0.0,0.0
2024-02-20,COP,0.0,0.0,0.0,0.0,0.0,0.0,0.0,0.0,0.0,0.0,0.0,0.0,0.0,0.0
2024-02-21,COP,0.0,0.0,0.0,0.0,0.0,0.0,0.0,0.0,0.0,0.0,0.0,0.0,0.0,0.0
2024-02-22,COP,0.0,0.0,0.0,0.0,0.0,0.0,0.0,0.0,0.0,0.0,0.0,0.0,0.0,0.0
2024-02-23,COP,0.0,0.0,0.0,0.0,0.0,0.0,0.0,0.0,0.0,0.0,0.0,0.0,0.0,0.0
2024-02-26,COP,0.0,0.0,0.0,0.0,0.0,0.0,0.0,0.0,0.0,0.0,0.0,0.0,0.0,0.0
2024-02-27,COP,0.0,0.0,0.0,0.0,0.0,0.0,0.0,0.0,0.0,0.0,0.0,0.0,0.0,0.0
2024-02-28,COP,0.0,0.0,0.0,0.0,0.0,0.0,0.0,0.0,0.0,0.0,0.0,0.0,0.0,0.0
2024-02-29,COP,0.0,0.0,0.0,0.0,0.0,0.0,0.0,0.0,0.0,0.0,0.0,0.0,0.0,0.0
2024-03-01,COP,0.0,0.0,0.0,0.0,0.0,0.0,0.0,0.0,0.0,0.0,0.0,0.0,0.0,0.0
2024-03-04,COP,0.0,0.0,0.0,0.0,0.0,0.0,0.0,0.0,0.0,0.0,0.0,0.0,0.0,0.0
2024-03-05,COP,0.0,0.0,0.0,0.0,0.0,0.0,0.0,0.0,0.0,0.0,0.0,0.0,0.0,0.0
2024-03-06,COP,0.0,0.0,0.0,0.0,0.0,0.0,0.0,0.0,0.0,0.0,0.0,0.0,0.0,0.0
2024-03-07,COP,0.0,0.0,0.0,0.0,0.0,0.0,0.0,0.0,0.0,0.0,0.0,0.0,0.0,0.0
2024-03-08,COP,0.0,0.0,0.0,0.0,0.0,0.0,0.0,0.0,0.0,0.0,0.0,0.0,0.0,0.0
2024-03-11,COP,0.0,0.0,0.0,0.0,0.0,0.0,0.0,0.0,0.0,0.0,0.0,0.0,0.0,0.0
2024-03-12,COP,0.0,0.0,0.0,0.0,0.0,0.0,0.0,0.0,0.0,0.0,0.0,0.0,0.0,0.0
2024-03-13,COP,0.0,0.0,0.0,0.0,0.0,0.0,0.0,0.0,0.0,0.0,0.0,0.0,0.0,0.0
2024-03-14,COP,0.0,0.0,0.0,0.0,0.0,0.0,0.0,0.0,0.0,0.0,0.0,0.0,0.0,0.0
2024-03-15,COP,0.0,0.0,0.0,0.0,0.0,0.0,0.0,0.0,0.0,0.0,0.0,0.0,0.0,0.0
2024-03-18,COP,0.0,0.0,0.0,0.0,0.0,0.0,0.0,0.0,0.0,0.0,0.0,0.0,0.0,0.0
2024-03-19,COP,0.0,0.0,0.0,0.0,0.0,0.0,0.0,0.0,0.0,0.0,0.0,0.0,0.0,0.0
2024-03-20,COP,0.0,0.0,0.0,0.0,0.0,0.0,0.0,0.0,0.0,0.0,0.0,0.0,0.0,0.0
2024-03-21,COP,0.0,0.0,0.0,0.0,0.0,0.0,0.0,0.0,0.0,0.0,0.0,0.0,0.0,0.0
2024-03-22,COP,0.0,0.0,0.0,0.0,0.0,0.0,0.0,0.0,0.0,0.0,0.0,0.0,0.0,0.0
2024-03-25,COP,0.0,0.0,0.0,0.0,0.0,0.0,0.0,0.0,0.0,0.0,0.0,0.0,0.0,0.0
2024-03-26,COP,0.0,0.0,0.0,0.0,0.0,0.0,0.0,0.0,0.0,0.0,0.0,0.0,0.0,0.0
2024-03-27,COP,0.0,0.0,0.0,0.0,0.0,0.0,0.0,0.0,0.0,0.0,0.0,0.0,0.0,0.0
2024-03-28,COP,0.0,0.0,0.0,0.0,0.0,0.0,0.0,0.0,0.0,0.0,0.0,0.0,0.0,0.0
2024-04-01,COP,0.0,0.0,0.0,0.0,0.0,0.0,0.0,0.0,0.0,0.0,0.0,0.0,0.0,0.0
2024-04-02,COP,0.0,0.0,0.0,0.0,0.0,0.0,0.0,0.0,0.0,0.0,0.0,0.0,0.0,0.0
2024-04-03,COP,0.0,0.0,0.0,0.0,0.0,0.0,0.0,0.0,0.0,0.0,0.0,0.0,0.0,0.0
2024-04-04,COP,0.0,0.0,0.0,0.0,0.0,0.0,0.0,0.0,0.0,0.0,0.0,0.0,0.0,0.0
2024-04-05,COP,0.0,0.0,0.0,0.0,0.0,0.0,0.0,0.0,0.0,0.0,0.0,0.0,0.0,0.0
2024-04-08,COP,0.0,0.0,0.0,0.0,0.0,0.0,0.0,0.0,0.0,0.0,0.0,0.0,0.0,0.0
2024-04-09,COP,0.0,0.0,0.0,0.0,0.0,0.0,0.0,0.0,0.0,0.0,0.0,0.0,0.0,0.0
2024-04-10,COP,0.0,0.0,0.0,0.0,0.0,0.0,0.0,0.0,0.0,0.0,0.0,0.0,0.0,0.0
2024-04-11,COP,0.0,0.0,0.0,0.0,0.0,0.0,0.0,0.0,0.0,0.0,0.0,0.0,0.0,0.0
2024-04-12,COP,0.0,0.0,0.0,0.0,0.0,0.0,0.0,0.0,0.0,0.0,0.0,0.0,0.0,0.0
2024-04-15,COP,0.0,0.0,0.0,0.0,0.0,0.0,0.0,0.0,0.0,0.0,0.0,0.0,0.0,0.0
2024-04-16,COP,0.0,0.0,0.0,0.0,0.0,0.0,0.0,0.0,0.0,0.0,0.0,0.0,0.0,0.0
2024-04-17,COP,0.0,0.0,0.0,0.0,0.0,0.0,0.0,0.0,0.0,0.0,0.0,0.0,0.0,0.0
2024-04-18,COP,0.0,0.0,0.0,0.0,0.0,0.0,0.0,0.0,0.0,0.0,0.0,0.0,0.0,0.0
2024-04-19,COP,0.0,0.0,0.0,0.0,0.0,0.0,0.0,0.0,0.0,0.0,0.0,0.0,0.0,0.0
2024-04-22,COP,0.0,0.0,0.0,0.0,0.0,0.0,0.0,0.0,0.0,0.0,0.0,0.0,0.0,0.0
2024-04-23,COP,0.0,0.0,0.0,0.0,0.0,0.0,0.0,0.0,0.0,0.0,0.0,0.0,0.0,0.0
2024-04-24,COP,0.0,0.0,0.0,0.0,0.0,0.0,0.0,0.0,0.0,0.0,0.0,0.0,0.0,0.0
2024-04-25,COP,0.0,0.0,0.0,0.0,0.0,0.0,0.0,0.0,0.0,0.0,0.0,0.0,0.0,0.0
2024-04-26,COP,0.0,0.0,0.0,0.0,0.0,0.0,0.0,0.0,0.0,0.0,0.0,0.0,0.0,0.0
2024-04-29,COP,0.0,0.0,0.0,0.0,0.0,0.0,0.0,0.0,0.0,0.0,0.0,0.0,0.0,0.0
2024-04-30,COP,0.0,0.0,0.0,0.0,0.0,0.0,0.0,0.0,0.0,0.0,0.0,0.0,0.0,0.0
2024-05-01,COP,0.0,0.0,0.0,0.0,0.0,0.0,0.0,0.0,0.0,0.0,0.0,0.0,0.0,0.0
2024-05-02,COP,0.0,0.0,0.0,0.0,0.0,0.0,0.0,0.0,0.0,0.0,0.0,0.0,0.0,0.0
2024-05-03,COP,0.0,0.0,0.0,0.0,0.0,0.0,0.0,0.0,0.0,0.0,0.0,0.0,0.0,0.0
2024-05-06,COP,0.0,0.0,0.0,0.0,0.0,0.0,0.0,0.0,0.0,0.0,0.0,0.0,0.0,0.0
2024-05-07,COP,0.0,0.0,0.0,0.0,0.0,0.0,0.0,0.0,0.0,0.0,0.0,0.0,0.0,0.0
2024-05-08,COP,0.0,0.0,0.0,0.0,0.0,0.0,0.0,0.0,0.0,0.0,0.0,0.0,0.0,0.0
2024-05-09,COP,0.0,0.0,0.0,0.0,0.0,0.0,0.0,0.0,0.0,0.0,0.0,0.0,0.0,0.0
2024-05-10,COP,0.0,0.0,0.0,0.0,0.0,0.0,0.0,0.0,0.0,0.0,0.0,0.0,0.0,0.0
2024-05-13,COP,0.0,0.0,0.0,0.0,0.0,0.0,0.0,0.0,0.0,0.0,0.0,0.0,0.0,0.0
2024-05-14,COP,0.0,0.0,0.0,0.0,0.0,0.0,0.0,0.0,0.0,0.0,0.0,0.0,0.0,0.0
2024-05-15,COP,0.0,0.0,0.0,0.0,0.0,0.0,0.0,0.0,0.0,0.0,0.0,0.0,0.0,0.0
2024-05-16,COP,0.0,0.0,0.0,0.0,0.0,0.0,0.0,0.0,0.0,0.0,0.0,0.0,0.0,0.0
2024-05-17,COP,0.0,0.0,0.0,0.0,0.0,0.0,0.0,0.0,0.0,0.0,0.0,0.0,0.0,0.0
2024-05-20,COP,0.0,0.0,0.0,0.0,0.0,0.0,0.0,0.0,0.0,0.0,0.0,0.0,0.0,0.0
2024-05-21,COP,0.0,0.0,0.0,0.0,0.0,0.0,0.0,0.0,0.0,0.0,0.0,0.0,0.0,0.0
2024-05-22,COP,0.0,0.0,0.0,0.0,0.0,0.0,0.0,0.0,0.0,0.0,0.0,0.0,0.0,0.0
2024-05-23,COP,0.0,0.0,0.0,0.0,0.0,0.0,0.0,0.0,0.0,0.0,0.0,0.0,0.0,0.0
2024-05-24,COP,0.0,0.0,0.0,0.0,0.0,0.0,0.0,0.0,0.0,0.0,0.0,0.0,0.0,0.0
2024-05-28,COP,0.0,0.0,0.0,0.0,0.0,0.0,0.0,0.0,0.0,0.0,0.0,0.0,0.0,0.0
2024-05-29,COP,0.0,0.0,0.0,0.0,0.0,0.0,0.0,0.0,0.0,0.0,0.0,0.0,0.0,0.0
2024-05-30,COP,0.0,0.0,0.0,0.0,0.0,0.0,0.0,0.0,0.0,0.0,0.0,0.0,0.0,0.0
2024-05-31,COP,0.0,0.0,0.0,0.0,0.0,0.0,0.0,0.0,0.0,0.0,0.0,0.0,0.0,0.0
2024-06-03,COP,0.0,0.0,0.0,0.0,0.0,0.0,0.0,0.0,0.0,0.0,0.0,0.0,0.0,0.0
2024-06-04,COP,0.0,0.0,0.0,0.0,0.0,0.0,0.0,0.0,0.0,0.0,0.0,0.0,0.0,0.0
2024-06-05,COP,0.0,0.0,0.0,0.0,0.0,0.0,0.0,0.0,0.0,0.0,0.0,0.0,0.0,0.0
2024-06-06,COP,0.0,0.0,0.0,0.0,0.0,0.0,0.0,0.0,0.0,0.0,0.0,0.0,0.0,0.0
2024-06-07,COP,0.0,0.0,0.0,0.0,0.0,0.0,0.0,0.0,0.0,0.0,0.0,0.0,0.0,0.0
2024-06-10,COP,0.0,0.0,0.0,0.0,0.0,0.0,0.0,0.0,0.0,0.0,0.0,0.0,0.0,0.0
2024-06-11,COP,0.0,0.0,0.0,0.0,0.0,0.0,0.0,0.0,0.0,0.0,0.0,0.0,0.0,0.0
2024-06-12,COP,0.0,0.0,0.0,0.0,0.0,0.0,0.0,0.0,0.0,0.0,0.0,0.0,0.0,0.0
2024-06-13,COP,0.0,0.0,0.0,0.0,0.0,0.0,0.0,0.0,0.0,0.0,0.0,0.0,0.0,0.0
2024-06-14,COP,0.0,0.0,0.0,0.0,0.0,0.0,0.0,0.0,0.0,0.0,0.0,0.0,0.0,0.0
2024-06-17,COP,0.0,0.0,0.0,0.0,0.0,0.0,0.0,0.0,0.0,0.0,0.0,0.0,0.0,0.0
2024-06-18,COP,0.0,0.0,0.0,0.0,0.0,0.0,0.0,0.0,0.0,0.0,0.0,0.0,0.0,0.0
2024-06-20,COP,0.0,0.0,0.0,0.0,0.0,0.0,0.0,0.0,0.0,0.0,0.0,0.0,0.0,0.0
2024-06-21,COP,0.0,0.0,0.0,0.0,0.0,0.0,0.0,0.0,0.0,0.0,0.0,0.0,0.0,0.0
2024-06-24,COP,0.0,0.0,0.0,0.0,0.0,0.0,0.0,0.0,0.0,0.0,0.0,0.0,0.0,0.0
2024-06-25,COP,0.0,0.0,0.0,0.0,0.0,0.0,0.0,0.0,0.0,0.0,0.0,0.0,0.0,0.0
2024-06-26,COP,0.0,0.0,0.0,0.0,0.0,0.0,0.0,0.0,0.0,0.0,0.0,0.0,0.0,0.0
2024-06-27,COP,0.0,0.0,0.0,0.0,0.0,0.0,0.0,0.0,0.0,0.0,0.0,0.0,0.0,0.0
2024-06-28,COP,0.0,0.0,0.0,0.0,0.0,0.0,0.0,0.0,0.0,0.0,0.0,0.0,0.0,0.0
2024-07-01,COP,0.0,0.0,0.0,0.0,0.0,0.0,0.0,0.0,0.0,0.0,0.0,0.0,0.0,0.0
2024-07-02,COP,0.0,0.0,0.0,0.0,0.0,0.0,0.0,0.0,0.0,0.0,0.0,0.0,0.0,0.0
2024-07-03,COP,0.0,0.0,0.0,0.0,0.0,0.0,0.0,0.0,0.0,0.0,0.0,0.0,0.0,0.0
2024-07-05,COP,0.0,0.0,0.0,0.0,0.0,0.0,0.0,0.0,0.0,0.0,0.0,0.0,0.0,0.0
2024-07-08,COP,0.0,0.0,0.0,0.0,0.0,0.0,0.0,0.0,0.0,0.0,0.0,0.0,0.0,0.0
2024-07-09,COP,0.0,0.0,0.0,0.0,0.0,0.0,0.0,0.0,0.0,0.0,0.0,0.0,0.0,0.0
2024-07-10,COP,0.0,0.0,0.0,0.0,0.0,0.0,0.0,0.0,0.0,0.0,0.0,0.0,0.0,0.0
2024-07-11,COP,0.0,0.0,0.0,0.0,0.0,0.0,0.0,0.0,0.0,0.0,0.0,0.0,0.0,0.0
2024-07-12,COP,0.0,0.0,0.0,0.0,0.0,0.0,0.0,0.0,0.0,0.0,0.0,0.0,0.0,0.0
2024-07-15,COP,0.0,0.0,0.0,0.0,0.0,0.0,0.0,0.0,0.0,0.0,0.0,0.0,0.0,0.0
2024-07-16,COP,0.0,0.0,0.0,0.0,0.0,0.0,0.0,0.0,0.0,0.0,0.0,0.0,0.0,0.0
2024-07-17,COP,0.0,0.0,0.0,0.0,0.0,0.0,0.0,0.0,0.0,0.0,0.0,0.0,0.0,0.0
2024-07-18,COP,0.0,0.0,0.0,0.0,0.0,0.0,0.0,0.0,0.0,0.0,0.0,0.0,0.0,0.0
2024-07-19,COP,0.0,0.0,0.0,0.0,0.0,0.0,0.0,0.0,0.0,0.0,0.0,0.0,0.0,0.0
2024-07-22,COP,0.0,0.0,0.0,0.0,0.0,0.0,0.0,0.0,0.0,0.0,0.0,0.0,0.0,0.0
2024-07-23,COP,0.0,0.0,0.0,0.0,0.0,0.0,0.0,0.0,0.0,0.0,0.0,0.0,0.0,0.0
2024-07-24,COP,0.0,0.0,0.0,0.0,0.0,0.0,0.0,0.0,0.0,0.0,0.0,0.0,0.0,0.0
2024-07-25,COP,0.0,0.0,0.0,0.0,0.0,0.0,0.0,0.0,0.0,0.0,0.0,0.0,0.0,0.0
2024-07-26,COP,0.0,0.0,0.0,0.0,0.0,0.0,0.0,0.0,0.0,0.0,0.0,0.0,0.0,0.0
2024-07-29,COP,0.0,0.0,0.0,0.0,0.0,0.0,0.0,0.0,0.0,0.0,0.0,0.0,0.0,0.0
2024-07-30,COP,0.0,0.0,0.0,0.0,0.0,0.0,0.0,0.0,0.0,0.0,0.0,0.0,0.0,0.0
2024-07-31,COP,0.0,0.0,0.0,0.0,0.0,0.0,0.0,0.0,0.0,0.0,0.0,0.0,0.0,0.0
2024-08-01,COP,0.0,0.0,0.0,0.0,0.0,0.0,0.0,0.0,0.0,0.0,0.0,0.0,0.0,0.0
2024-08-02,COP,0.0,0.0,0.0,0.0,0.0,0.0,0.0,0.0,0.0,0.0,0.0,0.0,0.0,0.0
2024-08-05,COP,0.0,0.0,0.0,0.0,0.0,0.0,0.0,0.0,0.0,0.0,0.0,0.0,0.0,0.0
2024-08-06,COP,0.0,0.0,0.0,0.0,0.0,0.0,0.0,0.0,0.0,0.0,0.0,0.0,0.0,0.0
2024-08-07,COP,0.0,0.0,0.0,0.0,0.0,0.0,0.0,0.0,0.0,0.0,0.0,0.0,0.0,0.0
2024-08-08,COP,0.0,0.0,0.0,0.0,0.0,0.0,0.0,0.0,0.0,0.0,0.0,0.0,0.0,0.0
2024-08-09,COP,0.0,0.0,0.0,0.0,0.0,0.0,0.0,0.0,0.0,0.0,0.0,0.0,0.0,0.0
2024-08-12,COP,0.0,0.0,0.0,0.0,0.0,0.0,0.0,0.0,0.0,0.0,0.0,0.0,0.0,0.0
2024-08-13,COP,0.0,0.0,0.0,0.0,0.0,0.0,0.0,0.0,0.0,0.0,0.0,0.0,0.0,0.0
2024-08-14,COP,0.0,0.0,0.0,0.0,0.0,0.0,0.0,0.0,0.0,0.0,0.0,0.0,0.0,0.0
2024-08-15,COP,0.0,0.0,0.0,0.0,0.0,0.0,0.0,0.0,0.0,0.0,0.0,0.0,0.0,0.0
2024-08-16,COP,0.0,0.0,0.0,0.0,0.0,0.0,0.0,0.0,0.0,0.0,0.0,0.0,0.0,0.0
2024-08-19,COP,0.0,0.0,0.0,0.0,0.0,0.0,0.0,0.0,0.0,0.0,0.0,0.0,0.0,0.0
2024-08-20,COP,0.0,0.0,0.0,0.0,0.0,0.0,0.0,0.0,0.0,0.0,0.0,0.0,0.0,0.0
2024-08-21,COP,0.0,0.0,0.0,0.0,0.0,0.0,0.0,0.0,0.0,0.0,0.0,0.0,0.0,0.0
2024-08-22,COP,0.0,0.0,0.0,0.0,0.0,0.0,0.0,0.0,0.0,0.0,0.0,0.0,0.0,0.0
2024-08-23,COP,0.0,0.0,0.0,0.0,0.0,0.0,0.0,0.0,0.0,0.0,0.0,0.0,0.0,0.0
2024-08-26,COP,0.0,0.0,0.0,0.0,0.0,0.0,0.0,0.0,0.0,0.0,0.0,0.0,0.0,0.0
2024-08-27,COP,0.0,0.0,0.0,0.0,0.0,0.0,0.0,0.0,0.0,0.0,0.0,0.0,0.0,0.0
2024-08-28,COP,0.0,0.0,0.0,0.0,0.0,0.0,0.0,0.0,0.0,0.0,0.0,0.0,0.0,0.0
2024-08-29,COP,0.0,0.0,0.0,0.0,0.0,0.0,0.0,0.0,0.0,0.0,0.0,0.0,0.0,0.0
2024-08-30,COP,0.0,0.0,0.0,0.0,0.0,0.0,0.0,0.0,0.0,0.0,0.0,0.0,0.0,0.0
2024-09-03,COP,0.0,0.0,0.0,0.0,0.0,0.0,0.0,0.0,0.0,0.0,0.0,0.0,0.0,0.0
2024-09-04,COP,0.0,0.0,0.0,0.0,0.0,0.0,0.0,0.0,0.0,0.0,0.0,0.0,0.0,0.0
2024-09-05,COP,0.0,0.0,0.0,0.0,0.0,0.0,0.0,0.0,0.0,0.0,0.0,0.0,0.0,0.0
2024-09-06,COP,0.0,0.0,0.0,0.0,0.0,0.0,0.0,0.0,0.0,0.0,0.0,0.0,0.0,0.0
2024-09-09,COP,0.0,0.0,0.0,0.0,0.0,0.0,0.0,0.0,0.0,0.0,0.0,0.0,0.0,0.0
2024-09-10,COP,0.0,0.0,0.0,0.0,0.0,0.0,0.0,0.0,0.0,0.0,0.0,0.0,0.0,0.0
2024-09-11,COP,0.0,0.0,0.0,0.0,0.0,0.0,0.0,0.0,0.0,0.0,0.0,0.0,0.0,0.0
2024-09-12,COP,0.0,0.0,0.0,0.0,0.0,0.0,0.0,0.0,0.0,0.0,0.0,0.0,0.0,0.0
2024-09-13,COP,0.0,0.0,0.0,0.0,0.0,0.0,0.0,0.0,0.0,0.0,0.0,0.0,0.0,0.0
2024-09-16,COP,0.0,0.0,0.0,0.0,0.0,0.0,0.0,0.0,0.0,0.0,0.0,0.0,0.0,0.0
2024-09-17,COP,0.0,0.0,0.0,0.0,0.0,0.0,0.0,0.0,0.0,0.0,0.0,0.0,0.0,0.0
2024-09-18,COP,0.0,0.0,0.0,0.0,0.0,0.0,0.0,0.0,0.0,0.0,0.0,0.0,0.0,0.0
2024-09-19,COP,0.0,0.0,0.0,0.0,0.0,0.0,0.0,0.0,0.0,0.0,0.0,0.0,0.0,0.0
2024-09-20,COP,0.0,0.0,0.0,0.0,0.0,0.0,0.0,0.0,0.0,0.0,0.0,0.0,0.0,0.0
2024-09-23,COP,0.0,0.0,0.0,0.0,0.0,0.0,0.0,0.0,0.0,0.0,0.0,0.0,0.0,0.0
2024-09-24,COP,0.0,0.0,0.0,0.0,0.0,0.0,0.0,0.0,0.0,0.0,0.0,0.0,0.0,0.0
2024-09-25,COP,0.0,0.0,0.0,0.0,0.0,0.0,0.0,0.0,0.0,0.0,0.0,0.0,0.0,0.0
2024-09-26,COP,0.0,0.0,0.0,0.0,0.0,0.0,0.0,0.0,0.0,0.0,0.0,0.0,0.0,0.0
2024-09-27,COP,0.0,0.0,0.0,0.0,0.0,0.0,0.0,0.0,0.0,0.0,0.0,0.0,0.0,0.0
2024-09-30,COP,0.0,0.0,0.0,0.0,0.0,0.0,0.0,0.0,0.0,0.0,0.0,0.0,0.0,0.0
2024-10-01,COP,0.0,0.0,0.0,0.0,0.0,0.0,0.0,0.0,0.0,0.0,0.0,0.0,0.0,0.0
2024-10-02,COP,0.0,0.0,0.0,0.0,0.0,0.0,0.0,0.0,0.0,0.0,0.0,0.0,0.0,0.0
2024-10-03,COP,0.0,0.0,0.0,0.0,0.0,0.0,0.0,0.0,0.0,0.0,0.0,0.0,0.0,0.0
2024-10-04,COP,0.0,0.0,0.0,0.0,0.0,0.0,0.0,0.0,0.0,0.0,0.0,0.0,0.0,0.0
2024-10-07,COP,0.0,0.0,0.0,0.0,0.0,0.0,0.0,0.0,0.0,0.0,0.0,0.0,0.0,0.0
2024-10-08,COP,0.0,0.0,0.0,0.0,0.0,0.0,0.0,0.0,0.0,0.0,0.0,0.0,0.0,0.0
2024-10-09,COP,0.0,0.0,0.0,0.0,0.0,0.0,0.0,0.0,0.0,0.0,0.0,0.0,0.0,0.0
2024-10-10,COP,0.0,0.0,0.0,0.0,0.0,0.0,0.0,0.0,0.0,0.0,0.0,0.0,0.0,0.0
2024-10-11,COP,0.0,0.0,0.0,0.0,0.0,0.0,0.0,0.0,0.0,0.0,0.0,0.0,0.0,0.0
2024-10-14,COP,0.0,0.0,0.0,0.0,0.0,0.0,0.0,0.0,0.0,0.0,0.0,0.0,0.0,0.0
2024-10-15,COP,0.0,0.0,0.0,0.0,0.0,0.0,0.0,0.0,0.0,0.0,0.0,0.0,0.0,0.0
2024-10-16,COP,0.0,0.0,0.0,0.0,0.0,0.0,0.0,0.0,0.0,0.0,0.0,0.0,0.0,0.0
2024-10-17,COP,0.0,0.0,0.0,0.0,0.0,0.0,0.0,0.0,0.0,0.0,0.0,0.0,0.0,0.0
2024-10-18,COP,0.0,0.0,0.0,0.0,0.0,0.0,0.0,0.0,0.0,0.0,0.0,0.0,0.0,0.0
2024-10-21,COP,0.0,0.0,0.0,0.0,0.0,0.0,0.0,0.0,0.0,0.0,0.0,0.0,0.0,0.0
2024-10-22,COP,0.0,0.0,0.0,0.0,0.0,0.0,0.0,0.0,0.0,0.0,0.0,0.0,0.0,0.0
2024-10-23,COP,0.0,0.0,0.0,0.0,0.0,0.0,0.0,0.0,0.0,0.0,0.0,0.0,0.0,0.0
2024-10-24,COP,0.0,0.0,0.0,0.0,0.0,0.0,0.0,0.0,0.0,0.0,0.0,0.0,0.0,0.0
2024-10-25,COP,0.0,0.0,0.0,0.0,0.0,0.0,0.0,0.0,0.0,0.0,0.0,0.0,0.0,0.0
2024-10-28,COP,0.0,0.0,0.0,0.0,0.0,0.0,0.0,0.0,0.0,0.0,0.0,0.0,0.0,0.0
2024-10-29,COP,0.0,0.0,0.0,0.0,0.0,0.0,0.0,0.0,0.0,0.0,0.0,0.0,0.0,0.0
2024-10-30,COP,0.0,0.0,0.0,0.0,0.0,0.0,0.0,0.0,0.0,0.0,0.0,0.0,0.0,0.0
2024-10-31,COP,0.0,0.0,0.0,0.0,0.0,0.0,0.0,0.0,0.0,0.0,0.0,0.0,0.0,0.0
2024-11-01,COP,0.0,0.0,0.0,0.0,0.0,0.0,0.0,0.0,0.0,0.0,0.0,0.0,0.0,0.0
2024-11-04,COP,0.0,0.0,0.0,0.0,0.0,0.0,0.0,0.0,0.0,0.0,0.0,0.0,0.0,0.0
2024-11-05,COP,0.0,0.0,0.0,0.0,0.0,0.0,0.0,0.0,0.0,0.0,0.0,0.0,0.0,0.0
2024-11-06,COP,0.0,0.0,0.0,0.0,0.0,0.0,0.0,0.0,0.0,0.0,0.0,0.0,0.0,0.0
2024-11-07,COP,0.0,0.0,0.0,0.0,0.0,0.0,0.0,0.0,0.0,0.0,0.0,0.0,0.0,0.0
2024-11-08,COP,0.0,0.0,0.0,0.0,0.0,0.0,0.0,0.0,0.0,0.0,0.0,0.0,0.0,0.0
2024-11-11,COP,0.0,0.0,0.0,0.0,0.0,0.0,0.0,0.0,0.0,0.0,0.0,0.0,0.0,0.0
2024-11-12,COP,0.0,0.0,0.0,0.0,0.0,0.0,0.0,0.0,0.0,0.0,0.0,0.0,0.0,0.0
2024-11-13,COP,0.0,0.0,0.0,0.0,0.0,0.0,0.0,0.0,0.0,0.0,0.0,0.0,0.0,0.0
2024-11-14,COP,0.0,0.0,0.0,0.0,0.0,0.0,0.0,0.0,0.0,0.0,0.0,0.0,0.0,0.0
2024-11-15,COP,0.0,0.0,0.0,0.0,0.0,0.0,0.0,0.0,0.0,0.0,0.0,0.0,0.0,0.0
2024-11-18,COP,0.0,0.0,0.0,0.0,0.0,0.0,0.0,0.0,0.0,0.0,0.0,0.0,0.0,0.0
2024-11-19,COP,0.0,0.0,0.0,0.0,0.0,0.0,0.0,0.0,0.0,0.0,0.0,0.0,0.0,0.0
2024-11-20,COP,0.0,0.0,0.0,0.0,0.0,0.0,0.0,0.0,0.0,0.0,0.0,0.0,0.0,0.0
2024-11-21,COP,0.0,0.0,0.0,0.0,0.0,0.0,0.0,0.0,0.0,0.0,0.0,0.0,0.0,0.0
2024-11-22,COP,0.0,0.0,0.0,0.0,0.0,0.0,0.0,0.0,0.0,0.0,0.0,0.0,0.0,0.0
2024-11-25,COP,0.0,0.0,0.0,0.0,0.0,0.0,0.0,0.0,0.0,0.0,0.0,0.0,0.0,0.0
2024-11-26,COP,0.0,0.0,0.0,0.0,0.0,0.0,0.0,0.0,0.0,0.0,0.0,0.0,0.0,0.0
2024-11-27,COP,0.0,0.0,0.0,0.0,0.0,0.0,0.0,0.0,0.0,0.0,0.0,0.0,0.0,0.0
2024-11-29,COP,0.0,0.0,0.0,0.0,0.0,0.0,0.0,0.0,0.0,0.0,0.0,0.0,0.0,0.0
2024-12-02,COP,0.0,0.0,0.0,0.0,0.0,0.0,0.0,0.0,0.0,0.0,0.0,0.0,0.0,0.0
2024-12-03,COP,0.0,0.0,0.0,0.0,0.0,0.0,0.0,0.0,0.0,0.0,0.0,0.0,0.0,0.0
2024-12-04,COP,0.0,0.0,0.0,0.0,0.0,0.0,0.0,0.0,0.0,0.0,0.0,0.0,0.0,0.0
2024-12-05,COP,0.0,0.0,0.0,0.0,0.0,0.0,0.0,0.0,0.0,0.0,0.0,0.0,0.0,0.0
2024-12-06,COP,0.0,0.0,0.0,0.0,0.0,0.0,0.0,0.0,0.0,0.0,0.0,0.0,0.0,0.0
2024-12-09,COP,0.0,0.0,0.0,0.0,0.0,0.0,0.0,0.0,0.0,0.0,0.0,0.0,0.0,0.0
2024-12-10,COP,0.0,0.0,0.0,0.0,0.0,0.0,0.0,0.0,0.0,0.0,0.0,0.0,0.0,0.0
2024-12-11,COP,0.0,0.0,0.0,0.0,0.0,0.0,0.0,0.0,0.0,0.0,0.0,0.0,0.0,0.0
2024-12-12,COP,0.0,0.0,0.0,0.0,0.0,0.0,0.0,0.0,0.0,0.0,0.0,0.0,0.0,0.0
2024-12-13,COP,0.0,0.0,0.0,0.0,0.0,0.0,0.0,0.0,0.0,0.0,0.0,0.0,0.0,0.0
2024-12-16,COP,0.0,0.0,0.0,0.0,0.0,0.0,0.0,0.0,0.0,0.0,0.0,0.0,0.0,0.0
2024-12-17,COP,0.0,0.0,0.0,0.0,0.0,0.0,0.0,0.0,0.0,0.0,0.0,0.0,0.0,0.0
2024-12-18,COP,0.0,0.0,0.0,0.0,0.0,0.0,0.0,0.0,0.0,0.0,0.0,0.0,0.0,0.0
2024-12-19,COP,0.0,0.0,0.0,0.0,0.0,0.0,0.0,0.0,0.0,0.0,0.0,0.0,0.0,0.0
2024-12-20,COP,0.0,0.0,0.0,0.0,0.0,0.0,0.0,0.0,0.0,0.0,0.0,0.0,0.0,0.0
2024-12-23,COP,0.0,0.0,0.0,0.0,0.0,0.0,0.0,0.0,0.0,0.0,0.0,0.0,0.0,0.0
2024-12-24,COP,0.0,0.0,0.0,0.0,0.0,0.0,0.0,0.0,0.0,0.0,0.0,0.0,0.0,0.0
2024-12-26,COP,0.0,0.0,0.0,0.0,0.0,0.0,0.0,0.0,0.0,0.0,0.0,0.0,0.0,0.0
2024-12-27,COP,0.0,0.0,0.0,0.0,0.0,0.0,0.0,0.0,0.0,0.0,0.0,0.0,0.0,0.0
2024-12-30,COP,0.0,0.0,0.0,0.0,0.0,0.0,0.0,0.0,0.0,0.0,0.0,0.0,0.0,0.0
2024-12-31,COP,0.0,0.0,0.0,0.0,0.0,0.0,0.0,0.0,0.0,0.0,0.0,0.0,0.0,0.0
2025-01-02,COP,0.0,0.0,0.0,0.0,0.0,0.0,0.0,0.0,0.0,0.0,0.0,0.0,0.0,0.0
2025-01-03,COP,0.0,0.0,0.0,0.0,0.0,0.0,0.0,0.0,0.0,0.0,0.0,0.0,0.0,0.0
2025-01-06,COP,0.0,0.0,0.0,0.0,0.0,0.0,0.0,0.0,0.0,0.0,0.0,0.0,0.0,0.0
2025-01-07,COP,0.0,0.0,0.0,0.0,0.0,0.0,0.0,0.0,0.0,0.0,0.0,0.0,0.0,0.0
2025-01-08,COP,0.0,0.0,0.0,0.0,0.0,0.0,0.0,0.0,0.0,0.0,0.0,0.0,0.0,0.0
2025-01-10,COP,0.0,0.0,0.0,0.0,0.0,0.0,0.0,0.0,0.0,0.0,0.0,0.0,0.0,0.0
2025-01-13,COP,0.0,0.0,0.0,0.0,0.0,0.0,0.0,0.0,0.0,0.0,0.0,0.0,0.0,0.0
2025-01-14,COP,0.0,0.0,0.0,0.0,0.0,0.0,0.0,0.0,0.0,0.0,0.0,0.0,0.0,0.0
2025-01-15,COP,0.0,0.0,0.0,0.0,0.0,0.0,0.0,0.0,0.0,0.0,0.0,0.0,0.0,0.0
2025-01-16,COP,0.0,0.0,0.0,0.0,0.0,0.0,0.0,0.0,0.0,0.0,0.0,0.0,0.0,0.0
2025-01-17,COP,0.0,0.0,0.0,0.0,0.0,0.0,0.0,0.0,0.0,0.0,0.0,0.0,0.0,0.0
2025-01-21,COP,0.0,0.0,0.0,0.0,0.0,0.0,0.0,0.0,0.0,0.0,0.0,0.0,0.0,0.0
2025-01-22,COP,0.0,0.0,0.0,0.0,0.0,0.0,0.0,0.0,0.0,0.0,0.0,0.0,0.0,0.0
2025-01-23,COP,0.0,0.0,0.0,0.0,0.0,0.0,0.0,0.0,0.0,0.0,0.0,0.0,0.0,0.0
2025-01-24,COP,0.0,0.0,0.0,0.0,0.0,0.0,0.0,0.0,0.0,0.0,0.0,0.0,0.0,0.0
2025-01-27,COP,0.0,0.0,0.0,0.0,0.0,0.0,0.0,0.0,0.0,0.0,0.0,0.0,0.0,0.0
2025-01-28,COP,0.0,0.0,0.0,0.0,0.0,0.0,0.0,0.0,0.0,0.0,0.0,0.0,0.0,0.0
2025-01-29,COP,0.0,0.0,0.0,0.0,0.0,0.0,0.0,0.0,0.0,0.0,0.0,0.0,0.0,0.0
2025-01-30,COP,0.0,0.0,0.0,0.0,0.0,0.0,0.0,0.0,0.0,0.0,0.0,0.0,0.0,0.0
2025-01-31,COP,0.0,0.0,0.0,0.0,0.0,0.0,0.0,0.0,0.0,0.0,0.0,0.0,0.0,0.0
2025-02-03,COP,0.0,0.0,0.0,0.0,0.0,0.0,0.0,0.0,0.0,0.0,0.0,0.0,0.0,0.0
2025-02-04,COP,0.0,0.0,0.0,0.0,0.0,0.0,0.0,0.0,0.0,0.0,0.0,0.0,0.0,0.0
2025-02-05,COP,0.0,0.0,0.0,0.0,0.0,0.0,0.0,0.0,0.0,0.0,0.0,0.0,0.0,0.0
2025-02-06,COP,0.0,0.0,0.0,0.0,0.0,0.0,0.0,0.0,0.0,0.0,0.0,0.0,0.0,0.0
2025-02-07,COP,0.0,0.0,0.0,0.0,0.0,0.0,0.0,0.0,0.0,0.0,0.0,0.0,0.0,0.0
2025-02-10,COP,0.0,0.0,0.0,0.0,0.0,0.0,0.0,0.0,0.0,0.0,0.0,0.0,0.0,0.0
2025-02-11,COP,0.0,0.0,0.0,0.0,0.0,0.0,0.0,0.0,0.0,0.0,0.0,0.0,0.0,0.0
2025-02-12,COP,0.0,0.0,0.0,0.0,0.0,0.0,0.0,0.0,0.0,0.0,0.0,0.0,0.0,0.0
2025-02-13,COP,0.0,0.0,0.0,0.0,0.0,0.0,0.0,0.0,0.0,0.0,0.0,0.0,0.0,0.0
2025-02-14,COP,0.0,0.0,0.0,0.0,0.0,0.0,0.0,0.0,0.0,0.0,0.0,0.0,0.0,0.0
2025-02-18,COP,0.0,0.0,0.0,0.0,0.0,0.0,0.0,0.0,0.0,0.0,0.0,0.0,0.0,0.0
2025-02-19,COP,0.0,0.0,0.0,0.0,0.0,0.0,0.0,0.0,0.0,0.0,0.0,0.0,0.0,0.0
2025-02-20,COP,0.0,0.0,0.0,0.0,0.0,0.0,0.0,0.0,0.0,0.0,0.0,0.0,0.0,0.0
2025-02-21,COP,0.0,0.0,0.0,0.0,0.0,0.0,0.0,0.0,0.0,0.0,0.0,0.0,0.0,0.0
2025-02-24,COP,0.0,0.0,0.0,0.0,0.0,0.0,0.0,0.0,0.0,0.0,0.0,0.0,0.0,0.0
2025-02-25,COP,0.0,0.0,0.0,0.0,0.0,0.0,0.0,0.0,0.0,0.0,0.0,0.0,0.0,0.0
2025-02-26,COP,0.0,0.0,0.0,0.0,0.0,0.0,0.0,0.0,0.0,0.0,0.0,0.0,0.0,0.0
2025-02-27,COP,0.0,0.0,0.0,0.0,0.0,0.0,0.0,0.0,0.0,0.0,0.0,0.0,0.0,0.0
2025-02-28,COP,0.0,0.0,0.0,0.0,0.0,0.0,0.0,0.0,0.0,0.0,0.0,0.0,0.0,0.0
2025-03-03,COP,0.0,0.0,0.0,0.0,0.0,0.0,0.0,0.0,0.0,0.0,0.0,0.0,0.0,0.0
2025-03-04,COP,0.0,0.0,0.0,0.0,0.0,0.0,0.0,0.0,0.0,0.0,0.0,0.0,0.0,0.0
2025-03-05,COP,0.0,0.0,0.0,0.0,0.0,0.0,0.0,0.0,0.0,0.0,0.0,0.0,0.0,0.0
2025-03-06,COP,0.0,0.0,0.0,0.0,0.0,0.0,0.0,0.0,0.0,0.0,0.0,0.0,0.0,0.0
2025-03-07,COP,0.0,0.0,0.0,0.0,0.0,0.0,0.0,0.0,0.0,0.0,0.0,0.0,0.0,0.0
2025-03-10,COP,0.0,0.0,0.0,0.0,0.0,0.0,0.0,0.0,0.0,0.0,0.0,0.0,0.0,0.0
2025-03-11,COP,0.0,0.0,0.0,0.0,0.0,0.0,0.0,0.0,0.0,0.0,0.0,0.0,0.0,0.0
2025-03-12,COP,0.0,0.0,0.0,0.0,0.0,0.0,0.0,0.0,0.0,0.0,0.0,0.0,0.0,0.0
2025-03-13,COP,0.0,0.0,0.0,0.0,0.0,0.0,0.0,0.0,0.0,0.0,0.0,0.0,0.0,0.0
2025-03-14,COP,0.0,0.0,0.0,0.0,0.0,0.0,0.0,0.0,0.0,0.0,0.0,0.0,0.0,0.0
2025-03-17,COP,0.0,0.0,0.0,0.0,0.0,0.0,0.0,0.0,0.0,0.0,0.0,0.0,0.0,0.0
2025-03-18,COP,0.0,0.0,0.0,0.0,0.0,0.0,0.0,0.0,0.0,0.0,0.0,0.0,0.0,0.0
2025-03-19,COP,0.0,0.0,0.0,0.0,0.0,0.0,0.0,0.0,0.0,0.0,0.0,0.0,0.0,0.0
2025-03-20,COP,0.0,0.0,0.0,0.0,0.0,0.0,0.0,0.0,0.0,0.0,0.0,0.0,0.0,0.0
2025-03-21,COP,0.0,0.0,0.0,0.0,0.0,0.0,0.0,0.0,0.0,0.0,0.0,0.0,0.0,0.0
2025-03-24,COP,0.0,0.0,0.0,0.0,0.0,0.0,0.0,0.0,0.0,0.0,0.0,0.0,0.0,0.0
2025-03-25,COP,0.0,0.0,0.0,0.0,0.0,0.0,0.0,0.0,0.0,0.0,0.0,0.0,0.0,0.0
2025-03-26,COP,0.0,0.0,0.0,0.0,0.0,0.0,0.0,0.0,0.0,0.0,0.0,0.0,0.0,0.0
2025-03-27,COP,0.0,0.0,0.0,0.0,0.0,0.0,0.0,0.0,0.0,0.0,0.0,0.0,0.0,0.0
2025-03-28,COP,0.0,0.0,0.0,0.0,0.0,0.0,0.0,0.0,0.0,0.0,0.0,0.0,0.0,0.0
2025-03-31,COP,0.0,0.0,0.0,0.0,0.0,0.0,0.0,0.0,0.0,0.0,0.0,0.0,0.0,0.0
2025-04-01,COP,0.0,0.0,0.0,0.0,0.0,0.0,0.0,0.0,0.0,0.0,0.0,0.0,0.0,0.0
2025-04-02,COP,0.0,0.0,0.0,0.0,0.0,0.0,0.0,0.0,0.0,0.0,0.0,0.0,0.0,0.0
2025-04-03,COP,0.0,0.0,0.0,0.0,0.0,0.0,0.0,0.0,0.0,0.0,0.0,0.0,0.0,0.0
2025-04-04,COP,0.0,0.0,0.0,0.0,0.0,0.0,0.0,0.0,0.0,0.0,0.0,0.0,0.0,0.0
2025-04-07,COP,0.0,0.0,0.0,0.0,0.0,0.0,0.0,0.0,0.0,0.0,0.0,0.0,0.0,0.0
2025-04-08,COP,0.0,0.0,0.0,0.0,0.0,0.0,0.0,0.0,0.0,0.0,0.0,0.0,0.0,0.0
2025-04-09,COP,0.0,0.0,0.0,0.0,0.0,0.0,0.0,0.0,0.0,0.0,0.0,0.0,0.0,0.0
2025-04-10,COP,0.0,0.0,0.0,0.0,0.0,0.0,0.0,0.0,0.0,0.0,0.0,0.0,0.0,0.0
2025-04-11,COP,0.0,0.0,0.0,0.0,0.0,0.0,0.0,0.0,0.0,0.0,0.0,0.0,0.0,0.0
2025-04-14,COP,0.0,0.0,0.0,0.0,0.0,0.0,0.0,0.0,0.0,0.0,0.0,0.0,0.0,0.0
2025-04-15,COP,0.0,0.0,0.0,0.0,0.0,0.0,0.0,0.0,0.0,0.0,0.0,0.0,0.0,0.0
2025-04-16,COP,0.0,0.0,0.0,0.0,0.0,0.0,0.0,0.0,0.0,0.0,0.0,0.0,0.0,0.0
2025-04-17,COP,0.0,0.0,0.0,0.0,0.0,0.0,0.0,0.0,0.0,0.0,0.0,0.0,0.0,0.0
2025-04-21,COP,0.0,0.0,0.0,0.0,0.0,0.0,0.0,0.0,0.0,0.0,0.0,0.0,0.0,0.0
2025-04-22,COP,0.0,0.0,0.0,0.0,0.0,0.0,0.0,0.0,0.0,0.0,0.0,0.0,0.0,0.0
2025-04-23,COP,0.0,0.0,0.0,0.0,0.0,0.0,0.0,0.0,0.0,0.0,0.0,0.0,0.0,0.0
2025-04-24,COP,0.0,0.0,0.0,0.0,0.0,0.0,0.0,0.0,0.0,0.0,0.0,0.0,0.0,0.0
2025-04-25,COP,0.0,0.0,0.0,0.0,0.0,0.0,0.0,0.0,0.0,0.0,0.0,0.0,0.0,0.0
2025-04-28,COP,0.0,0.0,0.0,0.0,0.0,0.0,0.0,0.0,0.0,0.0,0.0,0.0,0.0,0.0
2025-04-29,COP,0.0,0.0,0.0,0.0,0.0,0.0,0.0,0.0,0.0,0.0,0.0,0.0,0.0,0.0
2025-04-30,COP,0.0,0.0,0.0,0.0,0.0,0.0,0.0,0.0,0.0,0.0,0.0,0.0,0.0,0.0
2025-05-01,COP,0.0,0.0,0.0,0.0,0.0,0.0,0.0,0.0,0.0,0.0,0.0,0.0,0.0,0.0
2025-05-02,COP,0.0,0.0,0.0,0.0,0.0,0.0,0.0,0.0,0.0,0.0,0.0,0.0,0.0,0.0
2025-05-05,COP,0.0,0.0,0.0,0.0,0.0,0.0,0.0,0.0,0.0,0.0,0.0,0.0,0.0,0.0
2025-05-06,COP,0.0,0.0,0.0,0.0,0.0,0.0,0.0,0.0,0.0,0.0,0.0,0.0,0.0,0.0
2025-05-07,COP,0.0,0.0,0.0,0.0,0.0,0.0,0.0,0.0,0.0,0.0,0.0,0.0,0.0,0.0
2025-05-08,COP,0.0,0.0,0.0,0.0,0.0,0.0,0.0,0.0,0.0,0.0,0.0,0.0,0.0,0.0
2025-05-09,COP,0.0,0.0,0.0,0.0,0.0,0.0,0.0,0.0,0.0,0.0,0.0,0.0,0.0,0.0
2025-05-12,COP,0.0,0.0,0.0,0.0,0.0,0.0,0.0,0.0,0.0,0.0,0.0,0.0,0.0,0.0
2025-05-13,COP,0.0,0.0,0.0,0.0,0.0,0.0,0.0,0.0,0.0,0.0,0.0,0.0,0.0,0.0
2025-05-14,COP,0.0,0.0,0.0,0.0,0.0,0.0,0.0,0.0,0.0,0.0,0.0,0.0,0.0,0.0
2025-05-15,COP,0.0,0.0,0.0,0.0,0.0,0.0,0.0,0.0,0.0,0.0,0.0,0.0,0.0,0.0
2025-05-16,COP,0.0,0.0,0.0,0.0,0.0,0.0,0.0,0.0,0.0,0.0,0.0,0.0,0.0,0.0
2025-05-19,COP,0.0,0.0,0.0,0.0,0.0,0.0,0.0,0.0,0.0,0.0,0.0,0.0,0.0,0.0
2025-05-20,COP,0.0,0.0,0.0,0.0,0.0,0.0,0.0,0.0,0.0,0.0,0.0,0.0,0.0,0.0
2025-05-21,COP,0.0,0.0,0.0,0.0,0.0,0.0,0.0,0.0,0.0,0.0,0.0,0.0,0.0,0.0
2025-05-22,COP,0.0,0.0,0.0,0.0,0.0,0.0,0.0,0.0,0.0,0.0,0.0,0.0,0.0,0.0
2025-05-23,COP,0.0,0.0,0.0,0.0,0.0,0.0,0.0,0.0,0.0,0.0,0.0,0.0,0.0,0.0
2025-05-27,COP,0.0,0.0,0.0,0.0,0.0,0.0,0.0,0.0,0.0,0.0,0.0,0.0,0.0,0.0
2025-05-28,COP,0.0,0.0,0.0,0.0,0.0,0.0,0.0,0.0,0.0,0.0,0.0,0.0,0.0,0.0
2025-05-29,COP,0.0,0.0,0.0,0.0,0.0,0.0,0.0,0.0,0.0,0.0,0.0,0.0,0.0,0.0
2025-05-30,COP,0.0,0.0,0.0,0.0,0.0,0.0,0.0,0.0,0.0,0.0,0.0,0.0,0.0,0.0
2025-06-02,COP,0.0,0.0,0.0,0.0,0.0,0.0,0.0,0.0,0.0,0.0,0.0,0.0,0.0,0.0
2025-06-03,COP,0.0,0.0,0.0,0.0,0.0,0.0,0.0,0.0,0.0,0.0,0.0,0.0,0.0,0.0
2025-06-04,COP,0.0,0.0,0.0,0.0,0.0,0.0,0.0,0.0,0.0,0.0,0.0,0.0,0.0,0.0
2025-06-05,COP,0.0,0.0,0.0,0.0,0.0,0.0,0.0,0.0,0.0,0.0,0.0,0.0,0.0,0.0
2025-06-06,COP,0.0,0.0,0.0,0.0,0.0,0.0,0.0,0.0,0.0,0.0,0.0,0.0,0.0,0.0
2025-06-09,COP,0.0,0.0,0.0,0.0,0.0,0.0,0.0,0.0,0.0,0.0,0.0,0.0,0.0,0.0
2025-06-10,COP,0.0,0.0,0.0,0.0,0.0,0.0,0.0,0.0,0.0,0.0,0.0,0.0,0.0,0.0
2025-06-11,COP,0.0,0.0,0.0,0.0,0.0,0.0,0.0,0.0,0.0,0.0,0.0,0.0,0.0,0.0
2025-06-12,COP,0.0,0.0,0.0,0.0,0.0,0.0,0.0,0.0,0.0,0.0,0.0,0.0,0.0,0.0
2025-06-13,COP,0.0,0.0,0.0,0.0,0.0,0.0,0.0,0.0,0.0,0.0,0.0,0.0,0.0,0.0
2025-06-16,COP,0.4330436517484486,2.0,1.0,0.0,1.0,0.7304063439369202,0.5699373632669449,0.13689371151849625,0.29316890239715576,0.14434788391614953,2.0,1.0,0.0,1.0
2025-06-17,COP,0.0,0.0,0.0,0.0,0.0,0.0,0.0,0.0,0.0,0.14434788391614953,2.0,1.0,0.0,1.0
2025-06-18,COP,0.1218611498363316,5.0,3.0,2.0,0.0,0.7438473105430603,0.4561130837537348,0.3342519339174032,0.20963495448231692,0.18496826719492673,7.0,4.0,2.0,1.0
2025-06-20,COP,0.5039146947674453,2.0,1.0,0.0,1.0,0.8952561914920807,0.5196213163435459,0.01570662157610055,0.4646720588207245,0.20859194820125895,7.0,4.0,2.0,1.0
2025-06-23,COP,0.5853245439939201,2.0,1.0,0.0,1.0,0.7828252911567688,0.5939396470785141,0.008615103084593949,0.3974452540278435,0.4037001295325657,9.0,5.0,2.0,2.0
2025-06-24,COP,0.5098967542871833,4.0,3.0,0.0,1.0,0.8486630022525787,0.627166535705328,0.11726978141814465,0.2555636763572692,0.5330453310161829,8.0,5.0,0.0,3.0
2025-06-25,COP,0.1970886981580406,4.0,2.0,1.0,1.0,0.8905045837163925,0.470733106136322,0.2736444079782814,0.25562244653701777,0.430769998813048,10.0,6.0,1.0,3.0
2025-06-26,COP,0.44982952484861016,2.0,1.0,0.0,1.0,0.9310465455055237,0.46693626604974264,0.01710674120113245,0.5159569643437862,0.38560499243127805,10.0,6.0,1.0,3.0
2025-06-27,COP,0.24771318119019267,3.0,2.0,1.0,0.0,0.9015704989433289,0.5879965145140886,0.3402833333238959,0.07172018724183236,0.29821046806561446,9.0,5.0,2.0,2.0
2025-06-30,COP,-0.02795873535796997,4.0,2.0,2.0,0.0,0.9143271595239639,0.45298668555915356,0.48094542091712356,0.0660679060965776,0.22319465689361095,9.0,5.0,3.0,1.0
2025-07-01,COP,0.381890388764441,5.0,2.0,0.0,3.0,0.8983309388160705,0.3944345198571682,0.01254413109272714,0.5930213570594787,0.20054827819888787,12.0,6.0,3.0,3.0
2025-07-02,COP,0.0,0.0,0.0,0.0,0.0,0.0,0.0,0.0,0.0,0.11797721780215699,9.0,4.0,2.0,3.0
2025-07-03,COP,0.5103424893692136,5.0,4.0,1.0,0.0,0.8366179704666138,0.7062034517526626,0.19586096238344905,0.09793560206890105,0.29741095937788486,10.0,6.0,1.0,3.0
2025-07-07,COP,-0.28522981268664205,3.0,1.0,2.0,0.0,0.9077424009641012,0.3184969186161955,0.6037267313028375,0.0777763128280639,0.0750375588941905,8.0,5.0,3.0,0.0
2025-07-08,COP,0.04293572995811699,4.0,1.0,1.0,2.0,0.8633629977703094,0.31519145448692143,0.2722557245288044,0.4125528307631612,0.08934946888022949,12.0,6.0,4.0,2.0
2025-07-09,COP,0.0,0.0,0.0,0.0,0.0,0.0,0.0,0.0,0.0,-0.0807646942428417,7.0,2.0,3.0,2.0
2025-07-10,COP,0.8369427535993358,6.0,5.0,0.0,1.0,0.8627185920874277,0.8542330712080002,0.017290317608664382,0.12847660264621177,0.29329282785248423,10.0,6.0,1.0,3.0
2025-07-11,COP,0.6186667669098824,4.0,4.0,0.0,0.0,0.7239834740757942,0.7239834740757942,0.10531670716591172,0.1706998478621244,0.4852031735030727,10.0,9.0,0.0,1.0
2025-07-14,COP,0.7359957883600146,4.0,3.0,0.0,1.0,0.9172631204128265,0.7552686110138893,0.019272822653874727,0.22545856609940526,0.7305351029564108,14.0,12.0,0.0,2.0
2025-07-15,COP,-0.005467982031404972,4.0,2.0,2.0,0.0,0.8673926591873169,0.45475266361609096,0.460220645647496,0.08502668468281618,0.4497315244128306,12.0,9.0,2.0,1.0
2025-07-16,COP,-0.9675918379798532,1.0,0.0,1.0,0.0,0.9758328795433044,0.0082410415634512,0.9758328795433044,0.0159260313957929,-0.07902134388374789,9.0,5.0,3.0,1.0
2025-07-17,COP,-0.12664009956642985,2.0,0.0,1.0,1.0,0.6738722920417786,0.16521591693162915,0.29185601649805903,0.5429280549287796,-0.3665666398592293,7.0,2.0,4.0,1.0
2025-07-18,COP,0.7779556677366296,3.0,3.0,0.0,0.0,0.7894561290740967,0.7894561290740967,0.011500461337466966,0.19904338940978047,-0.10542542326988451,6.0,3.0,2.0,1.0
2025-07-21,COP,0.021803914258877382,3.0,1.0,1.0,1.0,0.7515775760014852,0.35950492539753515,0.33770101113865775,0.30279405477146304,0.22437316080969236,8.0,4.0,2.0,2.0
2025-07-22,COP,-0.11643271846696736,6.0,1.0,3.0,2.0,0.7683217028776804,0.2383655775338411,0.3547982960008085,0.4068361495931943,0.22777562117617986,12.0,5.0,4.0,3.0
2025-07-23,COP,0.31392383746181923,6.0,2.0,0.0,4.0,0.9227726658185323,0.3480283468961715,0.03410450943435226,0.617867169280847,0.0730983444179097,15.0,4.0,4.0,7.0
2025-07-24,COP,0.4790868503041565,2.0,1.0,0.0,1.0,0.9348659515380859,0.4896539114415645,0.01056706113740795,0.49977902881801123,0.2255259897663361,14.0,4.0,3.0,7.0
2025-07-25,COP,0.6173507707814375,3.0,2.0,0.0,1.0,0.9357497096061707,0.6401528480152289,0.022802077233791334,0.33704507847627,0.470120486182471,11.0,5.0,0.0,6.0
2025-07-28,COP,0.22158816270530218,2.0,0.0,0.0,2.0,0.7555206418037415,0.2330337539315223,0.0114455912262201,0.7555206418037415,0.43934192793029864,7.0,3.0,0.0,4.0
2025-07-29,COP,0.7163952835835516,2.0,2.0,0.0,0.0,0.7393083572387695,0.7393083572387695,0.02291307365521785,0.2377786319702863,0.5184447390234304,7.0,4.0,0.0,3.0
2025-07-30,COP,0.6648751370375976,4.0,4.0,0.0,0.0,0.7650315463542938,0.7650315463542938,0.10015640931669617,0.13481207285076377,0.5342861944421503,8.0,6.0,0.0,2.0
2025-07-31,COP,0.36215890366584064,5.0,3.0,1.0,1.0,0.9154818654060364,0.5593504413962365,0.19719153773039574,0.24345802143216128,0.5811431080956632,11.0,9.0,1.0,1.0
2025-08-01,COP,0.19223081786185503,5.0,1.0,1.0,3.0,0.8307634234428406,0.32079728767275806,0.12856646981090303,0.5506362333893776,0.4064216195217643,14.0,8.0,2.0,4.0
2025-08-04,COP,0.3761302074417472,4.0,1.0,0.0,3.0,0.8066772520542145,0.3967732135206461,0.020643006078898875,0.5825837994925678,0.3101733096564809,14.0,5.0,2.0,7.0
2025-08-05,COP,-0.0019343777870138117,3.0,1.0,1.0,1.0,0.9379154841105143,0.3462810674682259,0.34821544525523973,0.30550346399346984,0.18880888250552938,12.0,3.0,2.0,7.0
2025-08-06,COP,0.03535193949937824,3.0,1.0,1.0,1.0,0.9009102384249369,0.3446837514638901,0.3093318119645118,0.34598445147275925,0.13651592305137042,10.0,3.0,2.0,5.0
2025-08-07,COP,0.18097144787510236,15.0,5.0,2.0,8.0,0.8633460164070129,0.3619200785954793,0.1809486307203769,0.4571312968929609,0.07146300319582215,21.0,7.0,4.0,10.0
2025-08-08,COP,0.3830453500683818,7.0,4.0,1.0,2.0,0.9095779742513385,0.5605150809777635,0.17746973090938156,0.26201516975249556,0.19978957914762066,25.0,10.0,4.0,11.0
2025-08-11,COP,0.9237542171031236,1.0,1.0,0.0,0.0,0.9511889815330504,0.9511889815330504,0.0274347644299268,0.0213762857019901,0.49592367168220247,23.0,10.0,3.0,10.0
2025-08-12,COP,0.9059434359272321,3.0,3.0,0.0,0.0,0.9225178758303324,0.9225178758303324,0.0165744399031003,0.060907688612739236,0.7375810010329125,11.0,8.0,1.0,2.0
2025-08-13,COP,0.6002527137752622,4.0,3.0,0.0,1.0,0.8834263980388641,0.6660307887941599,0.06577807501889762,0.2681911680847406,0.8099834556018726,8.0,7.0,0.0,1.0
2025-08-14,COP,0.40625521503388884,5.0,3.0,1.0,1.0,0.878000009059906,0.6205844668671489,0.21432925183326001,0.1650862488895654,0.637483788245461,12.0,9.0,1.0,2.0
2025-08-15,COP,-0.16765407193452114,2.0,1.0,1.0,0.0,0.8089454174041748,0.32556446827948093,0.4932185402140021,0.1812169393524527,0.27961795229154324,11.0,7.0,2.0,2.0
2025-08-18,COP,0.09954547416418795,2.0,0.0,0.0,2.0,0.8516274392604828,0.12395901232957834,0.02441353816539045,0.8516274392604828,0.11271553908785181,9.0,4.0,2.0,3.0
2025-08-19,COP,-0.06442154850810766,3.0,1.0,1.0,1.0,0.9023930430412292,0.3222037047768633,0.38662525328497094,0.29117104535301525,-0.04417671542614702,7.0,2.0,2.0,3.0
2025-08-20,COP,0.7574473160008589,3.0,3.0,0.0,0.0,0.7715830604235331,0.7715830604235331,0.014135744422674132,0.21428118646144864,0.26419041388564635,8.0,4.0,1.0,3.0
2025-08-21,COP,0.2822711755288765,8.0,4.0,2.0,2.0,0.8731204867362976,0.5210435558110476,0.23877238028217104,0.2401840779930353,0.3250989810072092,14.0,8.0,3.0,3.0
2025-08-22,COP,0.9181528405752033,4.0,4.0,0.0,0.0,0.9375820159912109,0.9375820159912109,0.0194291754160076,0.04298879252746698,0.6526237773683128,15.0,11.0,2.0,2.0
2025-08-25,COP,0.4809496253728866,3.0,1.0,0.0,2.0,0.7824552059173584,0.5000607917706171,0.019111166397730434,0.48082805424928665,0.560457880492322,15.0,9.0,2.0,4.0
2025-08-26,COP,0.920288808643818,1.0,1.0,0.0,0.0,0.94118332862854,0.94118332862854,0.0208945199847221,0.0379221439361572,0.7731304248639693,8.0,6.0,0.0,2.0
2025-08-27,COP,0.6517632206281027,3.0,2.0,0.0,1.0,0.8881170550982157,0.6702429254849752,0.0184797048568725,0.3112773870428403,0.6843338848816023,7.0,4.0,0.0,3.0
2025-08-28,COP,0.5842709898948669,5.0,3.0,0.0,2.0,0.923344099521637,0.6041597306728363,0.0198887407779693,0.37595154717564583,0.7187743397222625,9.0,6.0,0.0,3.0
2025-08-29,COP,0.9365586005151272,1.0,1.0,0.0,0.0,0.9546494483947754,0.9546494483947754,0.0180908478796482,0.027259724214673,0.7241976036793655,9.0,6.0,0.0,3.0
2025-09-02,COP,-0.00930942657093207,3.0,1.0,1.0,1.0,0.851012130578359,0.30526648213466007,0.3145759087055921,0.38015759550034994,0.5038400546130205,9.0,5.0,1.0,3.0
2025-09-03,COP,-0.16329812556505202,5.0,2.0,2.0,1.0,0.7896840333938598,0.34429697096347806,0.5075950965285301,0.1481078907847404,0.25465034945971426,9.0,4.0,3.0,2.0
2025-09-04,COP,-0.5554172566626221,16.0,4.0,12.0,0.0,0.9201016165316105,0.2013369074265938,0.7567541640892159,0.04190892470069226,-0.24267493626620215,24.0,7.0,15.0,2.0
2025-09-05,COP,-0.36442948572544587,9.0,1.0,5.0,3.0,0.8111199074321322,0.18229302122361127,0.5467225069490572,0.27098446587721503,-0.36104828931770677,30.0,7.0,19.0,4.0
2025-09-08,COP,-0.17233654383259514,6.0,2.0,3.0,1.0,0.9199971854686737,0.31430221465416247,0.4866387584867577,0.19905900427450732,-0.36406109540688775,31.0,7.0,20.0,4.0
2025-09-09,COP,0.27269850724509787,7.0,4.0,2.0,1.0,0.8996751138142177,0.5497006813862494,0.2770021741411515,0.17329715458410125,-0.08802250743764779,22.0,7.0,10.0,5.0
2025-09-10,COP,0.7836957897525281,4.0,3.0,0.0,1.0,0.8568699359893799,0.7958777993917465,0.012182009639218375,0.19194018375128505,0.29468591772167685,17.0,9.0,5.0,3.0
2025-09-11,COP,0.2275717922796806,3.0,2.0,1.0,0.0,0.8796131014823914,0.5580637815097967,0.33049198923011613,0.11144426216681796,0.4279886964257688,14.0,9.0,3.0,2.0
2025-09-12,COP,0.3034454608956973,3.0,2.0,1.0,0.0,0.9349038600921631,0.6240650918334723,0.3206196309377749,0.055315290888150494,0.43823768097596855,10.0,7.0,2.0,1.0
2025-09-15,COP,-0.96491885650903,1.0,0.0,1.0,0.0,0.9720337986946106,0.0071149421855807,0.9720337986946106,0.0208512917160987,-0.1446338677778841,7.0,4.0,3.0,0.0
2025-09-16,COP,0.3122389204800129,1.0,0.0,0.0,1.0,0.6667561531066895,0.3227413594722748,0.0105024389922618,0.6667561531066895,-0.11641149171110665,5.0,2.0,2.0,1.0
2025-09-17,COP,0.7753552943468094,1.0,1.0,0.0,0.0,0.8736544251441956,0.8736544251441956,0.0982991307973861,0.0280464384704828,0.04089178610593073,3.0,1.0,1.0,1.0
2025-09-18,COP,0.3995198216289282,1.0,0.0,0.0,1.0,0.5749013423919678,0.4123092293739319,0.0127894077450037,0.5749013423919678,0.49570467881858343,3.0,1.0,0.0,2.0
2025-09-19,COP,0.5420636283233762,2.0,1.0,0.0,1.0,0.8738274276256561,0.5566880032420157,0.01462437491863965,0.4286876078695059,0.5723129147663711,4.0,2.0,0.0,2.0
2025-09-22,COP,-0.09362609125673771,2.0,1.0,1.0,0.0,0.8517464399337769,0.3858302300795913,0.47945632133632893,0.13471343927085394,0.28265245289852214,5.0,2.0,1.0,2.0
2025-09-23,COP,0.5454145998228341,4.0,2.0,0.0,2.0,0.8157147914171219,0.5676253698766232,0.022210770053788954,0.41016383608803153,0.3312840456298241,8.0,4.0,1.0,3.0
2025-09-24,COP,-0.0033328022275652203,7.0,3.0,4.0,0.0,0.7994897195271083,0.469870714204652,0.4732035164322172,0.05692575978381292,0.149485235446177,13.0,6.0,5.0,2.0
2025-09-25,COP,0.6131832751755913,6.0,4.0,0.0,2.0,0.8993387023607889,0.6263836094488701,0.013200334273278684,0.36041608452796936,0.38508835759028665,17.0,9.0,4.0,4.0
2025-09-26,COP,0.0,0.0,0.0,0.0,0.0,0.0,0.0,0.0,0.0,0.2032834909826753,13.0,7.0,4.0,2.0
2025-09-29,COP,0.15111230282733837,6.0,2.0,1.0,3.0,0.7380194664001465,0.31657533658047515,0.16546303375313676,0.5179616535703341,0.2547651926676432,12.0,6.0,1.0,5.0
2025-09-30,COP,-0.14000451487178603,6.0,2.0,3.0,1.0,0.8919916649659475,0.334477493694673,0.474482008566459,0.19104048361380896,0.003702595985184076,12.0,4.0,4.0,4.0
2025-10-01,COP,0.1812236424535513,5.0,3.0,2.0,0.0,0.8722248673439026,0.5363024823367596,0.3550788398832082,0.10861864350736136,0.06411047680303451,17.0,7.0,6.0,4.0
2025-10-02,COP,0.15919813178479666,5.0,3.0,2.0,0.0,0.9326252698898315,0.5553296722471713,0.3961315404623747,0.04853879287838932,0.06680575312218727,16.0,8.0,7.0,1.0
2025-10-03,COP,-0.1925835140670339,3.0,1.0,2.0,0.0,0.851736843585968,0.3460151789089044,0.5385986929759383,0.11538615015645819,0.04927942005710465,13.0,7.0,6.0,0.0
2025-10-06,COP,-0.06916650353620456,3.0,1.0,1.0,1.0,0.6146529416243235,0.22132775808374083,0.29049426161994535,0.48817795515060425,-0.03418396193948063,11.0,5.0,5.0,1.0
2025-10-07,COP,-0.960128010250628,1.0,0.0,1.0,0.0,0.9704588055610656,0.0103307953104376,0.9704588055610656,0.0192104447633028,-0.4072926759512889,7.0,2.0,4.0,1.0
2025-10-08,COP,-0.13899409445002675,2.0,0.0,1.0,1.0,0.7607486546039581,0.20694191008806226,0.34593600453808904,0.44712204299867153,-0.3894295360789531,6.0,1.0,3.0,2.0
2025-10-09,COP,0.4902179688215256,1.0,1.0,0.0,0.0,0.7333516478538513,0.7333516478538513,0.2431336790323257,0.0235147159546613,-0.20296804529304305,4.0,1.0,2.0,1.0
2025-10-10,COP,0.6267411007235447,3.0,2.0,0.0,1.0,0.8771541913350424,0.641018013159434,0.0142769124358892,0.34470509986082715,0.3259883250316811,6.0,3.0,1.0,2.0
2025-10-13,COP,0.0,0.0,0.0,0.0,0.0,0.0,0.0,0.0,0.0,0.3723196898483567,4.0,3.0,0.0,1.0
2025-10-14,COP,0.06079532881267366,4.0,1.0,1.0,2.0,0.8837882876396179,0.313941904110834,0.25314657529816026,0.4329115012660622,0.2291788098454061,7.0,3.0,1.0,3.0
2025-10-15,COP,-0.3650454985909164,2.0,0.0,1.0,1.0,0.8480992019176483,0.13271040050312874,0.49775589909404516,0.3695336496457457,-0.10141672325941427,6.0,1.0,2.0,3.0
2025-10-16,COP,-0.03073100582696503,4.0,2.0,2.0,0.0,0.9510119259357452,0.4716730013024062,0.5024040071293712,0.025922988075762952,-0.11166039186840261,10.0,3.0,4.0,3.0
2025-10-17,COP,-0.06306915380991998,4.0,2.0,2.0,0.0,0.926758423447609,0.4508746434003114,0.5139437972102314,0.03518153820186847,-0.15294855274260047,10.0,4.0,5.0,1.0
2025-10-20,COP,0.9200977538712322,2.0,2.0,0.0,0.0,0.9325542449951172,0.9325542449951172,0.012456491123884899,0.054989269003272,0.275432531411449,10.0,6.0,4.0,0.0
2025-10-21,COP,-0.11236273217946291,2.0,1.0,1.0,0.0,0.8002894520759583,0.36101530678570265,0.47337803896516567,0.16560661885887384,0.24822195596061639,8.0,5.0,3.0,0.0
2025-10-22,COP,0.2834651740267873,4.0,2.0,1.0,1.0,0.8291473984718323,0.520671954145655,0.2372067801188677,0.24212128855288023,0.3637333985728522,8.0,5.0,2.0,1.0
2025-10-23,COP,0.5490882278730472,3.0,2.0,0.0,1.0,0.8341076374053955,0.6329800883928934,0.08389186051984625,0.28312808958192665,0.2400635565734572,9.0,5.0,2.0,2.0
2025-10-24,COP,0.2401005468952159,6.0,4.0,1.0,1.0,0.8187097112337748,0.5167654015434284,0.27666485464821255,0.2065697303041815,0.3575513162650168,13.0,8.0,2.0,3.0
2025-10-27,COP,-0.4641157505102457,2.0,0.0,1.0,1.0,0.947651594877243,0.0307241226546466,0.4948398731648922,0.47443603631109,0.10835767475267248,11.0,6.0,2.0,3.0
2025-10-28,COP,0.1147984657436609,1.0,0.0,0.0,1.0,0.8493119478225708,0.1327432990074157,0.0179448332637548,0.8493119478225708,-0.0364055792904563,9.0,4.0,2.0,3.0
2025-10-29,COP,-0.2404613582417369,5.0,1.0,3.0,1.0,0.8117511153221131,0.2929675230756402,0.5334288813173771,0.17360359430313108,-0.19659288100277392,8.0,1.0,4.0,3.0
2025-10-30,COP,-0.3120025098323822,3.0,1.0,2.0,0.0,0.888974130153656,0.2995983095218738,0.611600819354256,0.08880087733268734,-0.14588846744348608,9.0,2.0,5.0,2.0
2025-10-31,COP,0.9254486449062824,1.0,1.0,0.0,0.0,0.9503226280212402,0.9503226280212402,0.0248739831149578,0.0248033218085765,0.12432825894405442,9.0,3.0,5.0,1.0
2025-11-03,COP,0.39395029842853546,5.0,3.0,1.0,1.0,0.9198260545730591,0.6050694713369011,0.21111917290836574,0.18381134569644925,0.33579881116747856,9.0,5.0,3.0,1.0
2025-11-04,COP,0.8062914568930865,5.0,5.0,0.0,0.0,0.8510267853736877,0.8510267853736877,0.04473532848060124,0.104237887263298,0.7085634667426347,11.0,9.0,1.0,1.0
2025-11-05,COP,0.0,0.0,0.0,0.0,0.0,0.0,0.0,0.0,0.0,0.4000805851072073,10.0,8.0,1.0,1.0
2025-11-06,COP,0.1360565183373789,18.0,7.0,4.0,7.0,0.8160265849696265,0.3781284729743169,0.24207195463693798,0.37979957973584527,0.3141159917434884,23.0,12.0,4.0,7.0
2025-11-07,COP,0.5173219762742519,5.0,4.0,1.0,0.0,0.925562036037445,0.7456380188465118,0.22831604257225985,0.026045913994312258,0.21779283153721027,23.0,11.0,5.0,7.0
2025-11-10,COP,0.9258951898664236,1.0,1.0,0.0,0.0,0.9541873931884766,0.9541873931884766,0.0282922033220529,0.0175204165279865,0.5264245614926848,24.0,12.0,5.0,7.0
2025-11-11,COP,0.39392716716974974,2.0,1.0,0.0,1.0,0.761919766664505,0.41704462468624115,0.02311745751649135,0.5598378926515579,0.6123814444368084,8.0,6.0,1.0,1.0
2025-11-12,COP,0.5125383092090486,2.0,1.0,0.0,1.0,0.9097394049167633,0.5331155583262444,0.02057724911719555,0.44630715157836676,0.6107868887484074,5.0,3.0,0.0,2.0
2025-11-13,COP,0.024938494898378835,4.0,0.0,1.0,3.0,0.7211713045835495,0.26288177818059916,0.23794328328222036,0.4991749497130513,0.31046799042572576,8.0,2.0,1.0,5.0
2025-11-14,COP,0.0,0.0,0.0,0.0,0.0,0.0,0.0,0.0,0.0,0.17915893470247582,6.0,1.0,1.0,4.0
2025-11-17,COP,0.5670916482340544,4.0,3.0,0.0,1.0,0.7539782077074051,0.5829896703362465,0.015898022102192,0.4011123040691018,0.19734338104414442,8.0,3.0,1.0,4.0
2025-11-18,COP,0.1060362718999385,1.0,0.0,0.0,1.0,0.8719741106033325,0.1170311197638511,0.0109948478639125,0.8719741106033325,0.22437597337799764,5.0,3.0,0.0,2.0
2025-11-19,COP,0.8896318080369383,4.0,4.0,0.0,0.0,0.9079924672842026,0.9079924672842026,0.018360659247264224,0.07364687789231536,0.5209199093903104,9.0,7.0,0.0,2.0
2025-11-20,COP,-0.005035653710365406,2.0,1.0,1.0,0.0,0.9579339623451232,0.4836897468194365,0.48872540052980173,0.02758483868092295,0.33021080874217046,7.0,5.0,1.0,1.0
2025-11-21,COP,0.04969402239657936,4.0,1.0,1.0,2.0,0.7783016413450241,0.3171843776945024,0.26749035529792303,0.41532526072114706,0.3114300589077174,10.0,6.0,2.0,2.0
2025-11-24,COP,-0.6059189336374402,3.0,0.0,2.0,1.0,0.9450749357541403,0.03425788537909583,0.640176819016536,0.32556528349717456,-0.18708685498374208,9.0,2.0,4.0,3.0
2025-11-25,COP,-0.87244703900069,2.0,0.0,2.0,0.0,0.9057052135467529,0.033258174546062905,0.9057052135467529,0.061036647297441904,-0.47622398341385025,9.0,1.0,5.0,3.0
2025-11-26,COP,-0.20551525118450328,3.0,0.0,1.0,2.0,0.8216059605280558,0.1414981239164869,0.34701337510099006,0.5114885407189528,-0.5612937412742112,8.0,0.0,5.0,3.0
2025-11-28,COP,0.6320109556739529,3.0,2.0,0.0,1.0,0.9398009578386942,0.648601928104957,0.016590972431004002,0.3348070966700712,-0.14865044483708012,8.0,2.0,3.0,3.0
2025-12-01,COP,0.9008701988495886,2.0,2.0,0.0,0.0,0.91242516040802,0.91242516040802,0.01155496155843135,0.0760198403149843,0.44245530111301273,8.0,4.0,1.0,3.0
2025-12-02,COP,-0.191767543554306,1.0,0.0,1.0,0.0,0.4439462125301361,0.2521786689758301,0.4439462125301361,0.3038751184940338,0.44703787032307857,6.0,4.0,1.0,1.0
2025-12-03,COP,0.9316797908395528,1.0,1.0,0.0,0.0,0.9510239958763124,0.9510239958763124,0.0193442050367593,0.0296317189931869,0.5469274820449451,4.0,3.0,1.0,0.0
2025-12-04,COP,0.23614573323478305,3.0,1.0,1.0,1.0,0.6920478741327921,0.4232681306699912,0.1871223974352081,0.3896095082163811,0.32535266017334324,5.0,2.0,2.0,1.0
2025-12-05,COP,-0.24462371226400137,2.0,0.0,1.0,1.0,0.7145812213420868,0.16685670707374806,0.4114804193377495,0.4216628950089216,0.3077339372701115,6.0,2.0,2.0,2.0
2025-12-08,COP,0.0,0.0,0.0,0.0,0.0,0.0,0.0,0.0,0.0,-0.0028259930097394395,5.0,1.0,2.0,2.0
2025-12-09,COP,-0.9582417979836464,1.0,0.0,1.0,0.0,0.9699541926383972,0.0117123946547508,0.9699541926383972,0.0183334443718194,-0.4009551700825493,3.0,0.0,2.0,1.0
2025-12-10,COP,0.0,0.0,0.0,0.0,0.0,0.0,0.0,0.0,0.0,-0.3194139326612155,1.0,0.0,1.0,0.0
2025-12-11,COP,0.23625702193627754,3.0,2.0,1.0,0.0,0.883122722307841,0.5918433231612047,0.3555863012249271,0.052570362885793004,-0.24066159201578963,4.0,2.0,2.0,0.0
2025-12-12,COP,0.018407617229968365,2.0,1.0,1.0,0.0,0.9263966679573059,0.4834387712180614,0.4650311539880931,0.0515300799161195,0.08488821305541532,5.0,3.0,2.0,0.0
2025-12-15,COP,0.1492479005828499,2.0,0.0,0.0,2.0,0.7654328644275665,0.1919075101613998,0.04265960957854985,0.7654328644275665,0.1346375132496986,7.0,3.0,2.0,2.0
2025-12-16,COP,-0.2853308916091919,1.0,0.0,1.0,0.0,0.4569102823734283,0.1715793907642364,0.4569102823734283,0.37151038646698,-0.03922512459879121,5.0,1.0,2.0,2.0
2025-12-17,COP,0.809671675786376,1.0,1.0,0.0,0.0,0.8362482786178589,0.8362482786178589,0.0265766028314828,0.1371751725673675,0.224529561586678,4.0,1.0,1.0,2.0
2025-12-18,COP,0.3509714330236118,3.0,2.0,0.0,1.0,0.668185293674469,0.48848768944541604,0.13751625642180434,0.37399603178103763,0.29177073906693196,5.0,3.0,1.0,1.0
2025-12-19,COP,-0.24293087124824528,5.0,0.0,2.0,3.0,0.8625288367271423,0.1188026905059814,0.36173356175422666,0.51946373693645,0.3059040791872475,9.0,3.0,2.0,4.0
2025-12-22,COP,0.1843039616942405,1.0,0.0,0.0,1.0,0.7967419624328613,0.1937809586524963,0.0094769969582557,0.7967419624328613,0.09744817448986899,9.0,2.0,2.0,5.0
2025-12-23,COP,-0.06800155155360699,2.0,1.0,1.0,0.0,0.860790491104126,0.4437745753675699,0.5117761269211769,0.044449269771575844,-0.042209487035870595,8.0,1.0,3.0,4.0
2025-12-24,COP,0.0,0.0,0.0,0.0,0.0,0.0,0.0,0.0,0.0,0.03876747004687783,3.0,1.0,1.0,1.0
2025-12-26,COP,-0.6514229476451874,1.0,0.0,1.0,0.0,0.7703452706336975,0.1189223229885101,0.7703452706336975,0.1107323691248893,-0.23980816639959812,3.0,1.0,2.0,0.0
2025-12-29,COP,-0.5886347992345691,4.0,0.0,4.0,0.0,0.769488126039505,0.1808533268049359,0.769488126039505,0.04965855646878478,-0.41335258229325217,5.0,0.0,5.0,0.0
2025-12-30,COP,0.0460023628547787,2.0,0.0,0.0,2.0,0.911310613155365,0.0673458725214004,0.02134350966662165,0.911310613155365,-0.39801846134165925,7.0,0.0,5.0,2.0
2025-12-31,COP,-0.03282344248145819,2.0,1.0,1.0,0.0,0.943966418504715,0.4698924357071519,0.5027158781886101,0.02739173173904415,-0.19181862628708288,8.0,1.0,5.0,2.0
2026-01-02,COP,0.0,0.0,0.0,0.0,0.0,0.0,0.0,0.0,0.0,0.004392973457773504,4.0,1.0,1.0,2.0
2026-01-05,COP,0.4798223073594272,24.0,15.0,0.0,9.0,0.808371697862943,0.5576537512242794,0.07783144386485215,0.36451479451109964,0.14899962162598968,26.0,16.0,1.0,9.0
2026-01-06,COP,0.2542564628194227,33.0,18.0,8.0,7.0,0.7869424783822262,0.5048526454660477,0.2505961826466249,0.24455118371230178,0.24469292339294998,57.0,33.0,8.0,16.0
2026-01-07,COP,0.23365113576874136,10.0,2.0,1.0,7.0,0.8070066630840301,0.33331291638314725,0.09966178061440582,0.5670253247022629,0.3225766353158637,67.0,35.0,9.0,23.0
2026-01-08,COP,0.21148068584840407,11.0,5.0,3.0,3.0,0.8478482094678012,0.4747565304013816,0.2632758445529775,0.2619676393541423,0.23312942814552273,54.0,25.0,12.0,17.0
2026-01-09,COP,0.2668277384205298,11.0,4.0,1.0,6.0,0.8056812232190912,0.38284225948154926,0.11601452106101945,0.5011432003229856,0.23731985334589176,32.0,11.0,5.0,16.0
2026-01-12,COP,0.030591786606237292,14.0,6.0,5.0,3.0,0.8190278155463082,0.37643408036923837,0.34584229376300096,0.2777236418000289,0.16963340362505708,36.0,15.0,9.0,12.0
2026-01-13,COP,-0.0398281592875719,10.0,4.0,5.0,1.0,0.813260018825531,0.39455482205376025,0.4343829813413322,0.17106219604611395,0.08586378857973175,35.0,14.0,11.0,10.0
2026-01-14,COP,0.0941999804228544,5.0,1.0,1.0,3.0,0.859541404247284,0.28744091056287285,0.19324093014001842,0.5193181350827217,0.0283212025805066,29.0,11.0,11.0,7.0
2026-01-15,COP,0.9260312716166178,3.0,3.0,0.0,0.0,0.9517002105712891,0.9517002105712891,0.025668938954671202,0.0226309094578027,0.3268010309173001,18.0,8.0,6.0,4.0
2026-01-16,COP,-0.0666673717399438,3.0,1.0,1.0,1.0,0.7031310796737671,0.30069492881496745,0.3673623005549113,0.3319427706301212,0.3178546267665095,11.0,5.0,2.0,4.0
2026-01-20,COP,-0.07373958200748479,7.0,1.0,2.0,4.0,0.7402155484472003,0.24423493418310366,0.3179745161905885,0.4377905566777502,0.2618747726230631,13.0,5.0,3.0,5.0
2026-01-21,COP,0.37301326263695955,3.0,2.0,1.0,0.0,0.7963517308235168,0.6078987295428911,0.2348854669059316,0.157215795169274,0.07753543629651032,13.0,4.0,4.0,5.0
2026-01-22,COP,-0.1922801537439227,4.0,1.0,2.0,1.0,0.9077863991260529,0.26618220983073115,0.45846236357465386,0.2753554126247763,0.03566450896185067,14.0,4.0,5.0,5.0
2026-01-23,COP,0.05332191288471215,2.0,0.0,0.0,2.0,0.8003499805927277,0.12648598477244374,0.0731640718877315,0.8003499805927277,0.07801834059258299,9.0,3.0,3.0,3.0
2026-01-26,COP,0.9189656972885132,2.0,2.0,0.0,0.0,0.9333481192588806,0.9333481192588806,0.0143824219703674,0.052269423380494104,0.2600024854764342,8.0,3.0,2.0,3.0
2026-01-27,COP,-0.0040923205669968765,2.0,1.0,1.0,0.0,0.9478760659694672,0.4771446331869811,0.48123695375397796,0.041618432849645545,0.32273176320207614,6.0,3.0,1.0,2.0
2026-01-28,COP,0.0,0.0,0.0,0.0,0.0,0.0,0.0,0.0,0.0,0.3049577922405054,4.0,3.0,1.0,0.0
2026-01-29,COP,-0.16859956105638826,7.0,2.0,3.0,2.0,0.8680576171193805,0.24877096320103317,0.4173705242574215,0.3338585179299116,-0.05756396054112838,9.0,3.0,4.0,2.0
2026-01-30,COP,0.23066270491108298,4.0,2.0,1.0,1.0,0.8209070563316345,0.4840138452127576,0.25335114030167455,0.26263501029461617,0.020687714618231573,11.0,4.0,4.0,3.0
2026-02-02,COP,0.22763178373376522,3.0,1.0,0.0,2.0,0.8009717663129171,0.3222727850079536,0.0946410012741883,0.5830861752231916,0.09656497586281998,14.0,5.0,4.0,5.0
2026-02-03,COP,0.018272432705594435,9.0,4.0,3.0,2.0,0.8081395626068115,0.3401905876687831,0.32191815496318865,0.3378912652325299,0.15885564045014755,16.0,7.0,4.0,5.0
2026-02-04,COP,-0.2211213953793049,5.0,2.0,3.0,0.0,0.9014410734176636,0.35104125216603277,0.5721626475453376,0.07679609321057794,0.008260940353351592,17.0,7.0,6.0,4.0
2026-02-05,COP,-0.6197791813639923,20.0,1.0,14.0,5.0,0.8862135738134385,0.08779926889110351,0.7075784502550959,0.20462229689583178,-0.27420938134590095,34.0,7.0,20.0,7.0
2026-02-06,COP,0.025967061209181935,12.0,4.0,4.0,4.0,0.8470281809568405,0.3741559212406476,0.3481888600314657,0.2776552008775373,-0.27164450517803845,37.0,7.0,21.0,9.0
2026-02-09,COP,0.5781206966688236,3.0,2.0,0.0,1.0,0.895695706208547,0.616855355600516,0.03873465893169237,0.3444100115448236,-0.005230474495328948,35.0,7.0,18.0,10.0
2026-02-10,COP,0.4974674237892031,2.0,1.0,0.0,1.0,0.896436870098114,0.5296238139271736,0.0321563901379704,0.43821979220956564,0.36718506055573624,17.0,7.0,4.0,6.0
2026-02-11,COP,0.10081073029765061,7.0,2.0,2.0,3.0,0.8392449957983834,0.3250921421817371,0.22428141188408643,0.4506264525864805,0.39213295025189243,12.0,5.0,2.0,5.0
2026-02-12,COP,-0.0863385258242488,5.0,1.0,2.0,2.0,0.8452598452568054,0.2187371402978897,0.30507566612213843,0.47618716321885585,0.17064654275420166,14.0,4.0,4.0,6.0
2026-02-13,COP,-0.17248309838275122,3.0,0.0,1.0,2.0,0.8493648171424866,0.13618206481138864,0.3086651631941398,0.5551527701318264,-0.05267029796978314,15.0,3.0,5.0,7.0
2026-02-17,COP,-0.003127054311335087,4.0,2.0,2.0,0.0,0.8273410648107529,0.43030448956415057,0.43343154387548566,0.13626396935433144,-0.08731622617277839,12.0,3.0,5.0,4.0
2026-02-18,COP,0.9328145831823348,1.0,1.0,0.0,0.0,0.9508631825447084,0.9508631825447084,0.0180485993623733,0.031088201329112,0.25240147682941616,8.0,3.0,3.0,2.0
2026-02-19,COP,0.7058332236483693,6.0,6.0,0.0,0.0,0.8218956589698792,0.8218956589698792,0.1160624353215098,0.062041895774503496,0.545173584173123,11.0,9.0,2.0,0.0
2026-02-20,COP,0.9260705783963205,1.0,1.0,0.0,0.0,0.9473868012428284,0.9473868012428284,0.021316222846508,0.0312969237565994,0.8549061284090081,8.0,8.0,0.0,0.0
2026-02-23,COP,0.0691114757210016,1.0,0.0,0.0,1.0,0.8707748651504517,0.0991683155298233,0.0300568398088216,0.8707748651504517,0.5670050925885638,8.0,7.0,0.0,1.0
2026-02-24,COP,0.9123971667140722,1.0,1.0,0.0,0.0,0.9268164038658142,0.9268164038658142,0.0144192371517419,0.0587644279003143,0.6358597402771314,3.0,2.0,0.0,1.0
2026-02-25,COP,0.8747603874653578,2.0,2.0,0.0,0.0,0.9113470911979675,0.9113470911979675,0.0365867037326097,0.0520662562921643,0.6187563433001438,4.0,3.0,0.0,1.0
2026-02-26,COP,-0.09000346204265952,6.0,1.0,2.0,3.0,0.8011400004227957,0.2400125032290816,0.33001596527174115,0.4299715328961611,0.5657180307122568,9.0,4.0,2.0,3.0
2026-02-27,COP,0.19327894598245618,3.0,1.0,1.0,1.0,0.7995710174242655,0.4177637224396069,0.22448477645715073,0.3577514986197154,0.3260119571350515,11.0,4.0,3.0,4.0
2026-03-02,COP,0.17784204373934437,14.0,6.0,3.0,5.0,0.9200857111385891,0.42279490256415947,0.24495285882481507,0.33225222876561533,0.09370584255971366,23.0,8.0,6.0,9.0
2026-03-03,COP,0.7195466150296852,8.0,7.0,1.0,0.0,0.8554987013339996,0.8209251314401627,0.10137851641047742,0.07769632316194472,0.3635558682504952,25.0,14.0,5.0,6.0
2026-03-04,COP,-0.3440306424163282,4.0,0.0,2.0,2.0,0.8341564387083054,0.06226474372670053,0.4062953861430287,0.5314398817718029,0.1844526721175671,26.0,13.0,6.0,7.0
2026-03-05,COP,-0.31635428095857304,3.0,0.0,1.0,2.0,0.9153480132420858,0.04070997300247343,0.35706425396104646,0.6022257978717486,0.01972056388492799,15.0,7.0,4.0,4.0
2026-03-06,COP,0.09508908420268976,7.0,2.0,1.0,4.0,0.8350989946297237,0.3220926245142306,0.22700354031154082,0.4509038283888782,-0.18843194639073715,14.0,2.0,4.0,8.0
2026-03-09,COP,0.21850479990243912,5.0,3.0,1.0,1.0,0.7496446430683136,0.4702220194041729,0.25171721950173376,0.2780607808381319,-0.0009201322844814008,15.0,5.0,3.0,7.0
2026-03-10,COP,-0.37870956622064117,10.0,1.0,6.0,3.0,0.8656250059604644,0.14830213207751508,0.5270116982981563,0.32468617521226406,-0.021705227371837443,22.0,6.0,8.0,8.0
2026-03-11,COP,0.1543897663835775,11.0,6.0,4.0,1.0,0.7948775264349851,0.47722245227884164,0.3228326858952641,0.19994486648250706,-0.001938333311541529,26.0,10.0,11.0,5.0
2026-03-12,COP,0.4967561243101954,2.0,1.0,0.0,1.0,0.9334143698215485,0.5103480778634548,0.0135919535532593,0.4760599229484796,0.09081210815771056,23.0,8.0,10.0,5.0
2026-03-13,COP,0.3012972045689821,4.0,2.0,0.0,2.0,0.733833946287632,0.47247783467173576,0.17118063010275358,0.3563415389508009,0.31748103175425163,17.0,9.0,4.0,4.0
2026-03-16,COP,-0.10645021853799173,11.0,4.0,5.0,2.0,0.9075025482611223,0.3568238422951915,0.4632740608331832,0.17990209416232322,0.23053437011372857,17.0,7.0,5.0,5.0
2026-03-17,COP,0.2379422216909006,8.0,5.0,2.0,1.0,0.7791185416281223,0.5013478994369507,0.26340567774605006,0.2352464231662452,0.14426306924063032,23.0,11.0,7.0,5.0
2026-03-18,COP,0.3206089464947581,3.0,1.0,0.0,2.0,0.931689997514089,0.3447606538732846,0.024151707378526465,0.631087590008974,0.1507003165492223,22.0,10.0,7.0,5.0
2026-03-19,COP,0.5988159184344113,4.0,3.0,0.0,1.0,0.8563558459281921,0.6372141148895025,0.038398196455091176,0.3243877021595835,0.3857890288733567,15.0,9.0,2.0,4.0
2026-03-20,COP,0.3356293216347694,5.0,2.0,0.0,3.0,0.7597363114356994,0.46707805097103117,0.13144872933626173,0.40147324204444884,0.4183513955213129,12.0,6.0,0.0,6.0
2026-03-23,COP,0.24466227367520332,3.0,2.0,1.0,0.0,0.8595704436302185,0.5645538369814554,0.3198915633062522,0.11555463696519531,0.39303583791479463,12.0,7.0,1.0,4.0
2026-03-24,COP,0.3400965742766857,6.0,4.0,1.0,1.0,0.759500781695048,0.5396304319923123,0.19953385771562648,0.26083569973707194,0.3067960565288861,14.0,8.0,2.0,4.0
2026-03-25,COP,0.23384847189299762,8.0,4.0,2.0,2.0,0.8623821064829826,0.46985297813080246,0.23600450623780486,0.2941425344906747,0.27286910661496216,17.0,10.0,4.0,3.0
2026-03-26,COP,0.1344121179232995,6.0,3.0,2.0,1.0,0.8303945859273275,0.42994105784843367,0.2955289399251341,0.27453001091877616,0.2361190546976609,20.0,11.0,5.0,4.0
2026-03-27,COP,-0.05090240069798062,7.0,2.0,2.0,3.0,0.8708106705120632,0.2764767506825072,0.3273791513804878,0.39614411470081123,0.10578606303943879,21.0,9.0,6.0,6.0
2026-03-30,COP,0.04669645273437103,3.0,1.0,1.0,1.0,0.7987819314002991,0.29831266527374584,0.2516162125393748,0.4500711311896642,0.04340205665322993,16.0,6.0,5.0,5.0
2026-03-31,COP,0.924003092572093,1.0,1.0,0.0,0.0,0.9468160271644592,0.9468160271644592,0.0228129345923662,0.0303710550069808,0.30659904820282774,11.0,4.0,3.0,4.0
2026-04-01,COP,0.2124615167932851,7.0,4.0,1.0,2.0,0.7490081020763942,0.4093440805694886,0.19688256377620353,0.3937733521951096,0.3943870206999163,11.0,6.0,2.0,3.0
2026-04-02,COP,0.265632539242506,5.0,3.0,1.0,1.0,0.834322988986969,0.5280688419938088,0.2624363027513027,0.2094948779791593,0.46736571620262807,13.0,8.0,2.0,3.0
2026-04-06,COP,0.9190955143421888,2.0,2.0,0.0,0.0,0.9359329640865326,0.9359329640865326,0.016837449744343702,0.04722955822944635,0.46572985679266,14.0,9.0,2.0,3.0
2026-04-07,COP,0.45838165788778235,7.0,4.0,0.0,3.0,0.7456564647810799,0.5425366812518665,0.08415502336408409,0.3733082717018468,0.5477032371574924,14.0,9.0,1.0,4.0
2026-04-08,COP,0.12955447464165362,11.0,4.0,2.0,5.0,0.8301973640918732,0.36120212873951957,0.2316476540978659,0.40715022571384907,0.5023438822905416,20.0,10.0,2.0,8.0
2026-04-09,COP,0.0569804882630706,10.0,5.0,4.0,1.0,0.8992782235145569,0.44926850544288754,0.392288017179817,0.15844350252300496,0.2149722069308355,28.0,13.0,6.0,9.0
2026-04-10,COP,0.021894386969506806,3.0,1.0,1.0,1.0,0.9286650617917379,0.3482134627799193,0.3263190758104126,0.3254674660662809,0.06947644995807697,24.0,10.0,7.0,7.0
2026-04-13,COP,-0.10927322618663313,5.0,1.0,2.0,2.0,0.8491998553276062,0.249130905047059,0.3584041312336922,0.39246498905122273,-0.010132783651351942,18.0,7.0,7.0,4.0
2026-04-14,COP,0.2983551340488096,12.0,4.0,0.0,8.0,0.8210079520940781,0.3583100885152817,0.05995495446647204,0.5817349654001495,0.07032543161056105,20.0,6.0,3.0,11.0
2026-04-15,COP,0.22115352164421762,7.0,2.0,1.0,4.0,0.8725439054625375,0.3556077517569065,0.13445423011268884,0.5099380226539714,0.13674514316879802,24.0,7.0,3.0,14.0
2026-04-16,COP,0.07840572693385184,4.0,0.0,0.0,4.0,0.6959515362977982,0.1912270803004503,0.11282135336659843,0.6959515362977982,0.19930479420895966,23.0,6.0,1.0,16.0
2026-04-17,COP,-0.42244501065995005,7.0,1.0,4.0,2.0,0.9315220032419477,0.14899951432432443,0.5714445249842746,0.2795559694724423,-0.04096192069396024,18.0,3.0,5.0,10.0
2026-04-20,COP,-0.2912295653617808,7.0,1.0,3.0,3.0,0.8669241922242301,0.1745693727529474,0.4657989381147282,0.3596316818147897,-0.21175628302929306,18.0,2.0,7.0,9.0
2026-04-21,COP,-0.13609452359378338,3.0,1.0,1.0,1.0,0.7829081614812216,0.2116054352372884,0.34769995883107185,0.4406945835798979,-0.2832563665385048,17.0,3.0,8.0,6.0
2026-04-22,COP,0.5091660425066948,5.0,3.0,0.0,2.0,0.8105517864227295,0.596134303510189,0.0869682610034942,0.3168974101543426,0.027280651183710185,15.0,5.0,4.0,6.0
2026-04-23,COP,0.2470656256191433,4.0,2.0,1.0,1.0,0.8789695650339127,0.5226217247545719,0.27555609913542867,0.20182213652878994,0.2067123815106849,12.0,6.0,2.0,4.0
2026-04-24,COP,0.23127777129411695,3.0,2.0,1.0,0.0,0.753756026426951,0.5781527856985728,0.34687501440445584,0.07497224211692807,0.329169813139985,12.0,7.0,2.0,3.0
2026-04-27,COP,0.11127588152885434,7.0,2.0,2.0,3.0,0.7600293840680804,0.379926771191614,0.26865088966275963,0.3514223394117185,0.19653975948070482,14.0,6.0,4.0,4.0
2026-04-28,COP,0.354646732720236,3.0,1.0,1.0,1.0,0.7566012342770895,0.5289793610572815,0.17433262833704552,0.29668797304232913,0.2324001285144024,13.0,5.0,4.0,4.0
2026-04-29,COP,0.9308230746537446,2.0,2.0,0.0,0.0,0.9533012807369232,0.9533012807369232,0.02247820608317845,0.024220533668994848,0.465581896300945,12.0,5.0,3.0,4.0
2026-04-30,COP,-0.3806493765109086,28.0,4.0,17.0,7.0,0.8795682298285621,0.19015498933315803,0.5708043658440667,0.2390406404821468,0.3016068102876906,33.0,7.0,18.0,8.0
2026-05-01,COP,0.0033003899152390798,16.0,6.0,5.0,5.0,0.8670699633657932,0.3363044898142106,0.33300409989897156,0.33069141505984584,0.18449136268602498,46.0,12.0,22.0,12.0
2026-05-04,COP,-0.08021021913737059,4.0,1.0,2.0,1.0,0.8051920980215073,0.30734825832769275,0.38755847746506333,0.3050932511687279,-0.15251973524434673,48.0,11.0,24.0,13.0
2026-05-05,COP,0.7261470688972622,4.0,3.0,0.0,1.0,0.9247451424598694,0.7481627762317657,0.022015707334503476,0.2298215255141258,0.21641241322504354,24.0,10.0,7.0,7.0
2026-05-06,COP,0.4483594708144665,7.0,5.0,1.0,1.0,0.8813921298299517,0.6234236714829292,0.17506420066846265,0.2015121238572257,0.3647654401914527,15.0,9.0,3.0,3.0
2026-05-07,COP,0.31621380352104705,6.0,2.0,0.0,4.0,0.7801184157530466,0.35191568918526167,0.03570188566421464,0.612382447347045,0.49690678107759184,17.0,10.0,1.0,6.0
2026-05-08,COP,-0.3261751796429356,3.0,0.0,1.0,2.0,0.9188026587168375,0.035286664652327666,0.3614618442952633,0.6032515068848928,0.14613269823085928,16.0,7.0,2.0,7.0
2026-05-11,COP,-0.3205051124095917,1.0,0.0,1.0,0.0,0.4411408901214599,0.1206357777118682,0.4411408901214599,0.4382233917713165,-0.1101554961771601,10.0,2.0,2.0,6.0
2026-05-12,COP,0.445383595302701,4.0,2.0,0.0,2.0,0.8649523556232452,0.5104333478957415,0.06504975259304042,0.42451690044254065,-0.0670988989166088,8.0,2.0,2.0,4.0
2026-05-13,COP,0.22452242695726454,4.0,2.0,1.0,1.0,0.9295583069324493,0.4896008856594562,0.2650784587021917,0.24532062513753766,0.11646696995012458,9.0,4.0,2.0,3.0
2026-05-14,COP,0.558720133267343,4.0,2.0,0.0,2.0,0.8147411942481995,0.5792524917051196,0.020532358437776524,0.4002151619642973,0.4095420518424362,12.0,6.0,1.0,5.0
2026-05-15,COP,0.15430592246619715,7.0,3.0,2.0,2.0,0.9252176540238517,0.4450300454960337,0.2907241230298365,0.26424584085387837,0.31251616089693485,15.0,7.0,3.0,5.0
2026-05-18,COP,0.44016702260289875,7.0,5.0,1.0,1.0,0.8566916372094836,0.6207597239741257,0.18059270137122696,0.1986475733241864,0.3843976927788129,18.0,10.0,3.0,5.0
2026-05-19,COP,0.6979586471700006,9.0,7.0,0.0,2.0,0.8912099202473959,0.7229787715607219,0.025020124390721266,0.2520011129478613,0.43081053074636544,23.0,15.0,3.0,5.0
2026-05-20,COP,0.16340231220237916,4.0,2.0,1.0,1.0,0.8675804138183594,0.4606981957331299,0.29729588353075087,0.24200592609122393,0.4338426606584261,20.0,14.0,2.0,4.0
2026-05-21,COP,0.6507725333129721,14.0,10.0,1.0,3.0,0.8261354331459317,0.7158812774079186,0.06510874409494652,0.21900997803147346,0.5040444975617838,27.0,19.0,2.0,6.0
2026-05-22,COP,0.27945717486242455,3.0,2.0,1.0,0.0,0.9461323022842407,0.6238207817077637,0.34436360684533907,0.031815613930424036,0.36454400679259186,21.0,14.0,3.0,4.0
2026-05-26,COP,0.33144259328643483,6.0,4.0,1.0,1.0,0.8091801901658376,0.5922427922487259,0.26080019896229106,0.14695700816810128,0.42055743382061045,23.0,16.0,3.0,4.0
2026-05-27,COP,0.47231060210615394,5.0,3.0,0.0,2.0,0.8811317443847656,0.541929693520069,0.06961909141391512,0.3884512558579445,0.3610701234183377,14.0,9.0,2.0,3.0
2026-05-28,COP,-0.24765908562888697,3.0,0.0,2.0,1.0,0.7238500018914541,0.24452771184345087,0.4921867974723378,0.2632854636758566,0.18536470325456722,14.0,7.0,3.0,4.0
2026-05-29,COP,0.13465570445571626,7.0,1.0,0.0,6.0,0.7534728731427874,0.1969539334199258,0.062298228964209515,0.7407478434698922,0.1197690736443277,15.0,4.0,2.0,9.0
2026-06-01,COP,0.7164798453450203,4.0,3.0,0.0,1.0,0.8326268196105957,0.7435586676001549,0.027078822255134527,0.22936250548809764,0.2011588213906165,14.0,4.0,2.0,8.0
2026-06-02,COP,0.6677483577902118,3.0,3.0,0.0,0.0,0.6802537441253662,0.6802537441253662,0.012505386335154333,0.3072408586740494,0.5062946358636494,14.0,7.0,0.0,7.0
2026-06-03,COP,0.3683358030393719,1.0,0.0,0.0,1.0,0.602580726146698,0.3828775584697723,0.0145417554304003,0.602580726146698,0.5841880020582013,8.0,6.0,0.0,2.0
2026-06-04,COP,0.6494133472442627,2.0,1.0,0.0,1.0,0.7776850759983063,0.6678928732872009,0.0184795260429382,0.31362762395292515,0.5618325026912822,6.0,4.0,0.0,2.0
2026-06-05,COP,-0.40565718710422516,4.0,0.0,2.0,2.0,0.8970522880554199,0.07996855815872546,0.48562574526295066,0.4344056826084852,0.2040306543931365,7.0,1.0,2.0,4.0
2023-09-12,CVX,0.0,0.0,0.0,0.0,0.0,0.0,0.0,0.0,0.0,0.0,0.0,0.0,0.0,0.0
2023-09-13,CVX,0.0,0.0,0.0,0.0,0.0,0.0,0.0,0.0,0.0,0.0,0.0,0.0,0.0,0.0
2023-09-14,CVX,0.0,0.0,0.0,0.0,0.0,0.0,0.0,0.0,0.0,0.0,0.0,0.0,0.0,0.0
2023-09-15,CVX,0.0,0.0,0.0,0.0,0.0,0.0,0.0,0.0,0.0,0.0,0.0,0.0,0.0,0.0
2023-09-18,CVX,0.0,0.0,0.0,0.0,0.0,0.0,0.0,0.0,0.0,0.0,0.0,0.0,0.0,0.0
2023-09-19,CVX,0.0,0.0,0.0,0.0,0.0,0.0,0.0,0.0,0.0,0.0,0.0,0.0,0.0,0.0
2023-09-20,CVX,0.0,0.0,0.0,0.0,0.0,0.0,0.0,0.0,0.0,0.0,0.0,0.0,0.0,0.0
2023-09-21,CVX,0.0,0.0,0.0,0.0,0.0,0.0,0.0,0.0,0.0,0.0,0.0,0.0,0.0,0.0
2023-09-22,CVX,0.0,0.0,0.0,0.0,0.0,0.0,0.0,0.0,0.0,0.0,0.0,0.0,0.0,0.0
2023-09-25,CVX,0.0,0.0,0.0,0.0,0.0,0.0,0.0,0.0,0.0,0.0,0.0,0.0,0.0,0.0
2023-09-26,CVX,0.0,0.0,0.0,0.0,0.0,0.0,0.0,0.0,0.0,0.0,0.0,0.0,0.0,0.0
2023-09-27,CVX,0.0,0.0,0.0,0.0,0.0,0.0,0.0,0.0,0.0,0.0,0.0,0.0,0.0,0.0
2023-09-28,CVX,0.0,0.0,0.0,0.0,0.0,0.0,0.0,0.0,0.0,0.0,0.0,0.0,0.0,0.0
2023-09-29,CVX,0.0,0.0,0.0,0.0,0.0,0.0,0.0,0.0,0.0,0.0,0.0,0.0,0.0,0.0
2023-10-02,CVX,0.0,0.0,0.0,0.0,0.0,0.0,0.0,0.0,0.0,0.0,0.0,0.0,0.0,0.0
2023-10-03,CVX,0.0,0.0,0.0,0.0,0.0,0.0,0.0,0.0,0.0,0.0,0.0,0.0,0.0,0.0
2023-10-04,CVX,0.0,0.0,0.0,0.0,0.0,0.0,0.0,0.0,0.0,0.0,0.0,0.0,0.0,0.0
2023-10-05,CVX,0.0,0.0,0.0,0.0,0.0,0.0,0.0,0.0,0.0,0.0,0.0,0.0,0.0,0.0
2023-10-06,CVX,0.0,0.0,0.0,0.0,0.0,0.0,0.0,0.0,0.0,0.0,0.0,0.0,0.0,0.0
2023-10-09,CVX,0.0,0.0,0.0,0.0,0.0,0.0,0.0,0.0,0.0,0.0,0.0,0.0,0.0,0.0
2023-10-10,CVX,0.0,0.0,0.0,0.0,0.0,0.0,0.0,0.0,0.0,0.0,0.0,0.0,0.0,0.0
2023-10-11,CVX,0.0,0.0,0.0,0.0,0.0,0.0,0.0,0.0,0.0,0.0,0.0,0.0,0.0,0.0
2023-10-12,CVX,0.0,0.0,0.0,0.0,0.0,0.0,0.0,0.0,0.0,0.0,0.0,0.0,0.0,0.0
2023-10-13,CVX,0.0,0.0,0.0,0.0,0.0,0.0,0.0,0.0,0.0,0.0,0.0,0.0,0.0,0.0
2023-10-16,CVX,0.0,0.0,0.0,0.0,0.0,0.0,0.0,0.0,0.0,0.0,0.0,0.0,0.0,0.0
2023-10-17,CVX,0.0,0.0,0.0,0.0,0.0,0.0,0.0,0.0,0.0,0.0,0.0,0.0,0.0,0.0
2023-10-18,CVX,0.0,0.0,0.0,0.0,0.0,0.0,0.0,0.0,0.0,0.0,0.0,0.0,0.0,0.0
2023-10-19,CVX,0.0,0.0,0.0,0.0,0.0,0.0,0.0,0.0,0.0,0.0,0.0,0.0,0.0,0.0
2023-10-20,CVX,0.0,0.0,0.0,0.0,0.0,0.0,0.0,0.0,0.0,0.0,0.0,0.0,0.0,0.0
2023-10-23,CVX,0.0,0.0,0.0,0.0,0.0,0.0,0.0,0.0,0.0,0.0,0.0,0.0,0.0,0.0
2023-10-24,CVX,0.0,0.0,0.0,0.0,0.0,0.0,0.0,0.0,0.0,0.0,0.0,0.0,0.0,0.0
2023-10-25,CVX,0.0,0.0,0.0,0.0,0.0,0.0,0.0,0.0,0.0,0.0,0.0,0.0,0.0,0.0
2023-10-26,CVX,0.0,0.0,0.0,0.0,0.0,0.0,0.0,0.0,0.0,0.0,0.0,0.0,0.0,0.0
2023-10-27,CVX,0.0,0.0,0.0,0.0,0.0,0.0,0.0,0.0,0.0,0.0,0.0,0.0,0.0,0.0
2023-10-30,CVX,0.0,0.0,0.0,0.0,0.0,0.0,0.0,0.0,0.0,0.0,0.0,0.0,0.0,0.0
2023-10-31,CVX,0.0,0.0,0.0,0.0,0.0,0.0,0.0,0.0,0.0,0.0,0.0,0.0,0.0,0.0
2023-11-01,CVX,0.0,0.0,0.0,0.0,0.0,0.0,0.0,0.0,0.0,0.0,0.0,0.0,0.0,0.0
2023-11-02,CVX,0.0,0.0,0.0,0.0,0.0,0.0,0.0,0.0,0.0,0.0,0.0,0.0,0.0,0.0
2023-11-03,CVX,0.0,0.0,0.0,0.0,0.0,0.0,0.0,0.0,0.0,0.0,0.0,0.0,0.0,0.0
2023-11-06,CVX,0.0,0.0,0.0,0.0,0.0,0.0,0.0,0.0,0.0,0.0,0.0,0.0,0.0,0.0
2023-11-07,CVX,0.0,0.0,0.0,0.0,0.0,0.0,0.0,0.0,0.0,0.0,0.0,0.0,0.0,0.0
2023-11-08,CVX,0.0,0.0,0.0,0.0,0.0,0.0,0.0,0.0,0.0,0.0,0.0,0.0,0.0,0.0
2023-11-09,CVX,0.0,0.0,0.0,0.0,0.0,0.0,0.0,0.0,0.0,0.0,0.0,0.0,0.0,0.0
2023-11-10,CVX,0.0,0.0,0.0,0.0,0.0,0.0,0.0,0.0,0.0,0.0,0.0,0.0,0.0,0.0
2023-11-13,CVX,0.0,0.0,0.0,0.0,0.0,0.0,0.0,0.0,0.0,0.0,0.0,0.0,0.0,0.0
2023-11-14,CVX,0.0,0.0,0.0,0.0,0.0,0.0,0.0,0.0,0.0,0.0,0.0,0.0,0.0,0.0
2023-11-15,CVX,0.0,0.0,0.0,0.0,0.0,0.0,0.0,0.0,0.0,0.0,0.0,0.0,0.0,0.0
2023-11-16,CVX,0.0,0.0,0.0,0.0,0.0,0.0,0.0,0.0,0.0,0.0,0.0,0.0,0.0,0.0
2023-11-17,CVX,0.0,0.0,0.0,0.0,0.0,0.0,0.0,0.0,0.0,0.0,0.0,0.0,0.0,0.0
2023-11-20,CVX,0.0,0.0,0.0,0.0,0.0,0.0,0.0,0.0,0.0,0.0,0.0,0.0,0.0,0.0
2023-11-21,CVX,0.0,0.0,0.0,0.0,0.0,0.0,0.0,0.0,0.0,0.0,0.0,0.0,0.0,0.0
2023-11-22,CVX,0.0,0.0,0.0,0.0,0.0,0.0,0.0,0.0,0.0,0.0,0.0,0.0,0.0,0.0
2023-11-24,CVX,0.0,0.0,0.0,0.0,0.0,0.0,0.0,0.0,0.0,0.0,0.0,0.0,0.0,0.0
2023-11-27,CVX,0.0,0.0,0.0,0.0,0.0,0.0,0.0,0.0,0.0,0.0,0.0,0.0,0.0,0.0
2023-11-28,CVX,0.0,0.0,0.0,0.0,0.0,0.0,0.0,0.0,0.0,0.0,0.0,0.0,0.0,0.0
2023-11-29,CVX,0.0,0.0,0.0,0.0,0.0,0.0,0.0,0.0,0.0,0.0,0.0,0.0,0.0,0.0
2023-11-30,CVX,0.0,0.0,0.0,0.0,0.0,0.0,0.0,0.0,0.0,0.0,0.0,0.0,0.0,0.0
2023-12-01,CVX,0.0,0.0,0.0,0.0,0.0,0.0,0.0,0.0,0.0,0.0,0.0,0.0,0.0,0.0
2023-12-04,CVX,0.0,0.0,0.0,0.0,0.0,0.0,0.0,0.0,0.0,0.0,0.0,0.0,0.0,0.0
2023-12-05,CVX,0.0,0.0,0.0,0.0,0.0,0.0,0.0,0.0,0.0,0.0,0.0,0.0,0.0,0.0
2023-12-06,CVX,0.0,0.0,0.0,0.0,0.0,0.0,0.0,0.0,0.0,0.0,0.0,0.0,0.0,0.0
2023-12-07,CVX,0.0,0.0,0.0,0.0,0.0,0.0,0.0,0.0,0.0,0.0,0.0,0.0,0.0,0.0
2023-12-08,CVX,0.0,0.0,0.0,0.0,0.0,0.0,0.0,0.0,0.0,0.0,0.0,0.0,0.0,0.0
2023-12-11,CVX,0.0,0.0,0.0,0.0,0.0,0.0,0.0,0.0,0.0,0.0,0.0,0.0,0.0,0.0
2023-12-12,CVX,0.0,0.0,0.0,0.0,0.0,0.0,0.0,0.0,0.0,0.0,0.0,0.0,0.0,0.0
2023-12-13,CVX,0.0,0.0,0.0,0.0,0.0,0.0,0.0,0.0,0.0,0.0,0.0,0.0,0.0,0.0
2023-12-14,CVX,0.0,0.0,0.0,0.0,0.0,0.0,0.0,0.0,0.0,0.0,0.0,0.0,0.0,0.0
2023-12-15,CVX,0.0,0.0,0.0,0.0,0.0,0.0,0.0,0.0,0.0,0.0,0.0,0.0,0.0,0.0
2023-12-18,CVX,0.0,0.0,0.0,0.0,0.0,0.0,0.0,0.0,0.0,0.0,0.0,0.0,0.0,0.0
2023-12-19,CVX,0.0,0.0,0.0,0.0,0.0,0.0,0.0,0.0,0.0,0.0,0.0,0.0,0.0,0.0
2023-12-20,CVX,0.0,0.0,0.0,0.0,0.0,0.0,0.0,0.0,0.0,0.0,0.0,0.0,0.0,0.0
2023-12-21,CVX,0.0,0.0,0.0,0.0,0.0,0.0,0.0,0.0,0.0,0.0,0.0,0.0,0.0,0.0
2023-12-22,CVX,0.0,0.0,0.0,0.0,0.0,0.0,0.0,0.0,0.0,0.0,0.0,0.0,0.0,0.0
2023-12-26,CVX,0.0,0.0,0.0,0.0,0.0,0.0,0.0,0.0,0.0,0.0,0.0,0.0,0.0,0.0
2023-12-27,CVX,0.0,0.0,0.0,0.0,0.0,0.0,0.0,0.0,0.0,0.0,0.0,0.0,0.0,0.0
2023-12-28,CVX,0.0,0.0,0.0,0.0,0.0,0.0,0.0,0.0,0.0,0.0,0.0,0.0,0.0,0.0
2023-12-29,CVX,0.0,0.0,0.0,0.0,0.0,0.0,0.0,0.0,0.0,0.0,0.0,0.0,0.0,0.0
2024-01-02,CVX,0.0,0.0,0.0,0.0,0.0,0.0,0.0,0.0,0.0,0.0,0.0,0.0,0.0,0.0
2024-01-03,CVX,0.0,0.0,0.0,0.0,0.0,0.0,0.0,0.0,0.0,0.0,0.0,0.0,0.0,0.0
2024-01-04,CVX,0.0,0.0,0.0,0.0,0.0,0.0,0.0,0.0,0.0,0.0,0.0,0.0,0.0,0.0
2024-01-05,CVX,0.0,0.0,0.0,0.0,0.0,0.0,0.0,0.0,0.0,0.0,0.0,0.0,0.0,0.0
2024-01-08,CVX,0.0,0.0,0.0,0.0,0.0,0.0,0.0,0.0,0.0,0.0,0.0,0.0,0.0,0.0
2024-01-09,CVX,0.0,0.0,0.0,0.0,0.0,0.0,0.0,0.0,0.0,0.0,0.0,0.0,0.0,0.0
2024-01-10,CVX,0.0,0.0,0.0,0.0,0.0,0.0,0.0,0.0,0.0,0.0,0.0,0.0,0.0,0.0
2024-01-11,CVX,0.0,0.0,0.0,0.0,0.0,0.0,0.0,0.0,0.0,0.0,0.0,0.0,0.0,0.0
2024-01-12,CVX,0.0,0.0,0.0,0.0,0.0,0.0,0.0,0.0,0.0,0.0,0.0,0.0,0.0,0.0
2024-01-16,CVX,0.0,0.0,0.0,0.0,0.0,0.0,0.0,0.0,0.0,0.0,0.0,0.0,0.0,0.0
2024-01-17,CVX,0.0,0.0,0.0,0.0,0.0,0.0,0.0,0.0,0.0,0.0,0.0,0.0,0.0,0.0
2024-01-18,CVX,0.0,0.0,0.0,0.0,0.0,0.0,0.0,0.0,0.0,0.0,0.0,0.0,0.0,0.0
2024-01-19,CVX,0.0,0.0,0.0,0.0,0.0,0.0,0.0,0.0,0.0,0.0,0.0,0.0,0.0,0.0
2024-01-22,CVX,0.0,0.0,0.0,0.0,0.0,0.0,0.0,0.0,0.0,0.0,0.0,0.0,0.0,0.0
2024-01-23,CVX,0.0,0.0,0.0,0.0,0.0,0.0,0.0,0.0,0.0,0.0,0.0,0.0,0.0,0.0
2024-01-24,CVX,0.0,0.0,0.0,0.0,0.0,0.0,0.0,0.0,0.0,0.0,0.0,0.0,0.0,0.0
2024-01-25,CVX,0.0,0.0,0.0,0.0,0.0,0.0,0.0,0.0,0.0,0.0,0.0,0.0,0.0,0.0
2024-01-26,CVX,0.0,0.0,0.0,0.0,0.0,0.0,0.0,0.0,0.0,0.0,0.0,0.0,0.0,0.0
2024-01-29,CVX,0.0,0.0,0.0,0.0,0.0,0.0,0.0,0.0,0.0,0.0,0.0,0.0,0.0,0.0
2024-01-30,CVX,0.0,0.0,0.0,0.0,0.0,0.0,0.0,0.0,0.0,0.0,0.0,0.0,0.0,0.0
2024-01-31,CVX,0.0,0.0,0.0,0.0,0.0,0.0,0.0,0.0,0.0,0.0,0.0,0.0,0.0,0.0
2024-02-01,CVX,0.0,0.0,0.0,0.0,0.0,0.0,0.0,0.0,0.0,0.0,0.0,0.0,0.0,0.0
2024-02-02,CVX,0.0,0.0,0.0,0.0,0.0,0.0,0.0,0.0,0.0,0.0,0.0,0.0,0.0,0.0
2024-02-05,CVX,0.0,0.0,0.0,0.0,0.0,0.0,0.0,0.0,0.0,0.0,0.0,0.0,0.0,0.0
2024-02-06,CVX,0.0,0.0,0.0,0.0,0.0,0.0,0.0,0.0,0.0,0.0,0.0,0.0,0.0,0.0
2024-02-07,CVX,0.0,0.0,0.0,0.0,0.0,0.0,0.0,0.0,0.0,0.0,0.0,0.0,0.0,0.0
2024-02-08,CVX,0.0,0.0,0.0,0.0,0.0,0.0,0.0,0.0,0.0,0.0,0.0,0.0,0.0,0.0
2024-02-09,CVX,0.0,0.0,0.0,0.0,0.0,0.0,0.0,0.0,0.0,0.0,0.0,0.0,0.0,0.0
2024-02-12,CVX,0.0,0.0,0.0,0.0,0.0,0.0,0.0,0.0,0.0,0.0,0.0,0.0,0.0,0.0
2024-02-13,CVX,0.0,0.0,0.0,0.0,0.0,0.0,0.0,0.0,0.0,0.0,0.0,0.0,0.0,0.0
2024-02-14,CVX,0.0,0.0,0.0,0.0,0.0,0.0,0.0,0.0,0.0,0.0,0.0,0.0,0.0,0.0
2024-02-15,CVX,0.0,0.0,0.0,0.0,0.0,0.0,0.0,0.0,0.0,0.0,0.0,0.0,0.0,0.0
2024-02-16,CVX,0.0,0.0,0.0,0.0,0.0,0.0,0.0,0.0,0.0,0.0,0.0,0.0,0.0,0.0
2024-02-20,CVX,0.0,0.0,0.0,0.0,0.0,0.0,0.0,0.0,0.0,0.0,0.0,0.0,0.0,0.0
2024-02-21,CVX,0.0,0.0,0.0,0.0,0.0,0.0,0.0,0.0,0.0,0.0,0.0,0.0,0.0,0.0
2024-02-22,CVX,0.0,0.0,0.0,0.0,0.0,0.0,0.0,0.0,0.0,0.0,0.0,0.0,0.0,0.0
2024-02-23,CVX,0.0,0.0,0.0,0.0,0.0,0.0,0.0,0.0,0.0,0.0,0.0,0.0,0.0,0.0
2024-02-26,CVX,0.0,0.0,0.0,0.0,0.0,0.0,0.0,0.0,0.0,0.0,0.0,0.0,0.0,0.0
2024-02-27,CVX,0.0,0.0,0.0,0.0,0.0,0.0,0.0,0.0,0.0,0.0,0.0,0.0,0.0,0.0
2024-02-28,CVX,0.0,0.0,0.0,0.0,0.0,0.0,0.0,0.0,0.0,0.0,0.0,0.0,0.0,0.0
2024-02-29,CVX,0.0,0.0,0.0,0.0,0.0,0.0,0.0,0.0,0.0,0.0,0.0,0.0,0.0,0.0
2024-03-01,CVX,0.0,0.0,0.0,0.0,0.0,0.0,0.0,0.0,0.0,0.0,0.0,0.0,0.0,0.0
2024-03-04,CVX,0.0,0.0,0.0,0.0,0.0,0.0,0.0,0.0,0.0,0.0,0.0,0.0,0.0,0.0
2024-03-05,CVX,0.0,0.0,0.0,0.0,0.0,0.0,0.0,0.0,0.0,0.0,0.0,0.0,0.0,0.0
2024-03-06,CVX,0.0,0.0,0.0,0.0,0.0,0.0,0.0,0.0,0.0,0.0,0.0,0.0,0.0,0.0
2024-03-07,CVX,0.0,0.0,0.0,0.0,0.0,0.0,0.0,0.0,0.0,0.0,0.0,0.0,0.0,0.0
2024-03-08,CVX,0.0,0.0,0.0,0.0,0.0,0.0,0.0,0.0,0.0,0.0,0.0,0.0,0.0,0.0
2024-03-11,CVX,0.0,0.0,0.0,0.0,0.0,0.0,0.0,0.0,0.0,0.0,0.0,0.0,0.0,0.0
2024-03-12,CVX,0.0,0.0,0.0,0.0,0.0,0.0,0.0,0.0,0.0,0.0,0.0,0.0,0.0,0.0
2024-03-13,CVX,0.0,0.0,0.0,0.0,0.0,0.0,0.0,0.0,0.0,0.0,0.0,0.0,0.0,0.0
2024-03-14,CVX,0.0,0.0,0.0,0.0,0.0,0.0,0.0,0.0,0.0,0.0,0.0,0.0,0.0,0.0
2024-03-15,CVX,0.0,0.0,0.0,0.0,0.0,0.0,0.0,0.0,0.0,0.0,0.0,0.0,0.0,0.0
2024-03-18,CVX,0.0,0.0,0.0,0.0,0.0,0.0,0.0,0.0,0.0,0.0,0.0,0.0,0.0,0.0
2024-03-19,CVX,0.0,0.0,0.0,0.0,0.0,0.0,0.0,0.0,0.0,0.0,0.0,0.0,0.0,0.0
2024-03-20,CVX,0.0,0.0,0.0,0.0,0.0,0.0,0.0,0.0,0.0,0.0,0.0,0.0,0.0,0.0
2024-03-21,CVX,0.0,0.0,0.0,0.0,0.0,0.0,0.0,0.0,0.0,0.0,0.0,0.0,0.0,0.0
2024-03-22,CVX,0.0,0.0,0.0,0.0,0.0,0.0,0.0,0.0,0.0,0.0,0.0,0.0,0.0,0.0
2024-03-25,CVX,0.0,0.0,0.0,0.0,0.0,0.0,0.0,0.0,0.0,0.0,0.0,0.0,0.0,0.0
2024-03-26,CVX,0.0,0.0,0.0,0.0,0.0,0.0,0.0,0.0,0.0,0.0,0.0,0.0,0.0,0.0
2024-03-27,CVX,0.0,0.0,0.0,0.0,0.0,0.0,0.0,0.0,0.0,0.0,0.0,0.0,0.0,0.0
2024-03-28,CVX,0.0,0.0,0.0,0.0,0.0,0.0,0.0,0.0,0.0,0.0,0.0,0.0,0.0,0.0
2024-04-01,CVX,0.0,0.0,0.0,0.0,0.0,0.0,0.0,0.0,0.0,0.0,0.0,0.0,0.0,0.0
2024-04-02,CVX,0.0,0.0,0.0,0.0,0.0,0.0,0.0,0.0,0.0,0.0,0.0,0.0,0.0,0.0
2024-04-03,CVX,0.0,0.0,0.0,0.0,0.0,0.0,0.0,0.0,0.0,0.0,0.0,0.0,0.0,0.0
2024-04-04,CVX,0.0,0.0,0.0,0.0,0.0,0.0,0.0,0.0,0.0,0.0,0.0,0.0,0.0,0.0
2024-04-05,CVX,0.0,0.0,0.0,0.0,0.0,0.0,0.0,0.0,0.0,0.0,0.0,0.0,0.0,0.0
2024-04-08,CVX,0.0,0.0,0.0,0.0,0.0,0.0,0.0,0.0,0.0,0.0,0.0,0.0,0.0,0.0
2024-04-09,CVX,0.0,0.0,0.0,0.0,0.0,0.0,0.0,0.0,0.0,0.0,0.0,0.0,0.0,0.0
2024-04-10,CVX,0.0,0.0,0.0,0.0,0.0,0.0,0.0,0.0,0.0,0.0,0.0,0.0,0.0,0.0
2024-04-11,CVX,0.0,0.0,0.0,0.0,0.0,0.0,0.0,0.0,0.0,0.0,0.0,0.0,0.0,0.0
2024-04-12,CVX,0.0,0.0,0.0,0.0,0.0,0.0,0.0,0.0,0.0,0.0,0.0,0.0,0.0,0.0
2024-04-15,CVX,0.0,0.0,0.0,0.0,0.0,0.0,0.0,0.0,0.0,0.0,0.0,0.0,0.0,0.0
2024-04-16,CVX,0.0,0.0,0.0,0.0,0.0,0.0,0.0,0.0,0.0,0.0,0.0,0.0,0.0,0.0
2024-04-17,CVX,0.0,0.0,0.0,0.0,0.0,0.0,0.0,0.0,0.0,0.0,0.0,0.0,0.0,0.0
2024-04-18,CVX,0.0,0.0,0.0,0.0,0.0,0.0,0.0,0.0,0.0,0.0,0.0,0.0,0.0,0.0
2024-04-19,CVX,0.0,0.0,0.0,0.0,0.0,0.0,0.0,0.0,0.0,0.0,0.0,0.0,0.0,0.0
2024-04-22,CVX,0.0,0.0,0.0,0.0,0.0,0.0,0.0,0.0,0.0,0.0,0.0,0.0,0.0,0.0
2024-04-23,CVX,0.0,0.0,0.0,0.0,0.0,0.0,0.0,0.0,0.0,0.0,0.0,0.0,0.0,0.0
2024-04-24,CVX,0.0,0.0,0.0,0.0,0.0,0.0,0.0,0.0,0.0,0.0,0.0,0.0,0.0,0.0
2024-04-25,CVX,0.0,0.0,0.0,0.0,0.0,0.0,0.0,0.0,0.0,0.0,0.0,0.0,0.0,0.0
2024-04-26,CVX,0.0,0.0,0.0,0.0,0.0,0.0,0.0,0.0,0.0,0.0,0.0,0.0,0.0,0.0
2024-04-29,CVX,0.0,0.0,0.0,0.0,0.0,0.0,0.0,0.0,0.0,0.0,0.0,0.0,0.0,0.0
2024-04-30,CVX,0.0,0.0,0.0,0.0,0.0,0.0,0.0,0.0,0.0,0.0,0.0,0.0,0.0,0.0
2024-05-01,CVX,0.0,0.0,0.0,0.0,0.0,0.0,0.0,0.0,0.0,0.0,0.0,0.0,0.0,0.0
2024-05-02,CVX,0.0,0.0,0.0,0.0,0.0,0.0,0.0,0.0,0.0,0.0,0.0,0.0,0.0,0.0
2024-05-03,CVX,0.0,0.0,0.0,0.0,0.0,0.0,0.0,0.0,0.0,0.0,0.0,0.0,0.0,0.0
2024-05-06,CVX,0.0,0.0,0.0,0.0,0.0,0.0,0.0,0.0,0.0,0.0,0.0,0.0,0.0,0.0
2024-05-07,CVX,0.0,0.0,0.0,0.0,0.0,0.0,0.0,0.0,0.0,0.0,0.0,0.0,0.0,0.0
2024-05-08,CVX,0.0,0.0,0.0,0.0,0.0,0.0,0.0,0.0,0.0,0.0,0.0,0.0,0.0,0.0
2024-05-09,CVX,0.0,0.0,0.0,0.0,0.0,0.0,0.0,0.0,0.0,0.0,0.0,0.0,0.0,0.0
2024-05-10,CVX,0.0,0.0,0.0,0.0,0.0,0.0,0.0,0.0,0.0,0.0,0.0,0.0,0.0,0.0
2024-05-13,CVX,0.0,0.0,0.0,0.0,0.0,0.0,0.0,0.0,0.0,0.0,0.0,0.0,0.0,0.0
2024-05-14,CVX,0.0,0.0,0.0,0.0,0.0,0.0,0.0,0.0,0.0,0.0,0.0,0.0,0.0,0.0
2024-05-15,CVX,0.0,0.0,0.0,0.0,0.0,0.0,0.0,0.0,0.0,0.0,0.0,0.0,0.0,0.0
2024-05-16,CVX,0.0,0.0,0.0,0.0,0.0,0.0,0.0,0.0,0.0,0.0,0.0,0.0,0.0,0.0
2024-05-17,CVX,0.0,0.0,0.0,0.0,0.0,0.0,0.0,0.0,0.0,0.0,0.0,0.0,0.0,0.0
2024-05-20,CVX,0.0,0.0,0.0,0.0,0.0,0.0,0.0,0.0,0.0,0.0,0.0,0.0,0.0,0.0
2024-05-21,CVX,0.0,0.0,0.0,0.0,0.0,0.0,0.0,0.0,0.0,0.0,0.0,0.0,0.0,0.0
2024-05-22,CVX,0.0,0.0,0.0,0.0,0.0,0.0,0.0,0.0,0.0,0.0,0.0,0.0,0.0,0.0
2024-05-23,CVX,0.0,0.0,0.0,0.0,0.0,0.0,0.0,0.0,0.0,0.0,0.0,0.0,0.0,0.0
2024-05-24,CVX,0.0,0.0,0.0,0.0,0.0,0.0,0.0,0.0,0.0,0.0,0.0,0.0,0.0,0.0
2024-05-28,CVX,0.0,0.0,0.0,0.0,0.0,0.0,0.0,0.0,0.0,0.0,0.0,0.0,0.0,0.0
2024-05-29,CVX,0.0,0.0,0.0,0.0,0.0,0.0,0.0,0.0,0.0,0.0,0.0,0.0,0.0,0.0
2024-05-30,CVX,0.0,0.0,0.0,0.0,0.0,0.0,0.0,0.0,0.0,0.0,0.0,0.0,0.0,0.0
2024-05-31,CVX,0.0,0.0,0.0,0.0,0.0,0.0,0.0,0.0,0.0,0.0,0.0,0.0,0.0,0.0
2024-06-03,CVX,0.0,0.0,0.0,0.0,0.0,0.0,0.0,0.0,0.0,0.0,0.0,0.0,0.0,0.0
2024-06-04,CVX,0.0,0.0,0.0,0.0,0.0,0.0,0.0,0.0,0.0,0.0,0.0,0.0,0.0,0.0
2024-06-05,CVX,0.0,0.0,0.0,0.0,0.0,0.0,0.0,0.0,0.0,0.0,0.0,0.0,0.0,0.0
2024-06-06,CVX,0.0,0.0,0.0,0.0,0.0,0.0,0.0,0.0,0.0,0.0,0.0,0.0,0.0,0.0
2024-06-07,CVX,0.0,0.0,0.0,0.0,0.0,0.0,0.0,0.0,0.0,0.0,0.0,0.0,0.0,0.0
2024-06-10,CVX,0.0,0.0,0.0,0.0,0.0,0.0,0.0,0.0,0.0,0.0,0.0,0.0,0.0,0.0
2024-06-11,CVX,0.0,0.0,0.0,0.0,0.0,0.0,0.0,0.0,0.0,0.0,0.0,0.0,0.0,0.0
2024-06-12,CVX,0.0,0.0,0.0,0.0,0.0,0.0,0.0,0.0,0.0,0.0,0.0,0.0,0.0,0.0
2024-06-13,CVX,0.0,0.0,0.0,0.0,0.0,0.0,0.0,0.0,0.0,0.0,0.0,0.0,0.0,0.0
2024-06-14,CVX,0.0,0.0,0.0,0.0,0.0,0.0,0.0,0.0,0.0,0.0,0.0,0.0,0.0,0.0
2024-06-17,CVX,0.0,0.0,0.0,0.0,0.0,0.0,0.0,0.0,0.0,0.0,0.0,0.0,0.0,0.0
2024-06-18,CVX,0.0,0.0,0.0,0.0,0.0,0.0,0.0,0.0,0.0,0.0,0.0,0.0,0.0,0.0
2024-06-20,CVX,0.0,0.0,0.0,0.0,0.0,0.0,0.0,0.0,0.0,0.0,0.0,0.0,0.0,0.0
2024-06-21,CVX,0.0,0.0,0.0,0.0,0.0,0.0,0.0,0.0,0.0,0.0,0.0,0.0,0.0,0.0
2024-06-24,CVX,0.0,0.0,0.0,0.0,0.0,0.0,0.0,0.0,0.0,0.0,0.0,0.0,0.0,0.0
2024-06-25,CVX,0.0,0.0,0.0,0.0,0.0,0.0,0.0,0.0,0.0,0.0,0.0,0.0,0.0,0.0
2024-06-26,CVX,0.0,0.0,0.0,0.0,0.0,0.0,0.0,0.0,0.0,0.0,0.0,0.0,0.0,0.0
2024-06-27,CVX,0.0,0.0,0.0,0.0,0.0,0.0,0.0,0.0,0.0,0.0,0.0,0.0,0.0,0.0
2024-06-28,CVX,0.0,0.0,0.0,0.0,0.0,0.0,0.0,0.0,0.0,0.0,0.0,0.0,0.0,0.0
2024-07-01,CVX,0.0,0.0,0.0,0.0,0.0,0.0,0.0,0.0,0.0,0.0,0.0,0.0,0.0,0.0
2024-07-02,CVX,0.0,0.0,0.0,0.0,0.0,0.0,0.0,0.0,0.0,0.0,0.0,0.0,0.0,0.0
2024-07-03,CVX,0.0,0.0,0.0,0.0,0.0,0.0,0.0,0.0,0.0,0.0,0.0,0.0,0.0,0.0
2024-07-05,CVX,0.0,0.0,0.0,0.0,0.0,0.0,0.0,0.0,0.0,0.0,0.0,0.0,0.0,0.0
2024-07-08,CVX,0.0,0.0,0.0,0.0,0.0,0.0,0.0,0.0,0.0,0.0,0.0,0.0,0.0,0.0
2024-07-09,CVX,0.0,0.0,0.0,0.0,0.0,0.0,0.0,0.0,0.0,0.0,0.0,0.0,0.0,0.0
2024-07-10,CVX,0.0,0.0,0.0,0.0,0.0,0.0,0.0,0.0,0.0,0.0,0.0,0.0,0.0,0.0
2024-07-11,CVX,0.0,0.0,0.0,0.0,0.0,0.0,0.0,0.0,0.0,0.0,0.0,0.0,0.0,0.0
2024-07-12,CVX,0.0,0.0,0.0,0.0,0.0,0.0,0.0,0.0,0.0,0.0,0.0,0.0,0.0,0.0
2024-07-15,CVX,0.0,0.0,0.0,0.0,0.0,0.0,0.0,0.0,0.0,0.0,0.0,0.0,0.0,0.0
2024-07-16,CVX,0.0,0.0,0.0,0.0,0.0,0.0,0.0,0.0,0.0,0.0,0.0,0.0,0.0,0.0
2024-07-17,CVX,0.0,0.0,0.0,0.0,0.0,0.0,0.0,0.0,0.0,0.0,0.0,0.0,0.0,0.0
2024-07-18,CVX,0.0,0.0,0.0,0.0,0.0,0.0,0.0,0.0,0.0,0.0,0.0,0.0,0.0,0.0
2024-07-19,CVX,0.0,0.0,0.0,0.0,0.0,0.0,0.0,0.0,0.0,0.0,0.0,0.0,0.0,0.0
2024-07-22,CVX,0.0,0.0,0.0,0.0,0.0,0.0,0.0,0.0,0.0,0.0,0.0,0.0,0.0,0.0
2024-07-23,CVX,0.0,0.0,0.0,0.0,0.0,0.0,0.0,0.0,0.0,0.0,0.0,0.0,0.0,0.0
2024-07-24,CVX,0.0,0.0,0.0,0.0,0.0,0.0,0.0,0.0,0.0,0.0,0.0,0.0,0.0,0.0
2024-07-25,CVX,0.0,0.0,0.0,0.0,0.0,0.0,0.0,0.0,0.0,0.0,0.0,0.0,0.0,0.0
2024-07-26,CVX,0.0,0.0,0.0,0.0,0.0,0.0,0.0,0.0,0.0,0.0,0.0,0.0,0.0,0.0
2024-07-29,CVX,0.0,0.0,0.0,0.0,0.0,0.0,0.0,0.0,0.0,0.0,0.0,0.0,0.0,0.0
2024-07-30,CVX,0.0,0.0,0.0,0.0,0.0,0.0,0.0,0.0,0.0,0.0,0.0,0.0,0.0,0.0
2024-07-31,CVX,0.0,0.0,0.0,0.0,0.0,0.0,0.0,0.0,0.0,0.0,0.0,0.0,0.0,0.0
2024-08-01,CVX,0.0,0.0,0.0,0.0,0.0,0.0,0.0,0.0,0.0,0.0,0.0,0.0,0.0,0.0
2024-08-02,CVX,0.0,0.0,0.0,0.0,0.0,0.0,0.0,0.0,0.0,0.0,0.0,0.0,0.0,0.0
2024-08-05,CVX,0.0,0.0,0.0,0.0,0.0,0.0,0.0,0.0,0.0,0.0,0.0,0.0,0.0,0.0
2024-08-06,CVX,0.0,0.0,0.0,0.0,0.0,0.0,0.0,0.0,0.0,0.0,0.0,0.0,0.0,0.0
2024-08-07,CVX,0.0,0.0,0.0,0.0,0.0,0.0,0.0,0.0,0.0,0.0,0.0,0.0,0.0,0.0
2024-08-08,CVX,0.0,0.0,0.0,0.0,0.0,0.0,0.0,0.0,0.0,0.0,0.0,0.0,0.0,0.0
2024-08-09,CVX,0.0,0.0,0.0,0.0,0.0,0.0,0.0,0.0,0.0,0.0,0.0,0.0,0.0,0.0
2024-08-12,CVX,0.0,0.0,0.0,0.0,0.0,0.0,0.0,0.0,0.0,0.0,0.0,0.0,0.0,0.0
2024-08-13,CVX,0.0,0.0,0.0,0.0,0.0,0.0,0.0,0.0,0.0,0.0,0.0,0.0,0.0,0.0
2024-08-14,CVX,0.0,0.0,0.0,0.0,0.0,0.0,0.0,0.0,0.0,0.0,0.0,0.0,0.0,0.0
2024-08-15,CVX,0.0,0.0,0.0,0.0,0.0,0.0,0.0,0.0,0.0,0.0,0.0,0.0,0.0,0.0
2024-08-16,CVX,0.0,0.0,0.0,0.0,0.0,0.0,0.0,0.0,0.0,0.0,0.0,0.0,0.0,0.0
2024-08-19,CVX,0.0,0.0,0.0,0.0,0.0,0.0,0.0,0.0,0.0,0.0,0.0,0.0,0.0,0.0
2024-08-20,CVX,0.0,0.0,0.0,0.0,0.0,0.0,0.0,0.0,0.0,0.0,0.0,0.0,0.0,0.0
2024-08-21,CVX,0.0,0.0,0.0,0.0,0.0,0.0,0.0,0.0,0.0,0.0,0.0,0.0,0.0,0.0
2024-08-22,CVX,0.0,0.0,0.0,0.0,0.0,0.0,0.0,0.0,0.0,0.0,0.0,0.0,0.0,0.0
2024-08-23,CVX,0.0,0.0,0.0,0.0,0.0,0.0,0.0,0.0,0.0,0.0,0.0,0.0,0.0,0.0
2024-08-26,CVX,0.0,0.0,0.0,0.0,0.0,0.0,0.0,0.0,0.0,0.0,0.0,0.0,0.0,0.0
2024-08-27,CVX,0.0,0.0,0.0,0.0,0.0,0.0,0.0,0.0,0.0,0.0,0.0,0.0,0.0,0.0
2024-08-28,CVX,0.0,0.0,0.0,0.0,0.0,0.0,0.0,0.0,0.0,0.0,0.0,0.0,0.0,0.0
2024-08-29,CVX,0.0,0.0,0.0,0.0,0.0,0.0,0.0,0.0,0.0,0.0,0.0,0.0,0.0,0.0
2024-08-30,CVX,0.0,0.0,0.0,0.0,0.0,0.0,0.0,0.0,0.0,0.0,0.0,0.0,0.0,0.0
2024-09-03,CVX,0.0,0.0,0.0,0.0,0.0,0.0,0.0,0.0,0.0,0.0,0.0,0.0,0.0,0.0
2024-09-04,CVX,0.0,0.0,0.0,0.0,0.0,0.0,0.0,0.0,0.0,0.0,0.0,0.0,0.0,0.0
2024-09-05,CVX,0.0,0.0,0.0,0.0,0.0,0.0,0.0,0.0,0.0,0.0,0.0,0.0,0.0,0.0
2024-09-06,CVX,0.0,0.0,0.0,0.0,0.0,0.0,0.0,0.0,0.0,0.0,0.0,0.0,0.0,0.0
2024-09-09,CVX,0.0,0.0,0.0,0.0,0.0,0.0,0.0,0.0,0.0,0.0,0.0,0.0,0.0,0.0
2024-09-10,CVX,0.0,0.0,0.0,0.0,0.0,0.0,0.0,0.0,0.0,0.0,0.0,0.0,0.0,0.0
2024-09-11,CVX,0.0,0.0,0.0,0.0,0.0,0.0,0.0,0.0,0.0,0.0,0.0,0.0,0.0,0.0
2024-09-12,CVX,0.0,0.0,0.0,0.0,0.0,0.0,0.0,0.0,0.0,0.0,0.0,0.0,0.0,0.0
2024-09-13,CVX,0.0,0.0,0.0,0.0,0.0,0.0,0.0,0.0,0.0,0.0,0.0,0.0,0.0,0.0
2024-09-16,CVX,0.0,0.0,0.0,0.0,0.0,0.0,0.0,0.0,0.0,0.0,0.0,0.0,0.0,0.0
2024-09-17,CVX,0.0,0.0,0.0,0.0,0.0,0.0,0.0,0.0,0.0,0.0,0.0,0.0,0.0,0.0
2024-09-18,CVX,0.0,0.0,0.0,0.0,0.0,0.0,0.0,0.0,0.0,0.0,0.0,0.0,0.0,0.0
2024-09-19,CVX,0.0,0.0,0.0,0.0,0.0,0.0,0.0,0.0,0.0,0.0,0.0,0.0,0.0,0.0
2024-09-20,CVX,0.0,0.0,0.0,0.0,0.0,0.0,0.0,0.0,0.0,0.0,0.0,0.0,0.0,0.0
2024-09-23,CVX,0.0,0.0,0.0,0.0,0.0,0.0,0.0,0.0,0.0,0.0,0.0,0.0,0.0,0.0
2024-09-24,CVX,0.0,0.0,0.0,0.0,0.0,0.0,0.0,0.0,0.0,0.0,0.0,0.0,0.0,0.0
2024-09-25,CVX,0.0,0.0,0.0,0.0,0.0,0.0,0.0,0.0,0.0,0.0,0.0,0.0,0.0,0.0
2024-09-26,CVX,0.0,0.0,0.0,0.0,0.0,0.0,0.0,0.0,0.0,0.0,0.0,0.0,0.0,0.0
2024-09-27,CVX,0.0,0.0,0.0,0.0,0.0,0.0,0.0,0.0,0.0,0.0,0.0,0.0,0.0,0.0
2024-09-30,CVX,0.0,0.0,0.0,0.0,0.0,0.0,0.0,0.0,0.0,0.0,0.0,0.0,0.0,0.0
2024-10-01,CVX,0.0,0.0,0.0,0.0,0.0,0.0,0.0,0.0,0.0,0.0,0.0,0.0,0.0,0.0
2024-10-02,CVX,0.0,0.0,0.0,0.0,0.0,0.0,0.0,0.0,0.0,0.0,0.0,0.0,0.0,0.0
2024-10-03,CVX,0.0,0.0,0.0,0.0,0.0,0.0,0.0,0.0,0.0,0.0,0.0,0.0,0.0,0.0
2024-10-04,CVX,0.0,0.0,0.0,0.0,0.0,0.0,0.0,0.0,0.0,0.0,0.0,0.0,0.0,0.0
2024-10-07,CVX,0.0,0.0,0.0,0.0,0.0,0.0,0.0,0.0,0.0,0.0,0.0,0.0,0.0,0.0
2024-10-08,CVX,0.0,0.0,0.0,0.0,0.0,0.0,0.0,0.0,0.0,0.0,0.0,0.0,0.0,0.0
2024-10-09,CVX,0.0,0.0,0.0,0.0,0.0,0.0,0.0,0.0,0.0,0.0,0.0,0.0,0.0,0.0
2024-10-10,CVX,0.0,0.0,0.0,0.0,0.0,0.0,0.0,0.0,0.0,0.0,0.0,0.0,0.0,0.0
2024-10-11,CVX,0.0,0.0,0.0,0.0,0.0,0.0,0.0,0.0,0.0,0.0,0.0,0.0,0.0,0.0
2024-10-14,CVX,0.0,0.0,0.0,0.0,0.0,0.0,0.0,0.0,0.0,0.0,0.0,0.0,0.0,0.0
2024-10-15,CVX,0.0,0.0,0.0,0.0,0.0,0.0,0.0,0.0,0.0,0.0,0.0,0.0,0.0,0.0
2024-10-16,CVX,0.0,0.0,0.0,0.0,0.0,0.0,0.0,0.0,0.0,0.0,0.0,0.0,0.0,0.0
2024-10-17,CVX,0.0,0.0,0.0,0.0,0.0,0.0,0.0,0.0,0.0,0.0,0.0,0.0,0.0,0.0
2024-10-18,CVX,0.0,0.0,0.0,0.0,0.0,0.0,0.0,0.0,0.0,0.0,0.0,0.0,0.0,0.0
2024-10-21,CVX,0.0,0.0,0.0,0.0,0.0,0.0,0.0,0.0,0.0,0.0,0.0,0.0,0.0,0.0
2024-10-22,CVX,0.0,0.0,0.0,0.0,0.0,0.0,0.0,0.0,0.0,0.0,0.0,0.0,0.0,0.0
2024-10-23,CVX,0.0,0.0,0.0,0.0,0.0,0.0,0.0,0.0,0.0,0.0,0.0,0.0,0.0,0.0
2024-10-24,CVX,0.0,0.0,0.0,0.0,0.0,0.0,0.0,0.0,0.0,0.0,0.0,0.0,0.0,0.0
2024-10-25,CVX,0.0,0.0,0.0,0.0,0.0,0.0,0.0,0.0,0.0,0.0,0.0,0.0,0.0,0.0
2024-10-28,CVX,0.0,0.0,0.0,0.0,0.0,0.0,0.0,0.0,0.0,0.0,0.0,0.0,0.0,0.0
2024-10-29,CVX,0.0,0.0,0.0,0.0,0.0,0.0,0.0,0.0,0.0,0.0,0.0,0.0,0.0,0.0
2024-10-30,CVX,0.0,0.0,0.0,0.0,0.0,0.0,0.0,0.0,0.0,0.0,0.0,0.0,0.0,0.0
2024-10-31,CVX,0.0,0.0,0.0,0.0,0.0,0.0,0.0,0.0,0.0,0.0,0.0,0.0,0.0,0.0
2024-11-01,CVX,0.0,0.0,0.0,0.0,0.0,0.0,0.0,0.0,0.0,0.0,0.0,0.0,0.0,0.0
2024-11-04,CVX,0.0,0.0,0.0,0.0,0.0,0.0,0.0,0.0,0.0,0.0,0.0,0.0,0.0,0.0
2024-11-05,CVX,0.0,0.0,0.0,0.0,0.0,0.0,0.0,0.0,0.0,0.0,0.0,0.0,0.0,0.0
2024-11-06,CVX,0.0,0.0,0.0,0.0,0.0,0.0,0.0,0.0,0.0,0.0,0.0,0.0,0.0,0.0
2024-11-07,CVX,0.0,0.0,0.0,0.0,0.0,0.0,0.0,0.0,0.0,0.0,0.0,0.0,0.0,0.0
2024-11-08,CVX,0.0,0.0,0.0,0.0,0.0,0.0,0.0,0.0,0.0,0.0,0.0,0.0,0.0,0.0
2024-11-11,CVX,0.0,0.0,0.0,0.0,0.0,0.0,0.0,0.0,0.0,0.0,0.0,0.0,0.0,0.0
2024-11-12,CVX,0.0,0.0,0.0,0.0,0.0,0.0,0.0,0.0,0.0,0.0,0.0,0.0,0.0,0.0
2024-11-13,CVX,0.0,0.0,0.0,0.0,0.0,0.0,0.0,0.0,0.0,0.0,0.0,0.0,0.0,0.0
2024-11-14,CVX,0.0,0.0,0.0,0.0,0.0,0.0,0.0,0.0,0.0,0.0,0.0,0.0,0.0,0.0
2024-11-15,CVX,0.0,0.0,0.0,0.0,0.0,0.0,0.0,0.0,0.0,0.0,0.0,0.0,0.0,0.0
2024-11-18,CVX,0.0,0.0,0.0,0.0,0.0,0.0,0.0,0.0,0.0,0.0,0.0,0.0,0.0,0.0
2024-11-19,CVX,0.0,0.0,0.0,0.0,0.0,0.0,0.0,0.0,0.0,0.0,0.0,0.0,0.0,0.0
2024-11-20,CVX,0.0,0.0,0.0,0.0,0.0,0.0,0.0,0.0,0.0,0.0,0.0,0.0,0.0,0.0
2024-11-21,CVX,0.0,0.0,0.0,0.0,0.0,0.0,0.0,0.0,0.0,0.0,0.0,0.0,0.0,0.0
2024-11-22,CVX,0.0,0.0,0.0,0.0,0.0,0.0,0.0,0.0,0.0,0.0,0.0,0.0,0.0,0.0
2024-11-25,CVX,0.0,0.0,0.0,0.0,0.0,0.0,0.0,0.0,0.0,0.0,0.0,0.0,0.0,0.0
2024-11-26,CVX,0.0,0.0,0.0,0.0,0.0,0.0,0.0,0.0,0.0,0.0,0.0,0.0,0.0,0.0
2024-11-27,CVX,0.0,0.0,0.0,0.0,0.0,0.0,0.0,0.0,0.0,0.0,0.0,0.0,0.0,0.0
2024-11-29,CVX,0.0,0.0,0.0,0.0,0.0,0.0,0.0,0.0,0.0,0.0,0.0,0.0,0.0,0.0
2024-12-02,CVX,0.0,0.0,0.0,0.0,0.0,0.0,0.0,0.0,0.0,0.0,0.0,0.0,0.0,0.0
2024-12-03,CVX,0.0,0.0,0.0,0.0,0.0,0.0,0.0,0.0,0.0,0.0,0.0,0.0,0.0,0.0
2024-12-04,CVX,0.0,0.0,0.0,0.0,0.0,0.0,0.0,0.0,0.0,0.0,0.0,0.0,0.0,0.0
2024-12-05,CVX,0.0,0.0,0.0,0.0,0.0,0.0,0.0,0.0,0.0,0.0,0.0,0.0,0.0,0.0
2024-12-06,CVX,0.0,0.0,0.0,0.0,0.0,0.0,0.0,0.0,0.0,0.0,0.0,0.0,0.0,0.0
2024-12-09,CVX,0.0,0.0,0.0,0.0,0.0,0.0,0.0,0.0,0.0,0.0,0.0,0.0,0.0,0.0
2024-12-10,CVX,0.0,0.0,0.0,0.0,0.0,0.0,0.0,0.0,0.0,0.0,0.0,0.0,0.0,0.0
2024-12-11,CVX,0.0,0.0,0.0,0.0,0.0,0.0,0.0,0.0,0.0,0.0,0.0,0.0,0.0,0.0
2024-12-12,CVX,0.0,0.0,0.0,0.0,0.0,0.0,0.0,0.0,0.0,0.0,0.0,0.0,0.0,0.0
2024-12-13,CVX,0.0,0.0,0.0,0.0,0.0,0.0,0.0,0.0,0.0,0.0,0.0,0.0,0.0,0.0
2024-12-16,CVX,0.0,0.0,0.0,0.0,0.0,0.0,0.0,0.0,0.0,0.0,0.0,0.0,0.0,0.0
2024-12-17,CVX,0.0,0.0,0.0,0.0,0.0,0.0,0.0,0.0,0.0,0.0,0.0,0.0,0.0,0.0
2024-12-18,CVX,0.0,0.0,0.0,0.0,0.0,0.0,0.0,0.0,0.0,0.0,0.0,0.0,0.0,0.0
2024-12-19,CVX,0.0,0.0,0.0,0.0,0.0,0.0,0.0,0.0,0.0,0.0,0.0,0.0,0.0,0.0
2024-12-20,CVX,0.0,0.0,0.0,0.0,0.0,0.0,0.0,0.0,0.0,0.0,0.0,0.0,0.0,0.0
2024-12-23,CVX,0.0,0.0,0.0,0.0,0.0,0.0,0.0,0.0,0.0,0.0,0.0,0.0,0.0,0.0
2024-12-24,CVX,0.0,0.0,0.0,0.0,0.0,0.0,0.0,0.0,0.0,0.0,0.0,0.0,0.0,0.0
2024-12-26,CVX,0.0,0.0,0.0,0.0,0.0,0.0,0.0,0.0,0.0,0.0,0.0,0.0,0.0,0.0
2024-12-27,CVX,0.0,0.0,0.0,0.0,0.0,0.0,0.0,0.0,0.0,0.0,0.0,0.0,0.0,0.0
2024-12-30,CVX,0.0,0.0,0.0,0.0,0.0,0.0,0.0,0.0,0.0,0.0,0.0,0.0,0.0,0.0
2024-12-31,CVX,0.0,0.0,0.0,0.0,0.0,0.0,0.0,0.0,0.0,0.0,0.0,0.0,0.0,0.0
2025-01-02,CVX,0.0,0.0,0.0,0.0,0.0,0.0,0.0,0.0,0.0,0.0,0.0,0.0,0.0,0.0
2025-01-03,CVX,0.0,0.0,0.0,0.0,0.0,0.0,0.0,0.0,0.0,0.0,0.0,0.0,0.0,0.0
2025-01-06,CVX,0.0,0.0,0.0,0.0,0.0,0.0,0.0,0.0,0.0,0.0,0.0,0.0,0.0,0.0
2025-01-07,CVX,0.0,0.0,0.0,0.0,0.0,0.0,0.0,0.0,0.0,0.0,0.0,0.0,0.0,0.0
2025-01-08,CVX,0.0,0.0,0.0,0.0,0.0,0.0,0.0,0.0,0.0,0.0,0.0,0.0,0.0,0.0
2025-01-10,CVX,0.0,0.0,0.0,0.0,0.0,0.0,0.0,0.0,0.0,0.0,0.0,0.0,0.0,0.0
2025-01-13,CVX,0.0,0.0,0.0,0.0,0.0,0.0,0.0,0.0,0.0,0.0,0.0,0.0,0.0,0.0
2025-01-14,CVX,0.0,0.0,0.0,0.0,0.0,0.0,0.0,0.0,0.0,0.0,0.0,0.0,0.0,0.0
2025-01-15,CVX,0.0,0.0,0.0,0.0,0.0,0.0,0.0,0.0,0.0,0.0,0.0,0.0,0.0,0.0
2025-01-16,CVX,0.0,0.0,0.0,0.0,0.0,0.0,0.0,0.0,0.0,0.0,0.0,0.0,0.0,0.0
2025-01-17,CVX,0.0,0.0,0.0,0.0,0.0,0.0,0.0,0.0,0.0,0.0,0.0,0.0,0.0,0.0
2025-01-21,CVX,0.0,0.0,0.0,0.0,0.0,0.0,0.0,0.0,0.0,0.0,0.0,0.0,0.0,0.0
2025-01-22,CVX,0.0,0.0,0.0,0.0,0.0,0.0,0.0,0.0,0.0,0.0,0.0,0.0,0.0,0.0
2025-01-23,CVX,0.0,0.0,0.0,0.0,0.0,0.0,0.0,0.0,0.0,0.0,0.0,0.0,0.0,0.0
2025-01-24,CVX,0.0,0.0,0.0,0.0,0.0,0.0,0.0,0.0,0.0,0.0,0.0,0.0,0.0,0.0
2025-01-27,CVX,0.0,0.0,0.0,0.0,0.0,0.0,0.0,0.0,0.0,0.0,0.0,0.0,0.0,0.0
2025-01-28,CVX,0.0,0.0,0.0,0.0,0.0,0.0,0.0,0.0,0.0,0.0,0.0,0.0,0.0,0.0
2025-01-29,CVX,0.0,0.0,0.0,0.0,0.0,0.0,0.0,0.0,0.0,0.0,0.0,0.0,0.0,0.0
2025-01-30,CVX,0.0,0.0,0.0,0.0,0.0,0.0,0.0,0.0,0.0,0.0,0.0,0.0,0.0,0.0
2025-01-31,CVX,0.0,0.0,0.0,0.0,0.0,0.0,0.0,0.0,0.0,0.0,0.0,0.0,0.0,0.0
2025-02-03,CVX,0.0,0.0,0.0,0.0,0.0,0.0,0.0,0.0,0.0,0.0,0.0,0.0,0.0,0.0
2025-02-04,CVX,0.0,0.0,0.0,0.0,0.0,0.0,0.0,0.0,0.0,0.0,0.0,0.0,0.0,0.0
2025-02-05,CVX,0.0,0.0,0.0,0.0,0.0,0.0,0.0,0.0,0.0,0.0,0.0,0.0,0.0,0.0
2025-02-06,CVX,0.0,0.0,0.0,0.0,0.0,0.0,0.0,0.0,0.0,0.0,0.0,0.0,0.0,0.0
2025-02-07,CVX,0.0,0.0,0.0,0.0,0.0,0.0,0.0,0.0,0.0,0.0,0.0,0.0,0.0,0.0
2025-02-10,CVX,0.0,0.0,0.0,0.0,0.0,0.0,0.0,0.0,0.0,0.0,0.0,0.0,0.0,0.0
2025-02-11,CVX,0.0,0.0,0.0,0.0,0.0,0.0,0.0,0.0,0.0,0.0,0.0,0.0,0.0,0.0
2025-02-12,CVX,0.0,0.0,0.0,0.0,0.0,0.0,0.0,0.0,0.0,0.0,0.0,0.0,0.0,0.0
2025-02-13,CVX,0.0,0.0,0.0,0.0,0.0,0.0,0.0,0.0,0.0,0.0,0.0,0.0,0.0,0.0
2025-02-14,CVX,0.0,0.0,0.0,0.0,0.0,0.0,0.0,0.0,0.0,0.0,0.0,0.0,0.0,0.0
2025-02-18,CVX,0.0,0.0,0.0,0.0,0.0,0.0,0.0,0.0,0.0,0.0,0.0,0.0,0.0,0.0
2025-02-19,CVX,0.0,0.0,0.0,0.0,0.0,0.0,0.0,0.0,0.0,0.0,0.0,0.0,0.0,0.0
2025-02-20,CVX,0.0,0.0,0.0,0.0,0.0,0.0,0.0,0.0,0.0,0.0,0.0,0.0,0.0,0.0
2025-02-21,CVX,0.0,0.0,0.0,0.0,0.0,0.0,0.0,0.0,0.0,0.0,0.0,0.0,0.0,0.0
2025-02-24,CVX,0.0,0.0,0.0,0.0,0.0,0.0,0.0,0.0,0.0,0.0,0.0,0.0,0.0,0.0
2025-02-25,CVX,0.0,0.0,0.0,0.0,0.0,0.0,0.0,0.0,0.0,0.0,0.0,0.0,0.0,0.0
2025-02-26,CVX,0.0,0.0,0.0,0.0,0.0,0.0,0.0,0.0,0.0,0.0,0.0,0.0,0.0,0.0
2025-02-27,CVX,0.0,0.0,0.0,0.0,0.0,0.0,0.0,0.0,0.0,0.0,0.0,0.0,0.0,0.0
2025-02-28,CVX,0.0,0.0,0.0,0.0,0.0,0.0,0.0,0.0,0.0,0.0,0.0,0.0,0.0,0.0
2025-03-03,CVX,0.0,0.0,0.0,0.0,0.0,0.0,0.0,0.0,0.0,0.0,0.0,0.0,0.0,0.0
2025-03-04,CVX,0.0,0.0,0.0,0.0,0.0,0.0,0.0,0.0,0.0,0.0,0.0,0.0,0.0,0.0
2025-03-05,CVX,0.0,0.0,0.0,0.0,0.0,0.0,0.0,0.0,0.0,0.0,0.0,0.0,0.0,0.0
2025-03-06,CVX,0.0,0.0,0.0,0.0,0.0,0.0,0.0,0.0,0.0,0.0,0.0,0.0,0.0,0.0
2025-03-07,CVX,0.0,0.0,0.0,0.0,0.0,0.0,0.0,0.0,0.0,0.0,0.0,0.0,0.0,0.0
2025-03-10,CVX,0.0,0.0,0.0,0.0,0.0,0.0,0.0,0.0,0.0,0.0,0.0,0.0,0.0,0.0
2025-03-11,CVX,0.0,0.0,0.0,0.0,0.0,0.0,0.0,0.0,0.0,0.0,0.0,0.0,0.0,0.0
2025-03-12,CVX,0.0,0.0,0.0,0.0,0.0,0.0,0.0,0.0,0.0,0.0,0.0,0.0,0.0,0.0
2025-03-13,CVX,0.0,0.0,0.0,0.0,0.0,0.0,0.0,0.0,0.0,0.0,0.0,0.0,0.0,0.0
2025-03-14,CVX,0.0,0.0,0.0,0.0,0.0,0.0,0.0,0.0,0.0,0.0,0.0,0.0,0.0,0.0
2025-03-17,CVX,0.0,0.0,0.0,0.0,0.0,0.0,0.0,0.0,0.0,0.0,0.0,0.0,0.0,0.0
2025-03-18,CVX,0.0,0.0,0.0,0.0,0.0,0.0,0.0,0.0,0.0,0.0,0.0,0.0,0.0,0.0
2025-03-19,CVX,0.0,0.0,0.0,0.0,0.0,0.0,0.0,0.0,0.0,0.0,0.0,0.0,0.0,0.0
2025-03-20,CVX,0.0,0.0,0.0,0.0,0.0,0.0,0.0,0.0,0.0,0.0,0.0,0.0,0.0,0.0
2025-03-21,CVX,0.0,0.0,0.0,0.0,0.0,0.0,0.0,0.0,0.0,0.0,0.0,0.0,0.0,0.0
2025-03-24,CVX,0.0,0.0,0.0,0.0,0.0,0.0,0.0,0.0,0.0,0.0,0.0,0.0,0.0,0.0
2025-03-25,CVX,0.0,0.0,0.0,0.0,0.0,0.0,0.0,0.0,0.0,0.0,0.0,0.0,0.0,0.0
2025-03-26,CVX,0.0,0.0,0.0,0.0,0.0,0.0,0.0,0.0,0.0,0.0,0.0,0.0,0.0,0.0
2025-03-27,CVX,0.0,0.0,0.0,0.0,0.0,0.0,0.0,0.0,0.0,0.0,0.0,0.0,0.0,0.0
2025-03-28,CVX,0.0,0.0,0.0,0.0,0.0,0.0,0.0,0.0,0.0,0.0,0.0,0.0,0.0,0.0
2025-03-31,CVX,0.0,0.0,0.0,0.0,0.0,0.0,0.0,0.0,0.0,0.0,0.0,0.0,0.0,0.0
2025-04-01,CVX,0.0,0.0,0.0,0.0,0.0,0.0,0.0,0.0,0.0,0.0,0.0,0.0,0.0,0.0
2025-04-02,CVX,0.0,0.0,0.0,0.0,0.0,0.0,0.0,0.0,0.0,0.0,0.0,0.0,0.0,0.0
2025-04-03,CVX,0.0,0.0,0.0,0.0,0.0,0.0,0.0,0.0,0.0,0.0,0.0,0.0,0.0,0.0
2025-04-04,CVX,0.0,0.0,0.0,0.0,0.0,0.0,0.0,0.0,0.0,0.0,0.0,0.0,0.0,0.0
2025-04-07,CVX,0.0,0.0,0.0,0.0,0.0,0.0,0.0,0.0,0.0,0.0,0.0,0.0,0.0,0.0
2025-04-08,CVX,0.0,0.0,0.0,0.0,0.0,0.0,0.0,0.0,0.0,0.0,0.0,0.0,0.0,0.0
2025-04-09,CVX,0.0,0.0,0.0,0.0,0.0,0.0,0.0,0.0,0.0,0.0,0.0,0.0,0.0,0.0
2025-04-10,CVX,0.0,0.0,0.0,0.0,0.0,0.0,0.0,0.0,0.0,0.0,0.0,0.0,0.0,0.0
2025-04-11,CVX,0.0,0.0,0.0,0.0,0.0,0.0,0.0,0.0,0.0,0.0,0.0,0.0,0.0,0.0
2025-04-14,CVX,0.0,0.0,0.0,0.0,0.0,0.0,0.0,0.0,0.0,0.0,0.0,0.0,0.0,0.0
2025-04-15,CVX,0.0,0.0,0.0,0.0,0.0,0.0,0.0,0.0,0.0,0.0,0.0,0.0,0.0,0.0
2025-04-16,CVX,0.0,0.0,0.0,0.0,0.0,0.0,0.0,0.0,0.0,0.0,0.0,0.0,0.0,0.0
2025-04-17,CVX,0.0,0.0,0.0,0.0,0.0,0.0,0.0,0.0,0.0,0.0,0.0,0.0,0.0,0.0
2025-04-21,CVX,0.0,0.0,0.0,0.0,0.0,0.0,0.0,0.0,0.0,0.0,0.0,0.0,0.0,0.0
2025-04-22,CVX,0.0,0.0,0.0,0.0,0.0,0.0,0.0,0.0,0.0,0.0,0.0,0.0,0.0,0.0
2025-04-23,CVX,0.0,0.0,0.0,0.0,0.0,0.0,0.0,0.0,0.0,0.0,0.0,0.0,0.0,0.0
2025-04-24,CVX,0.0,0.0,0.0,0.0,0.0,0.0,0.0,0.0,0.0,0.0,0.0,0.0,0.0,0.0
2025-04-25,CVX,0.0,0.0,0.0,0.0,0.0,0.0,0.0,0.0,0.0,0.0,0.0,0.0,0.0,0.0
2025-04-28,CVX,0.0,0.0,0.0,0.0,0.0,0.0,0.0,0.0,0.0,0.0,0.0,0.0,0.0,0.0
2025-04-29,CVX,0.0,0.0,0.0,0.0,0.0,0.0,0.0,0.0,0.0,0.0,0.0,0.0,0.0,0.0
2025-04-30,CVX,0.0,0.0,0.0,0.0,0.0,0.0,0.0,0.0,0.0,0.0,0.0,0.0,0.0,0.0
2025-05-01,CVX,0.0,0.0,0.0,0.0,0.0,0.0,0.0,0.0,0.0,0.0,0.0,0.0,0.0,0.0
2025-05-02,CVX,0.0,0.0,0.0,0.0,0.0,0.0,0.0,0.0,0.0,0.0,0.0,0.0,0.0,0.0
2025-05-05,CVX,0.0,0.0,0.0,0.0,0.0,0.0,0.0,0.0,0.0,0.0,0.0,0.0,0.0,0.0
2025-05-06,CVX,0.0,0.0,0.0,0.0,0.0,0.0,0.0,0.0,0.0,0.0,0.0,0.0,0.0,0.0
2025-05-07,CVX,0.0,0.0,0.0,0.0,0.0,0.0,0.0,0.0,0.0,0.0,0.0,0.0,0.0,0.0
2025-05-08,CVX,0.0,0.0,0.0,0.0,0.0,0.0,0.0,0.0,0.0,0.0,0.0,0.0,0.0,0.0
2025-05-09,CVX,0.0,0.0,0.0,0.0,0.0,0.0,0.0,0.0,0.0,0.0,0.0,0.0,0.0,0.0
2025-05-12,CVX,0.0,0.0,0.0,0.0,0.0,0.0,0.0,0.0,0.0,0.0,0.0,0.0,0.0,0.0
2025-05-13,CVX,0.0,0.0,0.0,0.0,0.0,0.0,0.0,0.0,0.0,0.0,0.0,0.0,0.0,0.0
2025-05-14,CVX,0.0,0.0,0.0,0.0,0.0,0.0,0.0,0.0,0.0,0.0,0.0,0.0,0.0,0.0
2025-05-15,CVX,0.0,0.0,0.0,0.0,0.0,0.0,0.0,0.0,0.0,0.0,0.0,0.0,0.0,0.0
2025-05-16,CVX,0.0,0.0,0.0,0.0,0.0,0.0,0.0,0.0,0.0,0.0,0.0,0.0,0.0,0.0
2025-05-19,CVX,0.0,0.0,0.0,0.0,0.0,0.0,0.0,0.0,0.0,0.0,0.0,0.0,0.0,0.0
2025-05-20,CVX,0.0,0.0,0.0,0.0,0.0,0.0,0.0,0.0,0.0,0.0,0.0,0.0,0.0,0.0
2025-05-21,CVX,0.0,0.0,0.0,0.0,0.0,0.0,0.0,0.0,0.0,0.0,0.0,0.0,0.0,0.0
2025-05-22,CVX,0.0,0.0,0.0,0.0,0.0,0.0,0.0,0.0,0.0,0.0,0.0,0.0,0.0,0.0
2025-05-23,CVX,0.0,0.0,0.0,0.0,0.0,0.0,0.0,0.0,0.0,0.0,0.0,0.0,0.0,0.0
2025-05-27,CVX,0.0,0.0,0.0,0.0,0.0,0.0,0.0,0.0,0.0,0.0,0.0,0.0,0.0,0.0
2025-05-28,CVX,0.0,0.0,0.0,0.0,0.0,0.0,0.0,0.0,0.0,0.0,0.0,0.0,0.0,0.0
2025-05-29,CVX,0.0,0.0,0.0,0.0,0.0,0.0,0.0,0.0,0.0,0.0,0.0,0.0,0.0,0.0
2025-05-30,CVX,0.0,0.0,0.0,0.0,0.0,0.0,0.0,0.0,0.0,0.0,0.0,0.0,0.0,0.0
2025-06-02,CVX,0.0,0.0,0.0,0.0,0.0,0.0,0.0,0.0,0.0,0.0,0.0,0.0,0.0,0.0
2025-06-03,CVX,0.0,0.0,0.0,0.0,0.0,0.0,0.0,0.0,0.0,0.0,0.0,0.0,0.0,0.0
2025-06-04,CVX,0.0,0.0,0.0,0.0,0.0,0.0,0.0,0.0,0.0,0.0,0.0,0.0,0.0,0.0
2025-06-05,CVX,0.0,0.0,0.0,0.0,0.0,0.0,0.0,0.0,0.0,0.0,0.0,0.0,0.0,0.0
2025-06-06,CVX,0.0,0.0,0.0,0.0,0.0,0.0,0.0,0.0,0.0,0.0,0.0,0.0,0.0,0.0
2025-06-09,CVX,0.0,0.0,0.0,0.0,0.0,0.0,0.0,0.0,0.0,0.0,0.0,0.0,0.0,0.0
2025-06-10,CVX,0.0,0.0,0.0,0.0,0.0,0.0,0.0,0.0,0.0,0.0,0.0,0.0,0.0,0.0
2025-06-11,CVX,0.0,0.0,0.0,0.0,0.0,0.0,0.0,0.0,0.0,0.0,0.0,0.0,0.0,0.0
2025-06-12,CVX,0.0,0.0,0.0,0.0,0.0,0.0,0.0,0.0,0.0,0.0,0.0,0.0,0.0,0.0
2025-06-13,CVX,0.0,0.0,0.0,0.0,0.0,0.0,0.0,0.0,0.0,0.0,0.0,0.0,0.0,0.0
2025-06-16,CVX,0.04872675013861486,14.0,6.0,4.0,4.0,0.7719969685588565,0.3797081461442368,0.330981396005622,0.28931046623204437,0.016242250046204953,14.0,6.0,4.0,4.0
2025-06-17,CVX,0.28970534686620036,15.0,9.0,3.0,3.0,0.8369510730107625,0.48658168005446595,0.1968763331882655,0.31654198244214055,0.11281069900160508,29.0,15.0,7.0,7.0
2025-06-18,CVX,0.27421148900281295,11.0,7.0,2.0,2.0,0.8096558885140852,0.5240548876198855,0.2498433986170725,0.22610170428048476,0.20421452866920942,40.0,22.0,9.0,9.0
2025-06-20,CVX,0.13027817155234514,10.0,3.0,2.0,5.0,0.8057096719741821,0.3124416163191199,0.18216344476677473,0.5053949426859617,0.23139833580711952,36.0,19.0,7.0,10.0
2025-06-23,CVX,0.34393948192397744,3.0,1.0,0.0,2.0,0.8555903633435568,0.3869133951763311,0.042973913252353634,0.5701126679778099,0.2494763808263785,24.0,11.0,4.0,9.0
2025-06-24,CVX,0.4041213809645602,7.0,4.0,1.0,2.0,0.8569350412913731,0.5742172122533832,0.17009583128882302,0.2556869454149689,0.29277967814696093,20.0,8.0,3.0,9.0
2025-06-25,CVX,0.27407350158318877,16.0,10.0,4.0,2.0,0.8266441710293293,0.5169215317582712,0.24284803017508236,0.24023042793851343,0.3407114548239088,26.0,15.0,5.0,6.0
2025-06-26,CVX,0.27996071221839103,14.0,7.0,2.0,5.0,0.8086119485752923,0.47642344369419976,0.19646273147580876,0.32711381771202597,0.31938519825538,37.0,21.0,7.0,9.0
2025-06-27,CVX,0.6540578396783935,9.0,6.0,0.0,3.0,0.8746376302507188,0.667730926639504,0.013673086961110388,0.318595990124676,0.402697351159991,39.0,23.0,6.0,10.0
2025-06-30,CVX,0.14267787453718483,8.0,2.0,2.0,4.0,0.8070117235183716,0.3585670052561909,0.215889130719006,0.4255438754335046,0.358898808811323,31.0,15.0,4.0,12.0
2025-07-01,CVX,0.31293951533734793,13.0,8.0,3.0,2.0,0.8845679209782527,0.5573110496625304,0.2443715343251824,0.19831741371980077,0.36989174318430873,30.0,16.0,5.0,9.0
2025-07-02,CVX,0.3646017663519491,11.0,5.0,1.0,5.0,0.835937272418629,0.48916314880956296,0.1245613824576139,0.38627546331421897,0.2734063854088273,32.0,15.0,6.0,11.0
2025-07-03,CVX,0.6881510560633615,8.0,6.0,0.0,2.0,0.8225400149822235,0.7046290319412947,0.016477975877933163,0.2788929676171392,0.4552307792508861,32.0,19.0,4.0,9.0
2025-07-07,CVX,0.18351500957376427,9.0,3.0,2.0,4.0,0.7921829952134026,0.38404719562580186,0.2005321860520376,0.4154206247379382,0.4120892773296916,28.0,14.0,3.0,11.0
2025-07-08,CVX,0.20604670707446834,12.0,6.0,3.0,3.0,0.8564778119325638,0.4637492554417501,0.25770254836728174,0.2785481961133579,0.3592375909038647,29.0,15.0,5.0,9.0
2025-07-09,CVX,0.18529448906580606,9.0,3.0,2.0,4.0,0.8236035108566284,0.3661719734470049,0.18087748438119883,0.4529505179574092,0.1916187352380129,30.0,12.0,7.0,11.0
2025-07-10,CVX,0.3001996657381264,13.0,5.0,2.0,6.0,0.8275897044401902,0.43358044655850303,0.13338078082037658,0.4330387639884765,0.2305136206261336,34.0,14.0,7.0,13.0
2025-07-11,CVX,0.22327427884253362,12.0,7.0,2.0,3.0,0.7535188073913256,0.44227789839108783,0.21900361954855418,0.3387184940899412,0.23625614454882202,34.0,15.0,6.0,13.0
2025-07-14,CVX,-0.032600804581306916,8.0,3.0,3.0,2.0,0.9008142948150635,0.34105520159937436,0.3736560061806813,0.28528878232464194,0.16362437999978438,33.0,15.0,7.0,11.0
2025-07-15,CVX,-0.11088969354302837,13.0,4.0,7.0,2.0,0.8694068972881024,0.3617601114540146,0.47264980499704295,0.16559006674931595,0.026594593572732778,33.0,14.0,12.0,7.0
2025-07-16,CVX,0.3418119106707828,7.0,4.0,2.0,1.0,0.8128944507666996,0.5627478659152985,0.22093595524451562,0.21631617152265134,0.06610713751548251,28.0,11.0,12.0,5.0
2025-07-17,CVX,-0.060382013519605,3.0,1.0,2.0,0.0,0.7560274799664816,0.3984635720650355,0.4588455855846405,0.14269081254800156,0.05684673453604982,23.0,9.0,11.0,3.0
2025-07-18,CVX,0.2573694877140224,25.0,13.0,4.0,8.0,0.7844300246238709,0.46800661524757736,0.21063712753355499,0.3213562583923339,0.17959979495506673,35.0,18.0,8.0,9.0
2025-07-21,CVX,0.3112054007231361,18.0,8.0,3.0,7.0,0.859791530503167,0.47778175543579793,0.16657635471266172,0.3556418659475942,0.16939762497251784,46.0,22.0,9.0,15.0
2025-07-22,CVX,0.4157565504179469,7.0,3.0,0.0,4.0,0.7413729982716697,0.4933008610137871,0.07754431059584017,0.4291548351091998,0.3281104796183685,50.0,24.0,7.0,19.0
2025-07-23,CVX,0.17174870449189955,13.0,7.0,4.0,2.0,0.858861682506708,0.4850771867741759,0.3133284822822763,0.20159432779137898,0.29957021854432747,38.0,18.0,7.0,13.0
2025-07-24,CVX,-0.1381534894203974,9.0,2.0,4.0,3.0,0.8711659444702996,0.28764860419970417,0.4258020936201016,0.28654931692613494,0.1497839218298163,29.0,12.0,8.0,9.0
2025-07-25,CVX,0.10173770522233098,20.0,9.0,8.0,3.0,0.8742263406515122,0.46188241059426216,0.3601447053719312,0.17797288014553486,0.0451109734312777,42.0,18.0,16.0,8.0
2025-07-28,CVX,0.3765860606844609,13.0,7.0,1.0,5.0,0.83311560520759,0.4953372080882008,0.11875114740373993,0.38591162795917344,0.11339009216213147,42.0,18.0,13.0,11.0
2025-07-29,CVX,0.15570229098487356,13.0,4.0,2.0,7.0,0.9174481767874497,0.32777240012700737,0.17207010914213378,0.5001574975366776,0.21134201896388846,46.0,20.0,11.0,15.0
2025-07-30,CVX,0.4083007069504155,14.0,7.0,1.0,6.0,0.8297701818602425,0.4818005761397736,0.07349986918935814,0.44469956109034164,0.31352968620658334,40.0,18.0,4.0,18.0
2025-07-31,CVX,-0.06317444308660927,18.0,6.0,7.0,5.0,0.8670885297987196,0.311563335178006,0.37473777826461524,0.31369888844589394,0.16694285161622657,45.0,17.0,10.0,18.0
2025-08-01,CVX,-0.11938701057806611,31.0,9.0,15.0,7.0,0.8497879293657118,0.32655557162398774,0.44594258220205385,0.22750185297862174,0.07524641776191335,63.0,22.0,23.0,18.0
2025-08-04,CVX,0.4324280783026056,11.0,6.0,1.0,4.0,0.8718374588272788,0.5671120004897768,0.13468392218717115,0.29820408502762963,0.08328887487931007,60.0,21.0,23.0,16.0
2025-08-05,CVX,0.11073919120602883,13.0,2.0,2.0,9.0,0.7818008432021508,0.30506264998649174,0.19432345878046287,0.5006139119370625,0.14126008631018944,55.0,17.0,18.0,20.0
2025-08-06,CVX,0.315501848320392,11.0,5.0,0.0,6.0,0.8062476732514121,0.4033088819547133,0.08780703363432121,0.5088840789076957,0.28622303927634213,35.0,13.0,3.0,19.0
2025-08-07,CVX,0.21275402356072196,14.0,7.0,4.0,3.0,0.7671719193458557,0.46985729271546006,0.2571032691547381,0.2730394368991256,0.21299835436238093,38.0,14.0,6.0,18.0
2025-08-08,CVX,0.1655214571926211,7.0,3.0,2.0,2.0,0.8672738756452288,0.42683397027264747,0.26131251308002634,0.3118535064693008,0.231259109691245,32.0,15.0,6.0,11.0
2025-08-11,CVX,-0.031000810908153667,8.0,2.0,3.0,3.0,0.7018951773643494,0.34038271103054285,0.3713835219386965,0.28823375632055104,0.1157582232817298,29.0,12.0,9.0,8.0
2025-08-12,CVX,0.458309983741492,10.0,6.0,1.0,3.0,0.9222501456737519,0.5675651909783482,0.10925520723685618,0.32317960597574713,0.19761021000865317,25.0,11.0,6.0,8.0
2025-08-13,CVX,0.42187562920153143,5.0,3.0,1.0,1.0,0.8686257362365722,0.5784012094140053,0.1565255802124738,0.26507319509983057,0.28306160067828995,23.0,11.0,5.0,7.0
2025-08-14,CVX,0.3126274096236254,12.0,6.0,2.0,4.0,0.8694008936484655,0.4861200905870646,0.1734926809634392,0.3403872159930567,0.39760434085554963,27.0,15.0,4.0,8.0
2025-08-15,CVX,0.14985268647697836,11.0,3.0,2.0,6.0,0.8767373670231212,0.33836646945300425,0.18851378297602583,0.473119772547348,0.2947852417673784,28.0,12.0,5.0,11.0
2025-08-18,CVX,0.4312510384867589,6.0,3.0,0.0,3.0,0.8433746099472046,0.4641250614076853,0.032874022920926366,0.5030009013911089,0.29791037819578753,29.0,12.0,4.0,13.0
2025-08-19,CVX,0.04456713292747738,10.0,4.0,3.0,3.0,0.8607679545879364,0.3559013525024056,0.3113342195749283,0.33276444692164653,0.20855695263040488,27.0,10.0,5.0,12.0
2025-08-20,CVX,0.4457405010859172,9.0,6.0,1.0,2.0,0.8539530138174692,0.5980431743794017,0.15230267329348454,0.24965413535634673,0.3071862241667178,25.0,13.0,4.0,8.0
2025-08-21,CVX,0.6310939959560832,6.0,4.0,0.0,2.0,0.9247556229432424,0.6480766323705515,0.016982636414468233,0.33494074114908773,0.37380054332315926,25.0,14.0,4.0,7.0
2025-08-22,CVX,0.5577445207163692,3.0,1.0,0.0,2.0,0.7231026887893677,0.5714530448118845,0.013708524095515333,0.4148384587218364,0.5448596725861231,18.0,11.0,1.0,6.0
2025-08-25,CVX,0.36144169652834535,4.0,2.0,0.0,2.0,0.7209276556968689,0.3715025521814823,0.0100608556531369,0.6184365600347519,0.5167600710669326,13.0,7.0,0.0,6.0
2025-08-26,CVX,0.13258491568267344,5.0,2.0,1.0,2.0,0.8556142926216126,0.3642654504626989,0.23168053478002543,0.40405401922762396,0.35059037764246265,12.0,5.0,1.0,6.0
2025-08-27,CVX,0.48440712119918317,8.0,5.0,0.0,3.0,0.7355228140950203,0.544956182828173,0.06054906162898984,0.39449475752189755,0.32614457780340067,17.0,9.0,1.0,7.0
2025-08-28,CVX,0.4310124800540507,4.0,2.0,0.0,2.0,0.8467866629362106,0.44780620187520975,0.01679372182115905,0.5354000926017761,0.34933483897863576,17.0,9.0,1.0,7.0
2025-08-29,CVX,0.5789571303874255,5.0,3.0,0.0,2.0,0.8166303634643555,0.6293842367827892,0.05042710639536376,0.3201886743307113,0.4981255772135531,17.0,10.0,0.0,7.0
2025-09-02,CVX,0.7561627055207888,3.0,2.0,0.0,1.0,0.7814740737279257,0.7725557088851929,0.016393003364403965,0.21105128402511275,0.5887107719874217,12.0,7.0,0.0,5.0
2025-09-03,CVX,0.2992166392505169,8.0,4.0,1.0,3.0,0.8550745844841003,0.48230426863301545,0.18308762938249853,0.3346080945339054,0.5447788250529104,16.0,9.0,1.0,6.0
2025-09-04,CVX,-0.7999868815299124,10.0,0.0,9.0,1.0,0.9213769555091857,0.03413742105476554,0.834124302584678,0.13173828255385156,0.08513082108046444,21.0,6.0,10.0,5.0
2025-09-05,CVX,0.07307166457176209,5.0,3.0,2.0,0.0,0.8684217214584351,0.5068287750706076,0.4337571104988456,0.05941410362720484,-0.14256619256921113,23.0,7.0,12.0,4.0
2025-09-08,CVX,0.08491064846101735,9.0,3.0,2.0,4.0,0.8522182636790805,0.3163441852149036,0.23143353675388623,0.4522222760650847,-0.21400152283237764,24.0,6.0,13.0,5.0
2025-09-09,CVX,-0.002572537089387613,3.0,1.0,1.0,1.0,0.9449348251024882,0.33466437272727484,0.3372369098166624,0.3280987255275249,0.05180325864779728,17.0,7.0,5.0,5.0
2025-09-10,CVX,0.24607208883389828,6.0,2.0,1.0,3.0,0.8085041046142578,0.41376911227901775,0.1676970234451194,0.41853384270022315,0.10947006673517601,18.0,6.0,4.0,8.0
2025-09-11,CVX,0.28196605369448663,10.0,5.0,2.0,3.0,0.9060977518558502,0.49149436997249724,0.20952831627801055,0.298977318033576,0.17515520181299907,19.0,8.0,4.0,7.0
2025-09-12,CVX,-0.0944349479395896,8.0,2.0,3.0,3.0,0.8536210805177689,0.2642500807996839,0.3586850287392735,0.3770649100188166,0.1445343981962651,24.0,9.0,6.0,9.0
2025-09-15,CVX,-0.41039373585954314,2.0,0.0,1.0,1.0,0.8922461569309235,0.0864756978116929,0.496869433671236,0.4166549034416675,-0.07428754336821537,20.0,7.0,6.0,7.0
2025-09-16,CVX,0.6571118026040494,4.0,3.0,0.0,1.0,0.9050037860870361,0.6839291620999575,0.026817359495907977,0.28925346769392485,0.05076103960163891,14.0,5.0,4.0,5.0
2025-09-17,CVX,0.4355750588986736,13.0,9.0,2.0,2.0,0.841789383154649,0.6319604838410249,0.19638542494235128,0.17165408727641285,0.22743104188105998,19.0,12.0,3.0,4.0
2025-09-18,CVX,0.6807154885286258,9.0,7.0,0.0,2.0,0.8493006825447083,0.7124803612629572,0.03176487273433138,0.2557547398739391,0.5911341166771162,26.0,19.0,2.0,5.0
2025-09-19,CVX,0.1678740017943912,9.0,3.0,2.0,4.0,0.7367400990592109,0.35364929866045713,0.18577529686606586,0.4605753968159358,0.42805484974056357,31.0,19.0,4.0,8.0
2025-09-22,CVX,0.4585965466297542,12.0,7.0,2.0,3.0,0.8045546288291613,0.5860360545727114,0.12743950794295714,0.2865244327113032,0.4357286789842571,30.0,17.0,4.0,9.0
2025-09-23,CVX,0.32679852232750917,9.0,4.0,2.0,3.0,0.8213499453332689,0.5026750115470754,0.17587648921956614,0.3214484823660718,0.31775635691721815,30.0,14.0,6.0,10.0
2025-09-24,CVX,0.18090921674544613,15.0,8.0,4.0,3.0,0.7805808544158935,0.44251982122659683,0.2616106044811507,0.2958695845057567,0.3221014285675698,36.0,19.0,8.0,9.0
2025-09-25,CVX,0.36388580352067945,5.0,3.0,1.0,1.0,0.922577440738678,0.5840398507192731,0.22015404719859358,0.19580608457326887,0.2905311808645449,29.0,15.0,7.0,7.0
2025-09-26,CVX,0.3181609066410197,9.0,4.0,1.0,4.0,0.9396436015764872,0.446257949496309,0.1280970428552892,0.42564500909712577,0.28765197563571504,29.0,15.0,6.0,8.0
2025-09-29,CVX,-0.20668370043858886,5.0,1.0,3.0,1.0,0.7925742268562317,0.2484833657741546,0.4551670662127435,0.2963495716452598,0.15845433657437005,19.0,8.0,5.0,6.0
2025-09-30,CVX,-0.09166920239416261,6.0,3.0,3.0,0.0,0.898192286491394,0.4205260709859431,0.5121952733801057,0.06727865897119041,0.006602667936089375,20.0,8.0,7.0,5.0
2025-10-01,CVX,0.34942820460042534,17.0,9.0,3.0,5.0,0.8597100727698382,0.5287738784271128,0.17934567382668742,0.29188043361201005,0.01702510058922459,28.0,13.0,9.0,6.0
2025-10-02,CVX,0.3281473462254955,13.0,7.0,2.0,4.0,0.8732984524506789,0.5174492964377769,0.18930195021228144,0.29324876402433103,0.19530211614391937,36.0,19.0,8.0,9.0
2025-10-03,CVX,-0.10196297446435146,22.0,9.0,10.0,3.0,0.8552295091477308,0.34454622111198574,0.4465091955763372,0.20894458111036904,0.1918708587871898,52.0,25.0,15.0,12.0
2025-10-06,CVX,0.5003807446919382,8.0,5.0,1.0,2.0,0.8237145692110062,0.5865769353695214,0.08619619067758315,0.3272268874570727,0.2421883721510274,43.0,21.0,13.0,9.0
2025-10-07,CVX,0.08314151027136378,9.0,3.0,3.0,3.0,0.8720453778902689,0.3739282572641969,0.290786746992833,0.3352849853949414,0.16051976016631683,39.0,17.0,14.0,8.0
2025-10-08,CVX,-0.11042292788624763,12.0,3.0,5.0,4.0,0.8969359546899796,0.27916274817350006,0.38958567605974764,0.33125158104424673,0.1576997756923514,29.0,11.0,9.0,9.0
2025-10-09,CVX,0.32336319517344236,14.0,6.0,2.0,6.0,0.7841632919652122,0.4814653620123863,0.15810216683894393,0.36043246782251764,0.09869392585285282,35.0,12.0,10.0,13.0
2025-10-10,CVX,0.0712663722741935,9.0,4.0,3.0,2.0,0.8513721227645874,0.4064383569897877,0.3351719847155941,0.2583896610885858,0.09473554652046272,35.0,13.0,10.0,12.0
2025-10-13,CVX,-0.363202827051282,2.0,0.0,1.0,1.0,0.8746137320995331,0.058525290340185096,0.42172811739146704,0.5197465568780899,0.010475580132117948,25.0,10.0,6.0,9.0
2025-10-14,CVX,-0.06609549787309439,9.0,2.0,4.0,3.0,0.8176218271255493,0.3049788480210635,0.3710743458941579,0.32394679035577506,-0.11934398421672764,20.0,6.0,8.0,6.0
2025-10-15,CVX,-0.0018087334132620267,7.0,3.0,3.0,1.0,0.9020473190716335,0.40676296821662355,0.4085717016298856,0.1846653233681406,-0.1437023527792128,18.0,5.0,8.0,5.0
2025-10-16,CVX,0.22915697181597353,5.0,1.0,0.0,4.0,0.8978728890419007,0.2448163270950317,0.015659355279058183,0.7395242810249328,0.05375091350987235,21.0,6.0,7.0,8.0
2025-10-17,CVX,-0.5873614652082325,3.0,0.0,2.0,1.0,0.9269319574038187,0.034536958051224496,0.621898423259457,0.3435646078238885,-0.12000440893517368,15.0,4.0,5.0,6.0
2025-10-20,CVX,0.1898443005047738,5.0,2.0,1.0,2.0,0.9205601453781128,0.3934278504922986,0.2035835499875247,0.40298862606287,-0.05612006429582842,13.0,3.0,3.0,7.0
2025-10-21,CVX,-0.2823234081992673,9.0,2.0,4.0,3.0,0.8652687271436056,0.16778827484490139,0.4501116830441687,0.38210006141000324,-0.22661352430090873,17.0,4.0,7.0,6.0
2025-10-22,CVX,-0.49146144690790344,7.0,0.0,4.0,3.0,0.9005569560187203,0.06807435982461482,0.5595358067325183,0.3723898396960326,-0.19464685153413233,21.0,4.0,9.0,8.0
2025-10-23,CVX,0.8796748702103893,6.0,6.0,0.0,0.0,0.913347472747167,0.913347472747167,0.0336726025367776,0.052979935581485386,0.03529667170107279,22.0,8.0,8.0,6.0
2025-10-24,CVX,-0.12457447286163059,7.0,2.0,3.0,2.0,0.9272556900978088,0.2998614663790379,0.4244359392406685,0.2757025698998144,0.08787965014695172,20.0,8.0,7.0,5.0
2025-10-27,CVX,-0.1809428214716415,6.0,1.0,2.0,3.0,0.9122658570607504,0.18589521339163181,0.3668380348632733,0.4472667382409175,0.1913858586257057,19.0,9.0,5.0,5.0
2025-10-28,CVX,0.30106221232563257,13.0,5.0,1.0,7.0,0.8523395153192374,0.3986063158282867,0.09754410350265408,0.5038495780183718,-0.0014850273358798887,26.0,8.0,6.0,12.0
2025-10-29,CVX,0.0027920599760753767,7.0,2.0,2.0,3.0,0.8438485094479152,0.2967473366963012,0.2939552767202258,0.4092973917722702,0.0409704836100221,26.0,8.0,5.0,13.0
2025-10-30,CVX,0.4261089261621237,10.0,5.0,0.0,5.0,0.8802098155021667,0.4706629730761051,0.04455404691398139,0.4847829820588231,0.2433210661546105,30.0,12.0,3.0,15.0
2025-10-31,CVX,0.2156585876976973,38.0,18.0,10.0,10.0,0.8890073785656377,0.47469315356820035,0.259034565870503,0.2662722807818729,0.2148531912786321,55.0,25.0,12.0,18.0
2025-11-03,CVX,0.5692808530293405,10.0,7.0,1.0,2.0,0.8387517035007477,0.6440469972789288,0.07476614424958819,0.2811868779361248,0.4036827889630538,58.0,30.0,11.0,17.0
2025-11-04,CVX,0.7015831658024002,11.0,9.0,0.0,2.0,0.8698472109707919,0.7167308537120168,0.015147687909616627,0.2681214631619778,0.4955075355098126,59.0,34.0,11.0,14.0
2025-11-05,CVX,0.21125383190810676,5.0,2.0,1.0,2.0,0.8780089616775513,0.41761243939399717,0.20635860748589038,0.37602896504104133,0.49403928357994903,26.0,18.0,2.0,6.0
2025-11-06,CVX,0.8338841916061938,10.0,9.0,0.0,1.0,0.9151385128498077,0.861980751156807,0.02809655955061311,0.10992270261049267,0.5822403964389001,26.0,20.0,1.0,5.0
2025-11-07,CVX,-0.054827502851064004,6.0,3.0,3.0,0.0,0.9257994691530863,0.463123169184352,0.517950672035416,0.018926140541831598,0.3301035068877455,21.0,14.0,4.0,3.0
2025-11-10,CVX,0.620531028136611,1.0,1.0,0.0,0.0,0.6352339386940002,0.6352339386940002,0.0147029105573892,0.3500631153583526,0.4665292389639135,17.0,13.0,3.0,1.0
2025-11-11,CVX,0.2526564934690083,7.0,3.0,1.0,3.0,0.8656237806592669,0.4320113505902035,0.17935485712119506,0.3886338089193616,0.27278667291818504,14.0,7.0,4.0,3.0
2025-11-12,CVX,0.19786916648348168,15.0,7.0,4.0,4.0,0.8511646231015523,0.4297890761246284,0.23191990964114664,0.33829099088907244,0.3570188960297003,23.0,11.0,5.0,7.0
2025-11-13,CVX,0.14680108614265916,17.0,6.0,4.0,7.0,0.8495913533603444,0.38708219227983665,0.24028110613717746,0.37263669298194785,0.19910891536504963,39.0,16.0,9.0,14.0
2025-11-14,CVX,-0.1576649363463124,3.0,0.0,1.0,2.0,0.8192024827003479,0.1569786928594112,0.3146436292057236,0.528377660860618,0.06233510542660941,35.0,13.0,9.0,13.0
2025-11-17,CVX,0.30627756789326666,5.0,1.0,0.0,4.0,0.8247693300247192,0.3250265210866927,0.0187489531934261,0.656224538385868,0.09847123922987107,25.0,7.0,5.0,13.0
2025-11-18,CVX,-0.1430731059517711,4.0,1.0,2.0,1.0,0.8644331991672516,0.2974695067387074,0.44054261269047856,0.26198787102475757,0.0018465085317276493,12.0,2.0,3.0,7.0
2025-11-19,CVX,0.18248020358044992,11.0,4.0,2.0,5.0,0.8316565968773582,0.39206617359410634,0.2095859700136564,0.3983478635888208,0.11522822184064842,20.0,6.0,4.0,10.0
2025-11-20,CVX,0.08799029332162302,11.0,4.0,3.0,4.0,0.855745716528459,0.36773445482619777,0.27974416150457476,0.35252135771919374,0.04246579698343387,26.0,9.0,7.0,10.0
2025-11-21,CVX,0.3275493918918073,4.0,3.0,1.0,0.0,0.8101854771375656,0.5759343216195703,0.24838492972776294,0.17568072210997338,0.19933996293129333,26.0,11.0,6.0,9.0
2025-11-24,CVX,0.046652610103289284,3.0,1.0,1.0,1.0,0.7133992513020834,0.37413902177164954,0.3274864116683602,0.29837455910940963,0.15406409843890648,18.0,8.0,5.0,5.0
2025-11-25,CVX,0.17763116102044782,6.0,3.0,2.0,1.0,0.921234001715978,0.4891161268266539,0.31148496580620605,0.1993989190086722,0.18394438767184806,13.0,7.0,4.0,2.0
2025-11-26,CVX,0.1245325206277462,13.0,4.0,2.0,7.0,0.8586807113427383,0.30871707752633554,0.18418455689858926,0.5070983813359187,0.11627209725049437,22.0,8.0,5.0,9.0
2025-11-28,CVX,0.39641760429367423,6.0,3.0,0.0,3.0,0.8596461017926534,0.42414688008526963,0.027729275791595353,0.5481238371382157,0.23286042864728937,25.0,10.0,4.0,11.0
2025-12-01,CVX,0.10859498030252075,11.0,4.0,3.0,4.0,0.9156879132444208,0.36751093266701157,0.2589159523644908,0.3735731150954962,0.20984836840798035,30.0,11.0,5.0,14.0
2025-12-02,CVX,0.451525666207696,6.0,3.0,0.0,3.0,0.8384716808795929,0.48548418035109836,0.03395851414340235,0.4805573299527168,0.31884608360129696,23.0,10.0,3.0,10.0
2025-12-03,CVX,0.6284743694122881,4.0,3.0,0.0,1.0,0.8516635745763779,0.651907104998827,0.02343273558653885,0.3246601345017552,0.3961983386408349,21.0,10.0,3.0,8.0
2025-12-04,CVX,0.4982142766627173,12.0,8.0,1.0,3.0,0.8577983280022939,0.5928646461106837,0.09465036944796638,0.3124849818026026,0.5260714374275671,22.0,14.0,1.0,7.0
2025-12-05,CVX,0.6020942348986864,11.0,7.0,0.0,4.0,0.8860999345779419,0.6468133889138699,0.04471915401518342,0.3084674574096094,0.5762609603245639,27.0,18.0,1.0,8.0
2025-12-08,CVX,0.3044650573283434,5.0,2.0,0.0,3.0,0.8452237248420715,0.3193109713494778,0.01484591402113434,0.665843130648136,0.4682578562965823,28.0,17.0,1.0,10.0
2025-12-09,CVX,0.004015912834022727,7.0,2.0,2.0,3.0,0.8134848305157253,0.29237670531230314,0.28836079247828034,0.4192625204367297,0.30352506835368415,23.0,11.0,2.0,10.0
2025-12-10,CVX,0.5318541622466662,11.0,7.0,0.0,4.0,0.8338733369653876,0.5510558181188323,0.0192016558721661,0.42974252575500443,0.2801117108030107,23.0,11.0,2.0,10.0
2025-12-11,CVX,0.33861447727152455,12.0,7.0,3.0,2.0,0.8949194302161535,0.5727675231173635,0.23415304584583885,0.19307943775008118,0.2914948507840711,30.0,16.0,5.0,9.0
2025-12-12,CVX,0.5744592001322996,11.0,8.0,1.0,2.0,0.8736631165851246,0.6725423193790696,0.09808311924676999,0.22937457957728338,0.4816426132168301,34.0,22.0,4.0,8.0
2025-12-15,CVX,0.06739945057779546,5.0,0.0,1.0,4.0,0.7611833095550538,0.1965868055820465,0.129187355004251,0.6742258265614509,0.3268243759938732,28.0,15.0,5.0,8.0
2025-12-16,CVX,-0.04052848126739268,10.0,4.0,5.0,1.0,0.8035520285367965,0.39505178574472666,0.43558026701211927,0.16936795618385073,0.20044338981423415,26.0,12.0,7.0,7.0
2025-12-17,CVX,-0.20050942357629536,15.0,4.0,7.0,4.0,0.78186088403066,0.24274461610863604,0.44325403968493143,0.31400134271631636,-0.05787948475529753,30.0,8.0,13.0,9.0
2025-12-18,CVX,0.5016355104744434,19.0,11.0,2.0,6.0,0.8280140663448133,0.5984664175071215,0.09683090703267795,0.3047026717349102,0.08686586854358513,44.0,19.0,14.0,11.0
2025-12-19,CVX,0.3445619218206654,12.0,6.0,1.0,5.0,0.8286928236484528,0.4659359621970604,0.12137404037639495,0.4126900027816494,0.2152293362396045,46.0,21.0,10.0,15.0
2025-12-22,CVX,0.09438268572557718,8.0,2.0,2.0,4.0,0.8696256801486015,0.2967764695640653,0.2023937838384881,0.5008297716267407,0.31352670600689536,39.0,19.0,5.0,15.0
2025-12-23,CVX,0.32264297522811425,9.0,3.0,0.0,6.0,0.8243653708034091,0.36525409792860347,0.042611122700489196,0.5921347764217191,0.2538625275914523,29.0,11.0,3.0,15.0
2025-12-24,CVX,-0.21523670051246882,5.0,2.0,3.0,0.0,0.8043354153633118,0.31146138198673723,0.526698082499206,0.1618405435234308,0.06726298681374089,22.0,7.0,5.0,10.0
2025-12-26,CVX,0.0,0.0,0.0,0.0,0.0,0.0,0.0,0.0,0.0,0.03580209157188183,14.0,5.0,3.0,6.0
2025-12-29,CVX,-0.02041950206168823,9.0,3.0,3.0,3.0,0.7850649158159891,0.29649748109901947,0.3169169831607077,0.3865855385859807,-0.078552067524719,14.0,5.0,6.0,3.0
2025-12-30,CVX,0.5218476159498096,15.0,9.0,0.0,6.0,0.8530207554499308,0.5566433062156041,0.034795690265794536,0.4085610066850979,0.16714270462937378,24.0,12.0,3.0,9.0
2025-12-31,CVX,0.291622355269889,6.0,3.0,1.0,2.0,0.9222401181856791,0.4670513921106855,0.17542903684079644,0.35751955180118483,0.26435015638600345,30.0,15.0,4.0,11.0
2026-01-02,CVX,0.22946287028025836,4.0,2.0,1.0,1.0,0.9322463124990463,0.4845194834051653,0.25505661312490696,0.2604239294305444,0.3476442804999856,25.0,14.0,2.0,9.0
2026-01-05,CVX,0.30481515801511705,46.0,25.0,6.0,15.0,0.8056264079135397,0.49331213630047505,0.18849697828535797,0.318190884857398,0.2753001278550881,56.0,30.0,8.0,18.0
2026-01-06,CVX,0.31129360410185264,56.0,32.0,10.0,14.0,0.7851940537137645,0.5245715001531478,0.21327789605129507,0.2621506031469575,0.281857210799076,106.0,59.0,17.0,30.0
2026-01-07,CVX,0.010487587031509185,35.0,8.0,10.0,17.0,0.811323254449027,0.2866040424044643,0.2761164553729551,0.43727950459080084,0.2088654497161596,137.0,65.0,26.0,46.0
2026-01-08,CVX,0.1447572390278501,31.0,12.0,9.0,10.0,0.8345856935747208,0.40502267757490756,0.26026543854705747,0.3347118985388548,0.1555128100537373,122.0,52.0,29.0,41.0
2026-01-09,CVX,0.35909401691716275,33.0,15.0,2.0,16.0,0.8097990986072656,0.4665380847273451,0.10744406781018227,0.42601784138065396,0.17144628099217404,99.0,35.0,21.0,43.0
2026-01-12,CVX,0.21050831692462618,11.0,6.0,3.0,2.0,0.7891243858770891,0.48480298844250763,0.27429467151788145,0.24090235206213864,0.238119857623213,75.0,33.0,14.0,28.0
2026-01-13,CVX,0.039758627631646754,17.0,7.0,6.0,4.0,0.8219897922347573,0.36929058995755276,0.329531962325906,0.30117746080984087,0.20312032049114523,61.0,28.0,11.0,22.0
2026-01-14,CVX,0.39041596837341785,12.0,6.0,1.0,5.0,0.854154109954834,0.48347834528734285,0.09306237691392498,0.42345926895116764,0.2135609709765636,40.0,19.0,10.0,11.0
2026-01-15,CVX,-0.026031460254811314,13.0,4.0,5.0,4.0,0.8607321977615356,0.33145914760489875,0.3574906078597101,0.31105023937729687,0.13471437858341778,42.0,17.0,12.0,13.0
2026-01-16,CVX,0.09005490843864049,17.0,7.0,7.0,3.0,0.8742839290815241,0.4522544504965053,0.36219954205786475,0.18554599259925236,0.15147980551908233,42.0,17.0,13.0,12.0
2026-01-20,CVX,0.00534415785223247,10.0,3.0,3.0,4.0,0.7618044078350067,0.3553289499133825,0.3499847920611501,0.294686259329319,0.02312253534535388,40.0,14.0,15.0,11.0
2026-01-21,CVX,-0.13393171893824873,19.0,3.0,7.0,9.0,0.8221881264134457,0.1979131685128729,0.3318448874511216,0.4702419574911657,-0.012844217549125259,46.0,13.0,17.0,16.0
2026-01-22,CVX,0.3503035951871425,16.0,9.0,2.0,5.0,0.8494959510862827,0.4924317611148581,0.14212816592771554,0.36544005502946675,0.07390534470037541,45.0,15.0,12.0,18.0
2026-01-23,CVX,0.16613464218874768,15.0,5.0,3.0,7.0,0.8550797899564108,0.38312852873156467,0.2169938865428169,0.3998775890717904,0.12750217281254714,50.0,17.0,12.0,21.0
2026-01-26,CVX,-0.05121316673466939,16.0,2.0,5.0,9.0,0.8003719560801983,0.2627765963552519,0.3139897630899213,0.42323364107869565,0.15507502354707361,47.0,16.0,10.0,21.0
2026-01-27,CVX,-0.06017499516851136,14.0,3.0,5.0,6.0,0.8387312186615807,0.2883244251965412,0.3484994203650525,0.3631761534405606,0.018248826761855644,45.0,10.0,13.0,22.0
2026-01-28,CVX,0.13666221837047487,16.0,6.0,4.0,6.0,0.7798619754612446,0.3705344772897661,0.23387225891929114,0.395593267516233,0.008424685489098041,46.0,11.0,14.0,21.0
2026-01-29,CVX,-0.02253327150405811,11.0,4.0,4.0,3.0,0.843528996814381,0.34379149160601874,0.36632476311007683,0.2898837385529821,0.01798465056596847,41.0,13.0,13.0,15.0
2026-01-30,CVX,0.10464994780098398,42.0,17.0,13.0,12.0,0.8581525186697642,0.42329806255708846,0.31864811475610444,0.2580538275873377,0.07292629822246692,69.0,27.0,21.0,21.0
2026-02-02,CVX,-0.14407361562674245,12.0,2.0,6.0,4.0,0.7984610895315806,0.30465115668872983,0.44872477231547236,0.24662407619568205,-0.02065231310993886,65.0,23.0,23.0,19.0
2026-02-03,CVX,0.4924607160256097,19.0,12.0,2.0,5.0,0.8068101939402128,0.5797708817806683,0.08731016575505854,0.33291894942522043,0.15101234939995042,73.0,31.0,21.0,21.0
2026-02-04,CVX,-0.027175852944227804,11.0,3.0,4.0,4.0,0.8819880377162587,0.3238251745192842,0.35100102746351197,0.32517378464002494,0.10707041581821315,42.0,17.0,12.0,13.0
2026-02-05,CVX,0.23255615451318376,17.0,6.0,3.0,8.0,0.8151524943463943,0.44025275461813984,0.20769660010495603,0.3520506441812305,0.23261367253152188,47.0,21.0,9.0,17.0
2026-02-06,CVX,0.17482741316780448,8.0,5.0,2.0,1.0,0.7867041304707527,0.45507749484386295,0.28025008167605847,0.2646724365185946,0.12673590491225348,36.0,14.0,9.0,13.0
2026-02-09,CVX,0.5754767462300757,3.0,2.0,0.0,1.0,0.7771226366360983,0.6174889902273814,0.0420122439973056,0.34049880132079124,0.3276201046370213,28.0,13.0,5.0,10.0
2026-02-10,CVX,0.03115643410441965,13.0,5.0,4.0,4.0,0.8183998740636386,0.3472565383148881,0.31610010421046836,0.33664336084173274,0.2604868645007666,24.0,12.0,6.0,6.0
2026-02-11,CVX,0.34148992970585823,13.0,5.0,1.0,7.0,0.7959321003693801,0.4240751550174676,0.08258522531160938,0.49333963500192524,0.31604103668011785,29.0,12.0,5.0,12.0
2026-02-12,CVX,0.1852228322997689,15.0,7.0,4.0,4.0,0.9016719222068786,0.46270820690939823,0.2774853746096293,0.2598064132034778,0.18595639870334893,41.0,17.0,9.0,15.0
2026-02-13,CVX,0.706841386621818,8.0,6.0,0.0,2.0,0.9183790683746338,0.7227678662165999,0.01592647959478195,0.2613056562840938,0.41118471620914837,36.0,18.0,5.0,13.0
2026-02-17,CVX,0.22305827899836003,20.0,9.0,5.0,6.0,0.8620323568582535,0.45521711152978234,0.23215883253142233,0.3126240559853613,0.3717074993066489,43.0,22.0,9.0,12.0
2026-02-18,CVX,0.20014545135200024,8.0,2.0,1.0,5.0,0.7998719364404678,0.3577859592624008,0.1576405079104006,0.4845735472626984,0.37668170565739273,36.0,17.0,6.0,13.0
2026-02-19,CVX,0.24791260887510502,13.0,7.0,4.0,2.0,0.8876873163076547,0.5239597275280036,0.2760471186528985,0.19999315116841057,0.22370544640848844,41.0,18.0,10.0,13.0
2026-02-20,CVX,0.31184201102171627,7.0,4.0,2.0,1.0,0.8724263395581927,0.5832813541804042,0.27143934315868784,0.1452792904206684,0.2533000237496072,28.0,13.0,7.0,8.0
2026-02-23,CVX,0.5648005849427797,11.0,7.0,2.0,2.0,0.739902910861102,0.6646732525392012,0.0998726675964214,0.23545406961982895,0.3748517349465337,31.0,18.0,8.0,5.0
2026-02-24,CVX,0.34578585494309666,10.0,5.0,2.0,3.0,0.8448980450630188,0.5229926845058799,0.1772068295627832,0.29980048052966596,0.40747615030253087,28.0,16.0,6.0,6.0
2026-02-25,CVX,0.7383373655223598,6.0,5.0,0.0,1.0,0.8638911545276642,0.7525437250733376,0.014206359550977701,0.23324991172800458,0.5496412684694121,27.0,17.0,4.0,6.0
2026-02-26,CVX,0.07889043224147624,18.0,3.0,4.0,11.0,0.792045944266849,0.3026925815890233,0.22380214934754697,0.47350528551679516,0.3876712175689776,34.0,13.0,6.0,15.0
2026-02-27,CVX,0.06612937048905426,9.0,4.0,3.0,2.0,0.7952518595589532,0.39995758131974274,0.3338282108306885,0.26621419605281615,0.29445238941763013,33.0,12.0,7.0,14.0
2026-03-02,CVX,0.16660619503818452,16.0,9.0,6.0,1.0,0.8783919513225555,0.5160954224411398,0.3494892274029553,0.13441533921286458,0.10387533258957167,43.0,16.0,13.0,14.0
2026-03-03,CVX,0.1803179759388933,26.0,14.0,10.0,2.0,0.793433638719412,0.5007376784745318,0.3204197025356384,0.1788426194913112,0.13768451382204402,51.0,27.0,19.0,5.0
2026-03-04,CVX,-0.10650389534063064,13.0,4.0,5.0,4.0,0.8167324983156644,0.2791447224668585,0.38564861780748916,0.3352066699702006,0.08014009187881573,55.0,27.0,21.0,7.0
2026-03-05,CVX,0.0278671408072114,10.0,4.0,4.0,2.0,0.8491881966590882,0.41873163264244795,0.3908644918352365,0.19040388036519282,0.033893740468491355,49.0,22.0,19.0,8.0
2026-03-06,CVX,0.0025164097404250583,13.0,4.0,3.0,6.0,0.7718648658348963,0.2726259003751553,0.2701094906347302,0.4572645825548814,-0.025373448264331393,36.0,12.0,12.0,12.0
2026-03-09,CVX,0.1765687158331275,17.0,8.0,5.0,4.0,0.8103072152418249,0.45918983949677034,0.2826211236636428,0.25818904522148994,0.06898408879358799,40.0,16.0,12.0,12.0
2026-03-10,CVX,-0.015519247067948954,26.0,10.0,10.0,6.0,0.7896992885149442,0.3509852823514778,0.36650452941942674,0.28251018117253596,0.05452195950186787,56.0,22.0,18.0,16.0
2026-03-11,CVX,0.13666743679862955,23.0,11.0,7.0,5.0,0.7891669545484625,0.42848509537946916,0.2918176585808396,0.27969724887415115,0.09923896852126939,66.0,29.0,22.0,15.0
2026-03-12,CVX,0.4864261647952454,14.0,8.0,1.0,5.0,0.8077340743371418,0.5475803493921246,0.0611541845968791,0.3912654630839824,0.20252478484197534,63.0,29.0,18.0,16.0
2026-03-13,CVX,0.21985796500781649,19.0,8.0,4.0,7.0,0.7924952679558804,0.43584209023729753,0.21598412522948096,0.3481737818372877,0.28098385553389715,56.0,27.0,12.0,17.0
2026-03-16,CVX,0.1175542473127799,14.0,7.0,5.0,2.0,0.9071037811892373,0.4801768445010696,0.36262259718828965,0.15720054866479968,0.2746127923719473,47.0,23.0,10.0,14.0
2026-03-17,CVX,0.18414684127577963,17.0,7.0,4.0,6.0,0.7984441220760345,0.4038622253848349,0.21971538410905525,0.37642238628776636,0.17385301786545868,50.0,22.0,13.0,15.0
2026-03-18,CVX,0.6267859280730287,3.0,2.0,0.0,1.0,0.9358638922373453,0.6424010458091894,0.015615117736160733,0.34198381751775736,0.30949567222052937,34.0,16.0,9.0,9.0
2026-03-19,CVX,0.14969981421849557,7.0,3.0,2.0,2.0,0.8387434738022941,0.4545081622366394,0.30480834801814377,0.24068348482251162,0.3202108611891013,27.0,12.0,6.0,9.0
2026-03-20,CVX,0.32020489736977553,18.0,11.0,4.0,3.0,0.8479740884568956,0.5697866124618385,0.2495817150920629,0.18063166903124914,0.36556354655376655,28.0,16.0,6.0,6.0
2026-03-23,CVX,0.05600025311398963,13.0,5.0,3.0,5.0,0.8071424731841454,0.3184187257519135,0.26241847263792384,0.4191628099920658,0.17530165490075356,38.0,19.0,9.0,10.0
2026-03-24,CVX,-0.432254670932889,15.0,2.0,10.0,3.0,0.8809769709904989,0.1690206278736392,0.6012752988065283,0.2297040751824776,-0.01868317348304127,46.0,18.0,17.0,11.0
2026-03-25,CVX,0.17033032671763346,26.0,14.0,9.0,3.0,0.8336762166940249,0.4937248455288892,0.32339451881125564,0.1828806441492186,-0.06864136370042197,54.0,21.0,22.0,11.0
2026-03-26,CVX,0.13051639435191947,18.0,9.0,5.0,4.0,0.8369390666484833,0.4170353330361346,0.2865189386842151,0.29644572827965016,-0.04380264995444535,59.0,25.0,24.0,10.0
2026-03-27,CVX,-0.2893622132251039,16.0,2.0,9.0,5.0,0.8005047217011452,0.20214971457608039,0.4915119278011843,0.3063383686821908,0.0038281692814830146,60.0,25.0,23.0,12.0
2026-03-30,CVX,-0.07171574459169751,27.0,7.0,10.0,10.0,0.855931990676456,0.275620157899404,0.34733590249110147,0.3770439257776296,-0.07685385448829397,61.0,18.0,24.0,19.0
2026-03-31,CVX,0.27531161970858065,14.0,7.0,2.0,5.0,0.8478147642953056,0.4673971544419016,0.19208553473332096,0.3405173063012105,-0.02858877936940692,57.0,16.0,21.0,20.0
2026-04-01,CVX,0.21270208805799484,27.0,13.0,6.0,8.0,0.8115426986305802,0.4409661228872008,0.2282640348292059,0.3307698410418298,0.13876598772495932,68.0,27.0,18.0,23.0
2026-04-02,CVX,0.22805338653807455,26.0,12.0,5.0,9.0,0.847172003525954,0.43755983822764105,0.20950645168956653,0.35293370675152314,0.23868903143488338,67.0,32.0,13.0,22.0
2026-04-06,CVX,0.21942646301944146,11.0,3.0,1.0,7.0,0.8239633495157416,0.3628627200695601,0.14343625705011862,0.4937010390514677,0.22006064587183696,64.0,28.0,12.0,24.0
2026-04-07,CVX,0.411629681289196,15.0,9.0,2.0,4.0,0.8172647694746653,0.5652971494942903,0.1536674682050943,0.28103538403908407,0.28636984361557066,52.0,24.0,8.0,20.0
2026-04-08,CVX,-0.036748584584686286,29.0,12.0,11.0,6.0,0.8736463466594959,0.3913543300446251,0.4281029146293113,0.1805427550370323,0.19810251990798375,55.0,24.0,14.0,17.0
2026-04-09,CVX,0.14130030320181203,24.0,12.0,9.0,3.0,0.862816313902537,0.4882860784806932,0.3469857752788812,0.16472814472702638,0.1720604666354406,68.0,33.0,22.0,13.0
2026-04-10,CVX,0.09668159543683655,19.0,7.0,6.0,6.0,0.8832626044750214,0.39883690974430036,0.30215531430746373,0.29900778021271285,0.06707777135132077,72.0,31.0,26.0,15.0
2026-04-13,CVX,0.3700021128170192,12.0,6.0,1.0,5.0,0.8499731967846552,0.5001307070876161,0.13012859427059686,0.3697407099728783,0.20266133715188928,55.0,25.0,16.0,14.0
2026-04-14,CVX,0.466863378227033,27.0,16.0,3.0,8.0,0.8531045560483579,0.5936847936224054,0.12682141539537242,0.27949378984393897,0.31118236216029627,58.0,29.0,10.0,19.0
2026-04-15,CVX,0.22634984620122445,18.0,6.0,2.0,10.0,0.8409599661827087,0.33949890453368425,0.11314905833245975,0.5473520266306069,0.3544051124150922,57.0,28.0,6.0,23.0
2026-04-16,CVX,0.4642308534950846,18.0,11.0,3.0,4.0,0.7725012103716532,0.5974373488376538,0.13320649534256918,0.26935617915458143,0.38581469264111407,63.0,33.0,8.0,22.0
2026-04-17,CVX,-0.07147175955929252,19.0,8.0,9.0,2.0,0.8645514171374472,0.3838111651865275,0.45528292474582005,0.16090591045978817,0.20636964671233882,55.0,25.0,14.0,16.0
2026-04-20,CVX,0.005334547798459747,12.0,3.0,2.0,7.0,0.8110657880703608,0.2565312845011552,0.25119673670269543,0.4922719735962649,0.13269788057808396,49.0,22.0,14.0,13.0
2026-04-21,CVX,0.10330112092196941,8.0,2.0,2.0,4.0,0.7402272298932076,0.36186767742037773,0.2585665564984083,0.3795657488517463,0.0123879697203789,39.0,13.0,13.0,13.0
2026-04-22,CVX,0.5816349611617625,5.0,4.0,1.0,0.0,0.8035514831542969,0.7464942753314971,0.16485931416973468,0.0886464282870292,0.23009020996073057,25.0,9.0,5.0,11.0
2026-04-23,CVX,0.49301714131919044,12.0,7.0,1.0,4.0,0.9147145847479502,0.5863340211411318,0.09331687982194121,0.32034908700734377,0.3926510744676408,25.0,13.0,4.0,8.0
2026-04-24,CVX,0.10103438422083849,6.0,2.0,1.0,3.0,0.8477930029233297,0.34885366245483357,0.247819278233995,0.40332708104203147,0.39189549556726383,23.0,13.0,3.0,7.0
2026-04-27,CVX,-0.00935641882408941,14.0,5.0,6.0,3.0,0.8255329132080078,0.3756583708205393,0.38501478964462876,0.23932681485478363,0.19489836890531317,32.0,14.0,8.0,10.0
2026-04-28,CVX,0.17127564417965271,17.0,7.0,3.0,7.0,0.885838904801537,0.3975654183065189,0.22628977412686627,0.3761447938706945,0.08765120319213393,37.0,14.0,10.0,13.0
2026-04-29,CVX,0.1434001517058773,11.0,5.0,4.0,2.0,0.8890305215662176,0.46280915078453044,0.31940899907865306,0.21778186901726498,0.10177312568714687,42.0,17.0,13.0,12.0
2026-04-30,CVX,0.05088066884006065,12.0,6.0,5.0,1.0,0.806987759967645,0.47430581863348675,0.4234251497934262,0.10226903491032617,0.12185215490853023,40.0,18.0,12.0,10.0
2026-05-01,CVX,-0.062096512617750316,54.0,18.0,20.0,16.0,0.8496677312586043,0.3170054423864241,0.3791019550041744,0.30389261435441395,0.044061435976062546,77.0,29.0,29.0,19.0
2026-05-04,CVX,0.13423318410401835,17.0,8.0,4.0,5.0,0.8438085738350364,0.414017501341946,0.2797843172379276,0.3061981854193351,0.04100578010877623,83.0,32.0,29.0,22.0
2026-05-05,CVX,-0.011317997848471774,26.0,10.0,11.0,5.0,0.8220836359720963,0.3742414188141433,0.38555941666261506,0.24019916939477504,0.020272891212598756,97.0,36.0,35.0,26.0
2026-05-06,CVX,0.2579609996710832,26.0,13.0,6.0,7.0,0.7958277463912964,0.47538017338285077,0.21741917371176753,0.3072006627917289,0.12695872864220994,69.0,31.0,21.0,17.0
2026-05-07,CVX,-0.29596598892073545,14.0,3.0,8.0,3.0,0.8782912833350045,0.24672366020136643,0.5426896491221018,0.2105866853546883,-0.016440995699374666,66.0,26.0,25.0,15.0
2026-05-08,CVX,0.2729440617840737,16.0,8.0,3.0,5.0,0.8217862136662006,0.45045319327618927,0.17750913149211553,0.3720376719720661,0.0783130241781405,56.0,24.0,17.0,15.0
2026-05-11,CVX,0.000300596734242764,7.0,3.0,3.0,1.0,0.7569643259048462,0.41192233855170857,0.41162174181746586,0.17645593120583464,-0.007573776800806324,37.0,14.0,14.0,9.0
2026-05-12,CVX,0.3121570158749819,10.0,5.0,2.0,3.0,0.8238835096359253,0.5390816539525985,0.22692463807761665,0.23399367984384295,0.1951338914644328,33.0,16.0,8.0,9.0
2026-05-13,CVX,0.158490862386922,9.0,3.0,2.0,4.0,0.8450994226667616,0.3663330987716715,0.20784223638474938,0.42582465873824227,0.15698282499871555,26.0,11.0,7.0,8.0
2026-05-14,CVX,0.10616354135175544,15.0,3.0,2.0,10.0,0.8451678514480591,0.2821442443877459,0.17598070303599037,0.5418750652422507,0.19227047320455312,34.0,11.0,6.0,17.0
2026-05-15,CVX,0.1790071945094193,12.0,5.0,3.0,4.0,0.9080673257509867,0.44600209814962,0.2669949036402007,0.28700299436847365,0.14788719941603226,36.0,11.0,7.0,18.0
2026-05-18,CVX,0.4839034404916067,12.0,7.0,1.0,4.0,0.8704774479071299,0.5779614765197039,0.09405803602809704,0.3279804768972099,0.2563580587842605,39.0,15.0,6.0,18.0
2026-05-19,CVX,0.2543145559417705,9.0,5.0,2.0,2.0,0.8291067547268338,0.48278343035942967,0.22846887441765926,0.2887477015869485,0.3057417303142655,33.0,17.0,6.0,10.0
2026-05-20,CVX,0.1673707357607782,10.0,4.0,2.0,4.0,0.8063651561737061,0.40353426411747934,0.2361635283567011,0.3603021973744035,0.30186291073138516,31.0,16.0,5.0,10.0
2026-05-21,CVX,0.644952708343044,20.0,16.0,1.0,3.0,0.8043212175369263,0.7069592040032149,0.06200649566017087,0.2310343094170093,0.35554600001519754,39.0,25.0,5.0,9.0
2026-05-22,CVX,-0.05341521301306785,4.0,1.0,2.0,1.0,0.8165761083364487,0.3039996456354856,0.3574148586485535,0.3385855006054044,0.2529694103635847,34.0,21.0,5.0,8.0
2026-05-26,CVX,0.21701225514213243,9.0,4.0,2.0,3.0,0.8908823198742337,0.44701258320775294,0.23000032806562054,0.3229870823108487,0.26951658349070284,33.0,21.0,5.0,7.0
2026-05-27,CVX,0.4172421046806609,17.0,11.0,2.0,4.0,0.8695878842297722,0.5850779772462213,0.16783587256556046,0.2470861415871802,0.19361304893657516,30.0,16.0,6.0,8.0
2026-05-28,CVX,-0.0636101842392236,20.0,5.0,7.0,8.0,0.8236170902848243,0.2881239389535039,0.3517341231927275,0.36014194078743456,0.19021472519452323,46.0,20.0,11.0,15.0
2026-05-29,CVX,0.19647048223255706,22.0,9.0,3.0,10.0,0.8389481387355111,0.369559528475458,0.17308904624290086,0.4573514215986837,0.18336746755799813,59.0,25.0,12.0,22.0
2026-06-01,CVX,0.1900419012332956,12.0,5.0,3.0,4.0,0.8510592877864838,0.43956997447336715,0.2495280732400715,0.31090196175500745,0.10763406640887635,54.0,19.0,13.0,22.0
2026-06-02,CVX,0.47115530516020954,12.0,8.0,2.0,2.0,0.8426655804117521,0.6093712818498412,0.1382159766896317,0.2524127460395296,0.28588922954202073,46.0,22.0,8.0,16.0
2026-06-03,CVX,0.28984338303024954,13.0,5.0,1.0,7.0,0.8167886183812068,0.3930297897985348,0.10318640676828526,0.5037837810814381,0.31701352980791825,37.0,18.0,6.0,13.0
2026-06-04,CVX,-0.2725303880870342,6.0,0.0,2.0,4.0,0.8802832762400309,0.0708327557270725,0.34336314381410676,0.5858041113242507,0.16282276670114162,31.0,13.0,5.0,13.0
2026-06-05,CVX,0.3218089210956047,18.0,9.0,2.0,7.0,0.8374348713292016,0.48095448196141255,0.15914556086580783,0.35989995166245436,0.11304063867960668,37.0,14.0,5.0,18.0
2023-09-12,GS,0.0,0.0,0.0,0.0,0.0,0.0,0.0,0.0,0.0,0.0,0.0,0.0,0.0,0.0
2023-09-13,GS,0.0,0.0,0.0,0.0,0.0,0.0,0.0,0.0,0.0,0.0,0.0,0.0,0.0,0.0
2023-09-14,GS,0.0,0.0,0.0,0.0,0.0,0.0,0.0,0.0,0.0,0.0,0.0,0.0,0.0,0.0
2023-09-15,GS,0.0,0.0,0.0,0.0,0.0,0.0,0.0,0.0,0.0,0.0,0.0,0.0,0.0,0.0
2023-09-18,GS,0.0,0.0,0.0,0.0,0.0,0.0,0.0,0.0,0.0,0.0,0.0,0.0,0.0,0.0
2023-09-19,GS,0.0,0.0,0.0,0.0,0.0,0.0,0.0,0.0,0.0,0.0,0.0,0.0,0.0,0.0
2023-09-20,GS,0.0,0.0,0.0,0.0,0.0,0.0,0.0,0.0,0.0,0.0,0.0,0.0,0.0,0.0
2023-09-21,GS,0.0,0.0,0.0,0.0,0.0,0.0,0.0,0.0,0.0,0.0,0.0,0.0,0.0,0.0
2023-09-22,GS,0.0,0.0,0.0,0.0,0.0,0.0,0.0,0.0,0.0,0.0,0.0,0.0,0.0,0.0
2023-09-25,GS,0.0,0.0,0.0,0.0,0.0,0.0,0.0,0.0,0.0,0.0,0.0,0.0,0.0,0.0
2023-09-26,GS,0.0,0.0,0.0,0.0,0.0,0.0,0.0,0.0,0.0,0.0,0.0,0.0,0.0,0.0
2023-09-27,GS,0.0,0.0,0.0,0.0,0.0,0.0,0.0,0.0,0.0,0.0,0.0,0.0,0.0,0.0
2023-09-28,GS,0.0,0.0,0.0,0.0,0.0,0.0,0.0,0.0,0.0,0.0,0.0,0.0,0.0,0.0
2023-09-29,GS,0.0,0.0,0.0,0.0,0.0,0.0,0.0,0.0,0.0,0.0,0.0,0.0,0.0,0.0
2023-10-02,GS,0.0,0.0,0.0,0.0,0.0,0.0,0.0,0.0,0.0,0.0,0.0,0.0,0.0,0.0
2023-10-03,GS,0.0,0.0,0.0,0.0,0.0,0.0,0.0,0.0,0.0,0.0,0.0,0.0,0.0,0.0
2023-10-04,GS,0.0,0.0,0.0,0.0,0.0,0.0,0.0,0.0,0.0,0.0,0.0,0.0,0.0,0.0
2023-10-05,GS,0.0,0.0,0.0,0.0,0.0,0.0,0.0,0.0,0.0,0.0,0.0,0.0,0.0,0.0
2023-10-06,GS,0.0,0.0,0.0,0.0,0.0,0.0,0.0,0.0,0.0,0.0,0.0,0.0,0.0,0.0
2023-10-09,GS,0.0,0.0,0.0,0.0,0.0,0.0,0.0,0.0,0.0,0.0,0.0,0.0,0.0,0.0
2023-10-10,GS,0.0,0.0,0.0,0.0,0.0,0.0,0.0,0.0,0.0,0.0,0.0,0.0,0.0,0.0
2023-10-11,GS,0.0,0.0,0.0,0.0,0.0,0.0,0.0,0.0,0.0,0.0,0.0,0.0,0.0,0.0
2023-10-12,GS,0.0,0.0,0.0,0.0,0.0,0.0,0.0,0.0,0.0,0.0,0.0,0.0,0.0,0.0
2023-10-13,GS,0.0,0.0,0.0,0.0,0.0,0.0,0.0,0.0,0.0,0.0,0.0,0.0,0.0,0.0
2023-10-16,GS,0.0,0.0,0.0,0.0,0.0,0.0,0.0,0.0,0.0,0.0,0.0,0.0,0.0,0.0
2023-10-17,GS,0.0,0.0,0.0,0.0,0.0,0.0,0.0,0.0,0.0,0.0,0.0,0.0,0.0,0.0
2023-10-18,GS,0.0,0.0,0.0,0.0,0.0,0.0,0.0,0.0,0.0,0.0,0.0,0.0,0.0,0.0
2023-10-19,GS,0.0,0.0,0.0,0.0,0.0,0.0,0.0,0.0,0.0,0.0,0.0,0.0,0.0,0.0
2023-10-20,GS,0.0,0.0,0.0,0.0,0.0,0.0,0.0,0.0,0.0,0.0,0.0,0.0,0.0,0.0
2023-10-23,GS,0.0,0.0,0.0,0.0,0.0,0.0,0.0,0.0,0.0,0.0,0.0,0.0,0.0,0.0
2023-10-24,GS,0.0,0.0,0.0,0.0,0.0,0.0,0.0,0.0,0.0,0.0,0.0,0.0,0.0,0.0
2023-10-25,GS,0.0,0.0,0.0,0.0,0.0,0.0,0.0,0.0,0.0,0.0,0.0,0.0,0.0,0.0
2023-10-26,GS,0.0,0.0,0.0,0.0,0.0,0.0,0.0,0.0,0.0,0.0,0.0,0.0,0.0,0.0
2023-10-27,GS,0.0,0.0,0.0,0.0,0.0,0.0,0.0,0.0,0.0,0.0,0.0,0.0,0.0,0.0
2023-10-30,GS,0.0,0.0,0.0,0.0,0.0,0.0,0.0,0.0,0.0,0.0,0.0,0.0,0.0,0.0
2023-10-31,GS,0.0,0.0,0.0,0.0,0.0,0.0,0.0,0.0,0.0,0.0,0.0,0.0,0.0,0.0
2023-11-01,GS,0.0,0.0,0.0,0.0,0.0,0.0,0.0,0.0,0.0,0.0,0.0,0.0,0.0,0.0
2023-11-02,GS,0.0,0.0,0.0,0.0,0.0,0.0,0.0,0.0,0.0,0.0,0.0,0.0,0.0,0.0
2023-11-03,GS,0.0,0.0,0.0,0.0,0.0,0.0,0.0,0.0,0.0,0.0,0.0,0.0,0.0,0.0
2023-11-06,GS,0.0,0.0,0.0,0.0,0.0,0.0,0.0,0.0,0.0,0.0,0.0,0.0,0.0,0.0
2023-11-07,GS,0.0,0.0,0.0,0.0,0.0,0.0,0.0,0.0,0.0,0.0,0.0,0.0,0.0,0.0
2023-11-08,GS,0.0,0.0,0.0,0.0,0.0,0.0,0.0,0.0,0.0,0.0,0.0,0.0,0.0,0.0
2023-11-09,GS,0.0,0.0,0.0,0.0,0.0,0.0,0.0,0.0,0.0,0.0,0.0,0.0,0.0,0.0
2023-11-10,GS,0.0,0.0,0.0,0.0,0.0,0.0,0.0,0.0,0.0,0.0,0.0,0.0,0.0,0.0
2023-11-13,GS,0.0,0.0,0.0,0.0,0.0,0.0,0.0,0.0,0.0,0.0,0.0,0.0,0.0,0.0
2023-11-14,GS,0.0,0.0,0.0,0.0,0.0,0.0,0.0,0.0,0.0,0.0,0.0,0.0,0.0,0.0
2023-11-15,GS,0.0,0.0,0.0,0.0,0.0,0.0,0.0,0.0,0.0,0.0,0.0,0.0,0.0,0.0
2023-11-16,GS,0.0,0.0,0.0,0.0,0.0,0.0,0.0,0.0,0.0,0.0,0.0,0.0,0.0,0.0
2023-11-17,GS,0.0,0.0,0.0,0.0,0.0,0.0,0.0,0.0,0.0,0.0,0.0,0.0,0.0,0.0
2023-11-20,GS,0.0,0.0,0.0,0.0,0.0,0.0,0.0,0.0,0.0,0.0,0.0,0.0,0.0,0.0
2023-11-21,GS,0.0,0.0,0.0,0.0,0.0,0.0,0.0,0.0,0.0,0.0,0.0,0.0,0.0,0.0
2023-11-22,GS,0.0,0.0,0.0,0.0,0.0,0.0,0.0,0.0,0.0,0.0,0.0,0.0,0.0,0.0
2023-11-24,GS,0.0,0.0,0.0,0.0,0.0,0.0,0.0,0.0,0.0,0.0,0.0,0.0,0.0,0.0
2023-11-27,GS,0.0,0.0,0.0,0.0,0.0,0.0,0.0,0.0,0.0,0.0,0.0,0.0,0.0,0.0
2023-11-28,GS,0.0,0.0,0.0,0.0,0.0,0.0,0.0,0.0,0.0,0.0,0.0,0.0,0.0,0.0
2023-11-29,GS,0.0,0.0,0.0,0.0,0.0,0.0,0.0,0.0,0.0,0.0,0.0,0.0,0.0,0.0
2023-11-30,GS,0.0,0.0,0.0,0.0,0.0,0.0,0.0,0.0,0.0,0.0,0.0,0.0,0.0,0.0
2023-12-01,GS,0.0,0.0,0.0,0.0,0.0,0.0,0.0,0.0,0.0,0.0,0.0,0.0,0.0,0.0
2023-12-04,GS,0.0,0.0,0.0,0.0,0.0,0.0,0.0,0.0,0.0,0.0,0.0,0.0,0.0,0.0
2023-12-05,GS,0.0,0.0,0.0,0.0,0.0,0.0,0.0,0.0,0.0,0.0,0.0,0.0,0.0,0.0
2023-12-06,GS,0.0,0.0,0.0,0.0,0.0,0.0,0.0,0.0,0.0,0.0,0.0,0.0,0.0,0.0
2023-12-07,GS,0.0,0.0,0.0,0.0,0.0,0.0,0.0,0.0,0.0,0.0,0.0,0.0,0.0,0.0
2023-12-08,GS,0.0,0.0,0.0,0.0,0.0,0.0,0.0,0.0,0.0,0.0,0.0,0.0,0.0,0.0
2023-12-11,GS,0.0,0.0,0.0,0.0,0.0,0.0,0.0,0.0,0.0,0.0,0.0,0.0,0.0,0.0
2023-12-12,GS,0.0,0.0,0.0,0.0,0.0,0.0,0.0,0.0,0.0,0.0,0.0,0.0,0.0,0.0
2023-12-13,GS,0.0,0.0,0.0,0.0,0.0,0.0,0.0,0.0,0.0,0.0,0.0,0.0,0.0,0.0
2023-12-14,GS,0.0,0.0,0.0,0.0,0.0,0.0,0.0,0.0,0.0,0.0,0.0,0.0,0.0,0.0
2023-12-15,GS,0.0,0.0,0.0,0.0,0.0,0.0,0.0,0.0,0.0,0.0,0.0,0.0,0.0,0.0
2023-12-18,GS,0.0,0.0,0.0,0.0,0.0,0.0,0.0,0.0,0.0,0.0,0.0,0.0,0.0,0.0
2023-12-19,GS,0.0,0.0,0.0,0.0,0.0,0.0,0.0,0.0,0.0,0.0,0.0,0.0,0.0,0.0
2023-12-20,GS,0.0,0.0,0.0,0.0,0.0,0.0,0.0,0.0,0.0,0.0,0.0,0.0,0.0,0.0
2023-12-21,GS,0.0,0.0,0.0,0.0,0.0,0.0,0.0,0.0,0.0,0.0,0.0,0.0,0.0,0.0
2023-12-22,GS,0.0,0.0,0.0,0.0,0.0,0.0,0.0,0.0,0.0,0.0,0.0,0.0,0.0,0.0
2023-12-26,GS,0.0,0.0,0.0,0.0,0.0,0.0,0.0,0.0,0.0,0.0,0.0,0.0,0.0,0.0
2023-12-27,GS,0.0,0.0,0.0,0.0,0.0,0.0,0.0,0.0,0.0,0.0,0.0,0.0,0.0,0.0
2023-12-28,GS,0.0,0.0,0.0,0.0,0.0,0.0,0.0,0.0,0.0,0.0,0.0,0.0,0.0,0.0
2023-12-29,GS,0.0,0.0,0.0,0.0,0.0,0.0,0.0,0.0,0.0,0.0,0.0,0.0,0.0,0.0
2024-01-02,GS,0.0,0.0,0.0,0.0,0.0,0.0,0.0,0.0,0.0,0.0,0.0,0.0,0.0,0.0
2024-01-03,GS,0.0,0.0,0.0,0.0,0.0,0.0,0.0,0.0,0.0,0.0,0.0,0.0,0.0,0.0
2024-01-04,GS,0.0,0.0,0.0,0.0,0.0,0.0,0.0,0.0,0.0,0.0,0.0,0.0,0.0,0.0
2024-01-05,GS,0.0,0.0,0.0,0.0,0.0,0.0,0.0,0.0,0.0,0.0,0.0,0.0,0.0,0.0
2024-01-08,GS,0.0,0.0,0.0,0.0,0.0,0.0,0.0,0.0,0.0,0.0,0.0,0.0,0.0,0.0
2024-01-09,GS,0.0,0.0,0.0,0.0,0.0,0.0,0.0,0.0,0.0,0.0,0.0,0.0,0.0,0.0
2024-01-10,GS,0.0,0.0,0.0,0.0,0.0,0.0,0.0,0.0,0.0,0.0,0.0,0.0,0.0,0.0
2024-01-11,GS,0.0,0.0,0.0,0.0,0.0,0.0,0.0,0.0,0.0,0.0,0.0,0.0,0.0,0.0
2024-01-12,GS,0.0,0.0,0.0,0.0,0.0,0.0,0.0,0.0,0.0,0.0,0.0,0.0,0.0,0.0
2024-01-16,GS,0.0,0.0,0.0,0.0,0.0,0.0,0.0,0.0,0.0,0.0,0.0,0.0,0.0,0.0
2024-01-17,GS,0.0,0.0,0.0,0.0,0.0,0.0,0.0,0.0,0.0,0.0,0.0,0.0,0.0,0.0
2024-01-18,GS,0.0,0.0,0.0,0.0,0.0,0.0,0.0,0.0,0.0,0.0,0.0,0.0,0.0,0.0
2024-01-19,GS,0.0,0.0,0.0,0.0,0.0,0.0,0.0,0.0,0.0,0.0,0.0,0.0,0.0,0.0
2024-01-22,GS,0.0,0.0,0.0,0.0,0.0,0.0,0.0,0.0,0.0,0.0,0.0,0.0,0.0,0.0
2024-01-23,GS,0.0,0.0,0.0,0.0,0.0,0.0,0.0,0.0,0.0,0.0,0.0,0.0,0.0,0.0
2024-01-24,GS,0.0,0.0,0.0,0.0,0.0,0.0,0.0,0.0,0.0,0.0,0.0,0.0,0.0,0.0
2024-01-25,GS,0.0,0.0,0.0,0.0,0.0,0.0,0.0,0.0,0.0,0.0,0.0,0.0,0.0,0.0
2024-01-26,GS,0.0,0.0,0.0,0.0,0.0,0.0,0.0,0.0,0.0,0.0,0.0,0.0,0.0,0.0
2024-01-29,GS,0.0,0.0,0.0,0.0,0.0,0.0,0.0,0.0,0.0,0.0,0.0,0.0,0.0,0.0
2024-01-30,GS,0.0,0.0,0.0,0.0,0.0,0.0,0.0,0.0,0.0,0.0,0.0,0.0,0.0,0.0
2024-01-31,GS,0.0,0.0,0.0,0.0,0.0,0.0,0.0,0.0,0.0,0.0,0.0,0.0,0.0,0.0
2024-02-01,GS,0.0,0.0,0.0,0.0,0.0,0.0,0.0,0.0,0.0,0.0,0.0,0.0,0.0,0.0
2024-02-02,GS,0.0,0.0,0.0,0.0,0.0,0.0,0.0,0.0,0.0,0.0,0.0,0.0,0.0,0.0
2024-02-05,GS,0.0,0.0,0.0,0.0,0.0,0.0,0.0,0.0,0.0,0.0,0.0,0.0,0.0,0.0
2024-02-06,GS,0.0,0.0,0.0,0.0,0.0,0.0,0.0,0.0,0.0,0.0,0.0,0.0,0.0,0.0
2024-02-07,GS,0.0,0.0,0.0,0.0,0.0,0.0,0.0,0.0,0.0,0.0,0.0,0.0,0.0,0.0
2024-02-08,GS,0.0,0.0,0.0,0.0,0.0,0.0,0.0,0.0,0.0,0.0,0.0,0.0,0.0,0.0
2024-02-09,GS,0.0,0.0,0.0,0.0,0.0,0.0,0.0,0.0,0.0,0.0,0.0,0.0,0.0,0.0
2024-02-12,GS,0.0,0.0,0.0,0.0,0.0,0.0,0.0,0.0,0.0,0.0,0.0,0.0,0.0,0.0
2024-02-13,GS,0.0,0.0,0.0,0.0,0.0,0.0,0.0,0.0,0.0,0.0,0.0,0.0,0.0,0.0
2024-02-14,GS,0.0,0.0,0.0,0.0,0.0,0.0,0.0,0.0,0.0,0.0,0.0,0.0,0.0,0.0
2024-02-15,GS,0.0,0.0,0.0,0.0,0.0,0.0,0.0,0.0,0.0,0.0,0.0,0.0,0.0,0.0
2024-02-16,GS,0.0,0.0,0.0,0.0,0.0,0.0,0.0,0.0,0.0,0.0,0.0,0.0,0.0,0.0
2024-02-20,GS,0.0,0.0,0.0,0.0,0.0,0.0,0.0,0.0,0.0,0.0,0.0,0.0,0.0,0.0
2024-02-21,GS,0.0,0.0,0.0,0.0,0.0,0.0,0.0,0.0,0.0,0.0,0.0,0.0,0.0,0.0
2024-02-22,GS,0.0,0.0,0.0,0.0,0.0,0.0,0.0,0.0,0.0,0.0,0.0,0.0,0.0,0.0
2024-02-23,GS,0.0,0.0,0.0,0.0,0.0,0.0,0.0,0.0,0.0,0.0,0.0,0.0,0.0,0.0
2024-02-26,GS,0.0,0.0,0.0,0.0,0.0,0.0,0.0,0.0,0.0,0.0,0.0,0.0,0.0,0.0
2024-02-27,GS,0.0,0.0,0.0,0.0,0.0,0.0,0.0,0.0,0.0,0.0,0.0,0.0,0.0,0.0
2024-02-28,GS,0.0,0.0,0.0,0.0,0.0,0.0,0.0,0.0,0.0,0.0,0.0,0.0,0.0,0.0
2024-02-29,GS,0.0,0.0,0.0,0.0,0.0,0.0,0.0,0.0,0.0,0.0,0.0,0.0,0.0,0.0
2024-03-01,GS,0.0,0.0,0.0,0.0,0.0,0.0,0.0,0.0,0.0,0.0,0.0,0.0,0.0,0.0
2024-03-04,GS,0.0,0.0,0.0,0.0,0.0,0.0,0.0,0.0,0.0,0.0,0.0,0.0,0.0,0.0
2024-03-05,GS,0.0,0.0,0.0,0.0,0.0,0.0,0.0,0.0,0.0,0.0,0.0,0.0,0.0,0.0
2024-03-06,GS,0.0,0.0,0.0,0.0,0.0,0.0,0.0,0.0,0.0,0.0,0.0,0.0,0.0,0.0
2024-03-07,GS,0.0,0.0,0.0,0.0,0.0,0.0,0.0,0.0,0.0,0.0,0.0,0.0,0.0,0.0
2024-03-08,GS,0.0,0.0,0.0,0.0,0.0,0.0,0.0,0.0,0.0,0.0,0.0,0.0,0.0,0.0
2024-03-11,GS,0.0,0.0,0.0,0.0,0.0,0.0,0.0,0.0,0.0,0.0,0.0,0.0,0.0,0.0
2024-03-12,GS,0.0,0.0,0.0,0.0,0.0,0.0,0.0,0.0,0.0,0.0,0.0,0.0,0.0,0.0
2024-03-13,GS,0.0,0.0,0.0,0.0,0.0,0.0,0.0,0.0,0.0,0.0,0.0,0.0,0.0,0.0
2024-03-14,GS,0.0,0.0,0.0,0.0,0.0,0.0,0.0,0.0,0.0,0.0,0.0,0.0,0.0,0.0
2024-03-15,GS,0.0,0.0,0.0,0.0,0.0,0.0,0.0,0.0,0.0,0.0,0.0,0.0,0.0,0.0
2024-03-18,GS,0.0,0.0,0.0,0.0,0.0,0.0,0.0,0.0,0.0,0.0,0.0,0.0,0.0,0.0
2024-03-19,GS,0.0,0.0,0.0,0.0,0.0,0.0,0.0,0.0,0.0,0.0,0.0,0.0,0.0,0.0
2024-03-20,GS,0.0,0.0,0.0,0.0,0.0,0.0,0.0,0.0,0.0,0.0,0.0,0.0,0.0,0.0
2024-03-21,GS,0.0,0.0,0.0,0.0,0.0,0.0,0.0,0.0,0.0,0.0,0.0,0.0,0.0,0.0
2024-03-22,GS,0.0,0.0,0.0,0.0,0.0,0.0,0.0,0.0,0.0,0.0,0.0,0.0,0.0,0.0
2024-03-25,GS,0.0,0.0,0.0,0.0,0.0,0.0,0.0,0.0,0.0,0.0,0.0,0.0,0.0,0.0
2024-03-26,GS,0.0,0.0,0.0,0.0,0.0,0.0,0.0,0.0,0.0,0.0,0.0,0.0,0.0,0.0
2024-03-27,GS,0.0,0.0,0.0,0.0,0.0,0.0,0.0,0.0,0.0,0.0,0.0,0.0,0.0,0.0
2024-03-28,GS,0.0,0.0,0.0,0.0,0.0,0.0,0.0,0.0,0.0,0.0,0.0,0.0,0.0,0.0
2024-04-01,GS,0.0,0.0,0.0,0.0,0.0,0.0,0.0,0.0,0.0,0.0,0.0,0.0,0.0,0.0
2024-04-02,GS,0.0,0.0,0.0,0.0,0.0,0.0,0.0,0.0,0.0,0.0,0.0,0.0,0.0,0.0
2024-04-03,GS,0.0,0.0,0.0,0.0,0.0,0.0,0.0,0.0,0.0,0.0,0.0,0.0,0.0,0.0
2024-04-04,GS,0.0,0.0,0.0,0.0,0.0,0.0,0.0,0.0,0.0,0.0,0.0,0.0,0.0,0.0
2024-04-05,GS,0.0,0.0,0.0,0.0,0.0,0.0,0.0,0.0,0.0,0.0,0.0,0.0,0.0,0.0
2024-04-08,GS,0.0,0.0,0.0,0.0,0.0,0.0,0.0,0.0,0.0,0.0,0.0,0.0,0.0,0.0
2024-04-09,GS,0.0,0.0,0.0,0.0,0.0,0.0,0.0,0.0,0.0,0.0,0.0,0.0,0.0,0.0
2024-04-10,GS,0.0,0.0,0.0,0.0,0.0,0.0,0.0,0.0,0.0,0.0,0.0,0.0,0.0,0.0
2024-04-11,GS,0.0,0.0,0.0,0.0,0.0,0.0,0.0,0.0,0.0,0.0,0.0,0.0,0.0,0.0
2024-04-12,GS,0.0,0.0,0.0,0.0,0.0,0.0,0.0,0.0,0.0,0.0,0.0,0.0,0.0,0.0
2024-04-15,GS,0.0,0.0,0.0,0.0,0.0,0.0,0.0,0.0,0.0,0.0,0.0,0.0,0.0,0.0
2024-04-16,GS,0.0,0.0,0.0,0.0,0.0,0.0,0.0,0.0,0.0,0.0,0.0,0.0,0.0,0.0
2024-04-17,GS,0.0,0.0,0.0,0.0,0.0,0.0,0.0,0.0,0.0,0.0,0.0,0.0,0.0,0.0
2024-04-18,GS,0.0,0.0,0.0,0.0,0.0,0.0,0.0,0.0,0.0,0.0,0.0,0.0,0.0,0.0
2024-04-19,GS,0.0,0.0,0.0,0.0,0.0,0.0,0.0,0.0,0.0,0.0,0.0,0.0,0.0,0.0
2024-04-22,GS,0.0,0.0,0.0,0.0,0.0,0.0,0.0,0.0,0.0,0.0,0.0,0.0,0.0,0.0
2024-04-23,GS,0.0,0.0,0.0,0.0,0.0,0.0,0.0,0.0,0.0,0.0,0.0,0.0,0.0,0.0
2024-04-24,GS,0.0,0.0,0.0,0.0,0.0,0.0,0.0,0.0,0.0,0.0,0.0,0.0,0.0,0.0
2024-04-25,GS,0.0,0.0,0.0,0.0,0.0,0.0,0.0,0.0,0.0,0.0,0.0,0.0,0.0,0.0
2024-04-26,GS,0.0,0.0,0.0,0.0,0.0,0.0,0.0,0.0,0.0,0.0,0.0,0.0,0.0,0.0
2024-04-29,GS,0.0,0.0,0.0,0.0,0.0,0.0,0.0,0.0,0.0,0.0,0.0,0.0,0.0,0.0
2024-04-30,GS,0.0,0.0,0.0,0.0,0.0,0.0,0.0,0.0,0.0,0.0,0.0,0.0,0.0,0.0
2024-05-01,GS,0.0,0.0,0.0,0.0,0.0,0.0,0.0,0.0,0.0,0.0,0.0,0.0,0.0,0.0
2024-05-02,GS,0.0,0.0,0.0,0.0,0.0,0.0,0.0,0.0,0.0,0.0,0.0,0.0,0.0,0.0
2024-05-03,GS,0.0,0.0,0.0,0.0,0.0,0.0,0.0,0.0,0.0,0.0,0.0,0.0,0.0,0.0
2024-05-06,GS,0.0,0.0,0.0,0.0,0.0,0.0,0.0,0.0,0.0,0.0,0.0,0.0,0.0,0.0
2024-05-07,GS,0.0,0.0,0.0,0.0,0.0,0.0,0.0,0.0,0.0,0.0,0.0,0.0,0.0,0.0
2024-05-08,GS,0.0,0.0,0.0,0.0,0.0,0.0,0.0,0.0,0.0,0.0,0.0,0.0,0.0,0.0
2024-05-09,GS,0.0,0.0,0.0,0.0,0.0,0.0,0.0,0.0,0.0,0.0,0.0,0.0,0.0,0.0
2024-05-10,GS,0.0,0.0,0.0,0.0,0.0,0.0,0.0,0.0,0.0,0.0,0.0,0.0,0.0,0.0
2024-05-13,GS,0.0,0.0,0.0,0.0,0.0,0.0,0.0,0.0,0.0,0.0,0.0,0.0,0.0,0.0
2024-05-14,GS,0.0,0.0,0.0,0.0,0.0,0.0,0.0,0.0,0.0,0.0,0.0,0.0,0.0,0.0
2024-05-15,GS,0.0,0.0,0.0,0.0,0.0,0.0,0.0,0.0,0.0,0.0,0.0,0.0,0.0,0.0
2024-05-16,GS,0.0,0.0,0.0,0.0,0.0,0.0,0.0,0.0,0.0,0.0,0.0,0.0,0.0,0.0
2024-05-17,GS,0.0,0.0,0.0,0.0,0.0,0.0,0.0,0.0,0.0,0.0,0.0,0.0,0.0,0.0
2024-05-20,GS,0.0,0.0,0.0,0.0,0.0,0.0,0.0,0.0,0.0,0.0,0.0,0.0,0.0,0.0
2024-05-21,GS,0.0,0.0,0.0,0.0,0.0,0.0,0.0,0.0,0.0,0.0,0.0,0.0,0.0,0.0
2024-05-22,GS,0.0,0.0,0.0,0.0,0.0,0.0,0.0,0.0,0.0,0.0,0.0,0.0,0.0,0.0
2024-05-23,GS,0.0,0.0,0.0,0.0,0.0,0.0,0.0,0.0,0.0,0.0,0.0,0.0,0.0,0.0
2024-05-24,GS,0.0,0.0,0.0,0.0,0.0,0.0,0.0,0.0,0.0,0.0,0.0,0.0,0.0,0.0
2024-05-28,GS,0.0,0.0,0.0,0.0,0.0,0.0,0.0,0.0,0.0,0.0,0.0,0.0,0.0,0.0
2024-05-29,GS,0.0,0.0,0.0,0.0,0.0,0.0,0.0,0.0,0.0,0.0,0.0,0.0,0.0,0.0
2024-05-30,GS,0.0,0.0,0.0,0.0,0.0,0.0,0.0,0.0,0.0,0.0,0.0,0.0,0.0,0.0
2024-05-31,GS,0.0,0.0,0.0,0.0,0.0,0.0,0.0,0.0,0.0,0.0,0.0,0.0,0.0,0.0
2024-06-03,GS,0.0,0.0,0.0,0.0,0.0,0.0,0.0,0.0,0.0,0.0,0.0,0.0,0.0,0.0
2024-06-04,GS,0.0,0.0,0.0,0.0,0.0,0.0,0.0,0.0,0.0,0.0,0.0,0.0,0.0,0.0
2024-06-05,GS,0.0,0.0,0.0,0.0,0.0,0.0,0.0,0.0,0.0,0.0,0.0,0.0,0.0,0.0
2024-06-06,GS,0.0,0.0,0.0,0.0,0.0,0.0,0.0,0.0,0.0,0.0,0.0,0.0,0.0,0.0
2024-06-07,GS,0.0,0.0,0.0,0.0,0.0,0.0,0.0,0.0,0.0,0.0,0.0,0.0,0.0,0.0
2024-06-10,GS,0.0,0.0,0.0,0.0,0.0,0.0,0.0,0.0,0.0,0.0,0.0,0.0,0.0,0.0
2024-06-11,GS,0.0,0.0,0.0,0.0,0.0,0.0,0.0,0.0,0.0,0.0,0.0,0.0,0.0,0.0
2024-06-12,GS,0.0,0.0,0.0,0.0,0.0,0.0,0.0,0.0,0.0,0.0,0.0,0.0,0.0,0.0
2024-06-13,GS,0.0,0.0,0.0,0.0,0.0,0.0,0.0,0.0,0.0,0.0,0.0,0.0,0.0,0.0
2024-06-14,GS,0.0,0.0,0.0,0.0,0.0,0.0,0.0,0.0,0.0,0.0,0.0,0.0,0.0,0.0
2024-06-17,GS,0.0,0.0,0.0,0.0,0.0,0.0,0.0,0.0,0.0,0.0,0.0,0.0,0.0,0.0
2024-06-18,GS,0.0,0.0,0.0,0.0,0.0,0.0,0.0,0.0,0.0,0.0,0.0,0.0,0.0,0.0
2024-06-20,GS,0.0,0.0,0.0,0.0,0.0,0.0,0.0,0.0,0.0,0.0,0.0,0.0,0.0,0.0
2024-06-21,GS,0.0,0.0,0.0,0.0,0.0,0.0,0.0,0.0,0.0,0.0,0.0,0.0,0.0,0.0
2024-06-24,GS,0.0,0.0,0.0,0.0,0.0,0.0,0.0,0.0,0.0,0.0,0.0,0.0,0.0,0.0
2024-06-25,GS,0.0,0.0,0.0,0.0,0.0,0.0,0.0,0.0,0.0,0.0,0.0,0.0,0.0,0.0
2024-06-26,GS,0.0,0.0,0.0,0.0,0.0,0.0,0.0,0.0,0.0,0.0,0.0,0.0,0.0,0.0
2024-06-27,GS,0.0,0.0,0.0,0.0,0.0,0.0,0.0,0.0,0.0,0.0,0.0,0.0,0.0,0.0
2024-06-28,GS,0.0,0.0,0.0,0.0,0.0,0.0,0.0,0.0,0.0,0.0,0.0,0.0,0.0,0.0
2024-07-01,GS,0.0,0.0,0.0,0.0,0.0,0.0,0.0,0.0,0.0,0.0,0.0,0.0,0.0,0.0
2024-07-02,GS,0.0,0.0,0.0,0.0,0.0,0.0,0.0,0.0,0.0,0.0,0.0,0.0,0.0,0.0
2024-07-03,GS,0.0,0.0,0.0,0.0,0.0,0.0,0.0,0.0,0.0,0.0,0.0,0.0,0.0,0.0
2024-07-05,GS,0.0,0.0,0.0,0.0,0.0,0.0,0.0,0.0,0.0,0.0,0.0,0.0,0.0,0.0
2024-07-08,GS,0.0,0.0,0.0,0.0,0.0,0.0,0.0,0.0,0.0,0.0,0.0,0.0,0.0,0.0
2024-07-09,GS,0.0,0.0,0.0,0.0,0.0,0.0,0.0,0.0,0.0,0.0,0.0,0.0,0.0,0.0
2024-07-10,GS,0.0,0.0,0.0,0.0,0.0,0.0,0.0,0.0,0.0,0.0,0.0,0.0,0.0,0.0
2024-07-11,GS,0.0,0.0,0.0,0.0,0.0,0.0,0.0,0.0,0.0,0.0,0.0,0.0,0.0,0.0
2024-07-12,GS,0.0,0.0,0.0,0.0,0.0,0.0,0.0,0.0,0.0,0.0,0.0,0.0,0.0,0.0
2024-07-15,GS,0.0,0.0,0.0,0.0,0.0,0.0,0.0,0.0,0.0,0.0,0.0,0.0,0.0,0.0
2024-07-16,GS,0.0,0.0,0.0,0.0,0.0,0.0,0.0,0.0,0.0,0.0,0.0,0.0,0.0,0.0
2024-07-17,GS,0.0,0.0,0.0,0.0,0.0,0.0,0.0,0.0,0.0,0.0,0.0,0.0,0.0,0.0
2024-07-18,GS,0.0,0.0,0.0,0.0,0.0,0.0,0.0,0.0,0.0,0.0,0.0,0.0,0.0,0.0
2024-07-19,GS,0.0,0.0,0.0,0.0,0.0,0.0,0.0,0.0,0.0,0.0,0.0,0.0,0.0,0.0
2024-07-22,GS,0.0,0.0,0.0,0.0,0.0,0.0,0.0,0.0,0.0,0.0,0.0,0.0,0.0,0.0
2024-07-23,GS,0.0,0.0,0.0,0.0,0.0,0.0,0.0,0.0,0.0,0.0,0.0,0.0,0.0,0.0
2024-07-24,GS,0.0,0.0,0.0,0.0,0.0,0.0,0.0,0.0,0.0,0.0,0.0,0.0,0.0,0.0
2024-07-25,GS,0.0,0.0,0.0,0.0,0.0,0.0,0.0,0.0,0.0,0.0,0.0,0.0,0.0,0.0
2024-07-26,GS,0.0,0.0,0.0,0.0,0.0,0.0,0.0,0.0,0.0,0.0,0.0,0.0,0.0,0.0
2024-07-29,GS,0.0,0.0,0.0,0.0,0.0,0.0,0.0,0.0,0.0,0.0,0.0,0.0,0.0,0.0
2024-07-30,GS,0.0,0.0,0.0,0.0,0.0,0.0,0.0,0.0,0.0,0.0,0.0,0.0,0.0,0.0
2024-07-31,GS,0.0,0.0,0.0,0.0,0.0,0.0,0.0,0.0,0.0,0.0,0.0,0.0,0.0,0.0
2024-08-01,GS,0.0,0.0,0.0,0.0,0.0,0.0,0.0,0.0,0.0,0.0,0.0,0.0,0.0,0.0
2024-08-02,GS,0.0,0.0,0.0,0.0,0.0,0.0,0.0,0.0,0.0,0.0,0.0,0.0,0.0,0.0
2024-08-05,GS,0.0,0.0,0.0,0.0,0.0,0.0,0.0,0.0,0.0,0.0,0.0,0.0,0.0,0.0
2024-08-06,GS,0.0,0.0,0.0,0.0,0.0,0.0,0.0,0.0,0.0,0.0,0.0,0.0,0.0,0.0
2024-08-07,GS,0.0,0.0,0.0,0.0,0.0,0.0,0.0,0.0,0.0,0.0,0.0,0.0,0.0,0.0
2024-08-08,GS,0.0,0.0,0.0,0.0,0.0,0.0,0.0,0.0,0.0,0.0,0.0,0.0,0.0,0.0
2024-08-09,GS,0.0,0.0,0.0,0.0,0.0,0.0,0.0,0.0,0.0,0.0,0.0,0.0,0.0,0.0
2024-08-12,GS,0.0,0.0,0.0,0.0,0.0,0.0,0.0,0.0,0.0,0.0,0.0,0.0,0.0,0.0
2024-08-13,GS,0.0,0.0,0.0,0.0,0.0,0.0,0.0,0.0,0.0,0.0,0.0,0.0,0.0,0.0
2024-08-14,GS,0.0,0.0,0.0,0.0,0.0,0.0,0.0,0.0,0.0,0.0,0.0,0.0,0.0,0.0
2024-08-15,GS,0.0,0.0,0.0,0.0,0.0,0.0,0.0,0.0,0.0,0.0,0.0,0.0,0.0,0.0
2024-08-16,GS,0.0,0.0,0.0,0.0,0.0,0.0,0.0,0.0,0.0,0.0,0.0,0.0,0.0,0.0
2024-08-19,GS,0.0,0.0,0.0,0.0,0.0,0.0,0.0,0.0,0.0,0.0,0.0,0.0,0.0,0.0
2024-08-20,GS,0.0,0.0,0.0,0.0,0.0,0.0,0.0,0.0,0.0,0.0,0.0,0.0,0.0,0.0
2024-08-21,GS,0.0,0.0,0.0,0.0,0.0,0.0,0.0,0.0,0.0,0.0,0.0,0.0,0.0,0.0
2024-08-22,GS,0.0,0.0,0.0,0.0,0.0,0.0,0.0,0.0,0.0,0.0,0.0,0.0,0.0,0.0
2024-08-23,GS,0.0,0.0,0.0,0.0,0.0,0.0,0.0,0.0,0.0,0.0,0.0,0.0,0.0,0.0
2024-08-26,GS,0.0,0.0,0.0,0.0,0.0,0.0,0.0,0.0,0.0,0.0,0.0,0.0,0.0,0.0
2024-08-27,GS,0.0,0.0,0.0,0.0,0.0,0.0,0.0,0.0,0.0,0.0,0.0,0.0,0.0,0.0
2024-08-28,GS,0.0,0.0,0.0,0.0,0.0,0.0,0.0,0.0,0.0,0.0,0.0,0.0,0.0,0.0
2024-08-29,GS,0.0,0.0,0.0,0.0,0.0,0.0,0.0,0.0,0.0,0.0,0.0,0.0,0.0,0.0
2024-08-30,GS,0.0,0.0,0.0,0.0,0.0,0.0,0.0,0.0,0.0,0.0,0.0,0.0,0.0,0.0
2024-09-03,GS,0.0,0.0,0.0,0.0,0.0,0.0,0.0,0.0,0.0,0.0,0.0,0.0,0.0,0.0
2024-09-04,GS,0.0,0.0,0.0,0.0,0.0,0.0,0.0,0.0,0.0,0.0,0.0,0.0,0.0,0.0
2024-09-05,GS,0.0,0.0,0.0,0.0,0.0,0.0,0.0,0.0,0.0,0.0,0.0,0.0,0.0,0.0
2024-09-06,GS,0.0,0.0,0.0,0.0,0.0,0.0,0.0,0.0,0.0,0.0,0.0,0.0,0.0,0.0
2024-09-09,GS,0.0,0.0,0.0,0.0,0.0,0.0,0.0,0.0,0.0,0.0,0.0,0.0,0.0,0.0
2024-09-10,GS,0.0,0.0,0.0,0.0,0.0,0.0,0.0,0.0,0.0,0.0,0.0,0.0,0.0,0.0
2024-09-11,GS,0.0,0.0,0.0,0.0,0.0,0.0,0.0,0.0,0.0,0.0,0.0,0.0,0.0,0.0
2024-09-12,GS,0.0,0.0,0.0,0.0,0.0,0.0,0.0,0.0,0.0,0.0,0.0,0.0,0.0,0.0
2024-09-13,GS,0.0,0.0,0.0,0.0,0.0,0.0,0.0,0.0,0.0,0.0,0.0,0.0,0.0,0.0
2024-09-16,GS,0.0,0.0,0.0,0.0,0.0,0.0,0.0,0.0,0.0,0.0,0.0,0.0,0.0,0.0
2024-09-17,GS,0.0,0.0,0.0,0.0,0.0,0.0,0.0,0.0,0.0,0.0,0.0,0.0,0.0,0.0
2024-09-18,GS,0.0,0.0,0.0,0.0,0.0,0.0,0.0,0.0,0.0,0.0,0.0,0.0,0.0,0.0
2024-09-19,GS,0.0,0.0,0.0,0.0,0.0,0.0,0.0,0.0,0.0,0.0,0.0,0.0,0.0,0.0
2024-09-20,GS,0.0,0.0,0.0,0.0,0.0,0.0,0.0,0.0,0.0,0.0,0.0,0.0,0.0,0.0
2024-09-23,GS,0.0,0.0,0.0,0.0,0.0,0.0,0.0,0.0,0.0,0.0,0.0,0.0,0.0,0.0
2024-09-24,GS,0.0,0.0,0.0,0.0,0.0,0.0,0.0,0.0,0.0,0.0,0.0,0.0,0.0,0.0
2024-09-25,GS,0.0,0.0,0.0,0.0,0.0,0.0,0.0,0.0,0.0,0.0,0.0,0.0,0.0,0.0
2024-09-26,GS,0.0,0.0,0.0,0.0,0.0,0.0,0.0,0.0,0.0,0.0,0.0,0.0,0.0,0.0
2024-09-27,GS,0.0,0.0,0.0,0.0,0.0,0.0,0.0,0.0,0.0,0.0,0.0,0.0,0.0,0.0
2024-09-30,GS,0.0,0.0,0.0,0.0,0.0,0.0,0.0,0.0,0.0,0.0,0.0,0.0,0.0,0.0
2024-10-01,GS,0.0,0.0,0.0,0.0,0.0,0.0,0.0,0.0,0.0,0.0,0.0,0.0,0.0,0.0
2024-10-02,GS,0.0,0.0,0.0,0.0,0.0,0.0,0.0,0.0,0.0,0.0,0.0,0.0,0.0,0.0
2024-10-03,GS,0.0,0.0,0.0,0.0,0.0,0.0,0.0,0.0,0.0,0.0,0.0,0.0,0.0,0.0
2024-10-04,GS,0.0,0.0,0.0,0.0,0.0,0.0,0.0,0.0,0.0,0.0,0.0,0.0,0.0,0.0
2024-10-07,GS,0.0,0.0,0.0,0.0,0.0,0.0,0.0,0.0,0.0,0.0,0.0,0.0,0.0,0.0
2024-10-08,GS,0.0,0.0,0.0,0.0,0.0,0.0,0.0,0.0,0.0,0.0,0.0,0.0,0.0,0.0
2024-10-09,GS,0.0,0.0,0.0,0.0,0.0,0.0,0.0,0.0,0.0,0.0,0.0,0.0,0.0,0.0
2024-10-10,GS,0.0,0.0,0.0,0.0,0.0,0.0,0.0,0.0,0.0,0.0,0.0,0.0,0.0,0.0
2024-10-11,GS,0.0,0.0,0.0,0.0,0.0,0.0,0.0,0.0,0.0,0.0,0.0,0.0,0.0,0.0
2024-10-14,GS,0.0,0.0,0.0,0.0,0.0,0.0,0.0,0.0,0.0,0.0,0.0,0.0,0.0,0.0
2024-10-15,GS,0.0,0.0,0.0,0.0,0.0,0.0,0.0,0.0,0.0,0.0,0.0,0.0,0.0,0.0
2024-10-16,GS,0.0,0.0,0.0,0.0,0.0,0.0,0.0,0.0,0.0,0.0,0.0,0.0,0.0,0.0
2024-10-17,GS,0.0,0.0,0.0,0.0,0.0,0.0,0.0,0.0,0.0,0.0,0.0,0.0,0.0,0.0
2024-10-18,GS,0.0,0.0,0.0,0.0,0.0,0.0,0.0,0.0,0.0,0.0,0.0,0.0,0.0,0.0
2024-10-21,GS,0.0,0.0,0.0,0.0,0.0,0.0,0.0,0.0,0.0,0.0,0.0,0.0,0.0,0.0
2024-10-22,GS,0.0,0.0,0.0,0.0,0.0,0.0,0.0,0.0,0.0,0.0,0.0,0.0,0.0,0.0
2024-10-23,GS,0.0,0.0,0.0,0.0,0.0,0.0,0.0,0.0,0.0,0.0,0.0,0.0,0.0,0.0
2024-10-24,GS,0.0,0.0,0.0,0.0,0.0,0.0,0.0,0.0,0.0,0.0,0.0,0.0,0.0,0.0
2024-10-25,GS,0.0,0.0,0.0,0.0,0.0,0.0,0.0,0.0,0.0,0.0,0.0,0.0,0.0,0.0
2024-10-28,GS,0.0,0.0,0.0,0.0,0.0,0.0,0.0,0.0,0.0,0.0,0.0,0.0,0.0,0.0
2024-10-29,GS,0.0,0.0,0.0,0.0,0.0,0.0,0.0,0.0,0.0,0.0,0.0,0.0,0.0,0.0
2024-10-30,GS,0.0,0.0,0.0,0.0,0.0,0.0,0.0,0.0,0.0,0.0,0.0,0.0,0.0,0.0
2024-10-31,GS,0.0,0.0,0.0,0.0,0.0,0.0,0.0,0.0,0.0,0.0,0.0,0.0,0.0,0.0
2024-11-01,GS,0.0,0.0,0.0,0.0,0.0,0.0,0.0,0.0,0.0,0.0,0.0,0.0,0.0,0.0
2024-11-04,GS,0.0,0.0,0.0,0.0,0.0,0.0,0.0,0.0,0.0,0.0,0.0,0.0,0.0,0.0
2024-11-05,GS,0.0,0.0,0.0,0.0,0.0,0.0,0.0,0.0,0.0,0.0,0.0,0.0,0.0,0.0
2024-11-06,GS,0.0,0.0,0.0,0.0,0.0,0.0,0.0,0.0,0.0,0.0,0.0,0.0,0.0,0.0
2024-11-07,GS,0.0,0.0,0.0,0.0,0.0,0.0,0.0,0.0,0.0,0.0,0.0,0.0,0.0,0.0
2024-11-08,GS,0.0,0.0,0.0,0.0,0.0,0.0,0.0,0.0,0.0,0.0,0.0,0.0,0.0,0.0
2024-11-11,GS,0.0,0.0,0.0,0.0,0.0,0.0,0.0,0.0,0.0,0.0,0.0,0.0,0.0,0.0
2024-11-12,GS,0.0,0.0,0.0,0.0,0.0,0.0,0.0,0.0,0.0,0.0,0.0,0.0,0.0,0.0
2024-11-13,GS,0.0,0.0,0.0,0.0,0.0,0.0,0.0,0.0,0.0,0.0,0.0,0.0,0.0,0.0
2024-11-14,GS,0.0,0.0,0.0,0.0,0.0,0.0,0.0,0.0,0.0,0.0,0.0,0.0,0.0,0.0
2024-11-15,GS,0.0,0.0,0.0,0.0,0.0,0.0,0.0,0.0,0.0,0.0,0.0,0.0,0.0,0.0
2024-11-18,GS,0.0,0.0,0.0,0.0,0.0,0.0,0.0,0.0,0.0,0.0,0.0,0.0,0.0,0.0
2024-11-19,GS,0.0,0.0,0.0,0.0,0.0,0.0,0.0,0.0,0.0,0.0,0.0,0.0,0.0,0.0
2024-11-20,GS,0.0,0.0,0.0,0.0,0.0,0.0,0.0,0.0,0.0,0.0,0.0,0.0,0.0,0.0
2024-11-21,GS,0.0,0.0,0.0,0.0,0.0,0.0,0.0,0.0,0.0,0.0,0.0,0.0,0.0,0.0
2024-11-22,GS,0.0,0.0,0.0,0.0,0.0,0.0,0.0,0.0,0.0,0.0,0.0,0.0,0.0,0.0
2024-11-25,GS,0.0,0.0,0.0,0.0,0.0,0.0,0.0,0.0,0.0,0.0,0.0,0.0,0.0,0.0
2024-11-26,GS,0.0,0.0,0.0,0.0,0.0,0.0,0.0,0.0,0.0,0.0,0.0,0.0,0.0,0.0
2024-11-27,GS,0.0,0.0,0.0,0.0,0.0,0.0,0.0,0.0,0.0,0.0,0.0,0.0,0.0,0.0
2024-11-29,GS,0.0,0.0,0.0,0.0,0.0,0.0,0.0,0.0,0.0,0.0,0.0,0.0,0.0,0.0
2024-12-02,GS,0.0,0.0,0.0,0.0,0.0,0.0,0.0,0.0,0.0,0.0,0.0,0.0,0.0,0.0
2024-12-03,GS,0.0,0.0,0.0,0.0,0.0,0.0,0.0,0.0,0.0,0.0,0.0,0.0,0.0,0.0
2024-12-04,GS,0.0,0.0,0.0,0.0,0.0,0.0,0.0,0.0,0.0,0.0,0.0,0.0,0.0,0.0
2024-12-05,GS,0.0,0.0,0.0,0.0,0.0,0.0,0.0,0.0,0.0,0.0,0.0,0.0,0.0,0.0
2024-12-06,GS,0.0,0.0,0.0,0.0,0.0,0.0,0.0,0.0,0.0,0.0,0.0,0.0,0.0,0.0
2024-12-09,GS,0.0,0.0,0.0,0.0,0.0,0.0,0.0,0.0,0.0,0.0,0.0,0.0,0.0,0.0
2024-12-10,GS,0.0,0.0,0.0,0.0,0.0,0.0,0.0,0.0,0.0,0.0,0.0,0.0,0.0,0.0
2024-12-11,GS,0.0,0.0,0.0,0.0,0.0,0.0,0.0,0.0,0.0,0.0,0.0,0.0,0.0,0.0
2024-12-12,GS,0.0,0.0,0.0,0.0,0.0,0.0,0.0,0.0,0.0,0.0,0.0,0.0,0.0,0.0
2024-12-13,GS,0.0,0.0,0.0,0.0,0.0,0.0,0.0,0.0,0.0,0.0,0.0,0.0,0.0,0.0
2024-12-16,GS,0.0,0.0,0.0,0.0,0.0,0.0,0.0,0.0,0.0,0.0,0.0,0.0,0.0,0.0
2024-12-17,GS,0.0,0.0,0.0,0.0,0.0,0.0,0.0,0.0,0.0,0.0,0.0,0.0,0.0,0.0
2024-12-18,GS,0.0,0.0,0.0,0.0,0.0,0.0,0.0,0.0,0.0,0.0,0.0,0.0,0.0,0.0
2024-12-19,GS,0.0,0.0,0.0,0.0,0.0,0.0,0.0,0.0,0.0,0.0,0.0,0.0,0.0,0.0
2024-12-20,GS,0.0,0.0,0.0,0.0,0.0,0.0,0.0,0.0,0.0,0.0,0.0,0.0,0.0,0.0
2024-12-23,GS,0.0,0.0,0.0,0.0,0.0,0.0,0.0,0.0,0.0,0.0,0.0,0.0,0.0,0.0
2024-12-24,GS,0.0,0.0,0.0,0.0,0.0,0.0,0.0,0.0,0.0,0.0,0.0,0.0,0.0,0.0
2024-12-26,GS,0.0,0.0,0.0,0.0,0.0,0.0,0.0,0.0,0.0,0.0,0.0,0.0,0.0,0.0
2024-12-27,GS,0.0,0.0,0.0,0.0,0.0,0.0,0.0,0.0,0.0,0.0,0.0,0.0,0.0,0.0
2024-12-30,GS,0.0,0.0,0.0,0.0,0.0,0.0,0.0,0.0,0.0,0.0,0.0,0.0,0.0,0.0
2024-12-31,GS,0.0,0.0,0.0,0.0,0.0,0.0,0.0,0.0,0.0,0.0,0.0,0.0,0.0,0.0
2025-01-02,GS,0.0,0.0,0.0,0.0,0.0,0.0,0.0,0.0,0.0,0.0,0.0,0.0,0.0,0.0
2025-01-03,GS,0.0,0.0,0.0,0.0,0.0,0.0,0.0,0.0,0.0,0.0,0.0,0.0,0.0,0.0
2025-01-06,GS,0.0,0.0,0.0,0.0,0.0,0.0,0.0,0.0,0.0,0.0,0.0,0.0,0.0,0.0
2025-01-07,GS,0.0,0.0,0.0,0.0,0.0,0.0,0.0,0.0,0.0,0.0,0.0,0.0,0.0,0.0
2025-01-08,GS,0.0,0.0,0.0,0.0,0.0,0.0,0.0,0.0,0.0,0.0,0.0,0.0,0.0,0.0
2025-01-10,GS,0.0,0.0,0.0,0.0,0.0,0.0,0.0,0.0,0.0,0.0,0.0,0.0,0.0,0.0
2025-01-13,GS,0.0,0.0,0.0,0.0,0.0,0.0,0.0,0.0,0.0,0.0,0.0,0.0,0.0,0.0
2025-01-14,GS,0.0,0.0,0.0,0.0,0.0,0.0,0.0,0.0,0.0,0.0,0.0,0.0,0.0,0.0
2025-01-15,GS,0.0,0.0,0.0,0.0,0.0,0.0,0.0,0.0,0.0,0.0,0.0,0.0,0.0,0.0
2025-01-16,GS,0.0,0.0,0.0,0.0,0.0,0.0,0.0,0.0,0.0,0.0,0.0,0.0,0.0,0.0
2025-01-17,GS,0.0,0.0,0.0,0.0,0.0,0.0,0.0,0.0,0.0,0.0,0.0,0.0,0.0,0.0
2025-01-21,GS,0.0,0.0,0.0,0.0,0.0,0.0,0.0,0.0,0.0,0.0,0.0,0.0,0.0,0.0
2025-01-22,GS,0.0,0.0,0.0,0.0,0.0,0.0,0.0,0.0,0.0,0.0,0.0,0.0,0.0,0.0
2025-01-23,GS,0.0,0.0,0.0,0.0,0.0,0.0,0.0,0.0,0.0,0.0,0.0,0.0,0.0,0.0
2025-01-24,GS,0.0,0.0,0.0,0.0,0.0,0.0,0.0,0.0,0.0,0.0,0.0,0.0,0.0,0.0
2025-01-27,GS,0.0,0.0,0.0,0.0,0.0,0.0,0.0,0.0,0.0,0.0,0.0,0.0,0.0,0.0
2025-01-28,GS,0.0,0.0,0.0,0.0,0.0,0.0,0.0,0.0,0.0,0.0,0.0,0.0,0.0,0.0
2025-01-29,GS,0.0,0.0,0.0,0.0,0.0,0.0,0.0,0.0,0.0,0.0,0.0,0.0,0.0,0.0
2025-01-30,GS,0.0,0.0,0.0,0.0,0.0,0.0,0.0,0.0,0.0,0.0,0.0,0.0,0.0,0.0
2025-01-31,GS,0.0,0.0,0.0,0.0,0.0,0.0,0.0,0.0,0.0,0.0,0.0,0.0,0.0,0.0
2025-02-03,GS,0.0,0.0,0.0,0.0,0.0,0.0,0.0,0.0,0.0,0.0,0.0,0.0,0.0,0.0
2025-02-04,GS,0.0,0.0,0.0,0.0,0.0,0.0,0.0,0.0,0.0,0.0,0.0,0.0,0.0,0.0
2025-02-05,GS,0.0,0.0,0.0,0.0,0.0,0.0,0.0,0.0,0.0,0.0,0.0,0.0,0.0,0.0
2025-02-06,GS,0.0,0.0,0.0,0.0,0.0,0.0,0.0,0.0,0.0,0.0,0.0,0.0,0.0,0.0
2025-02-07,GS,0.0,0.0,0.0,0.0,0.0,0.0,0.0,0.0,0.0,0.0,0.0,0.0,0.0,0.0
2025-02-10,GS,0.0,0.0,0.0,0.0,0.0,0.0,0.0,0.0,0.0,0.0,0.0,0.0,0.0,0.0
2025-02-11,GS,0.0,0.0,0.0,0.0,0.0,0.0,0.0,0.0,0.0,0.0,0.0,0.0,0.0,0.0
2025-02-12,GS,0.0,0.0,0.0,0.0,0.0,0.0,0.0,0.0,0.0,0.0,0.0,0.0,0.0,0.0
2025-02-13,GS,0.0,0.0,0.0,0.0,0.0,0.0,0.0,0.0,0.0,0.0,0.0,0.0,0.0,0.0
2025-02-14,GS,0.0,0.0,0.0,0.0,0.0,0.0,0.0,0.0,0.0,0.0,0.0,0.0,0.0,0.0
2025-02-18,GS,0.0,0.0,0.0,0.0,0.0,0.0,0.0,0.0,0.0,0.0,0.0,0.0,0.0,0.0
2025-02-19,GS,0.0,0.0,0.0,0.0,0.0,0.0,0.0,0.0,0.0,0.0,0.0,0.0,0.0,0.0
2025-02-20,GS,0.0,0.0,0.0,0.0,0.0,0.0,0.0,0.0,0.0,0.0,0.0,0.0,0.0,0.0
2025-02-21,GS,0.0,0.0,0.0,0.0,0.0,0.0,0.0,0.0,0.0,0.0,0.0,0.0,0.0,0.0
2025-02-24,GS,0.0,0.0,0.0,0.0,0.0,0.0,0.0,0.0,0.0,0.0,0.0,0.0,0.0,0.0
2025-02-25,GS,0.0,0.0,0.0,0.0,0.0,0.0,0.0,0.0,0.0,0.0,0.0,0.0,0.0,0.0
2025-02-26,GS,0.0,0.0,0.0,0.0,0.0,0.0,0.0,0.0,0.0,0.0,0.0,0.0,0.0,0.0
2025-02-27,GS,0.0,0.0,0.0,0.0,0.0,0.0,0.0,0.0,0.0,0.0,0.0,0.0,0.0,0.0
2025-02-28,GS,0.0,0.0,0.0,0.0,0.0,0.0,0.0,0.0,0.0,0.0,0.0,0.0,0.0,0.0
2025-03-03,GS,0.0,0.0,0.0,0.0,0.0,0.0,0.0,0.0,0.0,0.0,0.0,0.0,0.0,0.0
2025-03-04,GS,0.0,0.0,0.0,0.0,0.0,0.0,0.0,0.0,0.0,0.0,0.0,0.0,0.0,0.0
2025-03-05,GS,0.0,0.0,0.0,0.0,0.0,0.0,0.0,0.0,0.0,0.0,0.0,0.0,0.0,0.0
2025-03-06,GS,0.0,0.0,0.0,0.0,0.0,0.0,0.0,0.0,0.0,0.0,0.0,0.0,0.0,0.0
2025-03-07,GS,0.0,0.0,0.0,0.0,0.0,0.0,0.0,0.0,0.0,0.0,0.0,0.0,0.0,0.0
2025-03-10,GS,0.0,0.0,0.0,0.0,0.0,0.0,0.0,0.0,0.0,0.0,0.0,0.0,0.0,0.0
2025-03-11,GS,0.0,0.0,0.0,0.0,0.0,0.0,0.0,0.0,0.0,0.0,0.0,0.0,0.0,0.0
2025-03-12,GS,0.0,0.0,0.0,0.0,0.0,0.0,0.0,0.0,0.0,0.0,0.0,0.0,0.0,0.0
2025-03-13,GS,0.0,0.0,0.0,0.0,0.0,0.0,0.0,0.0,0.0,0.0,0.0,0.0,0.0,0.0
2025-03-14,GS,0.0,0.0,0.0,0.0,0.0,0.0,0.0,0.0,0.0,0.0,0.0,0.0,0.0,0.0
2025-03-17,GS,0.0,0.0,0.0,0.0,0.0,0.0,0.0,0.0,0.0,0.0,0.0,0.0,0.0,0.0
2025-03-18,GS,0.0,0.0,0.0,0.0,0.0,0.0,0.0,0.0,0.0,0.0,0.0,0.0,0.0,0.0
2025-03-19,GS,0.0,0.0,0.0,0.0,0.0,0.0,0.0,0.0,0.0,0.0,0.0,0.0,0.0,0.0
2025-03-20,GS,0.0,0.0,0.0,0.0,0.0,0.0,0.0,0.0,0.0,0.0,0.0,0.0,0.0,0.0
2025-03-21,GS,0.0,0.0,0.0,0.0,0.0,0.0,0.0,0.0,0.0,0.0,0.0,0.0,0.0,0.0
2025-03-24,GS,0.0,0.0,0.0,0.0,0.0,0.0,0.0,0.0,0.0,0.0,0.0,0.0,0.0,0.0
2025-03-25,GS,0.0,0.0,0.0,0.0,0.0,0.0,0.0,0.0,0.0,0.0,0.0,0.0,0.0,0.0
2025-03-26,GS,0.0,0.0,0.0,0.0,0.0,0.0,0.0,0.0,0.0,0.0,0.0,0.0,0.0,0.0
2025-03-27,GS,0.0,0.0,0.0,0.0,0.0,0.0,0.0,0.0,0.0,0.0,0.0,0.0,0.0,0.0
2025-03-28,GS,0.0,0.0,0.0,0.0,0.0,0.0,0.0,0.0,0.0,0.0,0.0,0.0,0.0,0.0
2025-03-31,GS,0.0,0.0,0.0,0.0,0.0,0.0,0.0,0.0,0.0,0.0,0.0,0.0,0.0,0.0
2025-04-01,GS,0.0,0.0,0.0,0.0,0.0,0.0,0.0,0.0,0.0,0.0,0.0,0.0,0.0,0.0
2025-04-02,GS,0.0,0.0,0.0,0.0,0.0,0.0,0.0,0.0,0.0,0.0,0.0,0.0,0.0,0.0
2025-04-03,GS,0.0,0.0,0.0,0.0,0.0,0.0,0.0,0.0,0.0,0.0,0.0,0.0,0.0,0.0
2025-04-04,GS,0.0,0.0,0.0,0.0,0.0,0.0,0.0,0.0,0.0,0.0,0.0,0.0,0.0,0.0
2025-04-07,GS,0.0,0.0,0.0,0.0,0.0,0.0,0.0,0.0,0.0,0.0,0.0,0.0,0.0,0.0
2025-04-08,GS,0.0,0.0,0.0,0.0,0.0,0.0,0.0,0.0,0.0,0.0,0.0,0.0,0.0,0.0
2025-04-09,GS,0.0,0.0,0.0,0.0,0.0,0.0,0.0,0.0,0.0,0.0,0.0,0.0,0.0,0.0
2025-04-10,GS,0.0,0.0,0.0,0.0,0.0,0.0,0.0,0.0,0.0,0.0,0.0,0.0,0.0,0.0
2025-04-11,GS,0.0,0.0,0.0,0.0,0.0,0.0,0.0,0.0,0.0,0.0,0.0,0.0,0.0,0.0
2025-04-14,GS,0.0,0.0,0.0,0.0,0.0,0.0,0.0,0.0,0.0,0.0,0.0,0.0,0.0,0.0
2025-04-15,GS,0.0,0.0,0.0,0.0,0.0,0.0,0.0,0.0,0.0,0.0,0.0,0.0,0.0,0.0
2025-04-16,GS,0.0,0.0,0.0,0.0,0.0,0.0,0.0,0.0,0.0,0.0,0.0,0.0,0.0,0.0
2025-04-17,GS,0.0,0.0,0.0,0.0,0.0,0.0,0.0,0.0,0.0,0.0,0.0,0.0,0.0,0.0
2025-04-21,GS,0.0,0.0,0.0,0.0,0.0,0.0,0.0,0.0,0.0,0.0,0.0,0.0,0.0,0.0
2025-04-22,GS,0.0,0.0,0.0,0.0,0.0,0.0,0.0,0.0,0.0,0.0,0.0,0.0,0.0,0.0
2025-04-23,GS,0.0,0.0,0.0,0.0,0.0,0.0,0.0,0.0,0.0,0.0,0.0,0.0,0.0,0.0
2025-04-24,GS,0.0,0.0,0.0,0.0,0.0,0.0,0.0,0.0,0.0,0.0,0.0,0.0,0.0,0.0
2025-04-25,GS,0.0,0.0,0.0,0.0,0.0,0.0,0.0,0.0,0.0,0.0,0.0,0.0,0.0,0.0
2025-04-28,GS,0.0,0.0,0.0,0.0,0.0,0.0,0.0,0.0,0.0,0.0,0.0,0.0,0.0,0.0
2025-04-29,GS,0.0,0.0,0.0,0.0,0.0,0.0,0.0,0.0,0.0,0.0,0.0,0.0,0.0,0.0
2025-04-30,GS,0.0,0.0,0.0,0.0,0.0,0.0,0.0,0.0,0.0,0.0,0.0,0.0,0.0,0.0
2025-05-01,GS,0.0,0.0,0.0,0.0,0.0,0.0,0.0,0.0,0.0,0.0,0.0,0.0,0.0,0.0
2025-05-02,GS,0.0,0.0,0.0,0.0,0.0,0.0,0.0,0.0,0.0,0.0,0.0,0.0,0.0,0.0
2025-05-05,GS,0.0,0.0,0.0,0.0,0.0,0.0,0.0,0.0,0.0,0.0,0.0,0.0,0.0,0.0
2025-05-06,GS,0.0,0.0,0.0,0.0,0.0,0.0,0.0,0.0,0.0,0.0,0.0,0.0,0.0,0.0
2025-05-07,GS,0.0,0.0,0.0,0.0,0.0,0.0,0.0,0.0,0.0,0.0,0.0,0.0,0.0,0.0
2025-05-08,GS,0.0,0.0,0.0,0.0,0.0,0.0,0.0,0.0,0.0,0.0,0.0,0.0,0.0,0.0
2025-05-09,GS,0.0,0.0,0.0,0.0,0.0,0.0,0.0,0.0,0.0,0.0,0.0,0.0,0.0,0.0
2025-05-12,GS,0.0,0.0,0.0,0.0,0.0,0.0,0.0,0.0,0.0,0.0,0.0,0.0,0.0,0.0
2025-05-13,GS,0.0,0.0,0.0,0.0,0.0,0.0,0.0,0.0,0.0,0.0,0.0,0.0,0.0,0.0
2025-05-14,GS,0.0,0.0,0.0,0.0,0.0,0.0,0.0,0.0,0.0,0.0,0.0,0.0,0.0,0.0
2025-05-15,GS,0.0,0.0,0.0,0.0,0.0,0.0,0.0,0.0,0.0,0.0,0.0,0.0,0.0,0.0
2025-05-16,GS,0.0,0.0,0.0,0.0,0.0,0.0,0.0,0.0,0.0,0.0,0.0,0.0,0.0,0.0
2025-05-19,GS,0.0,0.0,0.0,0.0,0.0,0.0,0.0,0.0,0.0,0.0,0.0,0.0,0.0,0.0
2025-05-20,GS,0.0,0.0,0.0,0.0,0.0,0.0,0.0,0.0,0.0,0.0,0.0,0.0,0.0,0.0
2025-05-21,GS,0.0,0.0,0.0,0.0,0.0,0.0,0.0,0.0,0.0,0.0,0.0,0.0,0.0,0.0
2025-05-22,GS,0.0,0.0,0.0,0.0,0.0,0.0,0.0,0.0,0.0,0.0,0.0,0.0,0.0,0.0
2025-05-23,GS,0.0,0.0,0.0,0.0,0.0,0.0,0.0,0.0,0.0,0.0,0.0,0.0,0.0,0.0
2025-05-27,GS,0.0,0.0,0.0,0.0,0.0,0.0,0.0,0.0,0.0,0.0,0.0,0.0,0.0,0.0
2025-05-28,GS,0.0,0.0,0.0,0.0,0.0,0.0,0.0,0.0,0.0,0.0,0.0,0.0,0.0,0.0
2025-05-29,GS,0.0,0.0,0.0,0.0,0.0,0.0,0.0,0.0,0.0,0.0,0.0,0.0,0.0,0.0
2025-05-30,GS,0.0,0.0,0.0,0.0,0.0,0.0,0.0,0.0,0.0,0.0,0.0,0.0,0.0,0.0
2025-06-02,GS,0.0,0.0,0.0,0.0,0.0,0.0,0.0,0.0,0.0,0.0,0.0,0.0,0.0,0.0
2025-06-03,GS,0.0,0.0,0.0,0.0,0.0,0.0,0.0,0.0,0.0,0.0,0.0,0.0,0.0,0.0
2025-06-04,GS,0.0,0.0,0.0,0.0,0.0,0.0,0.0,0.0,0.0,0.0,0.0,0.0,0.0,0.0
2025-06-05,GS,0.0,0.0,0.0,0.0,0.0,0.0,0.0,0.0,0.0,0.0,0.0,0.0,0.0,0.0
2025-06-06,GS,0.0,0.0,0.0,0.0,0.0,0.0,0.0,0.0,0.0,0.0,0.0,0.0,0.0,0.0
2025-06-09,GS,0.0,0.0,0.0,0.0,0.0,0.0,0.0,0.0,0.0,0.0,0.0,0.0,0.0,0.0
2025-06-10,GS,0.0,0.0,0.0,0.0,0.0,0.0,0.0,0.0,0.0,0.0,0.0,0.0,0.0,0.0
2025-06-11,GS,0.0,0.0,0.0,0.0,0.0,0.0,0.0,0.0,0.0,0.0,0.0,0.0,0.0,0.0
2025-06-12,GS,0.0,0.0,0.0,0.0,0.0,0.0,0.0,0.0,0.0,0.0,0.0,0.0,0.0,0.0
2025-06-13,GS,0.0,0.0,0.0,0.0,0.0,0.0,0.0,0.0,0.0,0.0,0.0,0.0,0.0,0.0
2025-06-16,GS,0.2711470096061627,3.0,1.0,0.0,2.0,0.8959042827288309,0.32291038334369654,0.051763373737533834,0.6253262683749199,0.09038233653538758,3.0,1.0,0.0,2.0
2025-06-17,GS,0.30745434178970754,8.0,4.0,2.0,2.0,0.8480691500008106,0.5295160374371335,0.2220616956474259,0.24842225853353736,0.19286711713195678,11.0,5.0,2.0,4.0
2025-06-18,GS,0.14797312915325161,10.0,3.0,2.0,5.0,0.8388076603412629,0.3626548448577523,0.21468171570450062,0.4226634355261922,0.24219149351637395,21.0,8.0,4.0,9.0
2025-06-20,GS,-0.2874668651493266,8.0,2.0,5.0,1.0,0.830385260283947,0.2660983316600322,0.5535651968093589,0.18033650331199164,0.055986868597877514,26.0,9.0,9.0,8.0
2025-06-23,GS,0.007226078874535031,9.0,3.0,3.0,3.0,0.8977998495101929,0.33459435289518696,0.32736827402065194,0.33803736418485636,-0.04408921904051333,27.0,8.0,10.0,9.0
2025-06-24,GS,-0.15395320740838844,15.0,3.0,6.0,6.0,0.8690296709537506,0.23844524919986723,0.3923984566082556,0.3691563033809265,-0.14473133122772666,32.0,8.0,14.0,10.0
2025-06-25,GS,-0.04282026824851833,15.0,4.0,5.0,6.0,0.8093608975410461,0.2836939893662929,0.3265142576148112,0.3897917487969001,-0.06318246559412392,39.0,10.0,14.0,15.0
2025-06-26,GS,0.2120745973661542,12.0,7.0,3.0,2.0,0.8633890201648077,0.491302720659102,0.27922812329294777,0.22946916179110607,0.005100373903082471,42.0,14.0,14.0,14.0
2025-06-27,GS,0.3430810264932613,6.0,3.0,1.0,2.0,0.8909281194210052,0.5000268233319124,0.15694579683865106,0.3430273914709687,0.17077845187029905,33.0,14.0,9.0,10.0
2025-06-30,GS,0.27681424011561,22.0,13.0,5.0,4.0,0.8170080916448073,0.5275391788983886,0.25072493878277863,0.2217358944260261,0.27732328799167516,40.0,23.0,9.0,8.0
2025-07-01,GS,0.38060237327590585,14.0,9.0,4.0,1.0,0.8117338674409049,0.6286817805043289,0.24807940722842298,0.12323879583605692,0.3334992132949257,42.0,25.0,10.0,7.0
2025-07-02,GS,0.5156275322217316,21.0,14.0,1.0,6.0,0.8412234130359831,0.6069860269448587,0.09135849472312695,0.3016554782433169,0.39101471520441583,57.0,36.0,10.0,11.0
2025-07-03,GS,0.22010373483811102,14.0,8.0,3.0,3.0,0.813517153263092,0.49321982271171044,0.2731160878735993,0.2336640962000404,0.3721112134452495,49.0,31.0,8.0,10.0
2025-07-07,GS,0.10387914561267408,7.0,2.0,1.0,4.0,0.837640038558415,0.2886136352483715,0.18473448963569744,0.526651891214507,0.2798701375575056,42.0,24.0,5.0,13.0
2025-07-08,GS,0.02405050533878452,17.0,3.0,2.0,12.0,0.8212003778008854,0.20850569508312378,0.18445518974433925,0.6070391054210418,0.1160111285965232,38.0,13.0,6.0,19.0
2025-07-09,GS,0.1621460238368147,18.0,6.0,2.0,10.0,0.8243855271074507,0.3157300817159315,0.15358405787911675,0.5306858540409141,0.09669189159609111,42.0,11.0,5.0,26.0
2025-07-10,GS,-0.1163034717319533,8.0,2.0,3.0,3.0,0.7277011647820473,0.21768195624463255,0.33398542797658587,0.44833262846805155,0.023297685814548646,43.0,11.0,7.0,25.0
2025-07-11,GS,-0.05055908202193678,20.0,2.0,6.0,12.0,0.7636182457208633,0.18500981694087382,0.23556889896281058,0.5794212807435543,-0.0015721766390251214,46.0,10.0,11.0,25.0
2025-07-14,GS,0.06829061253334988,22.0,5.0,5.0,12.0,0.8255299817432057,0.28489313109523867,0.21660251856188878,0.49850435368716717,-0.03285731374018006,50.0,9.0,14.0,27.0
2025-07-15,GS,0.571524533132712,12.0,9.0,1.0,2.0,0.88741963605086,0.6884182205734154,0.11689368744070328,0.19468809058889744,0.19641868788137504,54.0,16.0,12.0,26.0
2025-07-16,GS,0.08995762771616381,30.0,11.0,10.0,9.0,0.8443501700957616,0.4096508985385299,0.31969327082236604,0.2706558320360879,0.24325759112740855,64.0,25.0,16.0,23.0
2025-07-17,GS,0.10681744916364551,20.0,8.0,7.0,5.0,0.8619666069746017,0.44205076224170625,0.3352333130780607,0.2227159143425524,0.2560998700041738,62.0,28.0,18.0,16.0
2025-07-18,GS,0.22949596296530217,8.0,5.0,3.0,0.0,0.8422627747058868,0.5621086073806509,0.3326126444153487,0.10527875833213327,0.14209034661503717,58.0,24.0,20.0,14.0
2025-07-21,GS,-0.14814361341996118,8.0,2.0,4.0,2.0,0.7058675214648247,0.2885157447308302,0.4366593581507914,0.2748249161522835,0.06272326623632885,36.0,15.0,14.0,7.0
2025-07-22,GS,0.23059051618911325,10.0,3.0,1.0,6.0,0.8395339131355286,0.336164865642786,0.10557434945367272,0.5582607723772526,0.10398095524481808,26.0,10.0,8.0,8.0
2025-07-23,GS,0.19374817433870506,9.0,4.0,2.0,3.0,0.7536546654171414,0.40293910726904864,0.20919093293034366,0.38786994769341415,0.09206502570261904,27.0,9.0,7.0,11.0
2025-07-24,GS,0.23862400669604536,10.0,3.0,0.0,7.0,0.7395863682031631,0.3065046079456806,0.06788060124963517,0.6256148189306259,0.2209875657412879,29.0,10.0,3.0,16.0
2025-07-25,GS,0.5122568912597166,9.0,6.0,1.0,2.0,0.8610039883189731,0.61189630213711,0.09963941087739331,0.2884642937117153,0.314876357431489,28.0,13.0,3.0,12.0
2025-07-28,GS,0.4650548608042299,4.0,2.0,0.0,2.0,0.8352543711662292,0.5020558573305607,0.037000996526330675,0.46094316057860846,0.40531191958666396,23.0,11.0,1.0,11.0
2025-07-29,GS,-0.1319867864561578,18.0,2.0,7.0,9.0,0.774830225441191,0.21159327278534568,0.3435800592415034,0.4448266506402029,0.2817749885359296,31.0,10.0,8.0,13.0
2025-07-30,GS,0.15359704183148487,7.0,3.0,2.0,2.0,0.8908471124512809,0.437953107192048,0.2843560653605631,0.277690801769495,0.1622217053931857,29.0,7.0,9.0,13.0
2025-07-31,GS,0.06697292679122513,7.0,1.0,1.0,5.0,0.7841534529413495,0.24590723269752088,0.17893430590629575,0.5751584566065243,0.02952772738885077,32.0,6.0,10.0,16.0
2025-08-01,GS,0.3802050099309001,7.0,4.0,1.0,2.0,0.8151715312685285,0.5474234106285232,0.16721840069762295,0.2853581844163792,0.20025832618453676,21.0,8.0,4.0,9.0
2025-08-04,GS,0.05451677888631821,10.0,4.0,2.0,4.0,0.7242892473936081,0.3675011366605758,0.3129843577742576,0.3195144847035408,0.1672315718694812,24.0,9.0,4.0,11.0
2025-08-05,GS,-0.0833057298635443,9.0,1.0,3.0,5.0,0.7793553206655714,0.18264817508558429,0.26595390494912863,0.551397933728165,0.11713868631789137,26.0,9.0,6.0,11.0
2025-08-06,GS,-0.375664284452796,2.0,0.0,1.0,1.0,0.8637011647224426,0.0406364342197775,0.4163007186725735,0.543062835931778,-0.13481774514334066,21.0,5.0,6.0,10.0
2025-08-07,GS,-0.036048054384688534,9.0,2.0,3.0,4.0,0.882465832763248,0.2878505431322588,0.32389859751694733,0.3882508635934856,-0.1650060229003429,20.0,3.0,7.0,10.0
2025-08-08,GS,0.1648702960461378,5.0,1.0,0.0,4.0,0.8159978032112122,0.237140167877078,0.0722698718309402,0.6905899584293366,-0.0822806809304489,16.0,3.0,4.0,9.0
2025-08-11,GS,-0.37689152442746693,9.0,2.0,6.0,1.0,0.8837605714797974,0.22512736740625566,0.6020188918337226,0.17285374634795717,-0.08268976092200588,23.0,5.0,9.0,9.0
2025-08-12,GS,-0.2677812260575592,10.0,3.0,6.0,1.0,0.8481369078159332,0.28718942143023013,0.5549706474877893,0.15783992055803536,-0.15993415147962944,24.0,6.0,12.0,6.0
2025-08-13,GS,-0.095109494170174,12.0,4.0,6.0,2.0,0.7661216706037521,0.3459822731092572,0.4410917672794312,0.21292596124112603,-0.24659408155173335,31.0,9.0,18.0,4.0
2025-08-14,GS,-0.43310682994446587,7.0,0.0,3.0,4.0,0.8614419613565717,0.05047368085277929,0.4835805107972451,0.46594580808388336,-0.2653325167240663,29.0,7.0,15.0,7.0
2025-08-15,GS,-0.05728907996995585,9.0,1.0,2.0,6.0,0.873710466755761,0.16721108938670817,0.22450016935666398,0.6082887721972333,-0.19516846802819857,28.0,5.0,11.0,12.0
2025-08-18,GS,-0.5505481193152567,6.0,0.0,4.0,2.0,0.899492621421814,0.053237296019991186,0.6037854153352479,0.34297727855543286,-0.3469813430765594,22.0,1.0,9.0,12.0
2025-08-19,GS,0.26445996991048254,15.0,6.0,1.0,8.0,0.8145040551821391,0.3903293397898475,0.12586936987936492,0.4838012925038735,-0.11445907645824337,30.0,7.0,7.0,16.0
2025-08-20,GS,0.4166138613363728,8.0,5.0,1.0,2.0,0.8858916908502579,0.5499248345149681,0.13331097317859525,0.31676420592702925,0.04350857064386621,29.0,11.0,6.0,12.0
2025-08-21,GS,0.4810673473402858,6.0,4.0,1.0,1.0,0.825470914443334,0.6246067471802235,0.14353939983993766,0.23185387222717205,0.3873803928623804,29.0,15.0,3.0,11.0
2025-08-22,GS,-0.06964100934565072,5.0,1.0,1.0,3.0,0.866260826587677,0.14204808510839934,0.21168909445405,0.646262814104557,0.2760133997770026,19.0,10.0,3.0,6.0
2025-08-25,GS,0.2349694542586803,5.0,1.0,0.0,4.0,0.8907461643218995,0.2524490393698215,0.01747958511114116,0.7300713762640954,0.21546526408443842,16.0,6.0,2.0,8.0
2025-08-26,GS,0.04771165130659938,4.0,1.0,1.0,2.0,0.8065177202224731,0.34437589324079454,0.2966642419341951,0.358959854580462,0.07101336540654296,14.0,3.0,2.0,9.0
2025-08-27,GS,0.43036661736134973,7.0,3.0,0.0,4.0,0.8860471333776202,0.4604502181921686,0.03008360083081887,0.5094662002686944,0.23768257430887643,16.0,5.0,1.0,10.0
2025-08-28,GS,0.541385616408661,4.0,3.0,0.0,1.0,0.7323712259531021,0.6189698576927185,0.07758424128405744,0.3034459250047803,0.33982129502553665,15.0,7.0,1.0,7.0
2025-08-29,GS,0.5949308406561613,3.0,2.0,0.0,1.0,0.8239558339118958,0.6678573340177536,0.07292649336159224,0.2592161626865466,0.5222276914753906,14.0,8.0,0.0,6.0
2025-09-02,GS,0.3664254246978089,8.0,5.0,2.0,1.0,0.8101555854082108,0.5935119063360617,0.22708648163825274,0.17940157302655274,0.5009139605875438,15.0,10.0,2.0,3.0
2025-09-03,GS,-0.43233942671213293,8.0,0.0,4.0,4.0,0.9096048474311829,0.0540057114558294,0.48634513816796243,0.4596491507254541,0.17633894621394575,19.0,7.0,6.0,6.0
2025-09-04,GS,0.6560325079287092,6.0,5.0,0.0,1.0,0.865668386220932,0.7399464386204878,0.08391393069177865,0.1761395984018842,0.19670616863812831,22.0,10.0,6.0,6.0
2025-09-05,GS,0.2543528886162676,24.0,10.0,4.0,10.0,0.892092098792394,0.4427861472358927,0.1884332586196251,0.3687805896624923,0.15934865661094788,38.0,15.0,8.0,15.0
2025-09-08,GS,0.6082296073436737,1.0,1.0,0.0,0.0,0.7863797545433044,0.7863797545433044,0.1781501471996307,0.0354701317846775,0.5062050012962168,31.0,16.0,4.0,11.0
2025-09-09,GS,0.17443475453183055,6.0,1.0,0.0,5.0,0.9067891538143158,0.20883221055070555,0.034397456018874985,0.7567703189949194,0.3456724168305905,31.0,12.0,4.0,15.0
2025-09-10,GS,0.14511661676483023,9.0,3.0,3.0,3.0,0.807930052280426,0.37807897809478974,0.23296236132995946,0.38895866212745506,0.30926032621344474,16.0,5.0,3.0,8.0
2025-09-11,GS,0.18347016031232974,12.0,6.0,3.0,3.0,0.8194878821571668,0.467654958833009,0.28418479852067924,0.24816024396568534,0.16767384386966344,27.0,10.0,6.0,11.0
2025-09-12,GS,0.18067815168095483,7.0,1.0,0.0,6.0,0.9104955281530108,0.19656423532537048,0.0158860836444156,0.7875496968626976,0.16975497625270486,28.0,10.0,6.0,12.0
2025-09-15,GS,0.24618352776659383,7.0,2.0,0.0,5.0,0.8421487127031598,0.283565241843462,0.03738171407686807,0.6790530064276287,0.20344394658662604,26.0,9.0,3.0,14.0
2025-09-16,GS,0.0811472253149582,9.0,2.0,2.0,5.0,0.8134097523159451,0.25906207660833996,0.17791485129338167,0.5630230793936385,0.1693363015875022,23.0,5.0,2.0,16.0
2025-09-17,GS,0.24893905194476246,5.0,2.0,1.0,2.0,0.7743903279304505,0.41425882652401924,0.16531977457925673,0.4204214125871658,0.1920899350087714,21.0,6.0,3.0,12.0
2025-09-18,GS,0.6314014063470743,11.0,6.0,0.0,5.0,0.7608612721616571,0.6533164002678611,0.021914993920786763,0.32476859438148414,0.32049589453559824,25.0,10.0,3.0,12.0
2025-09-19,GS,0.5352085411755575,9.0,5.0,0.0,4.0,0.9174284736315409,0.5525023870997958,0.01729384592423832,0.43020377494394774,0.47184966648913135,25.0,13.0,1.0,11.0
2025-09-22,GS,0.29763420817575287,7.0,3.0,1.0,3.0,0.8309786404882159,0.4570448600820132,0.1594106519062604,0.3835444817585604,0.48808138523279476,27.0,14.0,1.0,12.0
2025-09-23,GS,0.35448809593383757,7.0,3.0,0.0,4.0,0.8357442489692143,0.3891830196870224,0.034694923753184885,0.5761220274227006,0.39577694842838257,23.0,11.0,1.0,11.0
2025-09-24,GS,0.08141993881306712,9.0,1.0,2.0,6.0,0.7311050362057157,0.23913529846403328,0.15771535965096614,0.6031493445237478,0.2445140809742191,23.0,7.0,3.0,13.0
2025-09-25,GS,-0.30333442947206396,6.0,1.0,4.0,1.0,0.8502786060174307,0.24237777641974387,0.5457122058918078,0.2119099873428543,0.04419120175828014,22.0,5.0,6.0,11.0
2025-09-26,GS,0.2107077172026038,5.0,2.0,1.0,2.0,0.835526442527771,0.4423135746270418,0.23160585742443796,0.3260805621743202,-0.0037355911521311145,20.0,4.0,7.0,9.0
2025-09-29,GS,0.1825342341326177,6.0,2.0,0.0,4.0,0.7773418525854746,0.28457502461969847,0.10204079048708081,0.6133841816335917,0.02996917395438575,17.0,5.0,5.0,7.0
2025-09-30,GS,0.1124263375199267,7.0,3.0,2.0,2.0,0.8691842896597726,0.3951351308662976,0.2827087933463709,0.32215605170599054,0.1685560962850493,18.0,7.0,3.0,8.0
2025-10-01,GS,0.2440351037075743,8.0,5.0,2.0,1.0,0.846452996134758,0.5140825142152607,0.2700474105076864,0.21587009006179864,0.17966522512003946,21.0,10.0,4.0,7.0
2025-10-02,GS,-0.06459218739635414,9.0,2.0,3.0,4.0,0.8173418707317777,0.2627177322283387,0.3273099196246928,0.4099723549766673,0.09728975127704885,24.0,10.0,7.0,7.0
2025-10-03,GS,-0.19756160490214825,5.0,1.0,2.0,2.0,0.8479572296142578,0.19548790883272885,0.3930495137348771,0.41146261170506476,-0.0060395628636427945,22.0,8.0,7.0,7.0
2025-10-06,GS,0.3555958814686164,8.0,5.0,1.0,2.0,0.8426262214779854,0.5283457736950368,0.1727498922264203,0.298904342809692,0.031147363056704586,22.0,8.0,6.0,8.0
2025-10-07,GS,0.18421734701842066,15.0,4.0,3.0,8.0,0.7424835483233134,0.3522467338169614,0.1680293867985407,0.47972387795646987,0.11408387452829617,28.0,10.0,6.0,12.0
2025-10-08,GS,0.17378017473965882,10.0,2.0,2.0,6.0,0.7980835258960723,0.32961391434073445,0.1558337396010756,0.5145523559302092,0.23786446774223183,33.0,11.0,6.0,16.0
2025-10-09,GS,-0.015154261500216456,13.0,3.0,5.0,5.0,0.7663594025831956,0.31212293399641144,0.32727719549662787,0.36059987416061073,0.1142810867526209,38.0,9.0,10.0,19.0
2025-10-10,GS,-0.006257471162825834,10.0,2.0,2.0,6.0,0.8323218882083893,0.228218687698245,0.2344761588610708,0.5373051287606359,0.05078948069220541,33.0,7.0,9.0,17.0
2025-10-13,GS,0.163689731284976,25.0,11.0,4.0,10.0,0.7350538170337677,0.3668518820405006,0.2031621507555246,0.429985975548625,0.04742599954064447,48.0,16.0,11.0,21.0
2025-10-14,GS,0.10742313269292936,32.0,15.0,13.0,4.0,0.858279281295836,0.4828544016345404,0.37543126894161105,0.14171432732837272,0.08828513093835973,67.0,28.0,19.0,20.0
2025-10-15,GS,0.381161262027242,33.0,20.0,6.0,7.0,0.8630847524512898,0.5732731432230636,0.1921118811958215,0.23461497690754404,0.21742470866838234,90.0,46.0,23.0,21.0
2025-10-16,GS,0.3679245293728615,19.0,10.0,2.0,7.0,0.858501628825539,0.5175516987709623,0.1496271693981007,0.33282114486945297,0.28550297469767755,84.0,45.0,21.0,18.0
2025-10-17,GS,0.23128887948890525,15.0,5.0,3.0,7.0,0.8076495170593262,0.4207788630078236,0.18948998351891833,0.3897311535974343,0.3267915569630028,67.0,35.0,11.0,21.0
2025-10-20,GS,0.023078376054763795,5.0,2.0,2.0,1.0,0.915608024597168,0.3921388434246182,0.36906046736985443,0.2388006586581468,0.20743059497217675,39.0,17.0,7.0,15.0
2025-10-21,GS,-0.20018171669485477,13.0,3.0,6.0,4.0,0.8555898162034842,0.25328126499572623,0.453462981690581,0.293255749086921,0.01806184628293798,33.0,10.0,11.0,12.0
2025-10-22,GS,0.7498605942819268,4.0,3.0,0.0,1.0,0.8971551954746246,0.7739538475871086,0.024093253305181826,0.2019528858363628,0.1909190845472785,22.0,8.0,8.0,6.0
2025-10-23,GS,0.08588650561869142,10.0,2.0,2.0,6.0,0.873687469959259,0.275760156661272,0.18987365104258055,0.5343661904335022,0.21185512773525436,27.0,8.0,8.0,11.0
2025-10-24,GS,0.21443371998611838,8.0,4.0,2.0,2.0,0.756180427968502,0.44817511923611164,0.23374139924999324,0.31808348558843136,0.3500602732955787,22.0,9.0,4.0,9.0
2025-10-27,GS,0.40547795314341784,5.0,2.0,0.0,3.0,0.7428941488265991,0.4161900609731674,0.010712107829749521,0.5730978310108185,0.2352660595827424,23.0,8.0,4.0,11.0
2025-10-28,GS,0.5649668129626662,6.0,4.0,0.0,2.0,0.7641803671916326,0.6341342851519585,0.06916747218929227,0.2966982498764991,0.3949594953640673,19.0,10.0,2.0,7.0
2025-10-29,GS,0.36999300432701904,6.0,4.0,1.0,1.0,0.8845754861831665,0.582027618928502,0.2120346146014829,0.20593777423103646,0.4468125901443676,17.0,10.0,1.0,6.0
2025-10-30,GS,-0.0654601637274027,5.0,1.0,2.0,2.0,0.7759678840637207,0.32260243669152255,0.38806260041892526,0.28933498114347456,0.28983321785409405,17.0,9.0,3.0,5.0
2025-10-31,GS,0.24095860899736485,6.0,2.0,1.0,3.0,0.7536618808905283,0.37699649172524613,0.13603788272788123,0.48696565224478644,0.18183048319899364,17.0,7.0,4.0,6.0
2025-11-03,GS,-0.3892625231916706,3.0,0.0,2.0,1.0,0.7326510151227316,0.1787940366193652,0.5680565598110358,0.25314940512180323,-0.07125469264056959,14.0,3.0,5.0,6.0
2025-11-04,GS,-0.31149459406733515,10.0,2.0,7.0,1.0,0.8535185366868973,0.27088327184319494,0.58237786591053,0.1467388646677136,-0.15326616942054708,19.0,4.0,10.0,5.0
2025-11-05,GS,0.20221692984077064,11.0,5.0,1.0,5.0,0.8083081949840892,0.3747984283519062,0.17258149851113555,0.4526200749996034,-0.16618006247274517,24.0,7.0,10.0,7.0
2025-11-06,GS,-0.2641744455322623,2.0,0.0,1.0,1.0,0.8474456369876862,0.12890124507248396,0.39307569060474634,0.4780230587348342,-0.12448403658627571,23.0,7.0,9.0,7.0
2025-11-07,GS,0.08581459289416671,8.0,4.0,3.0,1.0,0.8934377431869507,0.4655821443302557,0.3797675514360889,0.1546503053978085,0.007952359067558238,21.0,9.0,5.0,7.0
2025-11-10,GS,-0.09575441479682915,3.0,1.0,1.0,1.0,0.8259566426277161,0.34421259164810175,0.43996700644493103,0.21582040190696716,-0.09137142247830836,13.0,5.0,5.0,3.0
2025-11-11,GS,0.24315773536052018,7.0,3.0,1.0,3.0,0.8011746747153146,0.4088944356356348,0.16573670027511458,0.4253688449306147,0.07773930448595247,18.0,8.0,5.0,5.0
2025-11-12,GS,0.2589205064810812,10.0,4.0,1.0,5.0,0.8639273703098297,0.3953019518405199,0.1363814453594386,0.4683166043832898,0.13544127568159064,20.0,8.0,3.0,9.0
2025-11-13,GS,0.05614338822110934,27.0,6.0,5.0,16.0,0.8687936111732766,0.24464087650455807,0.18849748828344873,0.5668616061340328,0.18607387668757014,44.0,13.0,7.0,24.0
2025-11-14,GS,0.1785359599420594,9.0,2.0,0.0,7.0,0.8582568764686584,0.2537346411910322,0.07519868124897278,0.6710666575365596,0.16453328488141652,46.0,12.0,6.0,28.0
2025-11-17,GS,0.3224728184286505,4.0,1.0,0.0,3.0,0.8531486690044403,0.33680487331002945,0.01433205488137895,0.648863036185503,0.18571738886393963,40.0,9.0,5.0,26.0
2025-11-18,GS,0.3702354052104056,5.0,3.0,1.0,1.0,0.8800412058830261,0.5705321647226811,0.2002967595122754,0.22917107567191125,0.2904147278603717,18.0,6.0,1.0,11.0
2025-11-19,GS,0.34331155761278104,7.0,4.0,2.0,1.0,0.8469620261873517,0.5872119486864124,0.24390039107363135,0.16888770833611486,0.3453399270839456,16.0,8.0,3.0,5.0
2025-11-20,GS,-0.02444112176696461,6.0,1.0,0.0,5.0,0.768060768644015,0.1378990178927779,0.16234013965974248,0.6997608250627915,0.22970194701874058,18.0,8.0,3.0,7.0
2025-11-21,GS,-0.15448639800565112,9.0,1.0,3.0,5.0,0.8327435519960191,0.18624516452352202,0.34073156252917314,0.4730232794665628,0.05479467928005499,22.0,6.0,5.0,11.0
2025-11-24,GS,0.7690000142902136,1.0,1.0,0.0,0.0,0.7818461060523987,0.7818461060523987,0.012846091762185,0.2053078263998031,0.19669083150586583,16.0,3.0,3.0,10.0
2025-11-25,GS,0.24581016320735213,4.0,1.0,0.0,3.0,0.9328310787677765,0.27204746240749955,0.02623729920014735,0.7017152374610305,0.2867745931639714,14.0,3.0,3.0,8.0
2025-11-26,GS,0.6146952483803034,5.0,3.0,0.0,2.0,0.8435343027114868,0.6364004075527191,0.0217051591724157,0.3418944410979748,0.5431684752926229,10.0,5.0,0.0,5.0
2025-11-28,GS,-0.16275594336912041,6.0,0.0,2.0,4.0,0.8090057869752248,0.1721315439790487,0.3348874873481691,0.49298096851756174,0.23258315607284494,15.0,4.0,2.0,9.0
2025-12-01,GS,0.16249384940601883,8.0,3.0,2.0,3.0,0.8717394694685936,0.38179945619776845,0.21930560679174957,0.3988949365448206,0.20481105147240045,19.0,6.0,4.0,9.0
2025-12-02,GS,0.11764854106253807,14.0,4.0,3.0,7.0,0.8303611619131905,0.3126791786801602,0.19503063761762207,0.49229017937822,0.03912881569981201,28.0,7.0,7.0,14.0
2025-12-03,GS,0.0467956617474556,5.0,2.0,2.0,1.0,0.8937893390655518,0.4387659303843975,0.39197026863694184,0.1692638166248798,0.10897935073867067,27.0,9.0,7.0,11.0
2025-12-04,GS,-0.04244708844150108,6.0,1.0,1.0,4.0,0.8484974106152853,0.14845804559687767,0.19090513403837875,0.6606368236243725,0.040665704789497374,25.0,7.0,6.0,12.0
2025-12-05,GS,0.2418474874326161,7.0,3.0,1.0,3.0,0.7514527865818569,0.39683230460754465,0.15498481717492849,0.44818284468991415,0.0820653535795234,18.0,6.0,4.0,8.0
2025-12-08,GS,0.21375278662890196,4.0,1.0,1.0,2.0,0.6382044106721878,0.3596367826685309,0.14588399603962893,0.4944792501628399,0.1377177285400055,17.0,5.0,3.0,9.0
2025-12-09,GS,0.18595448462292546,10.0,3.0,1.0,6.0,0.7850796788930893,0.2865112895146012,0.10055680489167566,0.61293193846941,0.21385158622814768,21.0,7.0,3.0,11.0
2025-12-10,GS,0.16175634708876413,6.0,2.0,2.0,2.0,0.8121974865595499,0.4605245837010443,0.29876823661228014,0.24070717145999268,0.1871545394468637,20.0,6.0,4.0,10.0
2025-12-11,GS,0.2698900915371875,6.0,3.0,1.0,2.0,0.8308464090029398,0.43616172174612683,0.1662716302089393,0.3975666457166274,0.2058669744162922,22.0,8.0,4.0,10.0
2025-12-12,GS,0.2238394259992573,9.0,4.0,2.0,3.0,0.8645804988013374,0.47177304658624863,0.24793362058699125,0.2802933487627241,0.21849528820840283,21.0,9.0,5.0,7.0
2025-12-15,GS,0.42772845923900593,5.0,2.0,0.0,3.0,0.8363290667533875,0.4509258598089218,0.023197400569915698,0.5258767444640398,0.3071526589251501,20.0,9.0,3.0,8.0
2025-12-16,GS,-0.09572106925770642,6.0,1.0,2.0,3.0,0.8118116358915964,0.1875666013608376,0.283287670618544,0.5291457169999679,0.18528227199351877,20.0,7.0,4.0,9.0
2025-12-17,GS,0.6448008242462363,7.0,5.0,0.0,2.0,0.8663716912269592,0.6566029957362584,0.011802171490022056,0.3315948380955628,0.3256027380758451,18.0,8.0,2.0,8.0
2025-12-18,GS,0.33716453452195433,7.0,3.0,0.0,4.0,0.8109903761318752,0.3914596236177853,0.05429508909583086,0.5542452867541995,0.2954147631701613,20.0,9.0,2.0,9.0
2025-12-19,GS,0.4815073070349172,8.0,5.0,0.0,3.0,0.8377666175365448,0.5335850454866886,0.052077738451771396,0.4143372268881648,0.48782422193436914,22.0,13.0,0.0,9.0
2025-12-22,GS,0.3992589447985996,11.0,6.0,1.0,4.0,0.8561728542501276,0.5143292817202482,0.1150703369216485,0.37060036036101257,0.4059769287851569,26.0,14.0,1.0,11.0
2025-12-23,GS,0.4344137529551517,16.0,8.0,1.0,7.0,0.8218024596571922,0.5124307370278984,0.07801698407274665,0.4095522714778781,0.43839333492955607,35.0,19.0,2.0,14.0
2025-12-24,GS,0.41906757070682943,4.0,2.0,0.0,2.0,0.8202920183539391,0.5229492504149675,0.10388167970813808,0.37316907383501524,0.41758008948686015,31.0,16.0,2.0,13.0
2025-12-26,GS,-0.1944456808269024,7.0,1.0,3.0,3.0,0.8811702813420977,0.1977836548217705,0.39222933564867285,0.4099870172462293,0.21967854761169278,27.0,11.0,4.0,12.0
2025-12-29,GS,0.3670292628929019,5.0,2.0,0.0,3.0,0.821143102645874,0.3879467353224754,0.0209174724295735,0.5911358043551445,0.1972170509242762,16.0,5.0,3.0,8.0
2025-12-30,GS,0.10049111640546471,8.0,2.0,2.0,4.0,0.7959023416042328,0.2893561241216957,0.18886500771623102,0.5217788647860289,0.09102489949048792,20.0,5.0,5.0,10.0
2025-12-31,GS,0.29703782708384097,8.0,4.0,1.0,3.0,0.8220171555876732,0.441916829906404,0.144879002822563,0.4132041819393634,0.2548527354607357,21.0,8.0,3.0,10.0
2026-01-02,GS,0.3007352288501958,6.0,2.0,1.0,3.0,0.7952352662881216,0.4000774125258128,0.09934218367561694,0.500580400849382,0.23275472411316703,22.0,8.0,4.0,10.0
2026-01-05,GS,0.6634853678858943,9.0,8.0,0.0,1.0,0.8028961817423502,0.7021344730423557,0.03864910515646134,0.25921642614735496,0.4204194746066436,23.0,14.0,2.0,7.0
2026-01-06,GS,0.2934352919110097,16.0,6.0,1.0,9.0,0.8383429944515228,0.4055800120113417,0.112144720100332,0.48227526666596526,0.41921862954903316,31.0,16.0,2.0,13.0
2026-01-07,GS,0.4527552509098314,16.0,8.0,1.0,7.0,0.8263215012848377,0.5403647553757764,0.08760950446594502,0.3720257433596998,0.4698919702355783,41.0,22.0,2.0,17.0
2026-01-08,GS,0.17039478892076976,34.0,11.0,6.0,17.0,0.7945625387570437,0.36041377698454785,0.190018988063778,0.4495672432377058,0.30552844391387013,66.0,25.0,8.0,33.0
2026-01-09,GS,0.31595522351562977,13.0,5.0,1.0,7.0,0.8322587242493262,0.4197120158574902,0.1037567923418604,0.4765311895081629,0.31303508778207684,63.0,24.0,8.0,31.0
2026-01-12,GS,0.027374522279827816,31.0,10.0,10.0,11.0,0.8669400426649279,0.34043306583959243,0.3130585435597646,0.34650839739028483,0.17124151157207565,78.0,26.0,17.0,35.0
2026-01-13,GS,-0.16682868776842952,24.0,5.0,12.0,7.0,0.79985968892773,0.25498302389557165,0.42181171166400117,0.32320525830922026,0.058833686009009206,68.0,20.0,23.0,25.0
2026-01-14,GS,-0.2824408219603356,16.0,3.0,9.0,4.0,0.843863483518362,0.21190095171914433,0.49434177367947996,0.29375726130092517,-0.14063166248297923,71.0,18.0,31.0,22.0
2026-01-15,GS,-0.05310971014356861,48.0,17.0,19.0,12.0,0.8739839680492878,0.34010632456435513,0.39321603470792366,0.2666776381471815,-0.1674597399574447,88.0,25.0,40.0,23.0
2026-01-16,GS,0.43785168771755023,53.0,32.0,7.0,14.0,0.8546211438358955,0.5955197635229748,0.1576680758054245,0.2468121596172733,0.03410038520454852,117.0,52.0,35.0,30.0
2026-01-20,GS,0.13394715844725186,13.0,4.0,2.0,7.0,0.7898898881215316,0.3162976820021868,0.18235052355493486,0.5013517723060571,0.17289637867374433,114.0,53.0,28.0,33.0
2026-01-21,GS,0.5783312447601929,12.0,10.0,1.0,1.0,0.8392487565676371,0.6813941885872433,0.10306294382705039,0.215542869331936,0.38337669697499815,78.0,46.0,10.0,22.0
2026-01-22,GS,0.5605277387568584,13.0,8.0,0.0,5.0,0.8472257531606234,0.583515135714641,0.022987396957782538,0.3934974550054623,0.4242687139881009,38.0,22.0,3.0,13.0
2026-01-23,GS,-0.06314086070698169,18.0,4.0,7.0,7.0,0.7992159326871237,0.2847503882625864,0.34789124896956813,0.3673583425374494,0.3585727076033564,43.0,22.0,8.0,13.0
2026-01-26,GS,0.08316593198105687,4.0,1.0,1.0,2.0,0.8573562651872635,0.28192438604310144,0.1987584540620446,0.51931715849787,0.19351760334364435,35.0,13.0,8.0,14.0
2026-01-27,GS,0.24629806525384387,6.0,2.0,1.0,3.0,0.8207632203896841,0.4106267721702655,0.1643287069164216,0.42504453659057617,0.08877437884263954,28.0,7.0,9.0,12.0
2026-01-28,GS,-0.12046066601760685,8.0,1.0,2.0,5.0,0.8786589354276657,0.139648831798695,0.2601094978163019,0.6002416638657451,0.06966777707243114,18.0,4.0,4.0,10.0
2026-01-29,GS,0.4223972925101407,8.0,4.0,0.0,4.0,0.8369353413581848,0.43865973176434636,0.016262439254205625,0.545077842194587,0.18274489724879242,22.0,7.0,3.0,12.0
2026-01-30,GS,0.5402501445884506,6.0,3.0,0.0,3.0,0.8393300473690033,0.5642040856182575,0.023953941029806882,0.41184196372826887,0.2807289236936613,22.0,8.0,2.0,12.0
2026-02-02,GS,0.22791985675576143,16.0,6.0,3.0,7.0,0.8228422850370407,0.39992812951095397,0.17200827275519254,0.4280635949689895,0.3968557646181174,30.0,13.0,3.0,14.0
2026-02-03,GS,0.5279489010572433,7.0,4.0,0.0,3.0,0.7512450984546116,0.5610450442348208,0.03309614317757738,0.4058588394629104,0.43203963413381824,29.0,13.0,3.0,13.0
2026-02-04,GS,0.3645738114674504,13.0,3.0,1.0,9.0,0.7555584471959335,0.41643945099069524,0.05186563952324477,0.5316949184410846,0.3734808564268182,36.0,13.0,4.0,19.0
2026-02-05,GS,0.2928250986668799,9.0,4.0,2.0,3.0,0.8249824378225539,0.5010868345076839,0.208261735840804,0.2906514141294691,0.3951159370638577,29.0,11.0,3.0,15.0
2026-02-06,GS,0.06453542659680044,9.0,3.0,3.0,3.0,0.8116978141996596,0.36961730993870234,0.30508188334190184,0.32530081354909474,0.24064477891037675,31.0,10.0,6.0,15.0
2026-02-09,GS,-0.00036539571980635327,9.0,4.0,4.0,1.0,0.8838058511416117,0.42452435961200125,0.4248897553318077,0.15058588919540242,0.11899837651462451,27.0,11.0,9.0,7.0
2026-02-10,GS,0.23387155595368572,14.0,5.0,2.0,7.0,0.8246159766401563,0.3722265710655068,0.138355015111821,0.4894183955288359,0.09934719561022647,32.0,12.0,9.0,11.0
2026-02-11,GS,0.12054714493569918,16.0,7.0,5.0,4.0,0.8854330368340015,0.4214838914340362,0.300936746498337,0.27757936122361565,0.11801776838985938,39.0,16.0,11.0,12.0
2026-02-12,GS,0.2765259162729813,9.0,3.0,1.0,5.0,0.8008040918244256,0.3739750898546642,0.09744917358168294,0.5285757097105185,0.21031487238745528,39.0,15.0,8.0,16.0
2026-02-13,GS,-0.23452854146690746,19.0,6.0,11.0,2.0,0.851784000271245,0.2974003035771219,0.5319288450440294,0.17067085196705237,0.05418150658059087,44.0,16.0,17.0,11.0
2026-02-17,GS,0.14456528564915064,12.0,5.0,2.0,5.0,0.8355265806118647,0.3661984320109089,0.22163314636175827,0.4121684228690962,0.06218755348507468,40.0,14.0,14.0,12.0
2026-02-18,GS,0.14250009651813242,9.0,2.0,1.0,6.0,0.7877548072073195,0.3207130997131268,0.17821300319499436,0.5010738892273771,0.017512280233458393,40.0,13.0,14.0,13.0
2026-02-19,GS,0.12980022154409776,11.0,2.0,1.0,8.0,0.7995809966867621,0.26164962622252375,0.13184940467842596,0.6065009637651119,0.1389552012371268,32.0,9.0,4.0,19.0
2026-02-20,GS,0.10992325159410636,15.0,5.0,4.0,6.0,0.7799263735612233,0.36637469908843434,0.25645144749432797,0.37717386235793426,0.12740785655211204,35.0,9.0,6.0,20.0
2026-02-23,GS,-0.021866176870058922,11.0,3.0,3.0,5.0,0.791567558592016,0.27868732945485547,0.30055350632491434,0.4207591587169604,0.07261909875604826,37.0,10.0,8.0,19.0
2026-02-24,GS,0.20987666423686527,11.0,3.0,1.0,7.0,0.8209233500740745,0.3349114122207869,0.1250347479839216,0.5400538444519043,0.0993112463203041,37.0,11.0,8.0,18.0
2026-02-25,GS,0.37836222697726707,11.0,6.0,2.0,3.0,0.8046100844036449,0.5517056839201938,0.17334345694292672,0.27495083991776814,0.18879090478135765,33.0,12.0,6.0,15.0
2026-02-26,GS,0.07122449170459401,11.0,3.0,2.0,6.0,0.8129686659032648,0.30340589125725353,0.2321813995526595,0.4644127127460458,0.21982112763957531,33.0,12.0,5.0,16.0
2026-02-27,GS,-0.05070494192962846,6.0,2.0,2.0,2.0,0.7409135103225708,0.286555569153279,0.33726051108290744,0.3761839276800553,0.13296059225074405,28.0,11.0,6.0,11.0
2026-03-02,GS,0.29150230282296735,6.0,3.0,1.0,2.0,0.70107401907444,0.4115325485666593,0.12003024574369187,0.4684372171759605,0.10400728419931082,23.0,8.0,5.0,10.0
2026-03-03,GS,-0.005200063308271106,13.0,3.0,3.0,7.0,0.7715825782372401,0.24906324967741966,0.2542633129856907,0.4966734299579492,0.07853243252835579,25.0,8.0,6.0,11.0
2026-03-04,GS,-0.19983528941296613,13.0,1.0,5.0,7.0,0.8160863243616544,0.14153930595001343,0.34137459536297965,0.5170861042749423,0.028822316700576556,32.0,7.0,9.0,16.0
2026-03-05,GS,0.26894610967221005,14.0,6.0,4.0,4.0,0.8054865917989186,0.4943402668993388,0.22539415722712872,0.2802655885794333,0.021303585650324124,40.0,10.0,12.0,18.0
2026-03-06,GS,-0.2062939298339188,8.0,2.0,4.0,2.0,0.8751919940114021,0.2505470004398375,0.4568409302737564,0.2926120653282851,-0.045727703191558444,35.0,9.0,13.0,13.0
2026-03-09,GS,0.37183428012455505,12.0,7.0,1.0,4.0,0.8021727949380875,0.5087570870916048,0.1369228069670498,0.35432011463368934,0.1448288199876153,34.0,15.0,9.0,10.0
2026-03-10,GS,0.11108781043440101,10.0,1.0,1.0,8.0,0.8064989805221557,0.19931698683649296,0.08822917640209194,0.7124538347125053,0.09220938690834561,30.0,10.0,6.0,14.0
2026-03-11,GS,0.09301652167258519,14.0,4.0,4.0,6.0,0.7545656902449471,0.3526501833860363,0.2596336617134511,0.38771616108715534,0.19197953741051363,36.0,12.0,6.0,18.0
2026-03-12,GS,-0.20547263857184184,18.0,3.0,9.0,6.0,0.7327229893869824,0.2384710329998698,0.4439436715717117,0.31758529548015857,-0.00045610215495202794,42.0,8.0,14.0,20.0
2026-03-13,GS,0.08117256277742292,13.0,4.0,4.0,5.0,0.8057278807346637,0.37592090816738505,0.29474834538996214,0.3293307377741887,-0.010427851373944724,45.0,11.0,17.0,17.0
2026-03-16,GS,0.059551002550870195,15.0,6.0,6.0,3.0,0.8424376447995504,0.42347143503526846,0.36392043248439826,0.21260814797133204,-0.02158302441451639,46.0,13.0,19.0,14.0
2026-03-17,GS,0.21545803608993688,9.0,5.0,2.0,2.0,0.7683503031730652,0.45160592823392814,0.2361478921439912,0.3122461665835645,0.11872720047274317,37.0,15.0,12.0,10.0
2026-03-18,GS,-0.17755363655409642,7.0,0.0,2.0,5.0,0.8309320850031716,0.1282318769288914,0.3057855134829879,0.5659826030688626,0.032485134028903406,31.0,11.0,10.0,10.0
2026-03-19,GS,0.0890308275585994,20.0,6.0,3.0,11.0,0.7929020196199417,0.2657307143788784,0.176699886820279,0.557569401524961,0.04231174236481314,36.0,11.0,7.0,18.0
2026-03-20,GS,-0.12102527194656434,20.0,2.0,6.0,12.0,0.8175243780016899,0.20351986875757572,0.3245451407041401,0.4719350026920438,-0.0698493603140206,47.0,8.0,11.0,28.0
2026-03-23,GS,-0.16129687081345104,11.0,3.0,5.0,3.0,0.8870346979661421,0.28327533043920994,0.44457220125266095,0.272152451459657,-0.06443043840047215,51.0,11.0,14.0,26.0
2026-03-24,GS,0.040938244989285076,13.0,5.0,4.0,4.0,0.7120632804357089,0.3719947732125337,0.33105652822324855,0.2969487022895079,-0.08046129925691024,44.0,10.0,15.0,19.0
2026-03-25,GS,0.1941091967746615,15.0,6.0,3.0,6.0,0.8247956951459249,0.38392796951035657,0.18981877273569497,0.4262532596786817,0.02458352365016504,39.0,14.0,12.0,13.0
2026-03-26,GS,-0.052404389650161774,7.0,3.0,3.0,1.0,0.8161134549549648,0.33102991451908437,0.3834343041692461,0.28553578656698975,0.060881017371261455,35.0,14.0,10.0,11.0
2026-03-27,GS,-0.03722041635774076,12.0,3.0,4.0,5.0,0.8212955817580223,0.3080642975401133,0.3452847138978541,0.34665098941574496,0.034828130255586176,34.0,12.0,10.0,12.0
2026-03-30,GS,-0.3353108149953187,10.0,3.0,6.0,1.0,0.9211134552955628,0.2755320691503584,0.6108428841456771,0.11362504847347729,-0.1416452070010739,29.0,9.0,13.0,7.0
2026-03-31,GS,0.11162894416170624,13.0,6.0,4.0,3.0,0.8760914114805368,0.44098891812161756,0.32935997395991123,0.22965111253926385,-0.08696742906378456,35.0,12.0,14.0,9.0
2026-04-01,GS,0.29407899869097903,11.0,6.0,2.0,3.0,0.8296859968792308,0.4858493562787771,0.19177035758779803,0.3223802784288471,0.0234657092857887,34.0,15.0,12.0,7.0
2026-04-02,GS,0.12051278806757179,8.0,4.0,2.0,2.0,0.805614061653614,0.3993072638986632,0.2787944758310914,0.321898264111951,0.17540691030675218,32.0,16.0,8.0,8.0
2026-04-06,GS,0.06829358811179793,15.0,4.0,3.0,8.0,0.8396584590276083,0.28214451565096776,0.21385092753916976,0.5040045630807678,0.16096179162344942,34.0,14.0,7.0,13.0
2026-04-07,GS,-0.1243882211856544,18.0,3.0,9.0,6.0,0.8237988700469335,0.29894415853131145,0.4233323797169659,0.27772346977144474,0.021472718331238257,41.0,11.0,14.0,16.0
2026-04-08,GS,0.12923654704354706,4.0,2.0,1.0,1.0,0.8401766866445541,0.4779428364709019,0.3487062894273549,0.17335089482367036,0.02438063798989668,37.0,9.0,13.0,15.0
2026-04-09,GS,0.0,0.0,0.0,0.0,0.0,0.0,0.0,0.0,0.0,0.0016161086192973684,22.0,5.0,10.0,7.0
2026-04-10,GS,-0.03398543312214315,20.0,6.0,9.0,5.0,0.7785065948963166,0.34148156270384783,0.37546699582599097,0.283051442541182,0.03175037130713445,24.0,8.0,10.0,6.0
2026-04-13,GS,-0.125421249644003,72.0,20.0,30.0,22.0,0.8798881851964526,0.2954834861189333,0.42090473576293636,0.2836117742505545,-0.05313556092204891,92.0,26.0,39.0,27.0
2026-04-14,GS,0.4509646560437977,50.0,36.0,7.0,7.0,0.8533604621887207,0.6371105090714991,0.18614585302770134,0.17674364743754264,0.09718599109255034,142.0,62.0,46.0,34.0
2026-04-15,GS,0.19093605966650343,38.0,13.0,8.0,17.0,0.8213452822283694,0.40417572694193377,0.21323966727543028,0.38258461440962394,0.1721598220220992,160.0,69.0,45.0,46.0
2026-04-16,GS,0.19704259661514134,21.0,6.0,3.0,12.0,0.8152612078757513,0.3589049212279774,0.16186232461283598,0.47923274613207295,0.2796477707751473,109.0,55.0,18.0,36.0
2026-04-17,GS,0.0980809435410344,23.0,7.0,6.0,10.0,0.8102682647497758,0.38070952062211605,0.28262857708108163,0.33666190796572226,0.16201986660755954,82.0,26.0,17.0,39.0
2026-04-20,GS,0.07837591152638197,15.0,6.0,6.0,3.0,0.7247129678726196,0.3883554136380553,0.30997950211167336,0.3016650696595509,0.12449981722751909,59.0,19.0,15.0,25.0
2026-04-21,GS,-0.09670957944427547,13.0,2.0,3.0,8.0,0.8310418679164007,0.16874351775130395,0.2654530971955794,0.5658033834053919,0.026582425207713468,51.0,15.0,15.0,21.0
2026-04-22,GS,0.06961148567497728,15.0,3.0,2.0,10.0,0.8098800877730051,0.2305239063998063,0.16091242072482898,0.6085636548697948,0.017092605919027764,43.0,11.0,11.0,21.0
2026-04-23,GS,-0.022192898179020953,17.0,4.0,5.0,8.0,0.8807887329774744,0.27295254006543573,0.2951454382444567,0.431902031030725,-0.01643033064943988,45.0,9.0,10.0,26.0
2026-04-24,GS,-0.09709341901664935,12.0,2.0,4.0,6.0,0.8693639785051346,0.23653310444205997,0.3336265234587093,0.4298403528518975,-0.016558277173564506,44.0,9.0,11.0,24.0
2026-04-27,GS,0.2711193473813565,19.0,10.0,5.0,4.0,0.7863525967848929,0.5156378817597502,0.24451853437839366,0.23984358734206146,0.050611010061895244,48.0,16.0,14.0,18.0
2026-04-28,GS,0.25358181375150496,13.0,6.0,1.0,6.0,0.7357026774149674,0.43716504911963755,0.18358323536813256,0.37925171264662194,0.14253591403873722,44.0,18.0,10.0,16.0
2026-04-29,GS,0.20905063506215807,15.0,5.0,2.0,8.0,0.8315978248914083,0.32838980965316295,0.11933917459100482,0.5522710269937913,0.24458393206500637,47.0,21.0,8.0,18.0
2026-04-30,GS,0.0069358055056495845,11.0,3.0,3.0,5.0,0.8403075987642462,0.27740154627033253,0.2704657407646829,0.45213272608816624,0.1565227514397707,39.0,14.0,6.0,19.0
2026-05-01,GS,0.2510648581453345,11.0,3.0,1.0,7.0,0.7337116599082947,0.35440210117535154,0.10333724303001703,0.5422606796703555,0.15568376623771388,37.0,11.0,6.0,20.0
2026-05-04,GS,0.25543292935471984,20.0,11.0,3.0,6.0,0.7480483412742615,0.4467455606907606,0.19131263133604076,0.3619418166577816,0.17114453100190116,42.0,17.0,7.0,18.0
2026-05-05,GS,0.18973077912612454,23.0,7.0,3.0,13.0,0.8525490087011586,0.3169284473861689,0.12719766826004433,0.5558738816205574,0.2320761888753928,54.0,21.0,7.0,26.0
2026-05-06,GS,0.1902679432183504,10.0,5.0,1.0,4.0,0.7890640079975129,0.3408226767554879,0.15055473353713747,0.5086225815117359,0.21181055056639808,53.0,23.0,7.0,23.0
2026-05-07,GS,0.13065126370638608,15.0,6.0,3.0,6.0,0.7245487809181214,0.3476440424099564,0.21699277870357034,0.43536319633324944,0.1702166620169535,48.0,18.0,7.0,23.0
2026-05-08,GS,0.08916815696284175,10.0,1.0,1.0,8.0,0.87398601770401,0.18683738280087708,0.0976692258380353,0.7154933847486973,0.1366957879625259,35.0,12.0,5.0,18.0
2026-05-11,GS,-0.19857675541678202,23.0,4.0,11.0,8.0,0.7877679985502491,0.24186354539478602,0.44044030081156793,0.31769615338872303,0.007080888417481769,48.0,11.0,15.0,22.0
2026-05-12,GS,0.07759029831251373,23.0,6.0,5.0,12.0,0.7973497548828954,0.27517349637396954,0.1975831980614558,0.5272432974661174,-0.010606100047142348,56.0,11.0,17.0,28.0
2026-05-13,GS,0.08780086310580372,20.0,8.0,5.0,7.0,0.8206681817770004,0.351002204278484,0.26320134117268024,0.38579644579440353,-0.011061864666155025,66.0,18.0,21.0,27.0
2026-05-14,GS,0.04546210622148853,14.0,4.0,3.0,7.0,0.8547146362917764,0.2594569341412612,0.21399482791977267,0.5265482304883855,0.07028442254660182,57.0,18.0,13.0,26.0
2026-05-15,GS,0.06001365371048448,12.0,4.0,3.0,5.0,0.8119504377245903,0.3500834343334039,0.2900697806229194,0.35984677479912835,0.06442554101259208,46.0,16.0,11.0,19.0
2026-05-18,GS,0.01966559980064627,16.0,4.0,4.0,8.0,0.7842123322188854,0.30160342785529787,0.28193782805465156,0.41645874979440123,0.041713786577539595,42.0,12.0,10.0,20.0
2026-05-19,GS,-0.008566943529461126,14.0,4.0,4.0,6.0,0.7894522441284997,0.3058341883921197,0.31440113192158087,0.3797646846090044,0.023704103327223044,42.0,12.0,11.0,19.0
2026-05-20,GS,-0.047367290826514384,12.0,2.0,4.0,6.0,0.7379761760433515,0.24089550661544,0.2882627974419544,0.4708416999007265,-0.01208954485177658,42.0,10.0,12.0,20.0
2026-05-21,GS,0.10812992954085912,31.0,10.0,6.0,15.0,0.79047651444712,0.3310474801448084,0.22291755060394922,0.4460349654358241,0.017398565061627704,57.0,16.0,14.0,27.0
2026-05-22,GS,-0.03037418912236509,13.0,4.0,7.0,2.0,0.7740504512420068,0.3623167728432096,0.3926909619655747,0.24499228109533971,0.010129483197326383,56.0,16.0,17.0,23.0
2026-05-26,GS,0.09523719088996158,17.0,5.0,2.0,10.0,0.8352107651093427,0.2555999305537518,0.1603627396637902,0.5840373270432738,0.0576643104361517,61.0,19.0,15.0,27.0
2026-05-27,GS,0.09296135154242315,18.0,4.0,2.0,12.0,0.7808335009548399,0.2300689244228932,0.13710757288047007,0.6328235090606742,0.05260811777000638,48.0,13.0,11.0,24.0
2026-05-28,GS,0.31854266057220787,13.0,5.0,1.0,7.0,0.8761234466846173,0.4198812677596624,0.10133860718745447,0.4787801041339452,0.16891373433486404,48.0,14.0,5.0,29.0
2026-05-29,GS,0.054399128893718986,17.0,3.0,2.0,12.0,0.7521048328455757,0.22782351416261754,0.17342438526889856,0.5987521047320437,0.15530104700278316,48.0,12.0,5.0,31.0
2026-06-01,GS,0.29127018394259113,12.0,4.0,1.0,7.0,0.8327700793743134,0.3872920451685786,0.09602186122598744,0.5166861029962698,0.22140399113617248,42.0,12.0,4.0,26.0
2026-06-02,GS,-0.22313806703314185,20.0,2.0,7.0,11.0,0.8632627487182617,0.13335201977752145,0.35649008681066335,0.5101578864268959,0.04084374860105593,49.0,9.0,10.0,30.0
2026-06-03,GS,0.23919766481317903,23.0,10.0,3.0,10.0,0.836159427528796,0.40268689276569564,0.16348922795251655,0.43382387389631377,0.10244326057420927,55.0,16.0,11.0,28.0
2026-06-04,GS,0.17378540634704023,23.0,7.0,4.0,12.0,0.8535806588504625,0.3458616335309394,0.17207622718389912,0.48206215619069076,0.06328166804235898,66.0,19.0,14.0,33.0
2026-06-05,GS,0.1329973279304492,24.0,8.0,4.0,12.0,0.8092803694307804,0.3360264566144906,0.20302912868404135,0.4609444144492348,0.18199346636355598,70.0,25.0,11.0,34.0
2023-09-12,JNJ,0.0,0.0,0.0,0.0,0.0,0.0,0.0,0.0,0.0,0.0,0.0,0.0,0.0,0.0
2023-09-13,JNJ,0.0,0.0,0.0,0.0,0.0,0.0,0.0,0.0,0.0,0.0,0.0,0.0,0.0,0.0
2023-09-14,JNJ,0.0,0.0,0.0,0.0,0.0,0.0,0.0,0.0,0.0,0.0,0.0,0.0,0.0,0.0
2023-09-15,JNJ,0.0,0.0,0.0,0.0,0.0,0.0,0.0,0.0,0.0,0.0,0.0,0.0,0.0,0.0
2023-09-18,JNJ,0.0,0.0,0.0,0.0,0.0,0.0,0.0,0.0,0.0,0.0,0.0,0.0,0.0,0.0
2023-09-19,JNJ,0.0,0.0,0.0,0.0,0.0,0.0,0.0,0.0,0.0,0.0,0.0,0.0,0.0,0.0
2023-09-20,JNJ,0.0,0.0,0.0,0.0,0.0,0.0,0.0,0.0,0.0,0.0,0.0,0.0,0.0,0.0
2023-09-21,JNJ,0.0,0.0,0.0,0.0,0.0,0.0,0.0,0.0,0.0,0.0,0.0,0.0,0.0,0.0
2023-09-22,JNJ,0.0,0.0,0.0,0.0,0.0,0.0,0.0,0.0,0.0,0.0,0.0,0.0,0.0,0.0
2023-09-25,JNJ,0.0,0.0,0.0,0.0,0.0,0.0,0.0,0.0,0.0,0.0,0.0,0.0,0.0,0.0
2023-09-26,JNJ,0.0,0.0,0.0,0.0,0.0,0.0,0.0,0.0,0.0,0.0,0.0,0.0,0.0,0.0
2023-09-27,JNJ,0.0,0.0,0.0,0.0,0.0,0.0,0.0,0.0,0.0,0.0,0.0,0.0,0.0,0.0
2023-09-28,JNJ,0.0,0.0,0.0,0.0,0.0,0.0,0.0,0.0,0.0,0.0,0.0,0.0,0.0,0.0
2023-09-29,JNJ,0.0,0.0,0.0,0.0,0.0,0.0,0.0,0.0,0.0,0.0,0.0,0.0,0.0,0.0
2023-10-02,JNJ,0.0,0.0,0.0,0.0,0.0,0.0,0.0,0.0,0.0,0.0,0.0,0.0,0.0,0.0
2023-10-03,JNJ,0.0,0.0,0.0,0.0,0.0,0.0,0.0,0.0,0.0,0.0,0.0,0.0,0.0,0.0
2023-10-04,JNJ,0.0,0.0,0.0,0.0,0.0,0.0,0.0,0.0,0.0,0.0,0.0,0.0,0.0,0.0
2023-10-05,JNJ,0.0,0.0,0.0,0.0,0.0,0.0,0.0,0.0,0.0,0.0,0.0,0.0,0.0,0.0
2023-10-06,JNJ,0.0,0.0,0.0,0.0,0.0,0.0,0.0,0.0,0.0,0.0,0.0,0.0,0.0,0.0
2023-10-09,JNJ,0.0,0.0,0.0,0.0,0.0,0.0,0.0,0.0,0.0,0.0,0.0,0.0,0.0,0.0
2023-10-10,JNJ,0.0,0.0,0.0,0.0,0.0,0.0,0.0,0.0,0.0,0.0,0.0,0.0,0.0,0.0
2023-10-11,JNJ,0.0,0.0,0.0,0.0,0.0,0.0,0.0,0.0,0.0,0.0,0.0,0.0,0.0,0.0
2023-10-12,JNJ,0.0,0.0,0.0,0.0,0.0,0.0,0.0,0.0,0.0,0.0,0.0,0.0,0.0,0.0
2023-10-13,JNJ,0.0,0.0,0.0,0.0,0.0,0.0,0.0,0.0,0.0,0.0,0.0,0.0,0.0,0.0
2023-10-16,JNJ,0.0,0.0,0.0,0.0,0.0,0.0,0.0,0.0,0.0,0.0,0.0,0.0,0.0,0.0
2023-10-17,JNJ,0.0,0.0,0.0,0.0,0.0,0.0,0.0,0.0,0.0,0.0,0.0,0.0,0.0,0.0
2023-10-18,JNJ,0.0,0.0,0.0,0.0,0.0,0.0,0.0,0.0,0.0,0.0,0.0,0.0,0.0,0.0
2023-10-19,JNJ,0.0,0.0,0.0,0.0,0.0,0.0,0.0,0.0,0.0,0.0,0.0,0.0,0.0,0.0
2023-10-20,JNJ,0.0,0.0,0.0,0.0,0.0,0.0,0.0,0.0,0.0,0.0,0.0,0.0,0.0,0.0
2023-10-23,JNJ,0.0,0.0,0.0,0.0,0.0,0.0,0.0,0.0,0.0,0.0,0.0,0.0,0.0,0.0
2023-10-24,JNJ,0.0,0.0,0.0,0.0,0.0,0.0,0.0,0.0,0.0,0.0,0.0,0.0,0.0,0.0
2023-10-25,JNJ,0.0,0.0,0.0,0.0,0.0,0.0,0.0,0.0,0.0,0.0,0.0,0.0,0.0,0.0
2023-10-26,JNJ,0.0,0.0,0.0,0.0,0.0,0.0,0.0,0.0,0.0,0.0,0.0,0.0,0.0,0.0
2023-10-27,JNJ,0.0,0.0,0.0,0.0,0.0,0.0,0.0,0.0,0.0,0.0,0.0,0.0,0.0,0.0
2023-10-30,JNJ,0.0,0.0,0.0,0.0,0.0,0.0,0.0,0.0,0.0,0.0,0.0,0.0,0.0,0.0
2023-10-31,JNJ,0.0,0.0,0.0,0.0,0.0,0.0,0.0,0.0,0.0,0.0,0.0,0.0,0.0,0.0
2023-11-01,JNJ,0.0,0.0,0.0,0.0,0.0,0.0,0.0,0.0,0.0,0.0,0.0,0.0,0.0,0.0
2023-11-02,JNJ,0.0,0.0,0.0,0.0,0.0,0.0,0.0,0.0,0.0,0.0,0.0,0.0,0.0,0.0
2023-11-03,JNJ,0.0,0.0,0.0,0.0,0.0,0.0,0.0,0.0,0.0,0.0,0.0,0.0,0.0,0.0
2023-11-06,JNJ,0.0,0.0,0.0,0.0,0.0,0.0,0.0,0.0,0.0,0.0,0.0,0.0,0.0,0.0
2023-11-07,JNJ,0.0,0.0,0.0,0.0,0.0,0.0,0.0,0.0,0.0,0.0,0.0,0.0,0.0,0.0
2023-11-08,JNJ,0.0,0.0,0.0,0.0,0.0,0.0,0.0,0.0,0.0,0.0,0.0,0.0,0.0,0.0
2023-11-09,JNJ,0.0,0.0,0.0,0.0,0.0,0.0,0.0,0.0,0.0,0.0,0.0,0.0,0.0,0.0
2023-11-10,JNJ,0.0,0.0,0.0,0.0,0.0,0.0,0.0,0.0,0.0,0.0,0.0,0.0,0.0,0.0
2023-11-13,JNJ,0.0,0.0,0.0,0.0,0.0,0.0,0.0,0.0,0.0,0.0,0.0,0.0,0.0,0.0
2023-11-14,JNJ,0.0,0.0,0.0,0.0,0.0,0.0,0.0,0.0,0.0,0.0,0.0,0.0,0.0,0.0
2023-11-15,JNJ,0.0,0.0,0.0,0.0,0.0,0.0,0.0,0.0,0.0,0.0,0.0,0.0,0.0,0.0
2023-11-16,JNJ,0.0,0.0,0.0,0.0,0.0,0.0,0.0,0.0,0.0,0.0,0.0,0.0,0.0,0.0
2023-11-17,JNJ,0.0,0.0,0.0,0.0,0.0,0.0,0.0,0.0,0.0,0.0,0.0,0.0,0.0,0.0
2023-11-20,JNJ,0.0,0.0,0.0,0.0,0.0,0.0,0.0,0.0,0.0,0.0,0.0,0.0,0.0,0.0
2023-11-21,JNJ,0.0,0.0,0.0,0.0,0.0,0.0,0.0,0.0,0.0,0.0,0.0,0.0,0.0,0.0
2023-11-22,JNJ,0.0,0.0,0.0,0.0,0.0,0.0,0.0,0.0,0.0,0.0,0.0,0.0,0.0,0.0
2023-11-24,JNJ,0.0,0.0,0.0,0.0,0.0,0.0,0.0,0.0,0.0,0.0,0.0,0.0,0.0,0.0
2023-11-27,JNJ,0.0,0.0,0.0,0.0,0.0,0.0,0.0,0.0,0.0,0.0,0.0,0.0,0.0,0.0
2023-11-28,JNJ,0.0,0.0,0.0,0.0,0.0,0.0,0.0,0.0,0.0,0.0,0.0,0.0,0.0,0.0
2023-11-29,JNJ,0.0,0.0,0.0,0.0,0.0,0.0,0.0,0.0,0.0,0.0,0.0,0.0,0.0,0.0
2023-11-30,JNJ,0.0,0.0,0.0,0.0,0.0,0.0,0.0,0.0,0.0,0.0,0.0,0.0,0.0,0.0
2023-12-01,JNJ,0.0,0.0,0.0,0.0,0.0,0.0,0.0,0.0,0.0,0.0,0.0,0.0,0.0,0.0
2023-12-04,JNJ,0.0,0.0,0.0,0.0,0.0,0.0,0.0,0.0,0.0,0.0,0.0,0.0,0.0,0.0
2023-12-05,JNJ,0.0,0.0,0.0,0.0,0.0,0.0,0.0,0.0,0.0,0.0,0.0,0.0,0.0,0.0
2023-12-06,JNJ,0.0,0.0,0.0,0.0,0.0,0.0,0.0,0.0,0.0,0.0,0.0,0.0,0.0,0.0
2023-12-07,JNJ,0.0,0.0,0.0,0.0,0.0,0.0,0.0,0.0,0.0,0.0,0.0,0.0,0.0,0.0
2023-12-08,JNJ,0.0,0.0,0.0,0.0,0.0,0.0,0.0,0.0,0.0,0.0,0.0,0.0,0.0,0.0
2023-12-11,JNJ,0.0,0.0,0.0,0.0,0.0,0.0,0.0,0.0,0.0,0.0,0.0,0.0,0.0,0.0
2023-12-12,JNJ,0.0,0.0,0.0,0.0,0.0,0.0,0.0,0.0,0.0,0.0,0.0,0.0,0.0,0.0
2023-12-13,JNJ,0.0,0.0,0.0,0.0,0.0,0.0,0.0,0.0,0.0,0.0,0.0,0.0,0.0,0.0
2023-12-14,JNJ,0.0,0.0,0.0,0.0,0.0,0.0,0.0,0.0,0.0,0.0,0.0,0.0,0.0,0.0
2023-12-15,JNJ,0.0,0.0,0.0,0.0,0.0,0.0,0.0,0.0,0.0,0.0,0.0,0.0,0.0,0.0
2023-12-18,JNJ,0.0,0.0,0.0,0.0,0.0,0.0,0.0,0.0,0.0,0.0,0.0,0.0,0.0,0.0
2023-12-19,JNJ,0.0,0.0,0.0,0.0,0.0,0.0,0.0,0.0,0.0,0.0,0.0,0.0,0.0,0.0
2023-12-20,JNJ,0.0,0.0,0.0,0.0,0.0,0.0,0.0,0.0,0.0,0.0,0.0,0.0,0.0,0.0
2023-12-21,JNJ,0.0,0.0,0.0,0.0,0.0,0.0,0.0,0.0,0.0,0.0,0.0,0.0,0.0,0.0
2023-12-22,JNJ,0.0,0.0,0.0,0.0,0.0,0.0,0.0,0.0,0.0,0.0,0.0,0.0,0.0,0.0
2023-12-26,JNJ,0.0,0.0,0.0,0.0,0.0,0.0,0.0,0.0,0.0,0.0,0.0,0.0,0.0,0.0
2023-12-27,JNJ,0.0,0.0,0.0,0.0,0.0,0.0,0.0,0.0,0.0,0.0,0.0,0.0,0.0,0.0
2023-12-28,JNJ,0.0,0.0,0.0,0.0,0.0,0.0,0.0,0.0,0.0,0.0,0.0,0.0,0.0,0.0
2023-12-29,JNJ,0.0,0.0,0.0,0.0,0.0,0.0,0.0,0.0,0.0,0.0,0.0,0.0,0.0,0.0
2024-01-02,JNJ,0.0,0.0,0.0,0.0,0.0,0.0,0.0,0.0,0.0,0.0,0.0,0.0,0.0,0.0
2024-01-03,JNJ,0.0,0.0,0.0,0.0,0.0,0.0,0.0,0.0,0.0,0.0,0.0,0.0,0.0,0.0
2024-01-04,JNJ,0.0,0.0,0.0,0.0,0.0,0.0,0.0,0.0,0.0,0.0,0.0,0.0,0.0,0.0
2024-01-05,JNJ,0.0,0.0,0.0,0.0,0.0,0.0,0.0,0.0,0.0,0.0,0.0,0.0,0.0,0.0
2024-01-08,JNJ,0.0,0.0,0.0,0.0,0.0,0.0,0.0,0.0,0.0,0.0,0.0,0.0,0.0,0.0
2024-01-09,JNJ,0.0,0.0,0.0,0.0,0.0,0.0,0.0,0.0,0.0,0.0,0.0,0.0,0.0,0.0
2024-01-10,JNJ,0.0,0.0,0.0,0.0,0.0,0.0,0.0,0.0,0.0,0.0,0.0,0.0,0.0,0.0
2024-01-11,JNJ,0.0,0.0,0.0,0.0,0.0,0.0,0.0,0.0,0.0,0.0,0.0,0.0,0.0,0.0
2024-01-12,JNJ,0.0,0.0,0.0,0.0,0.0,0.0,0.0,0.0,0.0,0.0,0.0,0.0,0.0,0.0
2024-01-16,JNJ,0.0,0.0,0.0,0.0,0.0,0.0,0.0,0.0,0.0,0.0,0.0,0.0,0.0,0.0
2024-01-17,JNJ,0.0,0.0,0.0,0.0,0.0,0.0,0.0,0.0,0.0,0.0,0.0,0.0,0.0,0.0
2024-01-18,JNJ,0.0,0.0,0.0,0.0,0.0,0.0,0.0,0.0,0.0,0.0,0.0,0.0,0.0,0.0
2024-01-19,JNJ,0.0,0.0,0.0,0.0,0.0,0.0,0.0,0.0,0.0,0.0,0.0,0.0,0.0,0.0
2024-01-22,JNJ,0.0,0.0,0.0,0.0,0.0,0.0,0.0,0.0,0.0,0.0,0.0,0.0,0.0,0.0
2024-01-23,JNJ,0.0,0.0,0.0,0.0,0.0,0.0,0.0,0.0,0.0,0.0,0.0,0.0,0.0,0.0
2024-01-24,JNJ,0.0,0.0,0.0,0.0,0.0,0.0,0.0,0.0,0.0,0.0,0.0,0.0,0.0,0.0
2024-01-25,JNJ,0.0,0.0,0.0,0.0,0.0,0.0,0.0,0.0,0.0,0.0,0.0,0.0,0.0,0.0
2024-01-26,JNJ,0.0,0.0,0.0,0.0,0.0,0.0,0.0,0.0,0.0,0.0,0.0,0.0,0.0,0.0
2024-01-29,JNJ,0.0,0.0,0.0,0.0,0.0,0.0,0.0,0.0,0.0,0.0,0.0,0.0,0.0,0.0
2024-01-30,JNJ,0.0,0.0,0.0,0.0,0.0,0.0,0.0,0.0,0.0,0.0,0.0,0.0,0.0,0.0
2024-01-31,JNJ,0.0,0.0,0.0,0.0,0.0,0.0,0.0,0.0,0.0,0.0,0.0,0.0,0.0,0.0
2024-02-01,JNJ,0.0,0.0,0.0,0.0,0.0,0.0,0.0,0.0,0.0,0.0,0.0,0.0,0.0,0.0
2024-02-02,JNJ,0.0,0.0,0.0,0.0,0.0,0.0,0.0,0.0,0.0,0.0,0.0,0.0,0.0,0.0
2024-02-05,JNJ,0.0,0.0,0.0,0.0,0.0,0.0,0.0,0.0,0.0,0.0,0.0,0.0,0.0,0.0
2024-02-06,JNJ,0.0,0.0,0.0,0.0,0.0,0.0,0.0,0.0,0.0,0.0,0.0,0.0,0.0,0.0
2024-02-07,JNJ,0.0,0.0,0.0,0.0,0.0,0.0,0.0,0.0,0.0,0.0,0.0,0.0,0.0,0.0
2024-02-08,JNJ,0.0,0.0,0.0,0.0,0.0,0.0,0.0,0.0,0.0,0.0,0.0,0.0,0.0,0.0
2024-02-09,JNJ,0.0,0.0,0.0,0.0,0.0,0.0,0.0,0.0,0.0,0.0,0.0,0.0,0.0,0.0
2024-02-12,JNJ,0.0,0.0,0.0,0.0,0.0,0.0,0.0,0.0,0.0,0.0,0.0,0.0,0.0,0.0
2024-02-13,JNJ,0.0,0.0,0.0,0.0,0.0,0.0,0.0,0.0,0.0,0.0,0.0,0.0,0.0,0.0
2024-02-14,JNJ,0.0,0.0,0.0,0.0,0.0,0.0,0.0,0.0,0.0,0.0,0.0,0.0,0.0,0.0
2024-02-15,JNJ,0.0,0.0,0.0,0.0,0.0,0.0,0.0,0.0,0.0,0.0,0.0,0.0,0.0,0.0
2024-02-16,JNJ,0.0,0.0,0.0,0.0,0.0,0.0,0.0,0.0,0.0,0.0,0.0,0.0,0.0,0.0
2024-02-20,JNJ,0.0,0.0,0.0,0.0,0.0,0.0,0.0,0.0,0.0,0.0,0.0,0.0,0.0,0.0
2024-02-21,JNJ,0.0,0.0,0.0,0.0,0.0,0.0,0.0,0.0,0.0,0.0,0.0,0.0,0.0,0.0
2024-02-22,JNJ,0.0,0.0,0.0,0.0,0.0,0.0,0.0,0.0,0.0,0.0,0.0,0.0,0.0,0.0
2024-02-23,JNJ,0.0,0.0,0.0,0.0,0.0,0.0,0.0,0.0,0.0,0.0,0.0,0.0,0.0,0.0
2024-02-26,JNJ,0.0,0.0,0.0,0.0,0.0,0.0,0.0,0.0,0.0,0.0,0.0,0.0,0.0,0.0
2024-02-27,JNJ,0.0,0.0,0.0,0.0,0.0,0.0,0.0,0.0,0.0,0.0,0.0,0.0,0.0,0.0
2024-02-28,JNJ,0.0,0.0,0.0,0.0,0.0,0.0,0.0,0.0,0.0,0.0,0.0,0.0,0.0,0.0
2024-02-29,JNJ,0.0,0.0,0.0,0.0,0.0,0.0,0.0,0.0,0.0,0.0,0.0,0.0,0.0,0.0
2024-03-01,JNJ,0.0,0.0,0.0,0.0,0.0,0.0,0.0,0.0,0.0,0.0,0.0,0.0,0.0,0.0
2024-03-04,JNJ,0.0,0.0,0.0,0.0,0.0,0.0,0.0,0.0,0.0,0.0,0.0,0.0,0.0,0.0
2024-03-05,JNJ,0.0,0.0,0.0,0.0,0.0,0.0,0.0,0.0,0.0,0.0,0.0,0.0,0.0,0.0
2024-03-06,JNJ,0.0,0.0,0.0,0.0,0.0,0.0,0.0,0.0,0.0,0.0,0.0,0.0,0.0,0.0
2024-03-07,JNJ,0.0,0.0,0.0,0.0,0.0,0.0,0.0,0.0,0.0,0.0,0.0,0.0,0.0,0.0
2024-03-08,JNJ,0.0,0.0,0.0,0.0,0.0,0.0,0.0,0.0,0.0,0.0,0.0,0.0,0.0,0.0
2024-03-11,JNJ,0.0,0.0,0.0,0.0,0.0,0.0,0.0,0.0,0.0,0.0,0.0,0.0,0.0,0.0
2024-03-12,JNJ,0.0,0.0,0.0,0.0,0.0,0.0,0.0,0.0,0.0,0.0,0.0,0.0,0.0,0.0
2024-03-13,JNJ,0.0,0.0,0.0,0.0,0.0,0.0,0.0,0.0,0.0,0.0,0.0,0.0,0.0,0.0
2024-03-14,JNJ,0.0,0.0,0.0,0.0,0.0,0.0,0.0,0.0,0.0,0.0,0.0,0.0,0.0,0.0
2024-03-15,JNJ,0.0,0.0,0.0,0.0,0.0,0.0,0.0,0.0,0.0,0.0,0.0,0.0,0.0,0.0
2024-03-18,JNJ,0.0,0.0,0.0,0.0,0.0,0.0,0.0,0.0,0.0,0.0,0.0,0.0,0.0,0.0
2024-03-19,JNJ,0.0,0.0,0.0,0.0,0.0,0.0,0.0,0.0,0.0,0.0,0.0,0.0,0.0,0.0
2024-03-20,JNJ,0.0,0.0,0.0,0.0,0.0,0.0,0.0,0.0,0.0,0.0,0.0,0.0,0.0,0.0
2024-03-21,JNJ,0.0,0.0,0.0,0.0,0.0,0.0,0.0,0.0,0.0,0.0,0.0,0.0,0.0,0.0
2024-03-22,JNJ,0.0,0.0,0.0,0.0,0.0,0.0,0.0,0.0,0.0,0.0,0.0,0.0,0.0,0.0
2024-03-25,JNJ,0.0,0.0,0.0,0.0,0.0,0.0,0.0,0.0,0.0,0.0,0.0,0.0,0.0,0.0
2024-03-26,JNJ,0.0,0.0,0.0,0.0,0.0,0.0,0.0,0.0,0.0,0.0,0.0,0.0,0.0,0.0
2024-03-27,JNJ,0.0,0.0,0.0,0.0,0.0,0.0,0.0,0.0,0.0,0.0,0.0,0.0,0.0,0.0
2024-03-28,JNJ,0.0,0.0,0.0,0.0,0.0,0.0,0.0,0.0,0.0,0.0,0.0,0.0,0.0,0.0
2024-04-01,JNJ,0.0,0.0,0.0,0.0,0.0,0.0,0.0,0.0,0.0,0.0,0.0,0.0,0.0,0.0
2024-04-02,JNJ,0.0,0.0,0.0,0.0,0.0,0.0,0.0,0.0,0.0,0.0,0.0,0.0,0.0,0.0
2024-04-03,JNJ,0.0,0.0,0.0,0.0,0.0,0.0,0.0,0.0,0.0,0.0,0.0,0.0,0.0,0.0
2024-04-04,JNJ,0.0,0.0,0.0,0.0,0.0,0.0,0.0,0.0,0.0,0.0,0.0,0.0,0.0,0.0
2024-04-05,JNJ,0.0,0.0,0.0,0.0,0.0,0.0,0.0,0.0,0.0,0.0,0.0,0.0,0.0,0.0
2024-04-08,JNJ,0.0,0.0,0.0,0.0,0.0,0.0,0.0,0.0,0.0,0.0,0.0,0.0,0.0,0.0
2024-04-09,JNJ,0.0,0.0,0.0,0.0,0.0,0.0,0.0,0.0,0.0,0.0,0.0,0.0,0.0,0.0
2024-04-10,JNJ,0.0,0.0,0.0,0.0,0.0,0.0,0.0,0.0,0.0,0.0,0.0,0.0,0.0,0.0
2024-04-11,JNJ,0.0,0.0,0.0,0.0,0.0,0.0,0.0,0.0,0.0,0.0,0.0,0.0,0.0,0.0
2024-04-12,JNJ,0.0,0.0,0.0,0.0,0.0,0.0,0.0,0.0,0.0,0.0,0.0,0.0,0.0,0.0
2024-04-15,JNJ,0.0,0.0,0.0,0.0,0.0,0.0,0.0,0.0,0.0,0.0,0.0,0.0,0.0,0.0
2024-04-16,JNJ,0.0,0.0,0.0,0.0,0.0,0.0,0.0,0.0,0.0,0.0,0.0,0.0,0.0,0.0
2024-04-17,JNJ,0.0,0.0,0.0,0.0,0.0,0.0,0.0,0.0,0.0,0.0,0.0,0.0,0.0,0.0
2024-04-18,JNJ,0.0,0.0,0.0,0.0,0.0,0.0,0.0,0.0,0.0,0.0,0.0,0.0,0.0,0.0
2024-04-19,JNJ,0.0,0.0,0.0,0.0,0.0,0.0,0.0,0.0,0.0,0.0,0.0,0.0,0.0,0.0
2024-04-22,JNJ,0.0,0.0,0.0,0.0,0.0,0.0,0.0,0.0,0.0,0.0,0.0,0.0,0.0,0.0
2024-04-23,JNJ,0.0,0.0,0.0,0.0,0.0,0.0,0.0,0.0,0.0,0.0,0.0,0.0,0.0,0.0
2024-04-24,JNJ,0.0,0.0,0.0,0.0,0.0,0.0,0.0,0.0,0.0,0.0,0.0,0.0,0.0,0.0
2024-04-25,JNJ,0.0,0.0,0.0,0.0,0.0,0.0,0.0,0.0,0.0,0.0,0.0,0.0,0.0,0.0
2024-04-26,JNJ,0.0,0.0,0.0,0.0,0.0,0.0,0.0,0.0,0.0,0.0,0.0,0.0,0.0,0.0
2024-04-29,JNJ,0.0,0.0,0.0,0.0,0.0,0.0,0.0,0.0,0.0,0.0,0.0,0.0,0.0,0.0
2024-04-30,JNJ,0.0,0.0,0.0,0.0,0.0,0.0,0.0,0.0,0.0,0.0,0.0,0.0,0.0,0.0
2024-05-01,JNJ,0.0,0.0,0.0,0.0,0.0,0.0,0.0,0.0,0.0,0.0,0.0,0.0,0.0,0.0
2024-05-02,JNJ,0.0,0.0,0.0,0.0,0.0,0.0,0.0,0.0,0.0,0.0,0.0,0.0,0.0,0.0
2024-05-03,JNJ,0.0,0.0,0.0,0.0,0.0,0.0,0.0,0.0,0.0,0.0,0.0,0.0,0.0,0.0
2024-05-06,JNJ,0.0,0.0,0.0,0.0,0.0,0.0,0.0,0.0,0.0,0.0,0.0,0.0,0.0,0.0
2024-05-07,JNJ,0.0,0.0,0.0,0.0,0.0,0.0,0.0,0.0,0.0,0.0,0.0,0.0,0.0,0.0
2024-05-08,JNJ,0.0,0.0,0.0,0.0,0.0,0.0,0.0,0.0,0.0,0.0,0.0,0.0,0.0,0.0
2024-05-09,JNJ,0.0,0.0,0.0,0.0,0.0,0.0,0.0,0.0,0.0,0.0,0.0,0.0,0.0,0.0
2024-05-10,JNJ,0.0,0.0,0.0,0.0,0.0,0.0,0.0,0.0,0.0,0.0,0.0,0.0,0.0,0.0
2024-05-13,JNJ,0.0,0.0,0.0,0.0,0.0,0.0,0.0,0.0,0.0,0.0,0.0,0.0,0.0,0.0
2024-05-14,JNJ,0.0,0.0,0.0,0.0,0.0,0.0,0.0,0.0,0.0,0.0,0.0,0.0,0.0,0.0
2024-05-15,JNJ,0.0,0.0,0.0,0.0,0.0,0.0,0.0,0.0,0.0,0.0,0.0,0.0,0.0,0.0
2024-05-16,JNJ,0.0,0.0,0.0,0.0,0.0,0.0,0.0,0.0,0.0,0.0,0.0,0.0,0.0,0.0
2024-05-17,JNJ,0.0,0.0,0.0,0.0,0.0,0.0,0.0,0.0,0.0,0.0,0.0,0.0,0.0,0.0
2024-05-20,JNJ,0.0,0.0,0.0,0.0,0.0,0.0,0.0,0.0,0.0,0.0,0.0,0.0,0.0,0.0
2024-05-21,JNJ,0.0,0.0,0.0,0.0,0.0,0.0,0.0,0.0,0.0,0.0,0.0,0.0,0.0,0.0
2024-05-22,JNJ,0.0,0.0,0.0,0.0,0.0,0.0,0.0,0.0,0.0,0.0,0.0,0.0,0.0,0.0
2024-05-23,JNJ,0.0,0.0,0.0,0.0,0.0,0.0,0.0,0.0,0.0,0.0,0.0,0.0,0.0,0.0
2024-05-24,JNJ,0.0,0.0,0.0,0.0,0.0,0.0,0.0,0.0,0.0,0.0,0.0,0.0,0.0,0.0
2024-05-28,JNJ,0.0,0.0,0.0,0.0,0.0,0.0,0.0,0.0,0.0,0.0,0.0,0.0,0.0,0.0
2024-05-29,JNJ,0.0,0.0,0.0,0.0,0.0,0.0,0.0,0.0,0.0,0.0,0.0,0.0,0.0,0.0
2024-05-30,JNJ,0.0,0.0,0.0,0.0,0.0,0.0,0.0,0.0,0.0,0.0,0.0,0.0,0.0,0.0
2024-05-31,JNJ,0.0,0.0,0.0,0.0,0.0,0.0,0.0,0.0,0.0,0.0,0.0,0.0,0.0,0.0
2024-06-03,JNJ,0.0,0.0,0.0,0.0,0.0,0.0,0.0,0.0,0.0,0.0,0.0,0.0,0.0,0.0
2024-06-04,JNJ,0.0,0.0,0.0,0.0,0.0,0.0,0.0,0.0,0.0,0.0,0.0,0.0,0.0,0.0
2024-06-05,JNJ,0.0,0.0,0.0,0.0,0.0,0.0,0.0,0.0,0.0,0.0,0.0,0.0,0.0,0.0
2024-06-06,JNJ,0.0,0.0,0.0,0.0,0.0,0.0,0.0,0.0,0.0,0.0,0.0,0.0,0.0,0.0
2024-06-07,JNJ,0.0,0.0,0.0,0.0,0.0,0.0,0.0,0.0,0.0,0.0,0.0,0.0,0.0,0.0
2024-06-10,JNJ,0.0,0.0,0.0,0.0,0.0,0.0,0.0,0.0,0.0,0.0,0.0,0.0,0.0,0.0
2024-06-11,JNJ,0.0,0.0,0.0,0.0,0.0,0.0,0.0,0.0,0.0,0.0,0.0,0.0,0.0,0.0
2024-06-12,JNJ,0.0,0.0,0.0,0.0,0.0,0.0,0.0,0.0,0.0,0.0,0.0,0.0,0.0,0.0
2024-06-13,JNJ,0.0,0.0,0.0,0.0,0.0,0.0,0.0,0.0,0.0,0.0,0.0,0.0,0.0,0.0
2024-06-14,JNJ,0.0,0.0,0.0,0.0,0.0,0.0,0.0,0.0,0.0,0.0,0.0,0.0,0.0,0.0
2024-06-17,JNJ,0.0,0.0,0.0,0.0,0.0,0.0,0.0,0.0,0.0,0.0,0.0,0.0,0.0,0.0
2024-06-18,JNJ,0.0,0.0,0.0,0.0,0.0,0.0,0.0,0.0,0.0,0.0,0.0,0.0,0.0,0.0
2024-06-20,JNJ,0.0,0.0,0.0,0.0,0.0,0.0,0.0,0.0,0.0,0.0,0.0,0.0,0.0,0.0
2024-06-21,JNJ,0.0,0.0,0.0,0.0,0.0,0.0,0.0,0.0,0.0,0.0,0.0,0.0,0.0,0.0
2024-06-24,JNJ,0.0,0.0,0.0,0.0,0.0,0.0,0.0,0.0,0.0,0.0,0.0,0.0,0.0,0.0
2024-06-25,JNJ,0.0,0.0,0.0,0.0,0.0,0.0,0.0,0.0,0.0,0.0,0.0,0.0,0.0,0.0
2024-06-26,JNJ,0.0,0.0,0.0,0.0,0.0,0.0,0.0,0.0,0.0,0.0,0.0,0.0,0.0,0.0
2024-06-27,JNJ,0.0,0.0,0.0,0.0,0.0,0.0,0.0,0.0,0.0,0.0,0.0,0.0,0.0,0.0
2024-06-28,JNJ,0.0,0.0,0.0,0.0,0.0,0.0,0.0,0.0,0.0,0.0,0.0,0.0,0.0,0.0
2024-07-01,JNJ,0.0,0.0,0.0,0.0,0.0,0.0,0.0,0.0,0.0,0.0,0.0,0.0,0.0,0.0
2024-07-02,JNJ,0.0,0.0,0.0,0.0,0.0,0.0,0.0,0.0,0.0,0.0,0.0,0.0,0.0,0.0
2024-07-03,JNJ,0.0,0.0,0.0,0.0,0.0,0.0,0.0,0.0,0.0,0.0,0.0,0.0,0.0,0.0
2024-07-05,JNJ,0.0,0.0,0.0,0.0,0.0,0.0,0.0,0.0,0.0,0.0,0.0,0.0,0.0,0.0
2024-07-08,JNJ,0.0,0.0,0.0,0.0,0.0,0.0,0.0,0.0,0.0,0.0,0.0,0.0,0.0,0.0
2024-07-09,JNJ,0.0,0.0,0.0,0.0,0.0,0.0,0.0,0.0,0.0,0.0,0.0,0.0,0.0,0.0
2024-07-10,JNJ,0.0,0.0,0.0,0.0,0.0,0.0,0.0,0.0,0.0,0.0,0.0,0.0,0.0,0.0
2024-07-11,JNJ,0.0,0.0,0.0,0.0,0.0,0.0,0.0,0.0,0.0,0.0,0.0,0.0,0.0,0.0
2024-07-12,JNJ,0.0,0.0,0.0,0.0,0.0,0.0,0.0,0.0,0.0,0.0,0.0,0.0,0.0,0.0
2024-07-15,JNJ,0.0,0.0,0.0,0.0,0.0,0.0,0.0,0.0,0.0,0.0,0.0,0.0,0.0,0.0
2024-07-16,JNJ,0.0,0.0,0.0,0.0,0.0,0.0,0.0,0.0,0.0,0.0,0.0,0.0,0.0,0.0
2024-07-17,JNJ,0.0,0.0,0.0,0.0,0.0,0.0,0.0,0.0,0.0,0.0,0.0,0.0,0.0,0.0
2024-07-18,JNJ,0.0,0.0,0.0,0.0,0.0,0.0,0.0,0.0,0.0,0.0,0.0,0.0,0.0,0.0
2024-07-19,JNJ,0.0,0.0,0.0,0.0,0.0,0.0,0.0,0.0,0.0,0.0,0.0,0.0,0.0,0.0
2024-07-22,JNJ,0.0,0.0,0.0,0.0,0.0,0.0,0.0,0.0,0.0,0.0,0.0,0.0,0.0,0.0
2024-07-23,JNJ,0.0,0.0,0.0,0.0,0.0,0.0,0.0,0.0,0.0,0.0,0.0,0.0,0.0,0.0
2024-07-24,JNJ,0.0,0.0,0.0,0.0,0.0,0.0,0.0,0.0,0.0,0.0,0.0,0.0,0.0,0.0
2024-07-25,JNJ,0.0,0.0,0.0,0.0,0.0,0.0,0.0,0.0,0.0,0.0,0.0,0.0,0.0,0.0
2024-07-26,JNJ,0.0,0.0,0.0,0.0,0.0,0.0,0.0,0.0,0.0,0.0,0.0,0.0,0.0,0.0
2024-07-29,JNJ,0.0,0.0,0.0,0.0,0.0,0.0,0.0,0.0,0.0,0.0,0.0,0.0,0.0,0.0
2024-07-30,JNJ,0.0,0.0,0.0,0.0,0.0,0.0,0.0,0.0,0.0,0.0,0.0,0.0,0.0,0.0
2024-07-31,JNJ,0.0,0.0,0.0,0.0,0.0,0.0,0.0,0.0,0.0,0.0,0.0,0.0,0.0,0.0
2024-08-01,JNJ,0.0,0.0,0.0,0.0,0.0,0.0,0.0,0.0,0.0,0.0,0.0,0.0,0.0,0.0
2024-08-02,JNJ,0.0,0.0,0.0,0.0,0.0,0.0,0.0,0.0,0.0,0.0,0.0,0.0,0.0,0.0
2024-08-05,JNJ,0.0,0.0,0.0,0.0,0.0,0.0,0.0,0.0,0.0,0.0,0.0,0.0,0.0,0.0
2024-08-06,JNJ,0.0,0.0,0.0,0.0,0.0,0.0,0.0,0.0,0.0,0.0,0.0,0.0,0.0,0.0
2024-08-07,JNJ,0.0,0.0,0.0,0.0,0.0,0.0,0.0,0.0,0.0,0.0,0.0,0.0,0.0,0.0
2024-08-08,JNJ,0.0,0.0,0.0,0.0,0.0,0.0,0.0,0.0,0.0,0.0,0.0,0.0,0.0,0.0
2024-08-09,JNJ,0.0,0.0,0.0,0.0,0.0,0.0,0.0,0.0,0.0,0.0,0.0,0.0,0.0,0.0
2024-08-12,JNJ,0.0,0.0,0.0,0.0,0.0,0.0,0.0,0.0,0.0,0.0,0.0,0.0,0.0,0.0
2024-08-13,JNJ,0.0,0.0,0.0,0.0,0.0,0.0,0.0,0.0,0.0,0.0,0.0,0.0,0.0,0.0
2024-08-14,JNJ,0.0,0.0,0.0,0.0,0.0,0.0,0.0,0.0,0.0,0.0,0.0,0.0,0.0,0.0
2024-08-15,JNJ,0.0,0.0,0.0,0.0,0.0,0.0,0.0,0.0,0.0,0.0,0.0,0.0,0.0,0.0
2024-08-16,JNJ,0.0,0.0,0.0,0.0,0.0,0.0,0.0,0.0,0.0,0.0,0.0,0.0,0.0,0.0
2024-08-19,JNJ,0.0,0.0,0.0,0.0,0.0,0.0,0.0,0.0,0.0,0.0,0.0,0.0,0.0,0.0
2024-08-20,JNJ,0.0,0.0,0.0,0.0,0.0,0.0,0.0,0.0,0.0,0.0,0.0,0.0,0.0,0.0
2024-08-21,JNJ,0.0,0.0,0.0,0.0,0.0,0.0,0.0,0.0,0.0,0.0,0.0,0.0,0.0,0.0
2024-08-22,JNJ,0.0,0.0,0.0,0.0,0.0,0.0,0.0,0.0,0.0,0.0,0.0,0.0,0.0,0.0
2024-08-23,JNJ,0.0,0.0,0.0,0.0,0.0,0.0,0.0,0.0,0.0,0.0,0.0,0.0,0.0,0.0
2024-08-26,JNJ,0.0,0.0,0.0,0.0,0.0,0.0,0.0,0.0,0.0,0.0,0.0,0.0,0.0,0.0
2024-08-27,JNJ,0.0,0.0,0.0,0.0,0.0,0.0,0.0,0.0,0.0,0.0,0.0,0.0,0.0,0.0
2024-08-28,JNJ,0.0,0.0,0.0,0.0,0.0,0.0,0.0,0.0,0.0,0.0,0.0,0.0,0.0,0.0
2024-08-29,JNJ,0.0,0.0,0.0,0.0,0.0,0.0,0.0,0.0,0.0,0.0,0.0,0.0,0.0,0.0
2024-08-30,JNJ,0.0,0.0,0.0,0.0,0.0,0.0,0.0,0.0,0.0,0.0,0.0,0.0,0.0,0.0
2024-09-03,JNJ,0.0,0.0,0.0,0.0,0.0,0.0,0.0,0.0,0.0,0.0,0.0,0.0,0.0,0.0
2024-09-04,JNJ,0.0,0.0,0.0,0.0,0.0,0.0,0.0,0.0,0.0,0.0,0.0,0.0,0.0,0.0
2024-09-05,JNJ,0.0,0.0,0.0,0.0,0.0,0.0,0.0,0.0,0.0,0.0,0.0,0.0,0.0,0.0
2024-09-06,JNJ,0.0,0.0,0.0,0.0,0.0,0.0,0.0,0.0,0.0,0.0,0.0,0.0,0.0,0.0
2024-09-09,JNJ,0.0,0.0,0.0,0.0,0.0,0.0,0.0,0.0,0.0,0.0,0.0,0.0,0.0,0.0
2024-09-10,JNJ,0.0,0.0,0.0,0.0,0.0,0.0,0.0,0.0,0.0,0.0,0.0,0.0,0.0,0.0
2024-09-11,JNJ,0.0,0.0,0.0,0.0,0.0,0.0,0.0,0.0,0.0,0.0,0.0,0.0,0.0,0.0
2024-09-12,JNJ,0.0,0.0,0.0,0.0,0.0,0.0,0.0,0.0,0.0,0.0,0.0,0.0,0.0,0.0
2024-09-13,JNJ,0.0,0.0,0.0,0.0,0.0,0.0,0.0,0.0,0.0,0.0,0.0,0.0,0.0,0.0
2024-09-16,JNJ,0.0,0.0,0.0,0.0,0.0,0.0,0.0,0.0,0.0,0.0,0.0,0.0,0.0,0.0
2024-09-17,JNJ,0.0,0.0,0.0,0.0,0.0,0.0,0.0,0.0,0.0,0.0,0.0,0.0,0.0,0.0
2024-09-18,JNJ,0.0,0.0,0.0,0.0,0.0,0.0,0.0,0.0,0.0,0.0,0.0,0.0,0.0,0.0
2024-09-19,JNJ,0.0,0.0,0.0,0.0,0.0,0.0,0.0,0.0,0.0,0.0,0.0,0.0,0.0,0.0
2024-09-20,JNJ,0.0,0.0,0.0,0.0,0.0,0.0,0.0,0.0,0.0,0.0,0.0,0.0,0.0,0.0
2024-09-23,JNJ,0.0,0.0,0.0,0.0,0.0,0.0,0.0,0.0,0.0,0.0,0.0,0.0,0.0,0.0
2024-09-24,JNJ,0.0,0.0,0.0,0.0,0.0,0.0,0.0,0.0,0.0,0.0,0.0,0.0,0.0,0.0
2024-09-25,JNJ,0.0,0.0,0.0,0.0,0.0,0.0,0.0,0.0,0.0,0.0,0.0,0.0,0.0,0.0
2024-09-26,JNJ,0.0,0.0,0.0,0.0,0.0,0.0,0.0,0.0,0.0,0.0,0.0,0.0,0.0,0.0
2024-09-27,JNJ,0.0,0.0,0.0,0.0,0.0,0.0,0.0,0.0,0.0,0.0,0.0,0.0,0.0,0.0
2024-09-30,JNJ,0.0,0.0,0.0,0.0,0.0,0.0,0.0,0.0,0.0,0.0,0.0,0.0,0.0,0.0
2024-10-01,JNJ,0.0,0.0,0.0,0.0,0.0,0.0,0.0,0.0,0.0,0.0,0.0,0.0,0.0,0.0
2024-10-02,JNJ,0.0,0.0,0.0,0.0,0.0,0.0,0.0,0.0,0.0,0.0,0.0,0.0,0.0,0.0
2024-10-03,JNJ,0.0,0.0,0.0,0.0,0.0,0.0,0.0,0.0,0.0,0.0,0.0,0.0,0.0,0.0
2024-10-04,JNJ,0.0,0.0,0.0,0.0,0.0,0.0,0.0,0.0,0.0,0.0,0.0,0.0,0.0,0.0
2024-10-07,JNJ,0.0,0.0,0.0,0.0,0.0,0.0,0.0,0.0,0.0,0.0,0.0,0.0,0.0,0.0
2024-10-08,JNJ,0.0,0.0,0.0,0.0,0.0,0.0,0.0,0.0,0.0,0.0,0.0,0.0,0.0,0.0
2024-10-09,JNJ,0.0,0.0,0.0,0.0,0.0,0.0,0.0,0.0,0.0,0.0,0.0,0.0,0.0,0.0
2024-10-10,JNJ,0.0,0.0,0.0,0.0,0.0,0.0,0.0,0.0,0.0,0.0,0.0,0.0,0.0,0.0
2024-10-11,JNJ,0.0,0.0,0.0,0.0,0.0,0.0,0.0,0.0,0.0,0.0,0.0,0.0,0.0,0.0
2024-10-14,JNJ,0.0,0.0,0.0,0.0,0.0,0.0,0.0,0.0,0.0,0.0,0.0,0.0,0.0,0.0
2024-10-15,JNJ,0.0,0.0,0.0,0.0,0.0,0.0,0.0,0.0,0.0,0.0,0.0,0.0,0.0,0.0
2024-10-16,JNJ,0.0,0.0,0.0,0.0,0.0,0.0,0.0,0.0,0.0,0.0,0.0,0.0,0.0,0.0
2024-10-17,JNJ,0.0,0.0,0.0,0.0,0.0,0.0,0.0,0.0,0.0,0.0,0.0,0.0,0.0,0.0
2024-10-18,JNJ,0.0,0.0,0.0,0.0,0.0,0.0,0.0,0.0,0.0,0.0,0.0,0.0,0.0,0.0
2024-10-21,JNJ,0.0,0.0,0.0,0.0,0.0,0.0,0.0,0.0,0.0,0.0,0.0,0.0,0.0,0.0
2024-10-22,JNJ,0.0,0.0,0.0,0.0,0.0,0.0,0.0,0.0,0.0,0.0,0.0,0.0,0.0,0.0
2024-10-23,JNJ,0.0,0.0,0.0,0.0,0.0,0.0,0.0,0.0,0.0,0.0,0.0,0.0,0.0,0.0
2024-10-24,JNJ,0.0,0.0,0.0,0.0,0.0,0.0,0.0,0.0,0.0,0.0,0.0,0.0,0.0,0.0
2024-10-25,JNJ,0.0,0.0,0.0,0.0,0.0,0.0,0.0,0.0,0.0,0.0,0.0,0.0,0.0,0.0
2024-10-28,JNJ,0.0,0.0,0.0,0.0,0.0,0.0,0.0,0.0,0.0,0.0,0.0,0.0,0.0,0.0
2024-10-29,JNJ,0.0,0.0,0.0,0.0,0.0,0.0,0.0,0.0,0.0,0.0,0.0,0.0,0.0,0.0
2024-10-30,JNJ,0.0,0.0,0.0,0.0,0.0,0.0,0.0,0.0,0.0,0.0,0.0,0.0,0.0,0.0
2024-10-31,JNJ,0.0,0.0,0.0,0.0,0.0,0.0,0.0,0.0,0.0,0.0,0.0,0.0,0.0,0.0
2024-11-01,JNJ,0.0,0.0,0.0,0.0,0.0,0.0,0.0,0.0,0.0,0.0,0.0,0.0,0.0,0.0
2024-11-04,JNJ,0.0,0.0,0.0,0.0,0.0,0.0,0.0,0.0,0.0,0.0,0.0,0.0,0.0,0.0
2024-11-05,JNJ,0.0,0.0,0.0,0.0,0.0,0.0,0.0,0.0,0.0,0.0,0.0,0.0,0.0,0.0
2024-11-06,JNJ,0.0,0.0,0.0,0.0,0.0,0.0,0.0,0.0,0.0,0.0,0.0,0.0,0.0,0.0
2024-11-07,JNJ,0.0,0.0,0.0,0.0,0.0,0.0,0.0,0.0,0.0,0.0,0.0,0.0,0.0,0.0
2024-11-08,JNJ,0.0,0.0,0.0,0.0,0.0,0.0,0.0,0.0,0.0,0.0,0.0,0.0,0.0,0.0
2024-11-11,JNJ,0.0,0.0,0.0,0.0,0.0,0.0,0.0,0.0,0.0,0.0,0.0,0.0,0.0,0.0
2024-11-12,JNJ,0.0,0.0,0.0,0.0,0.0,0.0,0.0,0.0,0.0,0.0,0.0,0.0,0.0,0.0
2024-11-13,JNJ,0.0,0.0,0.0,0.0,0.0,0.0,0.0,0.0,0.0,0.0,0.0,0.0,0.0,0.0
2024-11-14,JNJ,0.0,0.0,0.0,0.0,0.0,0.0,0.0,0.0,0.0,0.0,0.0,0.0,0.0,0.0
2024-11-15,JNJ,0.0,0.0,0.0,0.0,0.0,0.0,0.0,0.0,0.0,0.0,0.0,0.0,0.0,0.0
2024-11-18,JNJ,0.0,0.0,0.0,0.0,0.0,0.0,0.0,0.0,0.0,0.0,0.0,0.0,0.0,0.0
2024-11-19,JNJ,0.0,0.0,0.0,0.0,0.0,0.0,0.0,0.0,0.0,0.0,0.0,0.0,0.0,0.0
2024-11-20,JNJ,0.0,0.0,0.0,0.0,0.0,0.0,0.0,0.0,0.0,0.0,0.0,0.0,0.0,0.0
2024-11-21,JNJ,0.0,0.0,0.0,0.0,0.0,0.0,0.0,0.0,0.0,0.0,0.0,0.0,0.0,0.0
2024-11-22,JNJ,0.0,0.0,0.0,0.0,0.0,0.0,0.0,0.0,0.0,0.0,0.0,0.0,0.0,0.0
2024-11-25,JNJ,0.0,0.0,0.0,0.0,0.0,0.0,0.0,0.0,0.0,0.0,0.0,0.0,0.0,0.0
2024-11-26,JNJ,0.0,0.0,0.0,0.0,0.0,0.0,0.0,0.0,0.0,0.0,0.0,0.0,0.0,0.0
2024-11-27,JNJ,0.0,0.0,0.0,0.0,0.0,0.0,0.0,0.0,0.0,0.0,0.0,0.0,0.0,0.0
2024-11-29,JNJ,0.0,0.0,0.0,0.0,0.0,0.0,0.0,0.0,0.0,0.0,0.0,0.0,0.0,0.0
2024-12-02,JNJ,0.0,0.0,0.0,0.0,0.0,0.0,0.0,0.0,0.0,0.0,0.0,0.0,0.0,0.0
2024-12-03,JNJ,0.0,0.0,0.0,0.0,0.0,0.0,0.0,0.0,0.0,0.0,0.0,0.0,0.0,0.0
2024-12-04,JNJ,0.0,0.0,0.0,0.0,0.0,0.0,0.0,0.0,0.0,0.0,0.0,0.0,0.0,0.0
2024-12-05,JNJ,0.0,0.0,0.0,0.0,0.0,0.0,0.0,0.0,0.0,0.0,0.0,0.0,0.0,0.0
2024-12-06,JNJ,0.0,0.0,0.0,0.0,0.0,0.0,0.0,0.0,0.0,0.0,0.0,0.0,0.0,0.0
2024-12-09,JNJ,0.0,0.0,0.0,0.0,0.0,0.0,0.0,0.0,0.0,0.0,0.0,0.0,0.0,0.0
2024-12-10,JNJ,0.0,0.0,0.0,0.0,0.0,0.0,0.0,0.0,0.0,0.0,0.0,0.0,0.0,0.0
2024-12-11,JNJ,0.0,0.0,0.0,0.0,0.0,0.0,0.0,0.0,0.0,0.0,0.0,0.0,0.0,0.0
2024-12-12,JNJ,0.0,0.0,0.0,0.0,0.0,0.0,0.0,0.0,0.0,0.0,0.0,0.0,0.0,0.0
2024-12-13,JNJ,0.0,0.0,0.0,0.0,0.0,0.0,0.0,0.0,0.0,0.0,0.0,0.0,0.0,0.0
2024-12-16,JNJ,0.0,0.0,0.0,0.0,0.0,0.0,0.0,0.0,0.0,0.0,0.0,0.0,0.0,0.0
2024-12-17,JNJ,0.0,0.0,0.0,0.0,0.0,0.0,0.0,0.0,0.0,0.0,0.0,0.0,0.0,0.0
2024-12-18,JNJ,0.0,0.0,0.0,0.0,0.0,0.0,0.0,0.0,0.0,0.0,0.0,0.0,0.0,0.0
2024-12-19,JNJ,0.0,0.0,0.0,0.0,0.0,0.0,0.0,0.0,0.0,0.0,0.0,0.0,0.0,0.0
2024-12-20,JNJ,0.0,0.0,0.0,0.0,0.0,0.0,0.0,0.0,0.0,0.0,0.0,0.0,0.0,0.0
2024-12-23,JNJ,0.0,0.0,0.0,0.0,0.0,0.0,0.0,0.0,0.0,0.0,0.0,0.0,0.0,0.0
2024-12-24,JNJ,0.0,0.0,0.0,0.0,0.0,0.0,0.0,0.0,0.0,0.0,0.0,0.0,0.0,0.0
2024-12-26,JNJ,0.0,0.0,0.0,0.0,0.0,0.0,0.0,0.0,0.0,0.0,0.0,0.0,0.0,0.0
2024-12-27,JNJ,0.0,0.0,0.0,0.0,0.0,0.0,0.0,0.0,0.0,0.0,0.0,0.0,0.0,0.0
2024-12-30,JNJ,0.0,0.0,0.0,0.0,0.0,0.0,0.0,0.0,0.0,0.0,0.0,0.0,0.0,0.0
2024-12-31,JNJ,0.0,0.0,0.0,0.0,0.0,0.0,0.0,0.0,0.0,0.0,0.0,0.0,0.0,0.0
2025-01-02,JNJ,0.0,0.0,0.0,0.0,0.0,0.0,0.0,0.0,0.0,0.0,0.0,0.0,0.0,0.0
2025-01-03,JNJ,0.0,0.0,0.0,0.0,0.0,0.0,0.0,0.0,0.0,0.0,0.0,0.0,0.0,0.0
2025-01-06,JNJ,0.0,0.0,0.0,0.0,0.0,0.0,0.0,0.0,0.0,0.0,0.0,0.0,0.0,0.0
2025-01-07,JNJ,0.0,0.0,0.0,0.0,0.0,0.0,0.0,0.0,0.0,0.0,0.0,0.0,0.0,0.0
2025-01-08,JNJ,0.0,0.0,0.0,0.0,0.0,0.0,0.0,0.0,0.0,0.0,0.0,0.0,0.0,0.0
2025-01-10,JNJ,0.0,0.0,0.0,0.0,0.0,0.0,0.0,0.0,0.0,0.0,0.0,0.0,0.0,0.0
2025-01-13,JNJ,0.0,0.0,0.0,0.0,0.0,0.0,0.0,0.0,0.0,0.0,0.0,0.0,0.0,0.0
2025-01-14,JNJ,0.0,0.0,0.0,0.0,0.0,0.0,0.0,0.0,0.0,0.0,0.0,0.0,0.0,0.0
2025-01-15,JNJ,0.0,0.0,0.0,0.0,0.0,0.0,0.0,0.0,0.0,0.0,0.0,0.0,0.0,0.0
2025-01-16,JNJ,0.0,0.0,0.0,0.0,0.0,0.0,0.0,0.0,0.0,0.0,0.0,0.0,0.0,0.0
2025-01-17,JNJ,0.0,0.0,0.0,0.0,0.0,0.0,0.0,0.0,0.0,0.0,0.0,0.0,0.0,0.0
2025-01-21,JNJ,0.0,0.0,0.0,0.0,0.0,0.0,0.0,0.0,0.0,0.0,0.0,0.0,0.0,0.0
2025-01-22,JNJ,0.0,0.0,0.0,0.0,0.0,0.0,0.0,0.0,0.0,0.0,0.0,0.0,0.0,0.0
2025-01-23,JNJ,0.0,0.0,0.0,0.0,0.0,0.0,0.0,0.0,0.0,0.0,0.0,0.0,0.0,0.0
2025-01-24,JNJ,0.0,0.0,0.0,0.0,0.0,0.0,0.0,0.0,0.0,0.0,0.0,0.0,0.0,0.0
2025-01-27,JNJ,0.0,0.0,0.0,0.0,0.0,0.0,0.0,0.0,0.0,0.0,0.0,0.0,0.0,0.0
2025-01-28,JNJ,0.0,0.0,0.0,0.0,0.0,0.0,0.0,0.0,0.0,0.0,0.0,0.0,0.0,0.0
2025-01-29,JNJ,0.0,0.0,0.0,0.0,0.0,0.0,0.0,0.0,0.0,0.0,0.0,0.0,0.0,0.0
2025-01-30,JNJ,0.0,0.0,0.0,0.0,0.0,0.0,0.0,0.0,0.0,0.0,0.0,0.0,0.0,0.0
2025-01-31,JNJ,0.0,0.0,0.0,0.0,0.0,0.0,0.0,0.0,0.0,0.0,0.0,0.0,0.0,0.0
2025-02-03,JNJ,0.0,0.0,0.0,0.0,0.0,0.0,0.0,0.0,0.0,0.0,0.0,0.0,0.0,0.0
2025-02-04,JNJ,0.0,0.0,0.0,0.0,0.0,0.0,0.0,0.0,0.0,0.0,0.0,0.0,0.0,0.0
2025-02-05,JNJ,0.0,0.0,0.0,0.0,0.0,0.0,0.0,0.0,0.0,0.0,0.0,0.0,0.0,0.0
2025-02-06,JNJ,0.0,0.0,0.0,0.0,0.0,0.0,0.0,0.0,0.0,0.0,0.0,0.0,0.0,0.0
2025-02-07,JNJ,0.0,0.0,0.0,0.0,0.0,0.0,0.0,0.0,0.0,0.0,0.0,0.0,0.0,0.0
2025-02-10,JNJ,0.0,0.0,0.0,0.0,0.0,0.0,0.0,0.0,0.0,0.0,0.0,0.0,0.0,0.0
2025-02-11,JNJ,0.0,0.0,0.0,0.0,0.0,0.0,0.0,0.0,0.0,0.0,0.0,0.0,0.0,0.0
2025-02-12,JNJ,0.0,0.0,0.0,0.0,0.0,0.0,0.0,0.0,0.0,0.0,0.0,0.0,0.0,0.0
2025-02-13,JNJ,0.0,0.0,0.0,0.0,0.0,0.0,0.0,0.0,0.0,0.0,0.0,0.0,0.0,0.0
2025-02-14,JNJ,0.0,0.0,0.0,0.0,0.0,0.0,0.0,0.0,0.0,0.0,0.0,0.0,0.0,0.0
2025-02-18,JNJ,0.0,0.0,0.0,0.0,0.0,0.0,0.0,0.0,0.0,0.0,0.0,0.0,0.0,0.0
2025-02-19,JNJ,0.0,0.0,0.0,0.0,0.0,0.0,0.0,0.0,0.0,0.0,0.0,0.0,0.0,0.0
2025-02-20,JNJ,0.0,0.0,0.0,0.0,0.0,0.0,0.0,0.0,0.0,0.0,0.0,0.0,0.0,0.0
2025-02-21,JNJ,0.0,0.0,0.0,0.0,0.0,0.0,0.0,0.0,0.0,0.0,0.0,0.0,0.0,0.0
2025-02-24,JNJ,0.0,0.0,0.0,0.0,0.0,0.0,0.0,0.0,0.0,0.0,0.0,0.0,0.0,0.0
2025-02-25,JNJ,0.0,0.0,0.0,0.0,0.0,0.0,0.0,0.0,0.0,0.0,0.0,0.0,0.0,0.0
2025-02-26,JNJ,0.0,0.0,0.0,0.0,0.0,0.0,0.0,0.0,0.0,0.0,0.0,0.0,0.0,0.0
2025-02-27,JNJ,0.0,0.0,0.0,0.0,0.0,0.0,0.0,0.0,0.0,0.0,0.0,0.0,0.0,0.0
2025-02-28,JNJ,0.0,0.0,0.0,0.0,0.0,0.0,0.0,0.0,0.0,0.0,0.0,0.0,0.0,0.0
2025-03-03,JNJ,0.0,0.0,0.0,0.0,0.0,0.0,0.0,0.0,0.0,0.0,0.0,0.0,0.0,0.0
2025-03-04,JNJ,0.0,0.0,0.0,0.0,0.0,0.0,0.0,0.0,0.0,0.0,0.0,0.0,0.0,0.0
2025-03-05,JNJ,0.0,0.0,0.0,0.0,0.0,0.0,0.0,0.0,0.0,0.0,0.0,0.0,0.0,0.0
2025-03-06,JNJ,0.0,0.0,0.0,0.0,0.0,0.0,0.0,0.0,0.0,0.0,0.0,0.0,0.0,0.0
2025-03-07,JNJ,0.0,0.0,0.0,0.0,0.0,0.0,0.0,0.0,0.0,0.0,0.0,0.0,0.0,0.0
2025-03-10,JNJ,0.0,0.0,0.0,0.0,0.0,0.0,0.0,0.0,0.0,0.0,0.0,0.0,0.0,0.0
2025-03-11,JNJ,0.0,0.0,0.0,0.0,0.0,0.0,0.0,0.0,0.0,0.0,0.0,0.0,0.0,0.0
2025-03-12,JNJ,0.0,0.0,0.0,0.0,0.0,0.0,0.0,0.0,0.0,0.0,0.0,0.0,0.0,0.0
2025-03-13,JNJ,0.0,0.0,0.0,0.0,0.0,0.0,0.0,0.0,0.0,0.0,0.0,0.0,0.0,0.0
2025-03-14,JNJ,0.0,0.0,0.0,0.0,0.0,0.0,0.0,0.0,0.0,0.0,0.0,0.0,0.0,0.0
2025-03-17,JNJ,0.0,0.0,0.0,0.0,0.0,0.0,0.0,0.0,0.0,0.0,0.0,0.0,0.0,0.0
2025-03-18,JNJ,0.0,0.0,0.0,0.0,0.0,0.0,0.0,0.0,0.0,0.0,0.0,0.0,0.0,0.0
2025-03-19,JNJ,0.0,0.0,0.0,0.0,0.0,0.0,0.0,0.0,0.0,0.0,0.0,0.0,0.0,0.0
2025-03-20,JNJ,0.0,0.0,0.0,0.0,0.0,0.0,0.0,0.0,0.0,0.0,0.0,0.0,0.0,0.0
2025-03-21,JNJ,0.0,0.0,0.0,0.0,0.0,0.0,0.0,0.0,0.0,0.0,0.0,0.0,0.0,0.0
2025-03-24,JNJ,0.0,0.0,0.0,0.0,0.0,0.0,0.0,0.0,0.0,0.0,0.0,0.0,0.0,0.0
2025-03-25,JNJ,0.0,0.0,0.0,0.0,0.0,0.0,0.0,0.0,0.0,0.0,0.0,0.0,0.0,0.0
2025-03-26,JNJ,0.0,0.0,0.0,0.0,0.0,0.0,0.0,0.0,0.0,0.0,0.0,0.0,0.0,0.0
2025-03-27,JNJ,0.0,0.0,0.0,0.0,0.0,0.0,0.0,0.0,0.0,0.0,0.0,0.0,0.0,0.0
2025-03-28,JNJ,0.0,0.0,0.0,0.0,0.0,0.0,0.0,0.0,0.0,0.0,0.0,0.0,0.0,0.0
2025-03-31,JNJ,0.0,0.0,0.0,0.0,0.0,0.0,0.0,0.0,0.0,0.0,0.0,0.0,0.0,0.0
2025-04-01,JNJ,0.0,0.0,0.0,0.0,0.0,0.0,0.0,0.0,0.0,0.0,0.0,0.0,0.0,0.0
2025-04-02,JNJ,0.0,0.0,0.0,0.0,0.0,0.0,0.0,0.0,0.0,0.0,0.0,0.0,0.0,0.0
2025-04-03,JNJ,0.0,0.0,0.0,0.0,0.0,0.0,0.0,0.0,0.0,0.0,0.0,0.0,0.0,0.0
2025-04-04,JNJ,0.0,0.0,0.0,0.0,0.0,0.0,0.0,0.0,0.0,0.0,0.0,0.0,0.0,0.0
2025-04-07,JNJ,0.0,0.0,0.0,0.0,0.0,0.0,0.0,0.0,0.0,0.0,0.0,0.0,0.0,0.0
2025-04-08,JNJ,0.0,0.0,0.0,0.0,0.0,0.0,0.0,0.0,0.0,0.0,0.0,0.0,0.0,0.0
2025-04-09,JNJ,0.0,0.0,0.0,0.0,0.0,0.0,0.0,0.0,0.0,0.0,0.0,0.0,0.0,0.0
2025-04-10,JNJ,0.0,0.0,0.0,0.0,0.0,0.0,0.0,0.0,0.0,0.0,0.0,0.0,0.0,0.0
2025-04-11,JNJ,0.0,0.0,0.0,0.0,0.0,0.0,0.0,0.0,0.0,0.0,0.0,0.0,0.0,0.0
2025-04-14,JNJ,0.0,0.0,0.0,0.0,0.0,0.0,0.0,0.0,0.0,0.0,0.0,0.0,0.0,0.0
2025-04-15,JNJ,0.0,0.0,0.0,0.0,0.0,0.0,0.0,0.0,0.0,0.0,0.0,0.0,0.0,0.0
2025-04-16,JNJ,0.0,0.0,0.0,0.0,0.0,0.0,0.0,0.0,0.0,0.0,0.0,0.0,0.0,0.0
2025-04-17,JNJ,0.0,0.0,0.0,0.0,0.0,0.0,0.0,0.0,0.0,0.0,0.0,0.0,0.0,0.0
2025-04-21,JNJ,0.0,0.0,0.0,0.0,0.0,0.0,0.0,0.0,0.0,0.0,0.0,0.0,0.0,0.0
2025-04-22,JNJ,0.0,0.0,0.0,0.0,0.0,0.0,0.0,0.0,0.0,0.0,0.0,0.0,0.0,0.0
2025-04-23,JNJ,0.0,0.0,0.0,0.0,0.0,0.0,0.0,0.0,0.0,0.0,0.0,0.0,0.0,0.0
2025-04-24,JNJ,0.0,0.0,0.0,0.0,0.0,0.0,0.0,0.0,0.0,0.0,0.0,0.0,0.0,0.0
2025-04-25,JNJ,0.0,0.0,0.0,0.0,0.0,0.0,0.0,0.0,0.0,0.0,0.0,0.0,0.0,0.0
2025-04-28,JNJ,0.0,0.0,0.0,0.0,0.0,0.0,0.0,0.0,0.0,0.0,0.0,0.0,0.0,0.0
2025-04-29,JNJ,0.0,0.0,0.0,0.0,0.0,0.0,0.0,0.0,0.0,0.0,0.0,0.0,0.0,0.0
2025-04-30,JNJ,0.0,0.0,0.0,0.0,0.0,0.0,0.0,0.0,0.0,0.0,0.0,0.0,0.0,0.0
2025-05-01,JNJ,0.0,0.0,0.0,0.0,0.0,0.0,0.0,0.0,0.0,0.0,0.0,0.0,0.0,0.0
2025-05-02,JNJ,0.0,0.0,0.0,0.0,0.0,0.0,0.0,0.0,0.0,0.0,0.0,0.0,0.0,0.0
2025-05-05,JNJ,0.0,0.0,0.0,0.0,0.0,0.0,0.0,0.0,0.0,0.0,0.0,0.0,0.0,0.0
2025-05-06,JNJ,0.0,0.0,0.0,0.0,0.0,0.0,0.0,0.0,0.0,0.0,0.0,0.0,0.0,0.0
2025-05-07,JNJ,0.0,0.0,0.0,0.0,0.0,0.0,0.0,0.0,0.0,0.0,0.0,0.0,0.0,0.0
2025-05-08,JNJ,0.0,0.0,0.0,0.0,0.0,0.0,0.0,0.0,0.0,0.0,0.0,0.0,0.0,0.0
2025-05-09,JNJ,0.0,0.0,0.0,0.0,0.0,0.0,0.0,0.0,0.0,0.0,0.0,0.0,0.0,0.0
2025-05-12,JNJ,0.0,0.0,0.0,0.0,0.0,0.0,0.0,0.0,0.0,0.0,0.0,0.0,0.0,0.0
2025-05-13,JNJ,0.0,0.0,0.0,0.0,0.0,0.0,0.0,0.0,0.0,0.0,0.0,0.0,0.0,0.0
2025-05-14,JNJ,0.0,0.0,0.0,0.0,0.0,0.0,0.0,0.0,0.0,0.0,0.0,0.0,0.0,0.0
2025-05-15,JNJ,0.0,0.0,0.0,0.0,0.0,0.0,0.0,0.0,0.0,0.0,0.0,0.0,0.0,0.0
2025-05-16,JNJ,0.0,0.0,0.0,0.0,0.0,0.0,0.0,0.0,0.0,0.0,0.0,0.0,0.0,0.0
2025-05-19,JNJ,0.0,0.0,0.0,0.0,0.0,0.0,0.0,0.0,0.0,0.0,0.0,0.0,0.0,0.0
2025-05-20,JNJ,0.0,0.0,0.0,0.0,0.0,0.0,0.0,0.0,0.0,0.0,0.0,0.0,0.0,0.0
2025-05-21,JNJ,0.0,0.0,0.0,0.0,0.0,0.0,0.0,0.0,0.0,0.0,0.0,0.0,0.0,0.0
2025-05-22,JNJ,0.0,0.0,0.0,0.0,0.0,0.0,0.0,0.0,0.0,0.0,0.0,0.0,0.0,0.0
2025-05-23,JNJ,0.0,0.0,0.0,0.0,0.0,0.0,0.0,0.0,0.0,0.0,0.0,0.0,0.0,0.0
2025-05-27,JNJ,0.0,0.0,0.0,0.0,0.0,0.0,0.0,0.0,0.0,0.0,0.0,0.0,0.0,0.0
2025-05-28,JNJ,0.0,0.0,0.0,0.0,0.0,0.0,0.0,0.0,0.0,0.0,0.0,0.0,0.0,0.0
2025-05-29,JNJ,0.0,0.0,0.0,0.0,0.0,0.0,0.0,0.0,0.0,0.0,0.0,0.0,0.0,0.0
2025-05-30,JNJ,0.0,0.0,0.0,0.0,0.0,0.0,0.0,0.0,0.0,0.0,0.0,0.0,0.0,0.0
2025-06-02,JNJ,0.0,0.0,0.0,0.0,0.0,0.0,0.0,0.0,0.0,0.0,0.0,0.0,0.0,0.0
2025-06-03,JNJ,0.0,0.0,0.0,0.0,0.0,0.0,0.0,0.0,0.0,0.0,0.0,0.0,0.0,0.0
2025-06-04,JNJ,0.0,0.0,0.0,0.0,0.0,0.0,0.0,0.0,0.0,0.0,0.0,0.0,0.0,0.0
2025-06-05,JNJ,0.0,0.0,0.0,0.0,0.0,0.0,0.0,0.0,0.0,0.0,0.0,0.0,0.0,0.0
2025-06-06,JNJ,0.0,0.0,0.0,0.0,0.0,0.0,0.0,0.0,0.0,0.0,0.0,0.0,0.0,0.0
2025-06-09,JNJ,0.0,0.0,0.0,0.0,0.0,0.0,0.0,0.0,0.0,0.0,0.0,0.0,0.0,0.0
2025-06-10,JNJ,0.0,0.0,0.0,0.0,0.0,0.0,0.0,0.0,0.0,0.0,0.0,0.0,0.0,0.0
2025-06-11,JNJ,0.0,0.0,0.0,0.0,0.0,0.0,0.0,0.0,0.0,0.0,0.0,0.0,0.0,0.0
2025-06-12,JNJ,0.0,0.0,0.0,0.0,0.0,0.0,0.0,0.0,0.0,0.0,0.0,0.0,0.0,0.0
2025-06-13,JNJ,0.0,0.0,0.0,0.0,0.0,0.0,0.0,0.0,0.0,0.0,0.0,0.0,0.0,0.0
2025-06-16,JNJ,0.7088784526567906,4.0,3.0,0.0,1.0,0.8627624660730362,0.7324939891695976,0.023615536512806973,0.24389043124392626,0.23629281755226353,4.0,3.0,0.0,1.0
2025-06-17,JNJ,0.3515550841887792,6.0,3.0,1.0,2.0,0.8459604481856028,0.5085083146890005,0.1569532305002212,0.3345384666075309,0.3534778456151899,10.0,6.0,1.0,3.0
2025-06-18,JNJ,0.2547110718054076,6.0,2.0,1.0,3.0,0.8579381108283997,0.39314976520836353,0.13843869340295586,0.4684115257114172,0.43838153621699244,16.0,8.0,2.0,6.0
2025-06-20,JNJ,0.5450499096885324,5.0,4.0,1.0,0.0,0.8163424730300903,0.7070128887891769,0.16196297910064456,0.13102412186563012,0.38377202189423976,17.0,9.0,3.0,5.0
2025-06-23,JNJ,0.2646418949589133,9.0,4.0,2.0,3.0,0.9016882048712836,0.48359985442625153,0.21895795946733815,0.29744219355699086,0.35480095881761775,20.0,10.0,4.0,6.0
2025-06-24,JNJ,0.3749783243983984,8.0,5.0,1.0,2.0,0.8100068718194962,0.5048876046203077,0.12990928022190923,0.36520309397019446,0.39489004301528136,22.0,13.0,4.0,5.0
2025-06-25,JNJ,0.6299962365999818,5.0,4.0,0.0,1.0,0.7618507146835327,0.65777987241745,0.027783635817468122,0.31443650275468826,0.42320548531909785,22.0,13.0,3.0,6.0
2025-06-26,JNJ,0.30467691419956583,6.0,3.0,1.0,2.0,0.8706395526727041,0.4590871042261521,0.15441019002658624,0.3865026890610655,0.43655049173264865,19.0,12.0,2.0,5.0
2025-06-27,JNJ,-0.026752391085028648,5.0,2.0,2.0,1.0,0.8265902876853943,0.3390703773126006,0.3658227683976293,0.295106865093112,0.302640253238173,16.0,9.0,3.0,4.0
2025-06-30,JNJ,0.31478189572226256,8.0,3.0,0.0,5.0,0.757518358528614,0.3953898726031184,0.08060797688085584,0.5240021315403283,0.19756880627893325,19.0,8.0,3.0,8.0
2025-07-01,JNJ,0.0477040561381727,4.0,0.0,0.0,4.0,0.9251572638750076,0.06127339042723172,0.013569334289059001,0.9251572638750076,0.11191118692513553,17.0,5.0,2.0,10.0
2025-07-02,JNJ,0.3613371181612213,6.0,4.0,1.0,1.0,0.8485528826713562,0.5826664560784897,0.22132933791726825,0.19600418520470456,0.24127435667388553,18.0,7.0,1.0,10.0
2025-07-03,JNJ,0.5746550115502693,11.0,7.0,1.0,3.0,0.8057696927677501,0.6376552900130098,0.06300027846274046,0.29934443431821733,0.32789872861655445,21.0,11.0,2.0,8.0
2025-07-07,JNJ,-0.08184572104364632,5.0,1.0,2.0,2.0,0.8072471737861633,0.29990140441805124,0.3817471254616976,0.31835145689547056,0.2847154695559481,22.0,12.0,4.0,6.0
2025-07-08,JNJ,0.24096022825688124,8.0,3.0,1.0,4.0,0.7963411808013916,0.37229138379916543,0.1313311555422842,0.49637743062339723,0.24458983958783476,24.0,11.0,4.0,9.0
2025-07-09,JNJ,0.3108431852676652,11.0,6.0,2.0,3.0,0.8078004067594354,0.5034907663410361,0.1926475810733708,0.3038616529242559,0.15665256416030005,24.0,10.0,5.0,9.0
2025-07-10,JNJ,0.2318213516846299,6.0,2.0,2.0,2.0,0.8170240024725596,0.4656790060301621,0.2338576543455322,0.3004633548359076,0.26120825506972545,25.0,11.0,5.0,9.0
2025-07-11,JNJ,0.18445489946036384,13.0,5.0,3.0,5.0,0.8055439293384552,0.3860039972485258,0.20154909778816193,0.41244691166167075,0.24237314547088631,30.0,13.0,7.0,10.0
2025-07-14,JNJ,-0.07721622162498533,20.0,4.0,5.0,11.0,0.8281331181526184,0.2311695439741015,0.3083857655990868,0.46044468828476964,0.11302000984000281,39.0,11.0,10.0,18.0
2025-07-15,JNJ,0.3128111486012737,15.0,7.0,2.0,6.0,0.8427879333496093,0.46683437693864105,0.15402322833736734,0.3791423944135507,0.14001660881221742,48.0,16.0,10.0,22.0
2025-07-16,JNJ,0.17077739965170619,50.0,23.0,13.0,14.0,0.8684189480543136,0.4311392477340996,0.2603618480823934,0.3084989091940224,0.13545744220933154,85.0,34.0,20.0,31.0
2025-07-17,JNJ,0.3544608383672312,20.0,13.0,5.0,2.0,0.9028721541166306,0.6099123080261052,0.25545146965887394,0.134636200312525,0.2793497955400704,85.0,43.0,20.0,22.0
2025-07-18,JNJ,0.38821186366575683,11.0,7.0,2.0,2.0,0.8869123187932101,0.5841254672374238,0.19591360357166687,0.2199609255926175,0.30448336722823144,81.0,43.0,20.0,18.0
2025-07-21,JNJ,0.3875013683989112,14.0,8.0,2.0,4.0,0.8254076881068093,0.5088275070967418,0.12132613869783067,0.3698463421314955,0.3767246901439664,45.0,28.0,9.0,8.0
2025-07-22,JNJ,0.45438298233784735,18.0,10.0,1.0,7.0,0.8156922790739272,0.534333541471925,0.07995055913407764,0.3857159113718403,0.41003207146750514,43.0,25.0,5.0,13.0
2025-07-23,JNJ,0.29241460944629377,9.0,4.0,1.0,4.0,0.8336510923173692,0.398653310827083,0.10623870138078922,0.4951079771336582,0.3780996533943508,41.0,22.0,4.0,15.0
2025-07-24,JNJ,0.31242553312331434,10.0,4.0,1.0,5.0,0.7988752663135529,0.40317172966897485,0.09074619654566045,0.5060820726677775,0.35307437496915184,37.0,18.0,3.0,16.0
2025-07-25,JNJ,0.1639947555959224,1.0,0.0,0.0,1.0,0.7647725939750671,0.1996110826730728,0.0356163270771503,0.7647725939750671,0.25627829938851016,20.0,8.0,2.0,10.0
2025-07-28,JNJ,0.09822054541048902,12.0,5.0,3.0,4.0,0.847026139497757,0.37603210331872106,0.277811557908232,0.34615634304160875,0.1915469447099086,23.0,9.0,4.0,10.0
2025-07-29,JNJ,0.21672136315072954,13.0,4.0,2.0,7.0,0.8255475346858685,0.36575912691366214,0.1490377637629325,0.4852031013713433,0.15964555471904698,26.0,9.0,5.0,12.0
2025-07-30,JNJ,0.42535915992294365,13.0,6.0,2.0,5.0,0.8396301177831796,0.5392996651621965,0.11394050523925282,0.3467598335387615,0.2467670228280541,38.0,15.0,7.0,16.0
2025-07-31,JNJ,0.1653543161228299,6.0,2.0,1.0,3.0,0.8942411541938782,0.3363822785516579,0.17102796242882803,0.4925897593299548,0.2691449463988344,32.0,12.0,5.0,15.0
2025-08-01,JNJ,0.5411718872686228,9.0,7.0,1.0,1.0,0.8693947460916307,0.6891552979747454,0.14798341070612267,0.16286130001147586,0.3772951211047988,28.0,15.0,4.0,9.0
2025-08-04,JNJ,0.5309390063501067,9.0,5.0,0.0,4.0,0.8852312895986769,0.5476454123854637,0.016706406035357,0.4356481948246558,0.4124884032471865,24.0,14.0,2.0,8.0
2025-08-05,JNJ,0.24159337130064765,6.0,1.0,0.0,5.0,0.8075002531210581,0.27558556323250133,0.033992191931853634,0.6904222493370374,0.43790142163979245,24.0,13.0,1.0,10.0
2025-08-06,JNJ,0.6198508378118277,5.0,3.0,0.0,2.0,0.8402098178863525,0.6577553302049637,0.03790449239313596,0.3043401598930358,0.46412773848752736,20.0,9.0,0.0,11.0
2025-08-07,JNJ,0.11802798963617535,8.0,3.0,3.0,2.0,0.8042632639408112,0.43428008526097983,0.31625209562480444,0.24946780595928428,0.32649073291621694,19.0,7.0,3.0,9.0
2025-08-08,JNJ,0.824350833427161,2.0,2.0,0.0,0.0,0.839367002248764,0.839367002248764,0.015016168821603,0.14561686106026167,0.5207432202917214,15.0,8.0,3.0,4.0
2025-08-11,JNJ,0.5805725191409389,6.0,5.0,0.0,1.0,0.720957338809967,0.6700733999411265,0.08950088080018752,0.24042571180810526,0.5076504474014251,16.0,10.0,3.0,3.0
2025-08-12,JNJ,0.862654143323501,3.0,3.0,0.0,0.0,0.8808285593986511,0.8808285593986511,0.0181744160751501,0.1009970754384994,0.7558591652972003,11.0,10.0,0.0,1.0
2025-08-13,JNJ,0.3861971286435921,6.0,2.0,0.0,4.0,0.8386843303839365,0.39644132057825726,0.010244191934664984,0.5933144924541315,0.6098079303693441,15.0,10.0,0.0,5.0
2025-08-14,JNJ,0.24101152294315392,4.0,0.0,0.0,4.0,0.7238694429397583,0.2585710622370243,0.017559539293870274,0.7238694429397583,0.4966209316367491,13.0,5.0,0.0,8.0
2025-08-15,JNJ,0.20757434237748382,2.0,0.0,0.0,2.0,0.7438780665397644,0.23184811323881144,0.0242737708613276,0.7438780665397644,0.27826099798807663,12.0,2.0,0.0,10.0
2025-08-18,JNJ,0.014882072340697074,4.0,0.0,1.0,3.0,0.755496509373188,0.13696712814271444,0.1220850558020174,0.7409478351473808,0.15448931255377832,10.0,0.0,1.0,9.0
2025-08-19,JNJ,0.15314117539674044,4.0,2.0,1.0,1.0,0.8741211295127869,0.41492865025065834,0.26178747485391796,0.3232838325202465,0.12519919670497381,10.0,2.0,2.0,6.0
2025-08-20,JNJ,0.7699896218255162,1.0,1.0,0.0,0.0,0.7855833768844604,0.7855833768844604,0.0155937550589442,0.1988228261470794,0.3126709565209846,9.0,3.0,2.0,4.0
2025-08-21,JNJ,0.27460704036056993,10.0,5.0,2.0,3.0,0.7917542278766632,0.4492070399224758,0.1745999995619058,0.37619297280907626,0.39924594586094225,15.0,8.0,3.0,4.0
2025-08-22,JNJ,0.49014835458781036,7.0,4.0,0.0,3.0,0.8256727457046509,0.56132644202028,0.07117808743246959,0.36749543622136116,0.5115816722579655,18.0,10.0,2.0,6.0
2025-08-25,JNJ,0.3869756552157923,8.0,3.0,0.0,5.0,0.8904423713684082,0.4125777310691774,0.025602075853384976,0.5618202027399093,0.38391035005472424,25.0,12.0,2.0,11.0
2025-08-26,JNJ,0.5082344386416177,6.0,3.0,0.0,3.0,0.8029993772506714,0.5178916001071533,0.0096571614655355,0.47245123485724133,0.4617861494817402,21.0,10.0,0.0,11.0
2025-08-27,JNJ,0.7062008163581291,6.0,5.0,0.0,1.0,0.7919918497403463,0.7195298622051874,0.01332904584705825,0.2671410993983348,0.5338036367385132,20.0,11.0,0.0,9.0
2025-08-28,JNJ,-0.11614368315786128,5.0,1.0,2.0,2.0,0.8723902344703675,0.26193833407014605,0.37808201722800727,0.35997963435947894,0.36609719061396184,17.0,9.0,2.0,6.0
2025-08-29,JNJ,0.18306018197192594,13.0,7.0,3.0,3.0,0.8104745699809148,0.44288405460806995,0.2598238726361439,0.2972920747617116,0.25770577172406467,24.0,13.0,5.0,6.0
2025-09-02,JNJ,0.3505604556761682,10.0,5.0,2.0,3.0,0.8203494846820831,0.5134805139154196,0.16292005823925132,0.32359943557530635,0.13915898483007771,28.0,13.0,7.0,8.0
2025-09-03,JNJ,0.02758555822074409,5.0,1.0,1.0,3.0,0.89283447265625,0.24191590622067446,0.21433034799993034,0.5437537563964725,0.1870687319562795,28.0,13.0,6.0,9.0
2025-09-04,JNJ,0.4778765977243893,8.0,4.0,0.0,4.0,0.8631215840578079,0.4889523833990097,0.011075785674620375,0.4999718265607953,0.28534087054043394,23.0,10.0,3.0,10.0
2025-09-05,JNJ,0.5318573793629184,4.0,2.0,0.0,2.0,0.8579391986131668,0.5497425375506282,0.0178851581877097,0.432372301351279,0.3457731784360174,17.0,7.0,1.0,9.0
2025-09-08,JNJ,0.6226276536472142,8.0,7.0,1.0,0.0,0.7824933603405952,0.7128704525530338,0.09024279890581961,0.19688675133511419,0.5441205435781741,20.0,13.0,1.0,6.0
2025-09-09,JNJ,0.6810686740791425,8.0,6.0,0.0,2.0,0.9079193398356438,0.6940022688359022,0.012933594756759651,0.293064126977697,0.6118512356964252,20.0,15.0,1.0,4.0
2025-09-10,JNJ,0.42374421948833124,14.0,8.0,1.0,5.0,0.7779916780335563,0.5009889940598181,0.07724477457148683,0.42176622950604986,0.5758135157382295,30.0,21.0,2.0,7.0
2025-09-11,JNJ,0.31048234440386296,5.0,3.0,0.0,2.0,0.6868639767169953,0.42950099259614943,0.11901864819228647,0.4514803409576416,0.47176507932377904,27.0,17.0,1.0,9.0
2025-09-12,JNJ,0.4164558361387915,9.0,5.0,1.0,3.0,0.9285776085323758,0.5389829996145434,0.12252716347575182,0.3384898607101705,0.3835608000103287,28.0,16.0,2.0,10.0
2025-09-15,JNJ,-0.26991181323925656,3.0,0.0,1.0,2.0,0.9141189455986023,0.0665025462706883,0.3364143595099449,0.5970830687632164,0.1523421224344661,17.0,8.0,2.0,7.0
2025-09-16,JNJ,0.22275501706947884,6.0,1.0,1.0,4.0,0.7321961025396982,0.32970622275024647,0.10695120568076766,0.5633425650497278,0.12309967998967138,18.0,6.0,3.0,9.0
2025-09-17,JNJ,0.5027749086730182,11.0,6.0,1.0,4.0,0.7974734794009816,0.5626238611611453,0.05984895248812702,0.3775271624326706,0.15187270416774695,20.0,7.0,3.0,10.0
2025-09-18,JNJ,0.7296298130725821,6.0,5.0,0.0,1.0,0.8439775705337524,0.7479969610770544,0.0183671480044722,0.23363589184979594,0.48505324627169316,23.0,12.0,2.0,9.0
2025-09-19,JNJ,0.5695290851096312,9.0,7.0,1.0,1.0,0.8096749915017022,0.6840507313609123,0.11452164625128103,0.2014276441186666,0.6006446022850773,26.0,18.0,2.0,6.0
2025-09-22,JNJ,0.4796297694556415,4.0,2.0,0.0,2.0,0.8733418434858322,0.5115426974371076,0.031912927981466,0.4565443685278296,0.5929295558792851,19.0,14.0,1.0,4.0
2025-09-23,JNJ,-0.01822624243019769,12.0,4.0,4.0,4.0,0.8448389867941538,0.2932275950442999,0.3114538374744976,0.3953185612335801,0.3436442040450251,25.0,13.0,5.0,7.0
2025-09-24,JNJ,0.17881567357107997,12.0,5.0,4.0,3.0,0.826083704829216,0.46630882083748776,0.2874931472664078,0.24619802149633566,0.21340640019884138,28.0,11.0,8.0,9.0
2025-09-25,JNJ,0.23823438131560878,15.0,5.0,2.0,8.0,0.9006693522135417,0.3651159173498551,0.12688153603424623,0.5080025373647611,0.13294127081883048,39.0,14.0,10.0,15.0
2025-09-26,JNJ,0.22227442162111397,10.0,5.0,1.0,4.0,0.8121819853782654,0.3799783065915107,0.15770388497039672,0.46231778636574744,0.21310815883593437,37.0,15.0,7.0,15.0
2025-09-29,JNJ,0.09590601890037458,3.0,1.0,1.0,1.0,0.6718147198359171,0.34880820910135907,0.2529021902009844,0.3982895960410436,0.18547160727903256,28.0,11.0,4.0,13.0
2025-09-30,JNJ,0.20083746583097511,9.0,4.0,2.0,3.0,0.8133917715814378,0.3948015144301785,0.19396404859920338,0.411234472774797,0.17300596878415467,22.0,10.0,4.0,8.0
2025-10-01,JNJ,0.5069647184185063,12.0,7.0,0.0,5.0,0.7788411229848862,0.6050650697822372,0.0981003513637309,0.2968345686482886,0.26790273438328543,24.0,12.0,3.0,9.0
2025-10-02,JNJ,0.7565476535043368,6.0,5.0,0.0,1.0,0.9106672505537668,0.7689819472531477,0.012434293748810834,0.2185837868601083,0.4881166125846062,27.0,16.0,2.0,9.0
2025-10-03,JNJ,0.43591513192015036,7.0,3.0,0.0,4.0,0.7028579030718122,0.47949150843279703,0.04357637651264663,0.47693211265972685,0.5664758346143313,25.0,15.0,0.0,10.0
2025-10-06,JNJ,0.4399135340005159,5.0,4.0,0.0,1.0,0.7173017740249634,0.5405896343290806,0.1006761003285646,0.3587343253195286,0.5441254398083345,18.0,12.0,0.0,6.0
2025-10-07,JNJ,0.5248326371889561,10.0,6.0,1.0,3.0,0.864215075969696,0.6345045868307352,0.10967194964177902,0.2558234141208231,0.4668871010365409,22.0,13.0,1.0,8.0
2025-10-08,JNJ,0.43379211688244884,11.0,7.0,2.0,2.0,0.8723899613727223,0.6154482391747561,0.18165612229230724,0.20289563573896882,0.466179429357307,26.0,17.0,3.0,6.0
2025-10-09,JNJ,0.5795958435162902,10.0,6.0,0.0,4.0,0.8673241019248963,0.5955615367740392,0.01596569325774904,0.38847276829183097,0.5127401991958985,31.0,19.0,3.0,9.0
2025-10-10,JNJ,-0.04473424923013561,11.0,2.0,4.0,5.0,0.8115593249147589,0.263990026644685,0.3087242758748206,0.4272857030684298,0.32288457038953455,32.0,15.0,6.0,11.0
2025-10-13,JNJ,0.5291134381134596,7.0,4.0,0.0,3.0,0.8288741282054356,0.558772189276559,0.02965875116309943,0.4115690764571939,0.35465834413320474,28.0,12.0,4.0,12.0
2025-10-14,JNJ,0.4209749913286595,21.0,13.0,2.0,6.0,0.8851876400765919,0.581999196892693,0.1610242055640334,0.2569766012685639,0.30178472673732787,39.0,19.0,6.0,14.0
2025-10-15,JNJ,0.5585882705636322,21.0,14.0,1.0,6.0,0.8213428698834919,0.6246978745219254,0.06610960395829305,0.3091925237150419,0.5028922333352505,49.0,31.0,3.0,15.0
2025-10-16,JNJ,0.2273982017301023,20.0,9.0,4.0,7.0,0.8793809711933136,0.4328405452426523,0.20544234351254995,0.3617171179503202,0.4023204878741314,62.0,36.0,7.0,19.0
2025-10-17,JNJ,0.14771211770777076,18.0,8.0,6.0,4.0,0.8785227338473002,0.4437901275749836,0.2960780098672128,0.26013185953100515,0.3112328633338351,59.0,31.0,11.0,17.0
2025-10-20,JNJ,0.48619933938607574,6.0,5.0,1.0,0.0,0.6776254574457804,0.6484591066837311,0.16225976729765532,0.1892811022698879,0.28710321960798296,44.0,22.0,11.0,11.0
2025-10-21,JNJ,0.615860020974651,4.0,3.0,0.0,1.0,0.7736222445964813,0.6280843205749989,0.012224299600347825,0.3596913884393871,0.4165904926894992,28.0,16.0,7.0,5.0
2025-10-22,JNJ,0.29430923362572986,3.0,1.0,0.0,2.0,0.7499438524246216,0.3061835939685503,0.011874360342820434,0.6819420556227366,0.4654561979954856,13.0,9.0,1.0,3.0
2025-10-23,JNJ,0.34954127077279346,7.0,5.0,2.0,0.0,0.8247791869299752,0.5948384394203978,0.24529716864760434,0.15986442140170504,0.4199035084577248,14.0,9.0,2.0,3.0
2025-10-24,JNJ,0.7298457136688133,6.0,5.0,0.0,1.0,0.7607230047384897,0.7415159543355306,0.01167024066671725,0.24681377845505872,0.4578987393557789,16.0,11.0,2.0,3.0
2025-10-27,JNJ,0.5233104831467454,13.0,8.0,0.0,5.0,0.8479810402943537,0.5484268650985681,0.025116381951822635,0.42645675545701606,0.5342324891961174,26.0,18.0,2.0,6.0
2025-10-28,JNJ,-0.2812200876884162,10.0,1.0,5.0,4.0,0.8279787182807923,0.15880277873948212,0.4400228664278984,0.40117434971034527,0.3239787030423808,29.0,14.0,5.0,10.0
2025-10-29,JNJ,-0.16589474771171808,7.0,2.0,4.0,1.0,0.8325849856649127,0.31196627725980103,0.4778610249715192,0.2101726965712649,0.02539854924887038,30.0,11.0,9.0,10.0
2025-10-30,JNJ,0.04248091578483581,5.0,1.0,1.0,3.0,0.9079007148742676,0.2304065085947513,0.18792559280991553,0.5816678911447525,-0.1348779732050995,22.0,4.0,10.0,8.0
2025-10-31,JNJ,0.22517692732314265,6.0,2.0,1.0,3.0,0.8608004152774811,0.4001265640060106,0.17494963668286798,0.42492382942388457,0.033921031798753463,18.0,5.0,6.0,7.0
2025-11-03,JNJ,0.08790794278805453,18.0,5.0,4.0,9.0,0.772428337070677,0.29374140444108177,0.2058334616530272,0.5004251219539179,0.118521928632011,29.0,8.0,6.0,15.0
2025-11-04,JNJ,0.17467962438240645,14.0,8.0,4.0,2.0,0.8248892979962485,0.493785352645708,0.3191057282633015,0.18710892181843514,0.1625881648312012,38.0,15.0,9.0,14.0
2025-11-05,JNJ,0.03813909506425259,4.0,0.0,0.0,4.0,0.9179743975400925,0.06008236482739443,0.021943269763141825,0.9179743975400925,0.10024222074490452,36.0,13.0,8.0,15.0
2025-11-06,JNJ,0.0891278163762763,8.0,3.0,3.0,2.0,0.8234511315822601,0.4192789448425174,0.330151128466241,0.2505699179600924,0.10064884527431178,26.0,11.0,7.0,8.0
2025-11-07,JNJ,0.4202282673213631,8.0,4.0,1.0,3.0,0.8282765597105026,0.5434646690264344,0.12323640170507129,0.33329893508926034,0.18249839292063066,20.0,7.0,4.0,9.0
2025-11-10,JNJ,0.927168570458889,2.0,2.0,0.0,0.0,0.9411364495754242,0.9411364495754242,0.01396787911653515,0.04489564336836335,0.4788415513855095,18.0,9.0,4.0,5.0
2025-11-11,JNJ,0.1117062534516056,6.0,2.0,1.0,3.0,0.8314303656419119,0.26862003778417903,0.15691378433257339,0.5744661825398604,0.4863676970772859,16.0,8.0,2.0,6.0
2025-11-12,JNJ,0.2810970140853897,16.0,12.0,3.0,1.0,0.7931707017123699,0.5764415074372664,0.2953444933518767,0.12821400258690113,0.43999061266529477,24.0,16.0,4.0,4.0
2025-11-13,JNJ,0.30853694832573336,9.0,4.0,1.0,4.0,0.8486908475557963,0.4103660997417238,0.10182915141599042,0.487804744599594,0.23378007195424289,31.0,18.0,5.0,8.0
2025-11-14,JNJ,0.0009821092502937875,9.0,2.0,2.0,5.0,0.8889333936903212,0.26118750052733547,0.2602053912770417,0.4786071019868056,0.19687202388713895,34.0,18.0,6.0,10.0
2025-11-17,JNJ,0.31384292391261887,14.0,8.0,3.0,3.0,0.8529366041932788,0.5244941285678318,0.21065120465521298,0.264854690991342,0.20778732716288198,32.0,14.0,6.0,12.0
2025-11-18,JNJ,0.2917145471596582,11.0,5.0,2.0,4.0,0.8458496061238375,0.47685791552066803,0.18514336836100978,0.3379987200552767,0.20217986010752362,34.0,15.0,7.0,12.0
2025-11-19,JNJ,0.6830190553640326,12.0,9.0,0.0,3.0,0.8396559953689575,0.7018024201194445,0.018783364755411907,0.2794142120207349,0.4295255088121033,37.0,22.0,5.0,10.0
2025-11-20,JNJ,0.3493355853483081,5.0,3.0,1.0,1.0,0.8322549223899841,0.5530221246182918,0.20368653926998373,0.24329135548323388,0.441356395957333,28.0,17.0,3.0,8.0
2025-11-21,JNJ,0.5259403744712472,6.0,5.0,1.0,0.0,0.8565025925636292,0.6993657077352206,0.17342533326397336,0.12720894347876305,0.5194316717278626,23.0,17.0,2.0,4.0
2025-11-24,JNJ,0.5891350846737623,5.0,3.0,0.0,2.0,0.9241145730018616,0.6018684223294258,0.012733337655663441,0.3853982038795948,0.4881370148311059,16.0,11.0,2.0,3.0
2025-11-25,JNJ,0.528876681230031,8.0,5.0,0.0,3.0,0.7996973916888237,0.5643317140638828,0.035455032833851825,0.40021328092552716,0.5479840467916802,19.0,13.0,1.0,5.0
2025-11-26,JNJ,0.14352870080620048,8.0,3.0,3.0,2.0,0.8519661873579025,0.43108461692463607,0.28755591611843556,0.2813594653271138,0.4205134889033313,21.0,11.0,3.0,7.0
2025-11-28,JNJ,0.7703743938356638,5.0,5.0,0.0,0.0,0.8438871383666993,0.8438871383666993,0.07351274453103537,0.08260014243423934,0.4809265919572985,21.0,13.0,3.0,5.0
2025-12-01,JNJ,0.6914795873686671,10.0,8.0,0.0,2.0,0.8871127247810364,0.7272626679390669,0.03578308057039972,0.23695428352802989,0.5351275606701772,23.0,16.0,3.0,4.0
2025-12-02,JNJ,0.3270217248105577,7.0,3.0,1.0,3.0,0.8350370100566319,0.4889964758019362,0.16197475099137848,0.3490287897043994,0.596291902004963,22.0,16.0,1.0,5.0
2025-12-03,JNJ,0.31067757471464574,8.0,2.0,0.0,6.0,0.7978879250586033,0.35150480922311544,0.04082723450846966,0.607667937874794,0.44305962896462353,25.0,13.0,1.0,11.0
2025-12-04,JNJ,0.6695512365032401,9.0,7.0,0.0,2.0,0.8152132034301758,0.7058767875035604,0.0363255510003202,0.2577976574086481,0.4357501786761479,24.0,12.0,1.0,11.0
2025-12-05,JNJ,-0.00027806032449007034,6.0,2.0,3.0,1.0,0.8082415461540222,0.3653321427603562,0.3656102030848463,0.26905764484157163,0.32665025029779865,23.0,11.0,3.0,9.0
2025-12-08,JNJ,0.3512492035092278,11.0,4.0,0.0,7.0,0.7781972045248206,0.40724460035562515,0.055995396846397295,0.5367600147358396,0.3401741265626593,26.0,13.0,3.0,10.0
2025-12-09,JNJ,0.3197181521811419,9.0,4.0,1.0,4.0,0.8417218261294894,0.43929531497673857,0.1195771627955966,0.4411275295747651,0.22356309845529324,26.0,10.0,4.0,12.0
2025-12-10,JNJ,0.4605380017310381,9.0,5.0,1.0,3.0,0.8202364444732666,0.5608563042349286,0.10031830250389044,0.338825404850973,0.3771684524738026,29.0,13.0,2.0,14.0
2025-12-11,JNJ,0.7159560203552247,10.0,9.0,0.0,1.0,0.8190990269184113,0.7715271383523941,0.05557111799716945,0.1729017153382301,0.49873739142246826,28.0,18.0,2.0,8.0
2025-12-12,JNJ,0.505871124798432,12.0,7.0,1.0,4.0,0.8214797476927439,0.6117782928049564,0.1059071680065244,0.2823145369378229,0.5607883822948984,31.0,21.0,2.0,8.0
2025-12-15,JNJ,0.5481908298614953,9.0,5.0,0.0,4.0,0.8408704532517327,0.5663623801536031,0.018171550292107756,0.4154660585853789,0.5900059916717173,31.0,21.0,1.0,9.0
2025-12-16,JNJ,0.43327443844949204,12.0,7.0,2.0,3.0,0.8646266609430313,0.5678366557694972,0.13456221732000506,0.29760112768659985,0.4957787977031398,33.0,19.0,3.0,11.0
2025-12-17,JNJ,0.1424998872680589,8.0,2.0,1.0,5.0,0.8235715255141258,0.279601561371237,0.13710167410317806,0.5832967299502343,0.37465505185968206,29.0,14.0,3.0,12.0
2025-12-18,JNJ,0.4477125021318595,9.0,6.0,1.0,2.0,0.8056262532869974,0.5628332636422582,0.11512076151039863,0.3220459711220529,0.3411622759498035,29.0,15.0,4.0,10.0
2025-12-19,JNJ,0.6885333154350519,5.0,4.0,1.0,0.0,0.7842220425605774,0.7837591588497161,0.09522584341466424,0.12101496979594228,0.42624856827832347,22.0,12.0,3.0,7.0
2025-12-22,JNJ,0.5100326500833035,4.0,2.0,0.0,2.0,0.9076606184244156,0.5277520921081305,0.01771944202482695,0.45452846214175224,0.5487594892167383,18.0,12.0,2.0,4.0
2025-12-23,JNJ,0.22653659872917664,18.0,10.0,6.0,2.0,0.8967898984750112,0.544423413152496,0.31788681442331934,0.13768977185504302,0.4750341880825107,27.0,16.0,7.0,4.0
2025-12-24,JNJ,0.4467564163496718,8.0,7.0,1.0,0.0,0.7891891747713089,0.6710596347693354,0.22430321841966358,0.1046371245756745,0.394441888387384,30.0,19.0,7.0,4.0
2025-12-26,JNJ,0.8467915249057114,4.0,4.0,0.0,0.0,0.8755062222480774,0.8755062222480774,0.028714697342365925,0.0957790985703468,0.50669484666152,30.0,21.0,7.0,2.0
2025-12-29,JNJ,0.45998403080739075,4.0,2.0,0.0,2.0,0.8788288980722427,0.47653586789965624,0.016551837092265424,0.5069122761487961,0.5845106573542579,16.0,13.0,1.0,2.0
2025-12-30,JNJ,0.39326163767171757,7.0,4.0,1.0,2.0,0.8397957938058036,0.549171784360494,0.1559101466887763,0.294918054980891,0.5666790644616065,15.0,10.0,1.0,4.0
2025-12-31,JNJ,0.42298081229356205,11.0,6.0,1.0,4.0,0.8864784836769104,0.5297211726111444,0.1067403603175824,0.36353845132345497,0.4254088269242235,22.0,12.0,2.0,8.0
2026-01-02,JNJ,0.11313906288705772,4.0,1.0,1.0,2.0,0.8587143570184708,0.2951001510955393,0.18196108820848164,0.5229387693107128,0.3097938376174458,22.0,11.0,3.0,8.0
2026-01-05,JNJ,0.5051956331091267,7.0,5.0,0.0,2.0,0.7819428358759198,0.5398004124207156,0.034604779311588785,0.4255948087998798,0.3471051694299155,22.0,12.0,2.0,8.0
2026-01-06,JNJ,0.5375052334063433,11.0,7.0,2.0,2.0,0.816750092939897,0.6783569577065381,0.14085172430019485,0.18079132273454554,0.3852799764675092,22.0,13.0,3.0,6.0
2026-01-07,JNJ,0.8644035197794437,1.0,1.0,0.0,0.0,0.881524384021759,0.881524384021759,0.0171208642423152,0.1013547033071518,0.6357014620983046,19.0,13.0,2.0,4.0
2026-01-08,JNJ,0.0,0.0,0.0,0.0,0.0,0.0,0.0,0.0,0.0,0.46730291772859567,12.0,8.0,2.0,2.0
2026-01-09,JNJ,0.0,0.0,0.0,0.0,0.0,0.0,0.0,0.0,0.0,0.28813450659314793,1.0,1.0,0.0,0.0
2026-01-12,JNJ,0.0,0.0,0.0,0.0,0.0,0.0,0.0,0.0,0.0,0.0,0.0,0.0,0.0,0.0
2026-01-13,JNJ,0.6246300273659554,11.0,8.0,0.0,3.0,0.857371904633262,0.6507189338180152,0.0260889064520597,0.32319217344576656,0.20821000912198515,11.0,8.0,0.0,3.0
2026-01-14,JNJ,-0.2192797645305594,6.0,1.0,2.0,3.0,0.8676005701224009,0.18944455186525977,0.4087243163958192,0.40183115905771655,0.13511675427846534,17.0,9.0,2.0,6.0
2026-01-15,JNJ,0.23473229740435875,6.0,2.0,1.0,3.0,0.88514976700147,0.39224692961821955,0.15751463221386072,0.4502384488781293,0.2133608534132516,23.0,11.0,3.0,9.0
2026-01-16,JNJ,0.11477792294075091,3.0,1.0,1.0,1.0,0.8484528859456381,0.43712984832624585,0.322351925385495,0.2405181874831517,0.04341015193818343,15.0,4.0,4.0,7.0
2026-01-20,JNJ,-0.0018227083706542006,19.0,6.0,6.0,7.0,0.8465681828950581,0.3135018494274271,0.3153245577980813,0.37117359150005014,0.1158958373248185,28.0,9.0,8.0,11.0
2026-01-21,JNJ,-0.061861513325801275,39.0,15.0,16.0,8.0,0.86516967186561,0.3594067770128066,0.4212682903386079,0.21932494425429744,0.01703123374809848,61.0,22.0,23.0,16.0
2026-01-22,JNJ,0.24338121619075534,31.0,15.0,6.0,10.0,0.8266135877178561,0.46316241890552545,0.21978120271477003,0.3170563933109083,0.059898998164766626,89.0,36.0,28.0,25.0
2026-01-23,JNJ,0.10390745289623737,13.0,5.0,4.0,4.0,0.8544010290732751,0.4043934093788266,0.30048595648258924,0.2951206629379437,0.09514238525373048,83.0,35.0,26.0,22.0
2026-01-26,JNJ,0.22333203411350652,3.0,1.0,1.0,1.0,0.7803188860416412,0.39389929672082263,0.17056726260731614,0.4355334850649039,0.19020690106683305,47.0,21.0,11.0,15.0
2026-01-27,JNJ,0.577433161644472,9.0,6.0,0.0,3.0,0.8644851644833883,0.5927199489540524,0.015286787309580333,0.39199328153497637,0.3015575495514053,25.0,12.0,5.0,8.0
2026-01-28,JNJ,0.4142829984426498,10.0,4.0,1.0,5.0,0.7867967903614044,0.4879863917827606,0.07370339334011075,0.43831022307276724,0.4050160647335428,22.0,11.0,2.0,9.0
2026-01-29,JNJ,0.4759463920257986,10.0,5.0,0.0,5.0,0.849373197555542,0.5040639266371727,0.02811753461137409,0.46781855132430794,0.4892208507043068,29.0,15.0,1.0,13.0
2026-01-30,JNJ,0.18693823879584667,8.0,4.0,2.0,2.0,0.7777649536728859,0.41325566242448986,0.2263174236286431,0.36042692395858467,0.3590558764214317,28.0,13.0,3.0,12.0
2026-02-02,JNJ,0.430799775198102,5.0,4.0,1.0,0.0,0.8600329875946044,0.6750348251312971,0.24423504993319506,0.0807301446795463,0.36456146867324907,23.0,13.0,3.0,7.0
2026-02-03,JNJ,0.595150304492563,8.0,6.0,0.0,2.0,0.8240459784865379,0.6179520515725017,0.022801747079938577,0.3592461964581162,0.4042961061621706,21.0,14.0,3.0,4.0
2026-02-04,JNJ,0.5908246279383699,6.0,4.0,0.0,2.0,0.8768775264422098,0.608974810068806,0.018150182130436066,0.37287504319101566,0.5389249025430116,19.0,14.0,1.0,4.0
2026-02-05,JNJ,0.5323695833129543,7.0,6.0,1.0,0.0,0.8337864790643964,0.6963567335956863,0.16398715028273206,0.13965608924627299,0.5727815052479623,21.0,16.0,1.0,4.0
2026-02-06,JNJ,0.489242289098911,8.0,5.0,0.0,3.0,0.8195961937308311,0.5551370922476053,0.0658948031486943,0.37896810681559145,0.5374788334500784,21.0,15.0,1.0,5.0
2026-02-09,JNJ,0.5099796052866926,12.0,7.0,0.0,5.0,0.8477109372615814,0.540832594037056,0.030852988750363342,0.42831440332035225,0.5105304925661859,27.0,18.0,1.0,8.0
2026-02-10,JNJ,0.6096349032595754,5.0,3.0,0.0,2.0,0.8291952610015869,0.6212140083312988,0.01157910507172342,0.3672069087624549,0.5362855992150597,25.0,15.0,0.0,10.0
2026-02-11,JNJ,-0.03070088610466985,9.0,2.0,2.0,5.0,0.7938074072202047,0.22335582971572876,0.25405671582039857,0.5225874756773313,0.3629712074805327,26.0,12.0,2.0,12.0
2026-02-12,JNJ,0.7398027444723994,4.0,3.0,0.0,1.0,0.8061126321554184,0.7502663657069206,0.010463621234521225,0.23927001375705004,0.43957892054243497,18.0,8.0,2.0,8.0
2026-02-13,JNJ,0.7397142294794321,5.0,4.0,0.0,1.0,0.7679719805717469,0.7558554828166961,0.016141253337264,0.22800322920083996,0.48293869594905386,18.0,9.0,2.0,7.0
2026-02-17,JNJ,0.05933569220360367,8.0,3.0,3.0,2.0,0.8391801714897156,0.3675409639254212,0.3082052717218175,0.32425374211743474,0.5129508887184784,17.0,10.0,3.0,4.0
2026-02-18,JNJ,0.23477129433304073,10.0,4.0,2.0,4.0,0.8606685876846314,0.4301060764119029,0.19533478207886218,0.3745591396465897,0.34460707200535884,23.0,11.0,5.0,7.0
2026-02-19,JNJ,0.4359604516066611,6.0,4.0,1.0,1.0,0.870245635509491,0.6102538392879068,0.17429338768124578,0.21545277163386342,0.24335581271443515,24.0,11.0,6.0,7.0
2026-02-20,JNJ,0.12926969693644957,17.0,5.0,3.0,9.0,0.8271731348598704,0.31812030224896526,0.18885060531251566,0.49302907824954567,0.2666671476253838,33.0,13.0,6.0,14.0
2026-02-23,JNJ,0.22579330028119413,11.0,6.0,2.0,3.0,0.7679974382573908,0.4762559060684659,0.25046260578727175,0.27328150499273424,0.2636744829414349,34.0,15.0,6.0,13.0
2026-02-24,JNJ,0.35367271048016846,12.0,7.0,2.0,3.0,0.8249388337135315,0.5164183979698768,0.16274568748970822,0.3208358959915737,0.23624523589927074,40.0,18.0,7.0,15.0
2026-02-25,JNJ,0.4055624519075666,7.0,3.0,0.0,4.0,0.7955186537333897,0.4240192983831678,0.018456846475601158,0.5575238423688071,0.3283428208896431,30.0,16.0,4.0,10.0
2026-02-26,JNJ,0.0351120568811893,1.0,0.0,0.0,1.0,0.9176265597343444,0.0587427727878093,0.02363071590662,0.9176265597343444,0.26478240642297485,20.0,10.0,2.0,8.0
2026-02-27,JNJ,0.5569752462208271,5.0,4.0,1.0,0.0,0.82203049659729,0.729741895198822,0.17276664897799493,0.09749146401882168,0.3325499183365277,13.0,7.0,1.0,5.0
2026-03-02,JNJ,0.5586587833240628,2.0,1.0,0.0,1.0,0.838599443435669,0.5690125226974487,0.01035373937338585,0.4206337668001652,0.3835820288086931,8.0,5.0,1.0,2.0
2026-03-03,JNJ,0.5246340349937478,9.0,5.0,0.0,4.0,0.7983038359218173,0.5417349506169558,0.017100915623207844,0.44116411627166796,0.5467560215128793,16.0,10.0,1.0,5.0
2026-03-04,JNJ,0.16273203934542835,4.0,1.0,1.0,2.0,0.8200384229421616,0.3866524901241064,0.223920450778678,0.3894270826131105,0.41534161922107976,15.0,7.0,1.0,7.0
2026-03-05,JNJ,-0.001852858889227112,6.0,3.0,3.0,0.0,0.8990463813145956,0.4625956284192701,0.46444848730849725,0.07295587006956335,0.22850440514998305,19.0,9.0,4.0,6.0
2026-03-06,JNJ,0.03300319740083066,8.0,3.0,3.0,2.0,0.7558323368430138,0.3550077859545126,0.3220045885536819,0.32298763596918434,0.06462745928567733,18.0,7.0,7.0,4.0
2026-03-09,JNJ,0.8900939729064703,1.0,1.0,0.0,0.0,0.9015868306159972,0.9015868306159972,0.011492857709527,0.086920253932476,0.307081437139358,15.0,7.0,6.0,2.0
2026-03-10,JNJ,0.7585388028994202,10.0,9.0,1.0,0.0,0.8850549936294556,0.8467500329017639,0.08821123000234359,0.06503873094916339,0.5605453244022405,19.0,13.0,4.0,2.0
2026-03-11,JNJ,0.20306961212984537,11.0,4.0,2.0,5.0,0.8606895099986683,0.3804198085245761,0.17735019639473065,0.4422300085425377,0.617234129311912,22.0,14.0,3.0,5.0
2026-03-12,JNJ,0.7553081875666976,6.0,5.0,0.0,1.0,0.891127864519755,0.7709189380208651,0.015610750454167467,0.21347028079132235,0.5723055341986544,27.0,18.0,3.0,6.0
2026-03-13,JNJ,0.18188950158655642,5.0,2.0,1.0,2.0,0.8699628233909606,0.3754947904497385,0.193605288863182,0.4308999001979828,0.38008910042769983,22.0,11.0,3.0,8.0
2026-03-16,JNJ,0.8901359403505922,5.0,5.0,0.0,0.0,0.9065716028213501,0.9065716028213501,0.0164356624707579,0.07699272185564038,0.6091112098346154,16.0,12.0,1.0,3.0
2026-03-17,JNJ,0.29000887786969537,6.0,4.0,1.0,1.0,0.7785975734392802,0.5142564264436563,0.2242475485739608,0.26149604267751175,0.4540114399356147,16.0,11.0,2.0,3.0
2026-03-18,JNJ,0.5929749256465584,8.0,5.0,1.0,2.0,0.7973358184099197,0.6683144923299551,0.07533956668339666,0.25634594983421266,0.591039914622282,19.0,14.0,2.0,3.0
2026-03-19,JNJ,0.3704334101639688,12.0,6.0,1.0,5.0,0.8576352894306183,0.4705082072565953,0.10007479709262644,0.4294169902180632,0.4178057378934075,26.0,15.0,3.0,8.0
2026-03-20,JNJ,0.4771097731776536,10.0,6.0,1.0,3.0,0.8803174197673798,0.5894016742706298,0.11229190109297629,0.2983064141124487,0.48017270299606024,30.0,17.0,3.0,10.0
2026-03-23,JNJ,0.1408671806566417,2.0,0.0,0.0,2.0,0.8197848498821259,0.16054115444421765,0.01967397378757595,0.8197848498821259,0.3294701213327547,24.0,12.0,2.0,10.0
2026-03-24,JNJ,0.3195763196175297,6.0,2.0,0.0,4.0,0.8678942918777466,0.3451423924416303,0.0255660728241006,0.6292915263523658,0.312517757817275,18.0,8.0,1.0,9.0
2026-03-25,JNJ,0.46181623497977853,4.0,3.0,1.0,0.0,0.69127606600523,0.6233339793980122,0.1615177444182336,0.21514827571809292,0.3074199117513166,12.0,5.0,1.0,6.0
2026-03-26,JNJ,0.29196320157498123,10.0,6.0,2.0,2.0,0.8664564549922943,0.5141592192463577,0.22219601767137642,0.2636447565630078,0.35778525205742984,20.0,11.0,3.0,6.0
2026-03-27,JNJ,0.3371638935059309,11.0,6.0,2.0,3.0,0.8370124372568998,0.5176085408099673,0.18044464730403637,0.3019468013027852,0.36364777668689685,25.0,15.0,5.0,5.0
2026-03-30,JNJ,0.21102609997615218,12.0,5.0,3.0,4.0,0.8551593919595083,0.4210050106048584,0.2099789106287062,0.369016087303559,0.28005106501902144,33.0,17.0,7.0,9.0
2026-03-31,JNJ,0.29085096358903684,16.0,8.0,3.0,5.0,0.8646394647657871,0.4946088717551902,0.20375790816615333,0.30163323465967545,0.27968031902370666,39.0,19.0,8.0,12.0
2026-04-01,JNJ,0.5581024792761757,13.0,9.0,0.0,4.0,0.8294832156254694,0.6332942023873329,0.07519172311115718,0.291514059385428,0.3533265142804549,41.0,22.0,6.0,13.0
2026-04-02,JNJ,0.3229959284265836,9.0,6.0,1.0,2.0,0.7711799475881789,0.513615332233409,0.19061940380682543,0.2957652331226402,0.3906497904305987,38.0,23.0,4.0,11.0
2026-04-06,JNJ,-0.31313192890957,4.0,0.0,2.0,2.0,0.8081559985876083,0.053753416985273327,0.36688534589484334,0.5793612617999315,0.18932215959772977,26.0,15.0,3.0,8.0
2026-04-07,JNJ,0.3046664349734783,5.0,3.0,1.0,1.0,0.846427583694458,0.512577093951404,0.20791065897792577,0.2795122340321541,0.1048434781634973,18.0,9.0,4.0,5.0
2026-04-08,JNJ,0.0533462048973888,10.0,3.0,3.0,4.0,0.8461464941501617,0.3689305651001632,0.31558436020277436,0.31548507632687683,0.014960236987099036,19.0,6.0,6.0,7.0
2026-04-09,JNJ,0.2986176681006327,8.0,3.0,1.0,4.0,0.8022171407938004,0.41604534699581563,0.11742767889518285,0.46652698633261025,0.21887676932383326,23.0,9.0,5.0,9.0
2026-04-10,JNJ,0.6861684028059244,5.0,4.0,0.0,1.0,0.8492551684379578,0.7088439971208572,0.02267559431493278,0.26848037615418435,0.34604409193464863,23.0,10.0,4.0,9.0
2026-04-13,JNJ,0.10791432408287242,17.0,5.0,4.0,8.0,0.838882516412174,0.34361425020238934,0.23569992611951682,0.42068583112867436,0.36423346499647646,30.0,12.0,5.0,13.0
2026-04-14,JNJ,0.4649545245920308,48.0,30.0,4.0,14.0,0.8916628987838825,0.5918641527338574,0.1269096281418266,0.28122621299310896,0.41967908382694247,70.0,39.0,8.0,23.0
2026-04-15,JNJ,0.4330808683104503,24.0,13.0,2.0,9.0,0.8763332714637121,0.5395633737983493,0.10648250548789895,0.353954113010938,0.3353165723284512,89.0,48.0,10.0,31.0
2026-04-16,JNJ,0.47356965322978795,8.0,4.0,0.0,4.0,0.8234017938375473,0.49582473817281425,0.02225508494302625,0.48192018806003034,0.4572016820440897,80.0,47.0,6.0,27.0
2026-04-17,JNJ,0.13729006043550643,11.0,4.0,4.0,3.0,0.7563531344587152,0.3959858662194826,0.25869580578397616,0.345318329943852,0.34798019399191493,43.0,21.0,6.0,16.0
2026-04-20,JNJ,0.35706881304375,9.0,3.0,0.0,6.0,0.8157737983597649,0.39401537386907465,0.03694656082532468,0.5690380587346024,0.32264284223634815,28.0,11.0,4.0,13.0
2026-04-21,JNJ,0.5384567703253457,14.0,8.0,0.0,6.0,0.8114260946001325,0.5600218883316431,0.021565118006297485,0.4184129783617599,0.3442718812682007,34.0,15.0,4.0,15.0
2026-04-22,JNJ,0.45784847585794824,12.0,5.0,0.0,7.0,0.7823293457428614,0.4834546727749209,0.025606196916972534,0.4909391251082222,0.45112468640901465,35.0,16.0,0.0,19.0
2026-04-23,JNJ,0.34832420386373997,16.0,8.0,1.0,7.0,0.7950076013803482,0.4424783088034019,0.09415410493966188,0.4633675634395331,0.44820981668234466,42.0,21.0,1.0,20.0
2026-04-24,JNJ,0.37702038221280365,17.0,7.0,1.0,9.0,0.7698787591036629,0.44551221960607695,0.06849183739327329,0.48599592618205967,0.3943976873114973,45.0,20.0,2.0,23.0
2026-04-27,JNJ,0.3698702543560002,18.0,8.0,2.0,8.0,0.8262979404793845,0.44676463543954814,0.07689438108354801,0.47634097437063855,0.36507161347751466,51.0,23.0,4.0,24.0
2026-04-28,JNJ,0.1381652944434721,13.0,4.0,2.0,7.0,0.8347293551151569,0.33200967426483446,0.19384437982136232,0.47414592732317173,0.29501864367075864,48.0,19.0,5.0,24.0
2026-04-29,JNJ,0.6448775418102741,6.0,4.0,0.0,2.0,0.762130618095398,0.6686271925767263,0.023749650766452097,0.3076231488958001,0.38430436353658215,37.0,16.0,4.0,17.0
2026-04-30,JNJ,0.1807954623363912,8.0,3.0,1.0,4.0,0.8268322795629501,0.3424829330760985,0.1616874707397073,0.49582959013059735,0.3212794328633792,27.0,11.0,3.0,13.0
2026-05-01,JNJ,-0.0051622879691422055,6.0,1.0,1.0,4.0,0.8480301102002462,0.16878885775804517,0.17395114572718737,0.6572599951177834,0.27350357205917436,20.0,8.0,2.0,10.0
2026-05-04,JNJ,0.16762923977027336,9.0,4.0,1.0,4.0,0.7902903358141581,0.3737553997586171,0.20612615998834366,0.42011840807067025,0.11442080471250744,23.0,8.0,3.0,12.0
2026-05-05,JNJ,0.4963745145748059,15.0,8.0,0.0,7.0,0.799211327234904,0.53025833517313,0.03388382059832409,0.435857859502236,0.21961382212531236,30.0,13.0,2.0,15.0
2026-05-06,JNJ,0.20834857954954109,9.0,4.0,2.0,3.0,0.8707357380125258,0.4262319612834189,0.21788338173387775,0.35588462919824654,0.2907841112982068,33.0,16.0,3.0,14.0
2026-05-07,JNJ,0.3098354641115293,8.0,4.0,2.0,2.0,0.80070860683918,0.48549474962055683,0.1756592855090275,0.33884593727998435,0.33818618607862544,32.0,16.0,4.0,12.0
2026-05-08,JNJ,0.2924910709261894,5.0,2.0,0.0,3.0,0.8303247094154358,0.40855078659951677,0.11605971567332743,0.4753895167261362,0.2702250381957533,22.0,10.0,4.0,8.0
2026-05-11,JNJ,0.03793164580646486,9.0,2.0,2.0,5.0,0.8726502392027113,0.2674937028851774,0.22956205707871247,0.5029442202713754,0.21341939361472786,22.0,8.0,4.0,10.0
2026-05-12,JNJ,0.3888308114061753,9.0,5.0,1.0,3.0,0.8565104007720947,0.5193164407586058,0.13048562935243047,0.35019791995485616,0.23975117604627652,23.0,9.0,3.0,11.0
2026-05-13,JNJ,0.13253815006464717,11.0,4.0,3.0,4.0,0.8089028055017645,0.36876503183421766,0.23622688176957035,0.3950080910528247,0.1864335357590958,29.0,11.0,6.0,12.0
2026-05-14,JNJ,0.02546757898692569,7.0,2.0,2.0,3.0,0.8106534991945539,0.32113905849733515,0.29567147951040945,0.3831894876701491,0.18227884681924936,27.0,11.0,6.0,10.0
2026-05-15,JNJ,0.36451826710253954,7.0,3.0,0.0,4.0,0.74862026316779,0.4015552332358701,0.03703696613333048,0.5614078241799559,0.17417466538470414,25.0,9.0,5.0,11.0
2026-05-18,JNJ,0.2527481337839907,11.0,4.0,2.0,5.0,0.8250518197363074,0.41984352621842513,0.16709539243443444,0.4130610669539733,0.21424465995781863,25.0,9.0,4.0,12.0
2026-05-19,JNJ,0.3489414544698472,12.0,6.0,1.0,5.0,0.8640002856651942,0.4682208501423399,0.11927939567249264,0.4124997550000747,0.32206928511879246,30.0,13.0,3.0,14.0
2026-05-20,JNJ,0.18481421978988996,12.0,3.0,1.0,8.0,0.852675125002861,0.307742598777016,0.12292837898712601,0.5693290283282598,0.26216793601457594,35.0,13.0,4.0,18.0
2026-05-21,JNJ,0.3425020022051675,14.0,6.0,1.0,7.0,0.7843066837106433,0.43447677152497427,0.09197476931980673,0.4735484580908502,0.2920858921549682,38.0,15.0,3.0,20.0
2026-05-22,JNJ,0.26362615935504435,10.0,3.0,1.0,6.0,0.8156385481357574,0.3661122450605035,0.1024860857054591,0.531401657871902,0.2636474604500339,36.0,12.0,3.0,21.0
2026-05-26,JNJ,0.21246940842829645,10.0,5.0,2.0,3.0,0.8695497632026672,0.4263999725691974,0.21393056414090092,0.3596694437786937,0.2728658566628361,34.0,14.0,4.0,16.0
2026-05-27,JNJ,0.3427604489529935,13.0,6.0,1.0,6.0,0.7777233582276565,0.4488296384135118,0.10606918946051823,0.44510116571417224,0.27295200557877813,33.0,14.0,4.0,15.0
2026-05-28,JNJ,0.5296225763546923,12.0,7.0,0.0,5.0,0.8513034035762151,0.5626919426334401,0.033069366278747674,0.40423867711797357,0.3616174779119941,35.0,18.0,3.0,14.0
2026-05-29,JNJ,0.40100495610386133,8.0,4.0,0.0,4.0,0.8347847685217857,0.47221687948331237,0.07121192337945098,0.4565712045878172,0.42446266047051573,33.0,17.0,1.0,15.0
2026-06-01,JNJ,-0.03975751064717768,4.0,1.0,2.0,1.0,0.656498059630394,0.2653961973264813,0.305153707973659,0.4294501030817628,0.2969566739371253,24.0,12.0,2.0,10.0
2026-06-02,JNJ,0.1274334164336323,1.0,0.0,0.0,1.0,0.851613461971283,0.1379100084304809,0.0104765919968485,0.851613461971283,0.16289362063010532,13.0,5.0,2.0,6.0
2026-06-03,JNJ,0.24605697543861774,13.0,4.0,1.0,8.0,0.8209732679220346,0.3431787841881697,0.09712180874955192,0.5596994049847126,0.1112442937416908,18.0,5.0,3.0,10.0
2026-06-04,JNJ,0.20565655031664806,11.0,3.0,0.0,8.0,0.7875289971178229,0.27944634312933136,0.07378979281268333,0.6467638828537681,0.19304898072963272,25.0,7.0,1.0,17.0
2026-06-05,JNJ,0.38512034706460935,12.0,5.0,0.0,7.0,0.8454489360253016,0.4436432267539203,0.05852287968931094,0.4978338990670939,0.27894462427329175,36.0,12.0,1.0,23.0
2023-09-12,JPM,0.0,0.0,0.0,0.0,0.0,0.0,0.0,0.0,0.0,0.0,0.0,0.0,0.0,0.0
2023-09-13,JPM,0.0,0.0,0.0,0.0,0.0,0.0,0.0,0.0,0.0,0.0,0.0,0.0,0.0,0.0
2023-09-14,JPM,0.0,0.0,0.0,0.0,0.0,0.0,0.0,0.0,0.0,0.0,0.0,0.0,0.0,0.0
2023-09-15,JPM,0.0,0.0,0.0,0.0,0.0,0.0,0.0,0.0,0.0,0.0,0.0,0.0,0.0,0.0
2023-09-18,JPM,0.0,0.0,0.0,0.0,0.0,0.0,0.0,0.0,0.0,0.0,0.0,0.0,0.0,0.0
2023-09-19,JPM,0.0,0.0,0.0,0.0,0.0,0.0,0.0,0.0,0.0,0.0,0.0,0.0,0.0,0.0
2023-09-20,JPM,0.0,0.0,0.0,0.0,0.0,0.0,0.0,0.0,0.0,0.0,0.0,0.0,0.0,0.0
2023-09-21,JPM,0.0,0.0,0.0,0.0,0.0,0.0,0.0,0.0,0.0,0.0,0.0,0.0,0.0,0.0
2023-09-22,JPM,0.0,0.0,0.0,0.0,0.0,0.0,0.0,0.0,0.0,0.0,0.0,0.0,0.0,0.0
2023-09-25,JPM,0.0,0.0,0.0,0.0,0.0,0.0,0.0,0.0,0.0,0.0,0.0,0.0,0.0,0.0
2023-09-26,JPM,0.0,0.0,0.0,0.0,0.0,0.0,0.0,0.0,0.0,0.0,0.0,0.0,0.0,0.0
2023-09-27,JPM,0.0,0.0,0.0,0.0,0.0,0.0,0.0,0.0,0.0,0.0,0.0,0.0,0.0,0.0
2023-09-28,JPM,0.0,0.0,0.0,0.0,0.0,0.0,0.0,0.0,0.0,0.0,0.0,0.0,0.0,0.0
2023-09-29,JPM,0.0,0.0,0.0,0.0,0.0,0.0,0.0,0.0,0.0,0.0,0.0,0.0,0.0,0.0
2023-10-02,JPM,0.0,0.0,0.0,0.0,0.0,0.0,0.0,0.0,0.0,0.0,0.0,0.0,0.0,0.0
2023-10-03,JPM,0.0,0.0,0.0,0.0,0.0,0.0,0.0,0.0,0.0,0.0,0.0,0.0,0.0,0.0
2023-10-04,JPM,0.0,0.0,0.0,0.0,0.0,0.0,0.0,0.0,0.0,0.0,0.0,0.0,0.0,0.0
2023-10-05,JPM,0.0,0.0,0.0,0.0,0.0,0.0,0.0,0.0,0.0,0.0,0.0,0.0,0.0,0.0
2023-10-06,JPM,0.0,0.0,0.0,0.0,0.0,0.0,0.0,0.0,0.0,0.0,0.0,0.0,0.0,0.0
2023-10-09,JPM,0.0,0.0,0.0,0.0,0.0,0.0,0.0,0.0,0.0,0.0,0.0,0.0,0.0,0.0
2023-10-10,JPM,0.0,0.0,0.0,0.0,0.0,0.0,0.0,0.0,0.0,0.0,0.0,0.0,0.0,0.0
2023-10-11,JPM,0.0,0.0,0.0,0.0,0.0,0.0,0.0,0.0,0.0,0.0,0.0,0.0,0.0,0.0
2023-10-12,JPM,0.0,0.0,0.0,0.0,0.0,0.0,0.0,0.0,0.0,0.0,0.0,0.0,0.0,0.0
2023-10-13,JPM,0.0,0.0,0.0,0.0,0.0,0.0,0.0,0.0,0.0,0.0,0.0,0.0,0.0,0.0
2023-10-16,JPM,0.0,0.0,0.0,0.0,0.0,0.0,0.0,0.0,0.0,0.0,0.0,0.0,0.0,0.0
2023-10-17,JPM,0.0,0.0,0.0,0.0,0.0,0.0,0.0,0.0,0.0,0.0,0.0,0.0,0.0,0.0
2023-10-18,JPM,0.0,0.0,0.0,0.0,0.0,0.0,0.0,0.0,0.0,0.0,0.0,0.0,0.0,0.0
2023-10-19,JPM,0.0,0.0,0.0,0.0,0.0,0.0,0.0,0.0,0.0,0.0,0.0,0.0,0.0,0.0
2023-10-20,JPM,0.0,0.0,0.0,0.0,0.0,0.0,0.0,0.0,0.0,0.0,0.0,0.0,0.0,0.0
2023-10-23,JPM,0.0,0.0,0.0,0.0,0.0,0.0,0.0,0.0,0.0,0.0,0.0,0.0,0.0,0.0
2023-10-24,JPM,0.0,0.0,0.0,0.0,0.0,0.0,0.0,0.0,0.0,0.0,0.0,0.0,0.0,0.0
2023-10-25,JPM,0.0,0.0,0.0,0.0,0.0,0.0,0.0,0.0,0.0,0.0,0.0,0.0,0.0,0.0
2023-10-26,JPM,0.0,0.0,0.0,0.0,0.0,0.0,0.0,0.0,0.0,0.0,0.0,0.0,0.0,0.0
2023-10-27,JPM,0.0,0.0,0.0,0.0,0.0,0.0,0.0,0.0,0.0,0.0,0.0,0.0,0.0,0.0
2023-10-30,JPM,0.0,0.0,0.0,0.0,0.0,0.0,0.0,0.0,0.0,0.0,0.0,0.0,0.0,0.0
2023-10-31,JPM,0.0,0.0,0.0,0.0,0.0,0.0,0.0,0.0,0.0,0.0,0.0,0.0,0.0,0.0
2023-11-01,JPM,0.0,0.0,0.0,0.0,0.0,0.0,0.0,0.0,0.0,0.0,0.0,0.0,0.0,0.0
2023-11-02,JPM,0.0,0.0,0.0,0.0,0.0,0.0,0.0,0.0,0.0,0.0,0.0,0.0,0.0,0.0
2023-11-03,JPM,0.0,0.0,0.0,0.0,0.0,0.0,0.0,0.0,0.0,0.0,0.0,0.0,0.0,0.0
2023-11-06,JPM,0.0,0.0,0.0,0.0,0.0,0.0,0.0,0.0,0.0,0.0,0.0,0.0,0.0,0.0
2023-11-07,JPM,0.0,0.0,0.0,0.0,0.0,0.0,0.0,0.0,0.0,0.0,0.0,0.0,0.0,0.0
2023-11-08,JPM,0.0,0.0,0.0,0.0,0.0,0.0,0.0,0.0,0.0,0.0,0.0,0.0,0.0,0.0
2023-11-09,JPM,0.0,0.0,0.0,0.0,0.0,0.0,0.0,0.0,0.0,0.0,0.0,0.0,0.0,0.0
2023-11-10,JPM,0.0,0.0,0.0,0.0,0.0,0.0,0.0,0.0,0.0,0.0,0.0,0.0,0.0,0.0
2023-11-13,JPM,0.0,0.0,0.0,0.0,0.0,0.0,0.0,0.0,0.0,0.0,0.0,0.0,0.0,0.0
2023-11-14,JPM,0.0,0.0,0.0,0.0,0.0,0.0,0.0,0.0,0.0,0.0,0.0,0.0,0.0,0.0
2023-11-15,JPM,0.0,0.0,0.0,0.0,0.0,0.0,0.0,0.0,0.0,0.0,0.0,0.0,0.0,0.0
2023-11-16,JPM,0.0,0.0,0.0,0.0,0.0,0.0,0.0,0.0,0.0,0.0,0.0,0.0,0.0,0.0
2023-11-17,JPM,0.0,0.0,0.0,0.0,0.0,0.0,0.0,0.0,0.0,0.0,0.0,0.0,0.0,0.0
2023-11-20,JPM,0.0,0.0,0.0,0.0,0.0,0.0,0.0,0.0,0.0,0.0,0.0,0.0,0.0,0.0
2023-11-21,JPM,0.0,0.0,0.0,0.0,0.0,0.0,0.0,0.0,0.0,0.0,0.0,0.0,0.0,0.0
2023-11-22,JPM,0.0,0.0,0.0,0.0,0.0,0.0,0.0,0.0,0.0,0.0,0.0,0.0,0.0,0.0
2023-11-24,JPM,0.0,0.0,0.0,0.0,0.0,0.0,0.0,0.0,0.0,0.0,0.0,0.0,0.0,0.0
2023-11-27,JPM,0.0,0.0,0.0,0.0,0.0,0.0,0.0,0.0,0.0,0.0,0.0,0.0,0.0,0.0
2023-11-28,JPM,0.0,0.0,0.0,0.0,0.0,0.0,0.0,0.0,0.0,0.0,0.0,0.0,0.0,0.0
2023-11-29,JPM,0.0,0.0,0.0,0.0,0.0,0.0,0.0,0.0,0.0,0.0,0.0,0.0,0.0,0.0
2023-11-30,JPM,0.0,0.0,0.0,0.0,0.0,0.0,0.0,0.0,0.0,0.0,0.0,0.0,0.0,0.0
2023-12-01,JPM,0.0,0.0,0.0,0.0,0.0,0.0,0.0,0.0,0.0,0.0,0.0,0.0,0.0,0.0
2023-12-04,JPM,0.0,0.0,0.0,0.0,0.0,0.0,0.0,0.0,0.0,0.0,0.0,0.0,0.0,0.0
2023-12-05,JPM,0.0,0.0,0.0,0.0,0.0,0.0,0.0,0.0,0.0,0.0,0.0,0.0,0.0,0.0
2023-12-06,JPM,0.0,0.0,0.0,0.0,0.0,0.0,0.0,0.0,0.0,0.0,0.0,0.0,0.0,0.0
2023-12-07,JPM,0.0,0.0,0.0,0.0,0.0,0.0,0.0,0.0,0.0,0.0,0.0,0.0,0.0,0.0
2023-12-08,JPM,0.0,0.0,0.0,0.0,0.0,0.0,0.0,0.0,0.0,0.0,0.0,0.0,0.0,0.0
2023-12-11,JPM,0.0,0.0,0.0,0.0,0.0,0.0,0.0,0.0,0.0,0.0,0.0,0.0,0.0,0.0
2023-12-12,JPM,0.0,0.0,0.0,0.0,0.0,0.0,0.0,0.0,0.0,0.0,0.0,0.0,0.0,0.0
2023-12-13,JPM,0.0,0.0,0.0,0.0,0.0,0.0,0.0,0.0,0.0,0.0,0.0,0.0,0.0,0.0
2023-12-14,JPM,0.0,0.0,0.0,0.0,0.0,0.0,0.0,0.0,0.0,0.0,0.0,0.0,0.0,0.0
2023-12-15,JPM,0.0,0.0,0.0,0.0,0.0,0.0,0.0,0.0,0.0,0.0,0.0,0.0,0.0,0.0
2023-12-18,JPM,0.0,0.0,0.0,0.0,0.0,0.0,0.0,0.0,0.0,0.0,0.0,0.0,0.0,0.0
2023-12-19,JPM,0.0,0.0,0.0,0.0,0.0,0.0,0.0,0.0,0.0,0.0,0.0,0.0,0.0,0.0
2023-12-20,JPM,0.0,0.0,0.0,0.0,0.0,0.0,0.0,0.0,0.0,0.0,0.0,0.0,0.0,0.0
2023-12-21,JPM,0.0,0.0,0.0,0.0,0.0,0.0,0.0,0.0,0.0,0.0,0.0,0.0,0.0,0.0
2023-12-22,JPM,0.0,0.0,0.0,0.0,0.0,0.0,0.0,0.0,0.0,0.0,0.0,0.0,0.0,0.0
2023-12-26,JPM,0.0,0.0,0.0,0.0,0.0,0.0,0.0,0.0,0.0,0.0,0.0,0.0,0.0,0.0
2023-12-27,JPM,0.0,0.0,0.0,0.0,0.0,0.0,0.0,0.0,0.0,0.0,0.0,0.0,0.0,0.0
2023-12-28,JPM,0.0,0.0,0.0,0.0,0.0,0.0,0.0,0.0,0.0,0.0,0.0,0.0,0.0,0.0
2023-12-29,JPM,0.0,0.0,0.0,0.0,0.0,0.0,0.0,0.0,0.0,0.0,0.0,0.0,0.0,0.0
2024-01-02,JPM,0.0,0.0,0.0,0.0,0.0,0.0,0.0,0.0,0.0,0.0,0.0,0.0,0.0,0.0
2024-01-03,JPM,0.0,0.0,0.0,0.0,0.0,0.0,0.0,0.0,0.0,0.0,0.0,0.0,0.0,0.0
2024-01-04,JPM,0.0,0.0,0.0,0.0,0.0,0.0,0.0,0.0,0.0,0.0,0.0,0.0,0.0,0.0
2024-01-05,JPM,0.0,0.0,0.0,0.0,0.0,0.0,0.0,0.0,0.0,0.0,0.0,0.0,0.0,0.0
2024-01-08,JPM,0.0,0.0,0.0,0.0,0.0,0.0,0.0,0.0,0.0,0.0,0.0,0.0,0.0,0.0
2024-01-09,JPM,0.0,0.0,0.0,0.0,0.0,0.0,0.0,0.0,0.0,0.0,0.0,0.0,0.0,0.0
2024-01-10,JPM,0.0,0.0,0.0,0.0,0.0,0.0,0.0,0.0,0.0,0.0,0.0,0.0,0.0,0.0
2024-01-11,JPM,0.0,0.0,0.0,0.0,0.0,0.0,0.0,0.0,0.0,0.0,0.0,0.0,0.0,0.0
2024-01-12,JPM,0.0,0.0,0.0,0.0,0.0,0.0,0.0,0.0,0.0,0.0,0.0,0.0,0.0,0.0
2024-01-16,JPM,0.0,0.0,0.0,0.0,0.0,0.0,0.0,0.0,0.0,0.0,0.0,0.0,0.0,0.0
2024-01-17,JPM,0.0,0.0,0.0,0.0,0.0,0.0,0.0,0.0,0.0,0.0,0.0,0.0,0.0,0.0
2024-01-18,JPM,0.0,0.0,0.0,0.0,0.0,0.0,0.0,0.0,0.0,0.0,0.0,0.0,0.0,0.0
2024-01-19,JPM,0.0,0.0,0.0,0.0,0.0,0.0,0.0,0.0,0.0,0.0,0.0,0.0,0.0,0.0
2024-01-22,JPM,0.0,0.0,0.0,0.0,0.0,0.0,0.0,0.0,0.0,0.0,0.0,0.0,0.0,0.0
2024-01-23,JPM,0.0,0.0,0.0,0.0,0.0,0.0,0.0,0.0,0.0,0.0,0.0,0.0,0.0,0.0
2024-01-24,JPM,0.0,0.0,0.0,0.0,0.0,0.0,0.0,0.0,0.0,0.0,0.0,0.0,0.0,0.0
2024-01-25,JPM,0.0,0.0,0.0,0.0,0.0,0.0,0.0,0.0,0.0,0.0,0.0,0.0,0.0,0.0
2024-01-26,JPM,0.0,0.0,0.0,0.0,0.0,0.0,0.0,0.0,0.0,0.0,0.0,0.0,0.0,0.0
2024-01-29,JPM,0.0,0.0,0.0,0.0,0.0,0.0,0.0,0.0,0.0,0.0,0.0,0.0,0.0,0.0
2024-01-30,JPM,0.0,0.0,0.0,0.0,0.0,0.0,0.0,0.0,0.0,0.0,0.0,0.0,0.0,0.0
2024-01-31,JPM,0.0,0.0,0.0,0.0,0.0,0.0,0.0,0.0,0.0,0.0,0.0,0.0,0.0,0.0
2024-02-01,JPM,0.0,0.0,0.0,0.0,0.0,0.0,0.0,0.0,0.0,0.0,0.0,0.0,0.0,0.0
2024-02-02,JPM,0.0,0.0,0.0,0.0,0.0,0.0,0.0,0.0,0.0,0.0,0.0,0.0,0.0,0.0
2024-02-05,JPM,0.0,0.0,0.0,0.0,0.0,0.0,0.0,0.0,0.0,0.0,0.0,0.0,0.0,0.0
2024-02-06,JPM,0.0,0.0,0.0,0.0,0.0,0.0,0.0,0.0,0.0,0.0,0.0,0.0,0.0,0.0
2024-02-07,JPM,0.0,0.0,0.0,0.0,0.0,0.0,0.0,0.0,0.0,0.0,0.0,0.0,0.0,0.0
2024-02-08,JPM,0.0,0.0,0.0,0.0,0.0,0.0,0.0,0.0,0.0,0.0,0.0,0.0,0.0,0.0
2024-02-09,JPM,0.0,0.0,0.0,0.0,0.0,0.0,0.0,0.0,0.0,0.0,0.0,0.0,0.0,0.0
2024-02-12,JPM,0.0,0.0,0.0,0.0,0.0,0.0,0.0,0.0,0.0,0.0,0.0,0.0,0.0,0.0
2024-02-13,JPM,0.0,0.0,0.0,0.0,0.0,0.0,0.0,0.0,0.0,0.0,0.0,0.0,0.0,0.0
2024-02-14,JPM,0.0,0.0,0.0,0.0,0.0,0.0,0.0,0.0,0.0,0.0,0.0,0.0,0.0,0.0
2024-02-15,JPM,0.0,0.0,0.0,0.0,0.0,0.0,0.0,0.0,0.0,0.0,0.0,0.0,0.0,0.0
2024-02-16,JPM,0.0,0.0,0.0,0.0,0.0,0.0,0.0,0.0,0.0,0.0,0.0,0.0,0.0,0.0
2024-02-20,JPM,0.0,0.0,0.0,0.0,0.0,0.0,0.0,0.0,0.0,0.0,0.0,0.0,0.0,0.0
2024-02-21,JPM,0.0,0.0,0.0,0.0,0.0,0.0,0.0,0.0,0.0,0.0,0.0,0.0,0.0,0.0
2024-02-22,JPM,0.0,0.0,0.0,0.0,0.0,0.0,0.0,0.0,0.0,0.0,0.0,0.0,0.0,0.0
2024-02-23,JPM,0.0,0.0,0.0,0.0,0.0,0.0,0.0,0.0,0.0,0.0,0.0,0.0,0.0,0.0
2024-02-26,JPM,0.0,0.0,0.0,0.0,0.0,0.0,0.0,0.0,0.0,0.0,0.0,0.0,0.0,0.0
2024-02-27,JPM,0.0,0.0,0.0,0.0,0.0,0.0,0.0,0.0,0.0,0.0,0.0,0.0,0.0,0.0
2024-02-28,JPM,0.0,0.0,0.0,0.0,0.0,0.0,0.0,0.0,0.0,0.0,0.0,0.0,0.0,0.0
2024-02-29,JPM,0.0,0.0,0.0,0.0,0.0,0.0,0.0,0.0,0.0,0.0,0.0,0.0,0.0,0.0
2024-03-01,JPM,0.0,0.0,0.0,0.0,0.0,0.0,0.0,0.0,0.0,0.0,0.0,0.0,0.0,0.0
2024-03-04,JPM,0.0,0.0,0.0,0.0,0.0,0.0,0.0,0.0,0.0,0.0,0.0,0.0,0.0,0.0
2024-03-05,JPM,0.0,0.0,0.0,0.0,0.0,0.0,0.0,0.0,0.0,0.0,0.0,0.0,0.0,0.0
2024-03-06,JPM,0.0,0.0,0.0,0.0,0.0,0.0,0.0,0.0,0.0,0.0,0.0,0.0,0.0,0.0
2024-03-07,JPM,0.0,0.0,0.0,0.0,0.0,0.0,0.0,0.0,0.0,0.0,0.0,0.0,0.0,0.0
2024-03-08,JPM,0.0,0.0,0.0,0.0,0.0,0.0,0.0,0.0,0.0,0.0,0.0,0.0,0.0,0.0
2024-03-11,JPM,0.0,0.0,0.0,0.0,0.0,0.0,0.0,0.0,0.0,0.0,0.0,0.0,0.0,0.0
2024-03-12,JPM,0.0,0.0,0.0,0.0,0.0,0.0,0.0,0.0,0.0,0.0,0.0,0.0,0.0,0.0
2024-03-13,JPM,0.0,0.0,0.0,0.0,0.0,0.0,0.0,0.0,0.0,0.0,0.0,0.0,0.0,0.0
2024-03-14,JPM,0.0,0.0,0.0,0.0,0.0,0.0,0.0,0.0,0.0,0.0,0.0,0.0,0.0,0.0
2024-03-15,JPM,0.0,0.0,0.0,0.0,0.0,0.0,0.0,0.0,0.0,0.0,0.0,0.0,0.0,0.0
2024-03-18,JPM,0.0,0.0,0.0,0.0,0.0,0.0,0.0,0.0,0.0,0.0,0.0,0.0,0.0,0.0
2024-03-19,JPM,0.0,0.0,0.0,0.0,0.0,0.0,0.0,0.0,0.0,0.0,0.0,0.0,0.0,0.0
2024-03-20,JPM,0.0,0.0,0.0,0.0,0.0,0.0,0.0,0.0,0.0,0.0,0.0,0.0,0.0,0.0
2024-03-21,JPM,0.0,0.0,0.0,0.0,0.0,0.0,0.0,0.0,0.0,0.0,0.0,0.0,0.0,0.0
2024-03-22,JPM,0.0,0.0,0.0,0.0,0.0,0.0,0.0,0.0,0.0,0.0,0.0,0.0,0.0,0.0
2024-03-25,JPM,0.0,0.0,0.0,0.0,0.0,0.0,0.0,0.0,0.0,0.0,0.0,0.0,0.0,0.0
2024-03-26,JPM,0.0,0.0,0.0,0.0,0.0,0.0,0.0,0.0,0.0,0.0,0.0,0.0,0.0,0.0
2024-03-27,JPM,0.0,0.0,0.0,0.0,0.0,0.0,0.0,0.0,0.0,0.0,0.0,0.0,0.0,0.0
2024-03-28,JPM,0.0,0.0,0.0,0.0,0.0,0.0,0.0,0.0,0.0,0.0,0.0,0.0,0.0,0.0
2024-04-01,JPM,0.0,0.0,0.0,0.0,0.0,0.0,0.0,0.0,0.0,0.0,0.0,0.0,0.0,0.0
2024-04-02,JPM,0.0,0.0,0.0,0.0,0.0,0.0,0.0,0.0,0.0,0.0,0.0,0.0,0.0,0.0
2024-04-03,JPM,0.0,0.0,0.0,0.0,0.0,0.0,0.0,0.0,0.0,0.0,0.0,0.0,0.0,0.0
2024-04-04,JPM,0.0,0.0,0.0,0.0,0.0,0.0,0.0,0.0,0.0,0.0,0.0,0.0,0.0,0.0
2024-04-05,JPM,0.0,0.0,0.0,0.0,0.0,0.0,0.0,0.0,0.0,0.0,0.0,0.0,0.0,0.0
2024-04-08,JPM,0.0,0.0,0.0,0.0,0.0,0.0,0.0,0.0,0.0,0.0,0.0,0.0,0.0,0.0
2024-04-09,JPM,0.0,0.0,0.0,0.0,0.0,0.0,0.0,0.0,0.0,0.0,0.0,0.0,0.0,0.0
2024-04-10,JPM,0.0,0.0,0.0,0.0,0.0,0.0,0.0,0.0,0.0,0.0,0.0,0.0,0.0,0.0
2024-04-11,JPM,0.0,0.0,0.0,0.0,0.0,0.0,0.0,0.0,0.0,0.0,0.0,0.0,0.0,0.0
2024-04-12,JPM,0.0,0.0,0.0,0.0,0.0,0.0,0.0,0.0,0.0,0.0,0.0,0.0,0.0,0.0
2024-04-15,JPM,0.0,0.0,0.0,0.0,0.0,0.0,0.0,0.0,0.0,0.0,0.0,0.0,0.0,0.0
2024-04-16,JPM,0.0,0.0,0.0,0.0,0.0,0.0,0.0,0.0,0.0,0.0,0.0,0.0,0.0,0.0
2024-04-17,JPM,0.0,0.0,0.0,0.0,0.0,0.0,0.0,0.0,0.0,0.0,0.0,0.0,0.0,0.0
2024-04-18,JPM,0.0,0.0,0.0,0.0,0.0,0.0,0.0,0.0,0.0,0.0,0.0,0.0,0.0,0.0
2024-04-19,JPM,0.0,0.0,0.0,0.0,0.0,0.0,0.0,0.0,0.0,0.0,0.0,0.0,0.0,0.0
2024-04-22,JPM,0.0,0.0,0.0,0.0,0.0,0.0,0.0,0.0,0.0,0.0,0.0,0.0,0.0,0.0
2024-04-23,JPM,0.0,0.0,0.0,0.0,0.0,0.0,0.0,0.0,0.0,0.0,0.0,0.0,0.0,0.0
2024-04-24,JPM,0.0,0.0,0.0,0.0,0.0,0.0,0.0,0.0,0.0,0.0,0.0,0.0,0.0,0.0
2024-04-25,JPM,0.0,0.0,0.0,0.0,0.0,0.0,0.0,0.0,0.0,0.0,0.0,0.0,0.0,0.0
2024-04-26,JPM,0.0,0.0,0.0,0.0,0.0,0.0,0.0,0.0,0.0,0.0,0.0,0.0,0.0,0.0
2024-04-29,JPM,0.0,0.0,0.0,0.0,0.0,0.0,0.0,0.0,0.0,0.0,0.0,0.0,0.0,0.0
2024-04-30,JPM,0.0,0.0,0.0,0.0,0.0,0.0,0.0,0.0,0.0,0.0,0.0,0.0,0.0,0.0
2024-05-01,JPM,0.0,0.0,0.0,0.0,0.0,0.0,0.0,0.0,0.0,0.0,0.0,0.0,0.0,0.0
2024-05-02,JPM,0.0,0.0,0.0,0.0,0.0,0.0,0.0,0.0,0.0,0.0,0.0,0.0,0.0,0.0
2024-05-03,JPM,0.0,0.0,0.0,0.0,0.0,0.0,0.0,0.0,0.0,0.0,0.0,0.0,0.0,0.0
2024-05-06,JPM,0.0,0.0,0.0,0.0,0.0,0.0,0.0,0.0,0.0,0.0,0.0,0.0,0.0,0.0
2024-05-07,JPM,0.0,0.0,0.0,0.0,0.0,0.0,0.0,0.0,0.0,0.0,0.0,0.0,0.0,0.0
2024-05-08,JPM,0.0,0.0,0.0,0.0,0.0,0.0,0.0,0.0,0.0,0.0,0.0,0.0,0.0,0.0
2024-05-09,JPM,0.0,0.0,0.0,0.0,0.0,0.0,0.0,0.0,0.0,0.0,0.0,0.0,0.0,0.0
2024-05-10,JPM,0.0,0.0,0.0,0.0,0.0,0.0,0.0,0.0,0.0,0.0,0.0,0.0,0.0,0.0
2024-05-13,JPM,0.0,0.0,0.0,0.0,0.0,0.0,0.0,0.0,0.0,0.0,0.0,0.0,0.0,0.0
2024-05-14,JPM,0.0,0.0,0.0,0.0,0.0,0.0,0.0,0.0,0.0,0.0,0.0,0.0,0.0,0.0
2024-05-15,JPM,0.0,0.0,0.0,0.0,0.0,0.0,0.0,0.0,0.0,0.0,0.0,0.0,0.0,0.0
2024-05-16,JPM,0.0,0.0,0.0,0.0,0.0,0.0,0.0,0.0,0.0,0.0,0.0,0.0,0.0,0.0
2024-05-17,JPM,0.0,0.0,0.0,0.0,0.0,0.0,0.0,0.0,0.0,0.0,0.0,0.0,0.0,0.0
2024-05-20,JPM,0.0,0.0,0.0,0.0,0.0,0.0,0.0,0.0,0.0,0.0,0.0,0.0,0.0,0.0
2024-05-21,JPM,0.0,0.0,0.0,0.0,0.0,0.0,0.0,0.0,0.0,0.0,0.0,0.0,0.0,0.0
2024-05-22,JPM,0.0,0.0,0.0,0.0,0.0,0.0,0.0,0.0,0.0,0.0,0.0,0.0,0.0,0.0
2024-05-23,JPM,0.0,0.0,0.0,0.0,0.0,0.0,0.0,0.0,0.0,0.0,0.0,0.0,0.0,0.0
2024-05-24,JPM,0.0,0.0,0.0,0.0,0.0,0.0,0.0,0.0,0.0,0.0,0.0,0.0,0.0,0.0
2024-05-28,JPM,0.0,0.0,0.0,0.0,0.0,0.0,0.0,0.0,0.0,0.0,0.0,0.0,0.0,0.0
2024-05-29,JPM,0.0,0.0,0.0,0.0,0.0,0.0,0.0,0.0,0.0,0.0,0.0,0.0,0.0,0.0
2024-05-30,JPM,0.0,0.0,0.0,0.0,0.0,0.0,0.0,0.0,0.0,0.0,0.0,0.0,0.0,0.0
2024-05-31,JPM,0.0,0.0,0.0,0.0,0.0,0.0,0.0,0.0,0.0,0.0,0.0,0.0,0.0,0.0
2024-06-03,JPM,0.0,0.0,0.0,0.0,0.0,0.0,0.0,0.0,0.0,0.0,0.0,0.0,0.0,0.0
2024-06-04,JPM,0.0,0.0,0.0,0.0,0.0,0.0,0.0,0.0,0.0,0.0,0.0,0.0,0.0,0.0
2024-06-05,JPM,0.0,0.0,0.0,0.0,0.0,0.0,0.0,0.0,0.0,0.0,0.0,0.0,0.0,0.0
2024-06-06,JPM,0.0,0.0,0.0,0.0,0.0,0.0,0.0,0.0,0.0,0.0,0.0,0.0,0.0,0.0
2024-06-07,JPM,0.0,0.0,0.0,0.0,0.0,0.0,0.0,0.0,0.0,0.0,0.0,0.0,0.0,0.0
2024-06-10,JPM,0.0,0.0,0.0,0.0,0.0,0.0,0.0,0.0,0.0,0.0,0.0,0.0,0.0,0.0
2024-06-11,JPM,0.0,0.0,0.0,0.0,0.0,0.0,0.0,0.0,0.0,0.0,0.0,0.0,0.0,0.0
2024-06-12,JPM,0.0,0.0,0.0,0.0,0.0,0.0,0.0,0.0,0.0,0.0,0.0,0.0,0.0,0.0
2024-06-13,JPM,0.0,0.0,0.0,0.0,0.0,0.0,0.0,0.0,0.0,0.0,0.0,0.0,0.0,0.0
2024-06-14,JPM,0.0,0.0,0.0,0.0,0.0,0.0,0.0,0.0,0.0,0.0,0.0,0.0,0.0,0.0
2024-06-17,JPM,0.0,0.0,0.0,0.0,0.0,0.0,0.0,0.0,0.0,0.0,0.0,0.0,0.0,0.0
2024-06-18,JPM,0.0,0.0,0.0,0.0,0.0,0.0,0.0,0.0,0.0,0.0,0.0,0.0,0.0,0.0
2024-06-20,JPM,0.0,0.0,0.0,0.0,0.0,0.0,0.0,0.0,0.0,0.0,0.0,0.0,0.0,0.0
2024-06-21,JPM,0.0,0.0,0.0,0.0,0.0,0.0,0.0,0.0,0.0,0.0,0.0,0.0,0.0,0.0
2024-06-24,JPM,0.0,0.0,0.0,0.0,0.0,0.0,0.0,0.0,0.0,0.0,0.0,0.0,0.0,0.0
2024-06-25,JPM,0.0,0.0,0.0,0.0,0.0,0.0,0.0,0.0,0.0,0.0,0.0,0.0,0.0,0.0
2024-06-26,JPM,0.0,0.0,0.0,0.0,0.0,0.0,0.0,0.0,0.0,0.0,0.0,0.0,0.0,0.0
2024-06-27,JPM,0.0,0.0,0.0,0.0,0.0,0.0,0.0,0.0,0.0,0.0,0.0,0.0,0.0,0.0
2024-06-28,JPM,0.0,0.0,0.0,0.0,0.0,0.0,0.0,0.0,0.0,0.0,0.0,0.0,0.0,0.0
2024-07-01,JPM,0.0,0.0,0.0,0.0,0.0,0.0,0.0,0.0,0.0,0.0,0.0,0.0,0.0,0.0
2024-07-02,JPM,0.0,0.0,0.0,0.0,0.0,0.0,0.0,0.0,0.0,0.0,0.0,0.0,0.0,0.0
2024-07-03,JPM,0.0,0.0,0.0,0.0,0.0,0.0,0.0,0.0,0.0,0.0,0.0,0.0,0.0,0.0
2024-07-05,JPM,0.0,0.0,0.0,0.0,0.0,0.0,0.0,0.0,0.0,0.0,0.0,0.0,0.0,0.0
2024-07-08,JPM,0.0,0.0,0.0,0.0,0.0,0.0,0.0,0.0,0.0,0.0,0.0,0.0,0.0,0.0
2024-07-09,JPM,0.0,0.0,0.0,0.0,0.0,0.0,0.0,0.0,0.0,0.0,0.0,0.0,0.0,0.0
2024-07-10,JPM,0.0,0.0,0.0,0.0,0.0,0.0,0.0,0.0,0.0,0.0,0.0,0.0,0.0,0.0
2024-07-11,JPM,0.0,0.0,0.0,0.0,0.0,0.0,0.0,0.0,0.0,0.0,0.0,0.0,0.0,0.0
2024-07-12,JPM,0.0,0.0,0.0,0.0,0.0,0.0,0.0,0.0,0.0,0.0,0.0,0.0,0.0,0.0
2024-07-15,JPM,0.0,0.0,0.0,0.0,0.0,0.0,0.0,0.0,0.0,0.0,0.0,0.0,0.0,0.0
2024-07-16,JPM,0.0,0.0,0.0,0.0,0.0,0.0,0.0,0.0,0.0,0.0,0.0,0.0,0.0,0.0
2024-07-17,JPM,0.0,0.0,0.0,0.0,0.0,0.0,0.0,0.0,0.0,0.0,0.0,0.0,0.0,0.0
2024-07-18,JPM,0.0,0.0,0.0,0.0,0.0,0.0,0.0,0.0,0.0,0.0,0.0,0.0,0.0,0.0
2024-07-19,JPM,0.0,0.0,0.0,0.0,0.0,0.0,0.0,0.0,0.0,0.0,0.0,0.0,0.0,0.0
2024-07-22,JPM,0.0,0.0,0.0,0.0,0.0,0.0,0.0,0.0,0.0,0.0,0.0,0.0,0.0,0.0
2024-07-23,JPM,0.0,0.0,0.0,0.0,0.0,0.0,0.0,0.0,0.0,0.0,0.0,0.0,0.0,0.0
2024-07-24,JPM,0.0,0.0,0.0,0.0,0.0,0.0,0.0,0.0,0.0,0.0,0.0,0.0,0.0,0.0
2024-07-25,JPM,0.0,0.0,0.0,0.0,0.0,0.0,0.0,0.0,0.0,0.0,0.0,0.0,0.0,0.0
2024-07-26,JPM,0.0,0.0,0.0,0.0,0.0,0.0,0.0,0.0,0.0,0.0,0.0,0.0,0.0,0.0
2024-07-29,JPM,0.0,0.0,0.0,0.0,0.0,0.0,0.0,0.0,0.0,0.0,0.0,0.0,0.0,0.0
2024-07-30,JPM,0.0,0.0,0.0,0.0,0.0,0.0,0.0,0.0,0.0,0.0,0.0,0.0,0.0,0.0
2024-07-31,JPM,0.0,0.0,0.0,0.0,0.0,0.0,0.0,0.0,0.0,0.0,0.0,0.0,0.0,0.0
2024-08-01,JPM,0.0,0.0,0.0,0.0,0.0,0.0,0.0,0.0,0.0,0.0,0.0,0.0,0.0,0.0
2024-08-02,JPM,0.0,0.0,0.0,0.0,0.0,0.0,0.0,0.0,0.0,0.0,0.0,0.0,0.0,0.0
2024-08-05,JPM,0.0,0.0,0.0,0.0,0.0,0.0,0.0,0.0,0.0,0.0,0.0,0.0,0.0,0.0
2024-08-06,JPM,0.0,0.0,0.0,0.0,0.0,0.0,0.0,0.0,0.0,0.0,0.0,0.0,0.0,0.0
2024-08-07,JPM,0.0,0.0,0.0,0.0,0.0,0.0,0.0,0.0,0.0,0.0,0.0,0.0,0.0,0.0
2024-08-08,JPM,0.0,0.0,0.0,0.0,0.0,0.0,0.0,0.0,0.0,0.0,0.0,0.0,0.0,0.0
2024-08-09,JPM,0.0,0.0,0.0,0.0,0.0,0.0,0.0,0.0,0.0,0.0,0.0,0.0,0.0,0.0
2024-08-12,JPM,0.0,0.0,0.0,0.0,0.0,0.0,0.0,0.0,0.0,0.0,0.0,0.0,0.0,0.0
2024-08-13,JPM,0.0,0.0,0.0,0.0,0.0,0.0,0.0,0.0,0.0,0.0,0.0,0.0,0.0,0.0
2024-08-14,JPM,0.0,0.0,0.0,0.0,0.0,0.0,0.0,0.0,0.0,0.0,0.0,0.0,0.0,0.0
2024-08-15,JPM,0.0,0.0,0.0,0.0,0.0,0.0,0.0,0.0,0.0,0.0,0.0,0.0,0.0,0.0
2024-08-16,JPM,0.0,0.0,0.0,0.0,0.0,0.0,0.0,0.0,0.0,0.0,0.0,0.0,0.0,0.0
2024-08-19,JPM,0.0,0.0,0.0,0.0,0.0,0.0,0.0,0.0,0.0,0.0,0.0,0.0,0.0,0.0
2024-08-20,JPM,0.0,0.0,0.0,0.0,0.0,0.0,0.0,0.0,0.0,0.0,0.0,0.0,0.0,0.0
2024-08-21,JPM,0.0,0.0,0.0,0.0,0.0,0.0,0.0,0.0,0.0,0.0,0.0,0.0,0.0,0.0
2024-08-22,JPM,0.0,0.0,0.0,0.0,0.0,0.0,0.0,0.0,0.0,0.0,0.0,0.0,0.0,0.0
2024-08-23,JPM,0.0,0.0,0.0,0.0,0.0,0.0,0.0,0.0,0.0,0.0,0.0,0.0,0.0,0.0
2024-08-26,JPM,0.0,0.0,0.0,0.0,0.0,0.0,0.0,0.0,0.0,0.0,0.0,0.0,0.0,0.0
2024-08-27,JPM,0.0,0.0,0.0,0.0,0.0,0.0,0.0,0.0,0.0,0.0,0.0,0.0,0.0,0.0
2024-08-28,JPM,0.0,0.0,0.0,0.0,0.0,0.0,0.0,0.0,0.0,0.0,0.0,0.0,0.0,0.0
2024-08-29,JPM,0.0,0.0,0.0,0.0,0.0,0.0,0.0,0.0,0.0,0.0,0.0,0.0,0.0,0.0
2024-08-30,JPM,0.0,0.0,0.0,0.0,0.0,0.0,0.0,0.0,0.0,0.0,0.0,0.0,0.0,0.0
2024-09-03,JPM,0.0,0.0,0.0,0.0,0.0,0.0,0.0,0.0,0.0,0.0,0.0,0.0,0.0,0.0
2024-09-04,JPM,0.0,0.0,0.0,0.0,0.0,0.0,0.0,0.0,0.0,0.0,0.0,0.0,0.0,0.0
2024-09-05,JPM,0.0,0.0,0.0,0.0,0.0,0.0,0.0,0.0,0.0,0.0,0.0,0.0,0.0,0.0
2024-09-06,JPM,0.0,0.0,0.0,0.0,0.0,0.0,0.0,0.0,0.0,0.0,0.0,0.0,0.0,0.0
2024-09-09,JPM,0.0,0.0,0.0,0.0,0.0,0.0,0.0,0.0,0.0,0.0,0.0,0.0,0.0,0.0
2024-09-10,JPM,0.0,0.0,0.0,0.0,0.0,0.0,0.0,0.0,0.0,0.0,0.0,0.0,0.0,0.0
2024-09-11,JPM,0.0,0.0,0.0,0.0,0.0,0.0,0.0,0.0,0.0,0.0,0.0,0.0,0.0,0.0
2024-09-12,JPM,0.0,0.0,0.0,0.0,0.0,0.0,0.0,0.0,0.0,0.0,0.0,0.0,0.0,0.0
2024-09-13,JPM,0.0,0.0,0.0,0.0,0.0,0.0,0.0,0.0,0.0,0.0,0.0,0.0,0.0,0.0
2024-09-16,JPM,0.0,0.0,0.0,0.0,0.0,0.0,0.0,0.0,0.0,0.0,0.0,0.0,0.0,0.0
2024-09-17,JPM,0.0,0.0,0.0,0.0,0.0,0.0,0.0,0.0,0.0,0.0,0.0,0.0,0.0,0.0
2024-09-18,JPM,0.0,0.0,0.0,0.0,0.0,0.0,0.0,0.0,0.0,0.0,0.0,0.0,0.0,0.0
2024-09-19,JPM,0.0,0.0,0.0,0.0,0.0,0.0,0.0,0.0,0.0,0.0,0.0,0.0,0.0,0.0
2024-09-20,JPM,0.0,0.0,0.0,0.0,0.0,0.0,0.0,0.0,0.0,0.0,0.0,0.0,0.0,0.0
2024-09-23,JPM,0.0,0.0,0.0,0.0,0.0,0.0,0.0,0.0,0.0,0.0,0.0,0.0,0.0,0.0
2024-09-24,JPM,0.0,0.0,0.0,0.0,0.0,0.0,0.0,0.0,0.0,0.0,0.0,0.0,0.0,0.0
2024-09-25,JPM,0.0,0.0,0.0,0.0,0.0,0.0,0.0,0.0,0.0,0.0,0.0,0.0,0.0,0.0
2024-09-26,JPM,0.0,0.0,0.0,0.0,0.0,0.0,0.0,0.0,0.0,0.0,0.0,0.0,0.0,0.0
2024-09-27,JPM,0.0,0.0,0.0,0.0,0.0,0.0,0.0,0.0,0.0,0.0,0.0,0.0,0.0,0.0
2024-09-30,JPM,0.0,0.0,0.0,0.0,0.0,0.0,0.0,0.0,0.0,0.0,0.0,0.0,0.0,0.0
2024-10-01,JPM,0.0,0.0,0.0,0.0,0.0,0.0,0.0,0.0,0.0,0.0,0.0,0.0,0.0,0.0
2024-10-02,JPM,0.0,0.0,0.0,0.0,0.0,0.0,0.0,0.0,0.0,0.0,0.0,0.0,0.0,0.0
2024-10-03,JPM,0.0,0.0,0.0,0.0,0.0,0.0,0.0,0.0,0.0,0.0,0.0,0.0,0.0,0.0
2024-10-04,JPM,0.0,0.0,0.0,0.0,0.0,0.0,0.0,0.0,0.0,0.0,0.0,0.0,0.0,0.0
2024-10-07,JPM,0.0,0.0,0.0,0.0,0.0,0.0,0.0,0.0,0.0,0.0,0.0,0.0,0.0,0.0
2024-10-08,JPM,0.0,0.0,0.0,0.0,0.0,0.0,0.0,0.0,0.0,0.0,0.0,0.0,0.0,0.0
2024-10-09,JPM,0.0,0.0,0.0,0.0,0.0,0.0,0.0,0.0,0.0,0.0,0.0,0.0,0.0,0.0
2024-10-10,JPM,0.0,0.0,0.0,0.0,0.0,0.0,0.0,0.0,0.0,0.0,0.0,0.0,0.0,0.0
2024-10-11,JPM,0.0,0.0,0.0,0.0,0.0,0.0,0.0,0.0,0.0,0.0,0.0,0.0,0.0,0.0
2024-10-14,JPM,0.0,0.0,0.0,0.0,0.0,0.0,0.0,0.0,0.0,0.0,0.0,0.0,0.0,0.0
2024-10-15,JPM,0.0,0.0,0.0,0.0,0.0,0.0,0.0,0.0,0.0,0.0,0.0,0.0,0.0,0.0
2024-10-16,JPM,0.0,0.0,0.0,0.0,0.0,0.0,0.0,0.0,0.0,0.0,0.0,0.0,0.0,0.0
2024-10-17,JPM,0.0,0.0,0.0,0.0,0.0,0.0,0.0,0.0,0.0,0.0,0.0,0.0,0.0,0.0
2024-10-18,JPM,0.0,0.0,0.0,0.0,0.0,0.0,0.0,0.0,0.0,0.0,0.0,0.0,0.0,0.0
2024-10-21,JPM,0.0,0.0,0.0,0.0,0.0,0.0,0.0,0.0,0.0,0.0,0.0,0.0,0.0,0.0
2024-10-22,JPM,0.0,0.0,0.0,0.0,0.0,0.0,0.0,0.0,0.0,0.0,0.0,0.0,0.0,0.0
2024-10-23,JPM,0.0,0.0,0.0,0.0,0.0,0.0,0.0,0.0,0.0,0.0,0.0,0.0,0.0,0.0
2024-10-24,JPM,0.0,0.0,0.0,0.0,0.0,0.0,0.0,0.0,0.0,0.0,0.0,0.0,0.0,0.0
2024-10-25,JPM,0.0,0.0,0.0,0.0,0.0,0.0,0.0,0.0,0.0,0.0,0.0,0.0,0.0,0.0
2024-10-28,JPM,0.0,0.0,0.0,0.0,0.0,0.0,0.0,0.0,0.0,0.0,0.0,0.0,0.0,0.0
2024-10-29,JPM,0.0,0.0,0.0,0.0,0.0,0.0,0.0,0.0,0.0,0.0,0.0,0.0,0.0,0.0
2024-10-30,JPM,0.0,0.0,0.0,0.0,0.0,0.0,0.0,0.0,0.0,0.0,0.0,0.0,0.0,0.0
2024-10-31,JPM,0.0,0.0,0.0,0.0,0.0,0.0,0.0,0.0,0.0,0.0,0.0,0.0,0.0,0.0
2024-11-01,JPM,0.0,0.0,0.0,0.0,0.0,0.0,0.0,0.0,0.0,0.0,0.0,0.0,0.0,0.0
2024-11-04,JPM,0.0,0.0,0.0,0.0,0.0,0.0,0.0,0.0,0.0,0.0,0.0,0.0,0.0,0.0
2024-11-05,JPM,0.0,0.0,0.0,0.0,0.0,0.0,0.0,0.0,0.0,0.0,0.0,0.0,0.0,0.0
2024-11-06,JPM,0.0,0.0,0.0,0.0,0.0,0.0,0.0,0.0,0.0,0.0,0.0,0.0,0.0,0.0
2024-11-07,JPM,0.0,0.0,0.0,0.0,0.0,0.0,0.0,0.0,0.0,0.0,0.0,0.0,0.0,0.0
2024-11-08,JPM,0.0,0.0,0.0,0.0,0.0,0.0,0.0,0.0,0.0,0.0,0.0,0.0,0.0,0.0
2024-11-11,JPM,0.0,0.0,0.0,0.0,0.0,0.0,0.0,0.0,0.0,0.0,0.0,0.0,0.0,0.0
2024-11-12,JPM,0.0,0.0,0.0,0.0,0.0,0.0,0.0,0.0,0.0,0.0,0.0,0.0,0.0,0.0
2024-11-13,JPM,0.0,0.0,0.0,0.0,0.0,0.0,0.0,0.0,0.0,0.0,0.0,0.0,0.0,0.0
2024-11-14,JPM,0.0,0.0,0.0,0.0,0.0,0.0,0.0,0.0,0.0,0.0,0.0,0.0,0.0,0.0
2024-11-15,JPM,0.0,0.0,0.0,0.0,0.0,0.0,0.0,0.0,0.0,0.0,0.0,0.0,0.0,0.0
2024-11-18,JPM,0.0,0.0,0.0,0.0,0.0,0.0,0.0,0.0,0.0,0.0,0.0,0.0,0.0,0.0
2024-11-19,JPM,0.0,0.0,0.0,0.0,0.0,0.0,0.0,0.0,0.0,0.0,0.0,0.0,0.0,0.0
2024-11-20,JPM,0.0,0.0,0.0,0.0,0.0,0.0,0.0,0.0,0.0,0.0,0.0,0.0,0.0,0.0
2024-11-21,JPM,0.0,0.0,0.0,0.0,0.0,0.0,0.0,0.0,0.0,0.0,0.0,0.0,0.0,0.0
2024-11-22,JPM,0.0,0.0,0.0,0.0,0.0,0.0,0.0,0.0,0.0,0.0,0.0,0.0,0.0,0.0
2024-11-25,JPM,0.0,0.0,0.0,0.0,0.0,0.0,0.0,0.0,0.0,0.0,0.0,0.0,0.0,0.0
2024-11-26,JPM,0.0,0.0,0.0,0.0,0.0,0.0,0.0,0.0,0.0,0.0,0.0,0.0,0.0,0.0
2024-11-27,JPM,0.0,0.0,0.0,0.0,0.0,0.0,0.0,0.0,0.0,0.0,0.0,0.0,0.0,0.0
2024-11-29,JPM,0.0,0.0,0.0,0.0,0.0,0.0,0.0,0.0,0.0,0.0,0.0,0.0,0.0,0.0
2024-12-02,JPM,0.0,0.0,0.0,0.0,0.0,0.0,0.0,0.0,0.0,0.0,0.0,0.0,0.0,0.0
2024-12-03,JPM,0.0,0.0,0.0,0.0,0.0,0.0,0.0,0.0,0.0,0.0,0.0,0.0,0.0,0.0
2024-12-04,JPM,0.0,0.0,0.0,0.0,0.0,0.0,0.0,0.0,0.0,0.0,0.0,0.0,0.0,0.0
2024-12-05,JPM,0.0,0.0,0.0,0.0,0.0,0.0,0.0,0.0,0.0,0.0,0.0,0.0,0.0,0.0
2024-12-06,JPM,0.0,0.0,0.0,0.0,0.0,0.0,0.0,0.0,0.0,0.0,0.0,0.0,0.0,0.0
2024-12-09,JPM,0.0,0.0,0.0,0.0,0.0,0.0,0.0,0.0,0.0,0.0,0.0,0.0,0.0,0.0
2024-12-10,JPM,0.0,0.0,0.0,0.0,0.0,0.0,0.0,0.0,0.0,0.0,0.0,0.0,0.0,0.0
2024-12-11,JPM,0.0,0.0,0.0,0.0,0.0,0.0,0.0,0.0,0.0,0.0,0.0,0.0,0.0,0.0
2024-12-12,JPM,0.0,0.0,0.0,0.0,0.0,0.0,0.0,0.0,0.0,0.0,0.0,0.0,0.0,0.0
2024-12-13,JPM,0.0,0.0,0.0,0.0,0.0,0.0,0.0,0.0,0.0,0.0,0.0,0.0,0.0,0.0
2024-12-16,JPM,0.0,0.0,0.0,0.0,0.0,0.0,0.0,0.0,0.0,0.0,0.0,0.0,0.0,0.0
2024-12-17,JPM,0.0,0.0,0.0,0.0,0.0,0.0,0.0,0.0,0.0,0.0,0.0,0.0,0.0,0.0
2024-12-18,JPM,0.0,0.0,0.0,0.0,0.0,0.0,0.0,0.0,0.0,0.0,0.0,0.0,0.0,0.0
2024-12-19,JPM,0.0,0.0,0.0,0.0,0.0,0.0,0.0,0.0,0.0,0.0,0.0,0.0,0.0,0.0
2024-12-20,JPM,0.0,0.0,0.0,0.0,0.0,0.0,0.0,0.0,0.0,0.0,0.0,0.0,0.0,0.0
2024-12-23,JPM,0.0,0.0,0.0,0.0,0.0,0.0,0.0,0.0,0.0,0.0,0.0,0.0,0.0,0.0
2024-12-24,JPM,0.0,0.0,0.0,0.0,0.0,0.0,0.0,0.0,0.0,0.0,0.0,0.0,0.0,0.0
2024-12-26,JPM,0.0,0.0,0.0,0.0,0.0,0.0,0.0,0.0,0.0,0.0,0.0,0.0,0.0,0.0
2024-12-27,JPM,0.0,0.0,0.0,0.0,0.0,0.0,0.0,0.0,0.0,0.0,0.0,0.0,0.0,0.0
2024-12-30,JPM,0.0,0.0,0.0,0.0,0.0,0.0,0.0,0.0,0.0,0.0,0.0,0.0,0.0,0.0
2024-12-31,JPM,0.0,0.0,0.0,0.0,0.0,0.0,0.0,0.0,0.0,0.0,0.0,0.0,0.0,0.0
2025-01-02,JPM,0.0,0.0,0.0,0.0,0.0,0.0,0.0,0.0,0.0,0.0,0.0,0.0,0.0,0.0
2025-01-03,JPM,0.0,0.0,0.0,0.0,0.0,0.0,0.0,0.0,0.0,0.0,0.0,0.0,0.0,0.0
2025-01-06,JPM,0.0,0.0,0.0,0.0,0.0,0.0,0.0,0.0,0.0,0.0,0.0,0.0,0.0,0.0
2025-01-07,JPM,0.0,0.0,0.0,0.0,0.0,0.0,0.0,0.0,0.0,0.0,0.0,0.0,0.0,0.0
2025-01-08,JPM,0.0,0.0,0.0,0.0,0.0,0.0,0.0,0.0,0.0,0.0,0.0,0.0,0.0,0.0
2025-01-10,JPM,0.0,0.0,0.0,0.0,0.0,0.0,0.0,0.0,0.0,0.0,0.0,0.0,0.0,0.0
2025-01-13,JPM,0.0,0.0,0.0,0.0,0.0,0.0,0.0,0.0,0.0,0.0,0.0,0.0,0.0,0.0
2025-01-14,JPM,0.0,0.0,0.0,0.0,0.0,0.0,0.0,0.0,0.0,0.0,0.0,0.0,0.0,0.0
2025-01-15,JPM,0.0,0.0,0.0,0.0,0.0,0.0,0.0,0.0,0.0,0.0,0.0,0.0,0.0,0.0
2025-01-16,JPM,0.0,0.0,0.0,0.0,0.0,0.0,0.0,0.0,0.0,0.0,0.0,0.0,0.0,0.0
2025-01-17,JPM,0.0,0.0,0.0,0.0,0.0,0.0,0.0,0.0,0.0,0.0,0.0,0.0,0.0,0.0
2025-01-21,JPM,0.0,0.0,0.0,0.0,0.0,0.0,0.0,0.0,0.0,0.0,0.0,0.0,0.0,0.0
2025-01-22,JPM,0.0,0.0,0.0,0.0,0.0,0.0,0.0,0.0,0.0,0.0,0.0,0.0,0.0,0.0
2025-01-23,JPM,0.0,0.0,0.0,0.0,0.0,0.0,0.0,0.0,0.0,0.0,0.0,0.0,0.0,0.0
2025-01-24,JPM,0.0,0.0,0.0,0.0,0.0,0.0,0.0,0.0,0.0,0.0,0.0,0.0,0.0,0.0
2025-01-27,JPM,0.0,0.0,0.0,0.0,0.0,0.0,0.0,0.0,0.0,0.0,0.0,0.0,0.0,0.0
2025-01-28,JPM,0.0,0.0,0.0,0.0,0.0,0.0,0.0,0.0,0.0,0.0,0.0,0.0,0.0,0.0
2025-01-29,JPM,0.0,0.0,0.0,0.0,0.0,0.0,0.0,0.0,0.0,0.0,0.0,0.0,0.0,0.0
2025-01-30,JPM,0.0,0.0,0.0,0.0,0.0,0.0,0.0,0.0,0.0,0.0,0.0,0.0,0.0,0.0
2025-01-31,JPM,0.0,0.0,0.0,0.0,0.0,0.0,0.0,0.0,0.0,0.0,0.0,0.0,0.0,0.0
2025-02-03,JPM,0.0,0.0,0.0,0.0,0.0,0.0,0.0,0.0,0.0,0.0,0.0,0.0,0.0,0.0
2025-02-04,JPM,0.0,0.0,0.0,0.0,0.0,0.0,0.0,0.0,0.0,0.0,0.0,0.0,0.0,0.0
2025-02-05,JPM,0.0,0.0,0.0,0.0,0.0,0.0,0.0,0.0,0.0,0.0,0.0,0.0,0.0,0.0
2025-02-06,JPM,0.0,0.0,0.0,0.0,0.0,0.0,0.0,0.0,0.0,0.0,0.0,0.0,0.0,0.0
2025-02-07,JPM,0.0,0.0,0.0,0.0,0.0,0.0,0.0,0.0,0.0,0.0,0.0,0.0,0.0,0.0
2025-02-10,JPM,0.0,0.0,0.0,0.0,0.0,0.0,0.0,0.0,0.0,0.0,0.0,0.0,0.0,0.0
2025-02-11,JPM,0.0,0.0,0.0,0.0,0.0,0.0,0.0,0.0,0.0,0.0,0.0,0.0,0.0,0.0
2025-02-12,JPM,0.0,0.0,0.0,0.0,0.0,0.0,0.0,0.0,0.0,0.0,0.0,0.0,0.0,0.0
2025-02-13,JPM,0.0,0.0,0.0,0.0,0.0,0.0,0.0,0.0,0.0,0.0,0.0,0.0,0.0,0.0
2025-02-14,JPM,0.0,0.0,0.0,0.0,0.0,0.0,0.0,0.0,0.0,0.0,0.0,0.0,0.0,0.0
2025-02-18,JPM,0.0,0.0,0.0,0.0,0.0,0.0,0.0,0.0,0.0,0.0,0.0,0.0,0.0,0.0
2025-02-19,JPM,0.0,0.0,0.0,0.0,0.0,0.0,0.0,0.0,0.0,0.0,0.0,0.0,0.0,0.0
2025-02-20,JPM,0.0,0.0,0.0,0.0,0.0,0.0,0.0,0.0,0.0,0.0,0.0,0.0,0.0,0.0
2025-02-21,JPM,0.0,0.0,0.0,0.0,0.0,0.0,0.0,0.0,0.0,0.0,0.0,0.0,0.0,0.0
2025-02-24,JPM,0.0,0.0,0.0,0.0,0.0,0.0,0.0,0.0,0.0,0.0,0.0,0.0,0.0,0.0
2025-02-25,JPM,0.0,0.0,0.0,0.0,0.0,0.0,0.0,0.0,0.0,0.0,0.0,0.0,0.0,0.0
2025-02-26,JPM,0.0,0.0,0.0,0.0,0.0,0.0,0.0,0.0,0.0,0.0,0.0,0.0,0.0,0.0
2025-02-27,JPM,0.0,0.0,0.0,0.0,0.0,0.0,0.0,0.0,0.0,0.0,0.0,0.0,0.0,0.0
2025-02-28,JPM,0.0,0.0,0.0,0.0,0.0,0.0,0.0,0.0,0.0,0.0,0.0,0.0,0.0,0.0
2025-03-03,JPM,0.0,0.0,0.0,0.0,0.0,0.0,0.0,0.0,0.0,0.0,0.0,0.0,0.0,0.0
2025-03-04,JPM,0.0,0.0,0.0,0.0,0.0,0.0,0.0,0.0,0.0,0.0,0.0,0.0,0.0,0.0
2025-03-05,JPM,0.0,0.0,0.0,0.0,0.0,0.0,0.0,0.0,0.0,0.0,0.0,0.0,0.0,0.0
2025-03-06,JPM,0.0,0.0,0.0,0.0,0.0,0.0,0.0,0.0,0.0,0.0,0.0,0.0,0.0,0.0
2025-03-07,JPM,0.0,0.0,0.0,0.0,0.0,0.0,0.0,0.0,0.0,0.0,0.0,0.0,0.0,0.0
2025-03-10,JPM,0.0,0.0,0.0,0.0,0.0,0.0,0.0,0.0,0.0,0.0,0.0,0.0,0.0,0.0
2025-03-11,JPM,0.0,0.0,0.0,0.0,0.0,0.0,0.0,0.0,0.0,0.0,0.0,0.0,0.0,0.0
2025-03-12,JPM,0.0,0.0,0.0,0.0,0.0,0.0,0.0,0.0,0.0,0.0,0.0,0.0,0.0,0.0
2025-03-13,JPM,0.0,0.0,0.0,0.0,0.0,0.0,0.0,0.0,0.0,0.0,0.0,0.0,0.0,0.0
2025-03-14,JPM,0.0,0.0,0.0,0.0,0.0,0.0,0.0,0.0,0.0,0.0,0.0,0.0,0.0,0.0
2025-03-17,JPM,0.0,0.0,0.0,0.0,0.0,0.0,0.0,0.0,0.0,0.0,0.0,0.0,0.0,0.0
2025-03-18,JPM,0.0,0.0,0.0,0.0,0.0,0.0,0.0,0.0,0.0,0.0,0.0,0.0,0.0,0.0
2025-03-19,JPM,0.0,0.0,0.0,0.0,0.0,0.0,0.0,0.0,0.0,0.0,0.0,0.0,0.0,0.0
2025-03-20,JPM,0.0,0.0,0.0,0.0,0.0,0.0,0.0,0.0,0.0,0.0,0.0,0.0,0.0,0.0
2025-03-21,JPM,0.0,0.0,0.0,0.0,0.0,0.0,0.0,0.0,0.0,0.0,0.0,0.0,0.0,0.0
2025-03-24,JPM,0.0,0.0,0.0,0.0,0.0,0.0,0.0,0.0,0.0,0.0,0.0,0.0,0.0,0.0
2025-03-25,JPM,0.0,0.0,0.0,0.0,0.0,0.0,0.0,0.0,0.0,0.0,0.0,0.0,0.0,0.0
2025-03-26,JPM,0.0,0.0,0.0,0.0,0.0,0.0,0.0,0.0,0.0,0.0,0.0,0.0,0.0,0.0
2025-03-27,JPM,0.0,0.0,0.0,0.0,0.0,0.0,0.0,0.0,0.0,0.0,0.0,0.0,0.0,0.0
2025-03-28,JPM,0.0,0.0,0.0,0.0,0.0,0.0,0.0,0.0,0.0,0.0,0.0,0.0,0.0,0.0
2025-03-31,JPM,0.0,0.0,0.0,0.0,0.0,0.0,0.0,0.0,0.0,0.0,0.0,0.0,0.0,0.0
2025-04-01,JPM,0.0,0.0,0.0,0.0,0.0,0.0,0.0,0.0,0.0,0.0,0.0,0.0,0.0,0.0
2025-04-02,JPM,0.0027469918131828,1.0,0.0,0.0,1.0,0.9535384774208068,0.0246042311191558,0.021857239305973,0.9535384774208068,0.0009156639377276,1.0,0.0,0.0,1.0
2025-04-03,JPM,0.0,0.0,0.0,0.0,0.0,0.0,0.0,0.0,0.0,0.0009156639377276,1.0,0.0,0.0,1.0
2025-04-04,JPM,0.0,0.0,0.0,0.0,0.0,0.0,0.0,0.0,0.0,0.0009156639377276,1.0,0.0,0.0,1.0
2025-04-07,JPM,0.0,0.0,0.0,0.0,0.0,0.0,0.0,0.0,0.0,0.0,0.0,0.0,0.0,0.0
2025-04-08,JPM,0.0,0.0,0.0,0.0,0.0,0.0,0.0,0.0,0.0,0.0,0.0,0.0,0.0,0.0
2025-04-09,JPM,0.0,0.0,0.0,0.0,0.0,0.0,0.0,0.0,0.0,0.0,0.0,0.0,0.0,0.0
2025-04-10,JPM,0.0,0.0,0.0,0.0,0.0,0.0,0.0,0.0,0.0,0.0,0.0,0.0,0.0,0.0
2025-04-11,JPM,0.0,0.0,0.0,0.0,0.0,0.0,0.0,0.0,0.0,0.0,0.0,0.0,0.0,0.0
2025-04-14,JPM,0.0,0.0,0.0,0.0,0.0,0.0,0.0,0.0,0.0,0.0,0.0,0.0,0.0,0.0
2025-04-15,JPM,0.0,0.0,0.0,0.0,0.0,0.0,0.0,0.0,0.0,0.0,0.0,0.0,0.0,0.0
2025-04-16,JPM,0.0,0.0,0.0,0.0,0.0,0.0,0.0,0.0,0.0,0.0,0.0,0.0,0.0,0.0
2025-04-17,JPM,0.0,0.0,0.0,0.0,0.0,0.0,0.0,0.0,0.0,0.0,0.0,0.0,0.0,0.0
2025-04-21,JPM,0.0,0.0,0.0,0.0,0.0,0.0,0.0,0.0,0.0,0.0,0.0,0.0,0.0,0.0
2025-04-22,JPM,0.0,0.0,0.0,0.0,0.0,0.0,0.0,0.0,0.0,0.0,0.0,0.0,0.0,0.0
2025-04-23,JPM,0.0,0.0,0.0,0.0,0.0,0.0,0.0,0.0,0.0,0.0,0.0,0.0,0.0,0.0
2025-04-24,JPM,0.0,0.0,0.0,0.0,0.0,0.0,0.0,0.0,0.0,0.0,0.0,0.0,0.0,0.0
2025-04-25,JPM,0.0,0.0,0.0,0.0,0.0,0.0,0.0,0.0,0.0,0.0,0.0,0.0,0.0,0.0
2025-04-28,JPM,0.0,0.0,0.0,0.0,0.0,0.0,0.0,0.0,0.0,0.0,0.0,0.0,0.0,0.0
2025-04-29,JPM,0.0,0.0,0.0,0.0,0.0,0.0,0.0,0.0,0.0,0.0,0.0,0.0,0.0,0.0
2025-04-30,JPM,0.0,0.0,0.0,0.0,0.0,0.0,0.0,0.0,0.0,0.0,0.0,0.0,0.0,0.0
2025-05-01,JPM,0.0,0.0,0.0,0.0,0.0,0.0,0.0,0.0,0.0,0.0,0.0,0.0,0.0,0.0
2025-05-02,JPM,0.0,0.0,0.0,0.0,0.0,0.0,0.0,0.0,0.0,0.0,0.0,0.0,0.0,0.0
2025-05-05,JPM,0.0,0.0,0.0,0.0,0.0,0.0,0.0,0.0,0.0,0.0,0.0,0.0,0.0,0.0
2025-05-06,JPM,0.0,0.0,0.0,0.0,0.0,0.0,0.0,0.0,0.0,0.0,0.0,0.0,0.0,0.0
2025-05-07,JPM,0.0,0.0,0.0,0.0,0.0,0.0,0.0,0.0,0.0,0.0,0.0,0.0,0.0,0.0
2025-05-08,JPM,0.0,0.0,0.0,0.0,0.0,0.0,0.0,0.0,0.0,0.0,0.0,0.0,0.0,0.0
2025-05-09,JPM,0.0,0.0,0.0,0.0,0.0,0.0,0.0,0.0,0.0,0.0,0.0,0.0,0.0,0.0
2025-05-12,JPM,0.0,0.0,0.0,0.0,0.0,0.0,0.0,0.0,0.0,0.0,0.0,0.0,0.0,0.0
2025-05-13,JPM,0.0,0.0,0.0,0.0,0.0,0.0,0.0,0.0,0.0,0.0,0.0,0.0,0.0,0.0
2025-05-14,JPM,0.0,0.0,0.0,0.0,0.0,0.0,0.0,0.0,0.0,0.0,0.0,0.0,0.0,0.0
2025-05-15,JPM,0.0,0.0,0.0,0.0,0.0,0.0,0.0,0.0,0.0,0.0,0.0,0.0,0.0,0.0
2025-05-16,JPM,0.0,0.0,0.0,0.0,0.0,0.0,0.0,0.0,0.0,0.0,0.0,0.0,0.0,0.0
2025-05-19,JPM,0.0,0.0,0.0,0.0,0.0,0.0,0.0,0.0,0.0,0.0,0.0,0.0,0.0,0.0
2025-05-20,JPM,0.0,0.0,0.0,0.0,0.0,0.0,0.0,0.0,0.0,0.0,0.0,0.0,0.0,0.0
2025-05-21,JPM,0.0,0.0,0.0,0.0,0.0,0.0,0.0,0.0,0.0,0.0,0.0,0.0,0.0,0.0
2025-05-22,JPM,0.0,0.0,0.0,0.0,0.0,0.0,0.0,0.0,0.0,0.0,0.0,0.0,0.0,0.0
2025-05-23,JPM,0.0,0.0,0.0,0.0,0.0,0.0,0.0,0.0,0.0,0.0,0.0,0.0,0.0,0.0
2025-05-27,JPM,0.0,0.0,0.0,0.0,0.0,0.0,0.0,0.0,0.0,0.0,0.0,0.0,0.0,0.0
2025-05-28,JPM,0.0,0.0,0.0,0.0,0.0,0.0,0.0,0.0,0.0,0.0,0.0,0.0,0.0,0.0
2025-05-29,JPM,0.0,0.0,0.0,0.0,0.0,0.0,0.0,0.0,0.0,0.0,0.0,0.0,0.0,0.0
2025-05-30,JPM,0.0,0.0,0.0,0.0,0.0,0.0,0.0,0.0,0.0,0.0,0.0,0.0,0.0,0.0
2025-06-02,JPM,0.0,0.0,0.0,0.0,0.0,0.0,0.0,0.0,0.0,0.0,0.0,0.0,0.0,0.0
2025-06-03,JPM,0.0,0.0,0.0,0.0,0.0,0.0,0.0,0.0,0.0,0.0,0.0,0.0,0.0,0.0
2025-06-04,JPM,0.0,0.0,0.0,0.0,0.0,0.0,0.0,0.0,0.0,0.0,0.0,0.0,0.0,0.0
2025-06-05,JPM,0.0,0.0,0.0,0.0,0.0,0.0,0.0,0.0,0.0,0.0,0.0,0.0,0.0,0.0
2025-06-06,JPM,0.0,0.0,0.0,0.0,0.0,0.0,0.0,0.0,0.0,0.0,0.0,0.0,0.0,0.0
2025-06-09,JPM,0.0,0.0,0.0,0.0,0.0,0.0,0.0,0.0,0.0,0.0,0.0,0.0,0.0,0.0
2025-06-10,JPM,0.0,0.0,0.0,0.0,0.0,0.0,0.0,0.0,0.0,0.0,0.0,0.0,0.0,0.0
2025-06-11,JPM,0.0,0.0,0.0,0.0,0.0,0.0,0.0,0.0,0.0,0.0,0.0,0.0,0.0,0.0
2025-06-12,JPM,0.0,0.0,0.0,0.0,0.0,0.0,0.0,0.0,0.0,0.0,0.0,0.0,0.0,0.0
2025-06-13,JPM,0.0,0.0,0.0,0.0,0.0,0.0,0.0,0.0,0.0,0.0,0.0,0.0,0.0,0.0
2025-06-16,JPM,-0.04500978211448952,11.0,1.0,2.0,8.0,0.7401438165794719,0.14448364874856034,0.18949343086304984,0.6660229048945687,-0.01500326070482984,11.0,1.0,2.0,8.0
2025-06-17,JPM,0.0397523837746121,16.0,5.0,5.0,6.0,0.7465662267059088,0.3262085873866453,0.2864562036120333,0.38733521779067814,-0.0017524661132924738,27.0,6.0,7.0,14.0
2025-06-18,JPM,0.050945821606243634,12.0,3.0,2.0,7.0,0.7800255119800568,0.29673500591889024,0.24578918431264654,0.4574757971179982,0.015229474422122071,39.0,9.0,9.0,21.0
2025-06-20,JPM,0.4131313912909139,11.0,6.0,0.0,5.0,0.7774074565280568,0.4661098921840841,0.05297850089317013,0.4809116023507985,0.16794319889058987,39.0,14.0,7.0,18.0
2025-06-23,JPM,0.14752754320700964,9.0,3.0,1.0,5.0,0.8226018283102248,0.3046574111407001,0.15712986793369052,0.5382127227882544,0.2038682520347224,32.0,12.0,3.0,17.0
2025-06-24,JPM,0.04370109457522631,13.0,5.0,4.0,4.0,0.8035341363686782,0.3720868546515703,0.328385760076344,0.29952738921229655,0.2014533430243833,33.0,14.0,5.0,14.0
2025-06-25,JPM,0.06585423564538359,15.0,5.0,4.0,6.0,0.8165460387865703,0.34602849073708053,0.28017425509169697,0.373797243150572,0.08569429114253985,37.0,13.0,9.0,15.0
2025-06-26,JPM,0.16353740770136937,16.0,9.0,5.0,2.0,0.8002786040306091,0.4926908895140513,0.329153481812682,0.17815562308533114,0.09103091264065977,44.0,19.0,13.0,12.0
2025-06-27,JPM,0.34411424045850125,14.0,8.0,1.0,5.0,0.7854440574135099,0.4472394870328052,0.10312524657430389,0.4496352626010775,0.19116862793508474,45.0,22.0,10.0,13.0
2025-06-30,JPM,0.03986237704521046,16.0,5.0,6.0,5.0,0.7816423084586859,0.36994029756169766,0.3300779205164872,0.29998177278321236,0.18250467506836035,46.0,22.0,12.0,12.0
2025-07-01,JPM,0.31822537077176904,18.0,10.0,3.0,5.0,0.7919142544269562,0.49418447145985234,0.17595910068808326,0.3298564133130842,0.23406732942516026,48.0,23.0,10.0,15.0
2025-07-02,JPM,0.41907496290514246,16.0,9.0,2.0,5.0,0.8393547721207142,0.5411116454051808,0.12203668250003825,0.33685167448129505,0.259054236907374,50.0,24.0,11.0,15.0
2025-07-03,JPM,-0.058198939636349686,20.0,6.0,8.0,6.0,0.8699618369340897,0.3237482952419668,0.3819472348783165,0.2943044677842408,0.22636713134685393,54.0,25.0,13.0,16.0
2025-07-07,JPM,0.053649660629721777,13.0,3.0,3.0,7.0,0.8578062057495117,0.28060570086997283,0.22695604024025107,0.4924382914144259,0.13817522796617152,49.0,18.0,13.0,18.0
2025-07-08,JPM,-0.05157501927266518,15.0,5.0,6.0,4.0,0.8361867745717366,0.3412408118446668,0.3928158311173319,0.26594336231549576,-0.01870809942643103,48.0,14.0,17.0,17.0
2025-07-09,JPM,-0.08987088948488235,15.0,2.0,3.0,10.0,0.8143805185953776,0.17998858988285063,0.26985947936773297,0.5501519336675604,-0.029265416042608586,43.0,10.0,12.0,21.0
2025-07-10,JPM,-0.22120123290407814,19.0,3.0,9.0,7.0,0.803972275633561,0.2057198518396992,0.4269210847437774,0.3673590689309333,-0.12088238055387523,49.0,10.0,18.0,21.0
2025-07-11,JPM,0.007227886589648936,23.0,4.0,8.0,11.0,0.7605940025785695,0.26364279461457674,0.2564149080249278,0.4799423038797534,-0.10128141193310386,57.0,9.0,20.0,28.0
2025-07-14,JPM,-0.00770733277473984,29.0,7.0,10.0,12.0,0.8167866725346138,0.28367893959813073,0.29138627237287057,0.4249348054029818,-0.07389355969638968,71.0,14.0,27.0,30.0
2025-07-15,JPM,-0.013939605042752299,45.0,11.0,15.0,19.0,0.8459129015604655,0.2808011346496641,0.29474073969241643,0.4244581286278036,-0.004806350409281067,97.0,22.0,33.0,42.0
2025-07-16,JPM,-0.009991743031423552,40.0,13.0,15.0,12.0,0.8233556918799877,0.3437534617609344,0.35374520479235794,0.3025013225153088,-0.010546226949638563,114.0,31.0,40.0,43.0
2025-07-17,JPM,0.11653172033017174,17.0,8.0,6.0,3.0,0.8803242690422955,0.4675652529386913,0.35103353260851955,0.18140121308319707,0.03086679075199863,102.0,32.0,36.0,34.0
2025-07-18,JPM,0.21132648837837306,11.0,6.0,3.0,2.0,0.8214529481801119,0.5178413540124893,0.30651486563411623,0.1756437810307199,0.10595548855904041,68.0,27.0,24.0,17.0
2025-07-21,JPM,0.23959696138850767,13.0,5.0,1.0,7.0,0.7404555678367615,0.3572939218809971,0.11769696049248937,0.5250091307724898,0.18915172336568417,41.0,19.0,10.0,12.0
2025-07-22,JPM,-0.05393655536075436,12.0,3.0,4.0,5.0,0.886250302195549,0.28661245650922257,0.34054901186997694,0.37283852424783004,0.13232896480204212,36.0,14.0,8.0,14.0
2025-07-23,JPM,0.16001590027008206,8.0,3.0,1.0,4.0,0.7946663349866867,0.3011605339124798,0.1411446336423978,0.5576948239468038,0.11522543543261181,33.0,11.0,6.0,16.0
2025-07-24,JPM,0.17685851617716253,12.0,6.0,3.0,3.0,0.7833858703573545,0.4042961403417091,0.2274376241645465,0.3682662428667148,0.09431262036216341,32.0,12.0,8.0,12.0
2025-07-25,JPM,0.20113535374403,10.0,3.0,1.0,6.0,0.8877633035182952,0.29644525703042746,0.09530990328639741,0.6082448376342653,0.1793365900637582,30.0,12.0,5.0,13.0
2025-07-28,JPM,-0.07025041749390465,12.0,4.0,5.0,3.0,0.842584470907847,0.30268695189928013,0.3729373693931848,0.32437567994929845,0.10258115080909597,34.0,13.0,9.0,12.0
2025-07-29,JPM,0.2629716247725098,23.0,10.0,5.0,8.0,0.7596357477747876,0.4651787483497806,0.20220712357727078,0.3326141168565853,0.1312855203408784,45.0,17.0,11.0,17.0
2025-07-30,JPM,0.09361605596189437,19.0,5.0,5.0,9.0,0.7794634354741949,0.3324227828630491,0.23880672690115473,0.4287704767561273,0.09544575441349985,54.0,19.0,15.0,20.0
2025-07-31,JPM,0.2459788628232976,18.0,7.0,2.0,9.0,0.835121664736006,0.38359043493659956,0.137611572113302,0.47879799724453026,0.20085551451923392,60.0,22.0,12.0,26.0
2025-08-01,JPM,0.19072714983485636,12.0,5.0,2.0,5.0,0.856291467944781,0.4168084959189097,0.22608134608405328,0.3571101716564347,0.17677402287334945,49.0,17.0,9.0,23.0
2025-08-04,JPM,-0.16731611577173075,6.0,1.0,1.0,4.0,0.724298432469368,0.16632420755922792,0.33364032333095867,0.5000354632114371,0.08979663229547441,36.0,13.0,5.0,18.0
2025-08-05,JPM,-0.2168592747587424,13.0,0.0,5.0,8.0,0.7897938008491809,0.13405169568096212,0.35091097043970454,0.5150373327330902,-0.06448274689853892,31.0,6.0,8.0,17.0
2025-08-06,JPM,0.205304521187726,9.0,5.0,3.0,1.0,0.8500162296824985,0.49521451484825874,0.2899099936605327,0.21487549899352917,-0.05962362311424904,28.0,6.0,9.0,13.0
2025-08-07,JPM,0.6025770695414394,4.0,3.0,0.0,1.0,0.8377529978752136,0.6778930574655533,0.07531598792411383,0.24679097626358265,0.1970074386568077,26.0,8.0,8.0,10.0
2025-08-08,JPM,0.36121800743664306,6.0,3.0,1.0,2.0,0.8591959079106649,0.5443662405014038,0.18314823306476072,0.2724855126192172,0.3896998660552695,19.0,11.0,4.0,4.0
2025-08-11,JPM,-0.056786301122470365,11.0,3.0,4.0,4.0,0.7797072475606744,0.2980198479172858,0.35480614903975616,0.34717398695647717,0.3023362586185374,21.0,9.0,5.0,7.0
2025-08-12,JPM,0.4394096680070189,11.0,4.0,0.0,7.0,0.8136492534117266,0.4592166156931357,0.019806947686116745,0.520976407114755,0.2479471247737306,28.0,10.0,5.0,13.0
2025-08-13,JPM,0.024757698686285433,11.0,3.0,3.0,5.0,0.8306017220020294,0.29628476348112925,0.2715270647948438,0.4321881737560034,0.13579368852361137,33.0,10.0,7.0,16.0
2025-08-14,JPM,0.23177415120104947,15.0,5.0,2.0,8.0,0.8126477162043254,0.364739556175967,0.13296540497491752,0.5022950441886981,0.23198050596478467,37.0,12.0,5.0,20.0
2025-08-15,JPM,0.38112032401841134,8.0,5.0,1.0,2.0,0.8719633221626282,0.5402023066999391,0.15908198268152768,0.30071572959423065,0.2125507246352488,34.0,13.0,6.0,15.0
2025-08-18,JPM,0.5068627717904747,10.0,5.0,0.0,5.0,0.8098263323307038,0.5363909661769867,0.029528194386511997,0.4340808279812336,0.3732524156699785,33.0,15.0,3.0,15.0
2025-08-19,JPM,-0.0487640658393502,20.0,5.0,5.0,10.0,0.780389842391014,0.2664929547347128,0.315257020574063,0.4182500125374645,0.27973967665651195,38.0,15.0,6.0,17.0
2025-08-20,JPM,0.44368289271369576,8.0,6.0,1.0,1.0,0.7506947740912437,0.5705114770680666,0.1268285843543708,0.3026599269360304,0.3005938662216068,38.0,16.0,6.0,16.0
2025-08-21,JPM,0.36341334126579267,12.0,6.0,3.0,3.0,0.8320577243963877,0.5280020715047916,0.16458873023899886,0.3074091991099218,0.25277738938004607,40.0,17.0,9.0,14.0
2025-08-22,JPM,0.2766907389204089,13.0,6.0,1.0,6.0,0.7900928121346694,0.3993775174021721,0.1226867784817631,0.4779357135009307,0.3612623242999658,33.0,18.0,5.0,10.0
2025-08-25,JPM,0.31982349161989987,12.0,7.0,1.0,4.0,0.821896364291509,0.4690419215088089,0.14921842988890902,0.3817396601662039,0.31997585726870054,37.0,19.0,5.0,13.0
2025-08-26,JPM,0.3884090860374272,8.0,5.0,2.0,1.0,0.883373998105526,0.5964358921628445,0.2080268061254173,0.19553728867322204,0.3283077721925787,33.0,18.0,4.0,11.0
2025-08-27,JPM,0.3054123298664178,7.0,4.0,1.0,2.0,0.7979177747453962,0.45980556016521795,0.1543932302988001,0.38580123042421677,0.33788163584124836,27.0,16.0,4.0,7.0
2025-08-28,JPM,-0.32756521195794147,6.0,1.0,3.0,2.0,0.8525026539961497,0.186058595466117,0.5136238074240586,0.3003176258256038,0.12208540131530121,21.0,10.0,6.0,5.0
2025-08-29,JPM,0.09621104898138182,9.0,4.0,3.0,2.0,0.8313669297430251,0.4269084147074156,0.3306973657260338,0.242394207459357,0.024686055629952755,22.0,9.0,7.0,6.0
2025-09-02,JPM,0.34764997226496536,6.0,3.0,1.0,2.0,0.849391500155131,0.5224116505123675,0.1747616782474021,0.30282667217155296,0.038765269762801945,21.0,8.0,7.0,6.0
2025-09-03,JPM,-0.13389882515184584,8.0,1.0,3.0,4.0,0.8008608371019363,0.17654544278047976,0.31044426793232555,0.5130102774128318,0.1033207320315005,23.0,8.0,7.0,8.0
2025-09-04,JPM,-0.05552301881834863,8.0,1.0,2.0,5.0,0.7542329281568527,0.167396199889481,0.22291921870782966,0.6096845660358667,0.05274270943159034,22.0,5.0,6.0,11.0
2025-09-05,JPM,0.4233601794112474,8.0,4.0,0.0,4.0,0.7956008985638618,0.46949138864874834,0.046131209237501,0.4843774337787181,0.07797944514701767,24.0,6.0,5.0,13.0
2025-09-08,JPM,0.1154893248135017,9.0,4.0,3.0,2.0,0.8012217614385817,0.4332640122415291,0.3177746874280274,0.24896129013763535,0.16110882846880017,25.0,9.0,5.0,11.0
2025-09-09,JPM,0.32795349229127163,5.0,2.0,0.0,3.0,0.8932845711708068,0.3459051370620727,0.01795164477080104,0.6361432619392872,0.288934332172007,22.0,10.0,3.0,9.0
2025-09-10,JPM,0.13265694245038664,17.0,7.0,4.0,6.0,0.8575486049932592,0.3968342344331391,0.26417729198275236,0.3389884896357269,0.19203325318505338,31.0,13.0,7.0,11.0
2025-09-11,JPM,-0.05136586100395235,14.0,3.0,5.0,6.0,0.8489617535046169,0.2746209884062409,0.3259868494101933,0.39939216058701277,0.1364148579125687,36.0,12.0,9.0,15.0
2025-09-12,JPM,0.22050555360813934,15.0,5.0,2.0,8.0,0.832350488503774,0.3740601227929195,0.15355456918478008,0.4723853082706531,0.10059887835152459,46.0,15.0,11.0,20.0
2025-09-15,JPM,0.0963554875925183,10.0,3.0,2.0,5.0,0.8339536607265472,0.30762301106005907,0.21126752346754069,0.48110943995416167,0.0884983933989018,39.0,11.0,9.0,19.0
2025-09-16,JPM,0.271676479161463,11.0,5.0,1.0,5.0,0.8267357186837629,0.40847191942686384,0.1367954402654008,0.4547326293858615,0.19617917345404023,36.0,13.0,5.0,18.0
2025-09-17,JPM,0.29799320455640554,13.0,6.0,2.0,5.0,0.8154064485659966,0.4507853798568249,0.1527921753004193,0.396422436604133,0.22200839043679563,34.0,14.0,5.0,15.0
2025-09-18,JPM,0.3335840454739001,9.0,5.0,2.0,2.0,0.8832747803794013,0.5334951058030128,0.1999110603291127,0.26659382372680634,0.3010845763972562,33.0,16.0,5.0,12.0
2025-09-19,JPM,0.4566409697549211,9.0,5.0,0.0,4.0,0.8277152180671692,0.4998580233918296,0.0432170536369085,0.4569249554640717,0.3627394065950756,31.0,16.0,4.0,11.0
2025-09-22,JPM,-0.19203190202824771,4.0,0.0,1.0,3.0,0.9095324277877808,0.05997914914041752,0.25201105116866523,0.6880097975954413,0.1993977044001912,22.0,10.0,3.0,9.0
2025-09-23,JPM,0.590356778120622,8.0,6.0,0.0,2.0,0.8439844250679016,0.6162802933249623,0.02592351520434019,0.3577961907722056,0.28498861528243186,21.0,11.0,1.0,9.0
2025-09-24,JPM,-0.15890153842046856,10.0,1.0,4.0,5.0,0.804731023311615,0.16318689957261082,0.3220884379930794,0.514724662154913,0.07980777922396863,22.0,7.0,5.0,10.0
2025-09-25,JPM,0.04976146642325653,18.0,7.0,6.0,5.0,0.8684419509437349,0.37358070972065127,0.32381924329739475,0.3026000356508625,0.16040556870780337,36.0,14.0,10.0,12.0
2025-09-26,JPM,0.5088129685027525,8.0,5.0,0.0,3.0,0.8032309412956238,0.560913685709238,0.05210071720648553,0.3869855818338692,0.1332242988351802,36.0,13.0,10.0,13.0
2025-09-29,JPM,0.3322271110955625,6.0,1.0,0.0,5.0,0.7579545577367147,0.3432307293017705,0.0110036182062079,0.6457656274239222,0.29693384867385725,32.0,13.0,6.0,13.0
2025-09-30,JPM,0.2952608143677935,8.0,3.0,1.0,4.0,0.832089401781559,0.41614020895212883,0.12087939458433536,0.46298038214445114,0.3787669646553695,22.0,9.0,1.0,12.0
2025-10-01,JPM,-0.04451056096392373,12.0,4.0,4.0,4.0,0.8255326002836227,0.3002083828517546,0.3447189438156783,0.35507268481887877,0.19432578816647747,26.0,8.0,5.0,13.0
2025-10-02,JPM,0.22676672243202725,12.0,5.0,2.0,5.0,0.8240255266427994,0.3849757745241125,0.15820905209208522,0.45681515739609796,0.15917232527863237,32.0,12.0,7.0,13.0
2025-10-03,JPM,-0.09234355445951224,10.0,2.0,3.0,5.0,0.8616706848144531,0.25869022551923987,0.3510337799787521,0.390276003908366,0.0299708690028638,34.0,11.0,9.0,14.0
2025-10-06,JPM,0.12846137611195443,10.0,3.0,2.0,5.0,0.7910603702068328,0.32233329582959414,0.19387191971763962,0.4837947815656662,0.08762818136148987,32.0,10.0,7.0,15.0
2025-10-07,JPM,0.42256805433758665,14.0,7.0,1.0,6.0,0.7933609102453504,0.5047014941062246,0.08213343976863788,0.4131650666573218,0.1528952919966763,34.0,12.0,6.0,16.0
2025-10-08,JPM,0.13944481458101005,18.0,6.0,5.0,7.0,0.850865426990721,0.4036478176195588,0.2642030030385487,0.3321491677521003,0.2301580816768504,42.0,16.0,8.0,18.0
2025-10-09,JPM,0.03199706790037453,20.0,6.0,6.0,8.0,0.7864986956119537,0.32747337426990264,0.29547630636952815,0.3770503213629126,0.19800331227299048,52.0,19.0,12.0,21.0
2025-10-10,JPM,0.045684324169997126,16.0,5.0,3.0,8.0,0.8392977621406317,0.28839086333755404,0.24270653916755686,0.4689025944680907,0.07237540221712728,54.0,17.0,14.0,23.0
2025-10-13,JPM,0.2835985286966772,37.0,17.0,3.0,17.0,0.7950851216509536,0.41634392982499824,0.13274540112832103,0.45091066363494137,0.12042664025568299,73.0,28.0,12.0,33.0
2025-10-14,JPM,0.20278186832687686,35.0,18.0,10.0,7.0,0.820047037090574,0.4928780274199588,0.2900961590930819,0.21702581127839427,0.1773549070645171,88.0,40.0,16.0,32.0
2025-10-15,JPM,0.23535613813014192,44.0,21.0,11.0,12.0,0.8463826552033424,0.48250263573771174,0.24714649760756977,0.27035086819986726,0.24057884505123203,116.0,56.0,24.0,36.0
2025-10-16,JPM,0.2957595349806878,27.0,13.0,5.0,9.0,0.8569634611959811,0.48848036911200593,0.19272083413131808,0.3187987912722207,0.2446325138125689,106.0,52.0,26.0,28.0
2025-10-17,JPM,-0.08408477992440264,30.0,10.0,12.0,8.0,0.8748060067494711,0.3286854290092985,0.41277020893370114,0.25854436401277775,0.14901029772880905,101.0,44.0,28.0,29.0
2025-10-20,JPM,0.33982679021677803,14.0,8.0,3.0,3.0,0.8612292919840131,0.5514505800258901,0.211623789809112,0.2369256329589656,0.18383384842435446,71.0,31.0,20.0,20.0
2025-10-21,JPM,0.1291881539643957,13.0,4.0,2.0,7.0,0.8182434944006113,0.32287356042518056,0.19368540646078491,0.48344102501869196,0.12831005475225707,57.0,22.0,17.0,18.0
2025-10-22,JPM,0.15237435040762648,16.0,5.0,4.0,7.0,0.810149434953928,0.36142355139600113,0.20904920098837462,0.42952723358757794,0.20712976486293344,43.0,17.0,9.0,17.0
2025-10-23,JPM,0.10208338371625073,19.0,5.0,4.0,10.0,0.8515640779545433,0.32048359459364095,0.21840021087739023,0.4611162027638209,0.127881962696091,48.0,14.0,10.0,24.0
2025-10-24,JPM,-0.1920856607279607,7.0,1.0,3.0,3.0,0.7018291524478367,0.18761621495442732,0.37970187568238795,0.4326819181442261,0.02079069113197222,42.0,11.0,11.0,20.0
2025-10-27,JPM,0.42991004856303333,10.0,5.0,0.0,5.0,0.8207198262214661,0.4565599139779806,0.02664986541494723,0.5167902246117592,0.11330259051710784,36.0,11.0,7.0,18.0
2025-10-28,JPM,0.10228466363623737,10.0,3.0,2.0,5.0,0.7338025450706482,0.33563949270173904,0.23335482906550165,0.4310056760907173,0.11336968382377005,27.0,9.0,5.0,13.0
2025-10-29,JPM,0.29687191732227797,7.0,2.0,0.0,5.0,0.88632013968059,0.31561898227248875,0.01874706495021067,0.6656339402709689,0.2763555431738496,27.0,10.0,2.0,15.0
2025-10-30,JPM,0.30749796773307025,12.0,7.0,2.0,3.0,0.8204582134882609,0.4902774415289362,0.18277947379586593,0.3269430892542004,0.2355515162305286,29.0,12.0,4.0,13.0
2025-10-31,JPM,0.3790152025098602,15.0,8.0,1.0,6.0,0.8629636963208517,0.49755603323380154,0.11854083072394128,0.38390314063678177,0.32779502918840286,34.0,17.0,3.0,14.0
2025-11-03,JPM,0.35425454843789334,4.0,2.0,0.0,2.0,0.7786267697811127,0.43423226475715637,0.07997771631926293,0.4857899844646454,0.346922572893608,31.0,17.0,3.0,11.0
2025-11-04,JPM,-0.32138378186417477,7.0,1.0,3.0,3.0,0.7814553678035736,0.18904412072151897,0.5104279025856937,0.3005279644525477,0.13729532302785966,26.0,11.0,4.0,11.0
2025-11-05,JPM,0.048379447104202354,9.0,3.0,2.0,4.0,0.7647735741403368,0.3427144341791669,0.2943349870749646,0.3629505570150084,0.027083404559307033,20.0,6.0,5.0,9.0
2025-11-06,JPM,0.2828099385702184,14.0,6.0,2.0,6.0,0.8624337954180581,0.4236475152761808,0.1408375767059624,0.4355149007003222,0.0032685346034153997,30.0,10.0,7.0,13.0
2025-11-07,JPM,0.09099488670472053,8.0,2.0,2.0,4.0,0.8479296267032623,0.3507673584390431,0.25977247173432255,0.3894601718056947,0.14072809079304716,31.0,11.0,6.0,14.0
2025-11-10,JPM,0.3207559655420482,6.0,4.0,1.0,1.0,0.7511375745137533,0.4930188224340479,0.17226285689199958,0.33471833541989326,0.23152026360566244,28.0,12.0,5.0,11.0
2025-11-11,JPM,0.1655386292303984,13.0,1.0,0.0,12.0,0.8459832668304443,0.19536746522554982,0.0298288359951514,0.7748037121043756,0.19242982715905577,27.0,7.0,3.0,17.0
2025-11-12,JPM,0.30429920218394774,19.0,9.0,2.0,8.0,0.7759357424158799,0.385753099365454,0.08145389718150617,0.5327929991640543,0.26353126565213153,38.0,14.0,3.0,21.0
2025-11-13,JPM,0.2928862458560616,20.0,11.0,3.0,6.0,0.7973931133747101,0.4680269665084779,0.17514072065241632,0.3568322929553688,0.25424135909013595,52.0,21.0,5.0,26.0
2025-11-14,JPM,0.42004031118833357,9.0,3.0,0.0,6.0,0.8100797235965729,0.4450172293517325,0.024976918163398854,0.5300058420333598,0.33907525307611436,48.0,23.0,5.0,20.0
2025-11-17,JPM,-0.24728951390300485,7.0,0.0,3.0,4.0,0.8126277242388044,0.11883198323526548,0.3661214971382703,0.5150465292057821,0.15521234771379686,36.0,14.0,6.0,16.0
2025-11-18,JPM,0.3221800547093153,10.0,5.0,1.0,4.0,0.8523904085159302,0.44989102678373455,0.12771097207441923,0.42239800821989776,0.1649769506648814,26.0,8.0,4.0,14.0
2025-11-19,JPM,0.18714274337980896,12.0,6.0,3.0,3.0,0.8331190397342046,0.4526895375844712,0.2655467942046622,0.281763668016841,0.08734442806203989,29.0,11.0,7.0,11.0
2025-11-20,JPM,-0.05623316876590254,10.0,4.0,4.0,2.0,0.8622792899608612,0.3472200618125498,0.40345323057845234,0.24932670835405585,0.151029876441074,32.0,15.0,8.0,9.0
2025-11-21,JPM,0.18496440099552275,10.0,3.0,1.0,6.0,0.7240915894508362,0.35398827269673344,0.1690238717012107,0.4769878642633557,0.10529132520314315,32.0,13.0,8.0,11.0
2025-11-24,JPM,-0.2387658015896495,13.0,3.0,7.0,3.0,0.9042028142855718,0.2457754181411404,0.48454121973078984,0.2696833581878588,-0.036678189786676356,33.0,10.0,12.0,11.0
2025-11-25,JPM,0.0812326106760237,9.0,5.0,4.0,0.0,0.8058617777294583,0.5163002517074347,0.43506764103141093,0.04863208842774228,0.00914373669396573,32.0,11.0,12.0,9.0
2025-11-26,JPM,0.2739973958315594,14.0,7.0,3.0,4.0,0.8235822830881391,0.4989998240822127,0.22500242825065336,0.2759977536542075,0.03882140163931128,36.0,15.0,14.0,7.0
2025-11-28,JPM,-0.09300172247458251,8.0,1.0,3.0,4.0,0.7699972614645958,0.23054662288632238,0.32354834536090493,0.4459050272125751,0.08740942801100028,31.0,13.0,10.0,8.0
2025-12-01,JPM,-0.04182469993829725,5.0,2.0,3.0,0.0,0.802243834733963,0.3913327943533659,0.43315749429166317,0.1755097188055515,0.04639032447289329,27.0,10.0,9.0,8.0
2025-12-02,JPM,0.1419232906773686,12.0,4.0,3.0,5.0,0.8228336572647095,0.36836081254296005,0.22643752186559138,0.40520165286337334,0.0023656227548296918,25.0,7.0,9.0,9.0
2025-12-03,JPM,-0.24836726894136518,8.0,1.0,4.0,3.0,0.8462762534618378,0.19972524838522074,0.44809251732658595,0.3521822507027536,-0.04942289273409787,25.0,7.0,10.0,8.0
2025-12-04,JPM,-0.1458871915237978,8.0,1.0,3.0,4.0,0.7897221520543098,0.1817624241812154,0.3276496157050132,0.49058796907775104,-0.08411038992926473,28.0,6.0,10.0,12.0
2025-12-05,JPM,0.21102653164416552,10.0,5.0,2.0,3.0,0.7614247411489486,0.47024232894182205,0.25921579729765654,0.27054186351597304,-0.061075976273665754,26.0,7.0,9.0,10.0
2025-12-08,JPM,0.1378591126948595,25.0,9.0,3.0,13.0,0.7503449511528015,0.33413697969168416,0.1962778669968247,0.4695851454138756,0.06766615093840914,43.0,15.0,8.0,20.0
2025-12-09,JPM,0.20267713248419264,12.0,4.0,1.0,7.0,0.8629997173945109,0.30466033254439634,0.10198320006020362,0.5933564721296231,0.18385425894107263,47.0,18.0,6.0,23.0
2025-12-10,JPM,-0.2543134271082553,22.0,4.0,11.0,7.0,0.8362405814907767,0.22868223543363533,0.4829956625418907,0.288322114216333,0.028740939356932376,59.0,17.0,15.0,27.0
2025-12-11,JPM,0.050375390176971735,12.0,2.0,3.0,7.0,0.8426803102095922,0.2802009997734179,0.22982560959644613,0.4899733889227112,-0.0004203014823635591,46.0,10.0,15.0,21.0
2025-12-12,JPM,0.3593789076898247,20.0,7.0,1.0,12.0,0.8510404720902442,0.419242122862488,0.05986321517266328,0.5208946446888149,0.05181362358618047,54.0,13.0,15.0,26.0
2025-12-15,JPM,0.22298412253370592,21.0,6.0,2.0,13.0,0.8204510297094073,0.339708613032209,0.116724490498503,0.5435668908591781,0.21091280680016755,53.0,15.0,6.0,32.0
2025-12-16,JPM,0.15547153065827757,11.0,3.0,2.0,6.0,0.8397269628264687,0.3339040333574468,0.17843250269916922,0.4876634449782697,0.24594485362726948,52.0,16.0,5.0,31.0
2025-12-17,JPM,-0.22792742121964693,20.0,0.0,6.0,14.0,0.8753014802932739,0.07970633544027803,0.30763375665992493,0.6126599022187292,0.05017607732411226,52.0,9.0,10.0,33.0
2025-12-18,JPM,0.13447468644498206,38.0,10.0,6.0,22.0,0.9018383888821853,0.28843392934160006,0.15395924289661797,0.5576068240855085,0.020672931961204306,69.0,13.0,14.0,42.0
2025-12-19,JPM,0.14495308070909232,20.0,9.0,5.0,6.0,0.7944171816110611,0.41061046719551086,0.2656573864864185,0.32373214382678267,0.01716678197814256,78.0,19.0,17.0,42.0
2025-12-22,JPM,0.16699836341043311,15.0,2.0,1.0,12.0,0.8640450517336528,0.24271667400995886,0.07571831059952573,0.6815650215993325,0.14880871018816924,73.0,21.0,12.0,40.0
2025-12-23,JPM,0.1581771874559983,31.0,8.0,3.0,20.0,0.8359309348367876,0.2689640952814971,0.11078690782549878,0.6202489956612548,0.156709543858508,66.0,19.0,9.0,38.0
2025-12-24,JPM,0.11071788525829711,15.0,4.0,4.0,7.0,0.7768322428067526,0.36184754415104786,0.2511296588927507,0.38702280086775614,0.14529781204157624,61.0,14.0,8.0,39.0
2025-12-26,JPM,-0.15146386002500853,6.0,1.0,2.0,3.0,0.9082418282826742,0.17543305084109304,0.32689691086610156,0.49767004791647196,0.03914373756309569,52.0,13.0,9.0,30.0
2025-12-29,JPM,0.02027248373876017,3.0,0.0,0.0,3.0,0.9124133586883545,0.053929579754670394,0.033657096015910264,0.9124133586883545,-0.006824497009317015,24.0,5.0,6.0,13.0
2025-12-30,JPM,0.07573002537614419,19.0,2.0,3.0,14.0,0.8139034682198575,0.18689309550743352,0.11116307013128929,0.7019438583795962,-0.018487116970034658,28.0,3.0,5.0,20.0
2025-12-31,JPM,0.002126207043017639,14.0,1.0,3.0,10.0,0.8512047614370074,0.14462268339203935,0.14249647634902168,0.7128808586192983,0.03270957205264074,36.0,3.0,6.0,27.0
2026-01-02,JPM,0.22409799814756423,7.0,2.0,0.0,5.0,0.8806489195142474,0.30367702298930704,0.07957902484174283,0.6167439381991114,0.10065141018890876,40.0,5.0,6.0,29.0
2026-01-05,JPM,0.04999303844136493,30.0,2.0,2.0,26.0,0.8912425140539805,0.13085618300052976,0.0808631445591648,0.7882806589826942,0.09207241454398234,51.0,5.0,5.0,41.0
2026-01-06,JPM,0.3443163155080301,58.0,21.0,0.0,37.0,0.8588406217509302,0.371217160774716,0.026900845266685874,0.6018819901128781,0.20613578403231983,95.0,25.0,2.0,68.0
2026-01-07,JPM,0.21323263111778276,11.0,2.0,0.0,9.0,0.8887367031790994,0.2321730047803033,0.0189403736625205,0.74888662756844,0.20251399502239265,99.0,25.0,2.0,72.0
2026-01-08,JPM,0.0,0.0,0.0,0.0,0.0,0.0,0.0,0.0,0.0,0.185849648875271,69.0,23.0,0.0,46.0
2026-01-09,JPM,0.22283467766828835,28.0,7.0,4.0,17.0,0.7887797238571304,0.3496084692222731,0.12677379155398474,0.523617726950241,0.14535576959535712,39.0,9.0,4.0,26.0
2026-01-12,JPM,-0.09427841915749015,58.0,15.0,23.0,20.0,0.8628824687209623,0.2814411269661424,0.3757195461236325,0.34283932847581033,0.042852086170266146,86.0,22.0,27.0,37.0
2026-01-13,JPM,-0.24320703106379862,59.0,11.0,27.0,21.0,0.8638371279684164,0.2195645725843891,0.4627716036481877,0.31766382011316585,-0.0382169241843334,145.0,33.0,54.0,58.0
2026-01-14,JPM,-0.18081903437120936,59.0,16.0,28.0,15.0,0.8471885641752663,0.29060524297972856,0.4714242773509379,0.23797047619660525,-0.17276816153083263,176.0,42.0,78.0,56.0
2026-01-15,JPM,0.09372548501500311,51.0,23.0,16.0,12.0,0.8405744602867201,0.4106968024782106,0.3169713174632074,0.272331881355129,-0.11010019347333488,169.0,50.0,71.0,48.0
2026-01-16,JPM,0.25386661065139754,34.0,16.0,7.0,11.0,0.8472071605570176,0.45285004410235313,0.19898343345095562,0.3481665105723282,0.055591020431730497,144.0,55.0,51.0,38.0
2026-01-20,JPM,0.2740766418698643,14.0,5.0,1.0,8.0,0.8250286664281573,0.3893869748072964,0.11531033293743213,0.4953027005706514,0.20722291251208835,99.0,44.0,24.0,31.0
2026-01-21,JPM,-0.16041216981552897,21.0,7.0,10.0,4.0,0.7351106405258179,0.26302071767193924,0.42343288748746827,0.31354639821109315,0.12251036090191102,69.0,28.0,18.0,23.0
2026-01-22,JPM,0.21734459539099285,24.0,10.0,4.0,10.0,0.8415789231657982,0.41068022379962105,0.19333562840862817,0.3959841438724349,0.11033635581510948,59.0,22.0,15.0,22.0
2026-01-23,JPM,-0.03306214869471974,58.0,23.0,25.0,10.0,0.8730720589900839,0.3840969646076575,0.41715911330237726,0.1987439192317683,0.00795675896024812,103.0,40.0,39.0,24.0
2026-01-26,JPM,0.09900547247380016,5.0,2.0,1.0,2.0,0.8575124144554138,0.3103624889627098,0.21135701648890967,0.4782804735004901,0.0944293063900245,87.0,35.0,30.0,22.0
2026-01-27,JPM,0.28943328504365956,11.0,5.0,2.0,4.0,0.7072566558014263,0.42368900775909424,0.13425572271543468,0.44205527126111765,0.11845886960758008,74.0,30.0,28.0,16.0
2026-01-28,JPM,0.3801986066839443,13.0,6.0,1.0,6.0,0.7963742201144879,0.4822575948559321,0.10205898817198776,0.4156834160765776,0.2562124547338014,29.0,13.0,4.0,12.0
2026-01-29,JPM,0.20276114899157124,22.0,8.0,4.0,10.0,0.8010430796579882,0.3959934188222343,0.19323226983066305,0.4107743052088402,0.2907976802397251,46.0,19.0,7.0,20.0
2026-01-30,JPM,-0.2427971238891284,12.0,2.0,5.0,5.0,0.8861342867215475,0.1617618301728119,0.4045589540619403,0.4336792106429735,0.11338754392879578,47.0,16.0,10.0,21.0
2026-02-02,JPM,-0.1296966639770703,11.0,2.0,5.0,4.0,0.786229745908217,0.2547279330478473,0.3844245970249176,0.3608474799177863,-0.056577546291542415,45.0,12.0,14.0,19.0
2026-02-03,JPM,0.1206392032909207,16.0,8.0,4.0,4.0,0.7794256042689085,0.4049173269886523,0.28427812369773164,0.3108045584522187,-0.08395152819175926,39.0,12.0,14.0,13.0
2026-02-04,JPM,0.20610012792583018,7.0,2.0,1.0,4.0,0.7618475386074611,0.32108683724488524,0.11498670931905504,0.5639264407966819,0.0656808890798936,34.0,12.0,10.0,12.0
2026-02-05,JPM,0.4333092258311808,8.0,4.0,0.0,4.0,0.8275786489248276,0.46625767881050706,0.032948452979326186,0.5007938873022795,0.2533495190159773,31.0,14.0,5.0,12.0
2026-02-06,JPM,-0.006716286215712042,17.0,7.0,7.0,3.0,0.7107745391481063,0.39954318643054537,0.40625947264625745,0.1941973426762749,0.21089768918043306,32.0,13.0,8.0,11.0
2026-02-09,JPM,0.004168780054897058,10.0,2.0,2.0,6.0,0.767849200963974,0.2594660663977265,0.25529728634282944,0.4852366613224149,0.143587239890122,35.0,13.0,9.0,13.0
2026-02-10,JPM,0.006082315929234007,16.0,3.0,5.0,8.0,0.7980372346937656,0.286906284338329,0.2808239684090949,0.43226973386481404,0.0011782699228064149,43.0,12.0,14.0,17.0
2026-02-11,JPM,-0.24358034046257243,17.0,3.0,8.0,6.0,0.810942341299618,0.20529764961889563,0.44887799008146806,0.3458243567934807,-0.07777641482614704,43.0,8.0,15.0,20.0
2026-02-12,JPM,0.06237536005210132,8.0,2.0,2.0,4.0,0.8472665101289749,0.30308082117699087,0.2407054611248895,0.45621369010768825,-0.05837422149374563,41.0,8.0,15.0,18.0
2026-02-13,JPM,0.1159499017521739,18.0,6.0,5.0,7.0,0.7987473011016846,0.37667714499144084,0.26072724323926694,0.36259560887184406,-0.021751692886099,43.0,11.0,15.0,17.0
2026-02-17,JPM,0.1159313233155343,9.0,3.0,2.0,4.0,0.8987591730223762,0.34982251893315053,0.23389119561761612,0.4162862961077028,0.0980855283732699,35.0,11.0,9.0,15.0
2026-02-18,JPM,0.4040587271696755,14.0,7.0,0.0,7.0,0.8338039474827903,0.46255363417523243,0.05849490700555694,0.47895144910684656,0.21197998407912796,41.0,16.0,7.0,18.0
2026-02-19,JPM,0.35362435167874484,17.0,9.0,3.0,5.0,0.8193156543899985,0.5339238588040804,0.18029950712533552,0.285776630810955,0.2912048007213183,40.0,19.0,5.0,16.0
2026-02-20,JPM,-0.39426239175372757,16.0,3.0,10.0,3.0,0.8739087730646133,0.1749060956644825,0.5691684874182101,0.255925438250415,0.12114022903156431,47.0,19.0,13.0,15.0
2026-02-23,JPM,-0.21227216416349012,15.0,2.0,6.0,7.0,0.8369795441627502,0.21415884569287297,0.4264310098563631,0.35941015407443044,-0.08430340141282422,48.0,14.0,19.0,15.0
2026-02-24,JPM,-0.1568925839814323,27.0,7.0,13.0,7.0,0.8386390992888698,0.2768270614798422,0.4337196454612745,0.2894533084774458,-0.25447571329954993,58.0,12.0,29.0,17.0
2026-02-25,JPM,-0.0365331794321537,25.0,5.0,6.0,14.0,0.8200214433670044,0.22983287680894132,0.26636605624109505,0.5038010737299919,-0.13523264252569198,67.0,14.0,25.0,28.0
2026-02-26,JPM,-0.2845375985623552,13.0,1.0,6.0,6.0,0.8322820984400235,0.14396891391907743,0.4285065124814327,0.42752457768298113,-0.159321120658647,65.0,13.0,25.0,27.0
2026-02-27,JPM,0.14650808933324047,14.0,4.0,1.0,9.0,0.8049800992012024,0.2750887590726571,0.12858066973941665,0.5963305865547487,-0.0581875628870894,52.0,10.0,13.0,29.0
2026-03-02,JPM,0.3214283987449912,13.0,6.0,1.0,6.0,0.7580702602863312,0.4352347945364622,0.11380639579147098,0.4509588322387292,0.0611329631719589,40.0,11.0,8.0,21.0
2026-03-03,JPM,-0.012489873605469859,24.0,8.0,7.0,9.0,0.8494978795448939,0.2943754812004044,0.30686535480587435,0.3987591605788718,0.15181553815758733,51.0,18.0,9.0,24.0
2026-03-04,JPM,-0.24008000983546177,15.0,1.0,5.0,9.0,0.782341202100118,0.12196827090034876,0.3620482807358105,0.5159834437072277,0.022952838434686613,52.0,15.0,13.0,24.0
2026-03-05,JPM,0.05418074941810437,17.0,4.0,3.0,10.0,0.8529563931857839,0.24301577359437937,0.188835024176275,0.5681491900673684,-0.06612971134094232,56.0,13.0,15.0,28.0
2026-03-06,JPM,-0.17108853006114563,18.0,2.0,8.0,8.0,0.8049794220262103,0.21725319501840404,0.38834172507954967,0.3944050687779155,-0.1189959301595009,50.0,7.0,16.0,27.0
2026-03-09,JPM,-0.07584170556316774,15.0,4.0,5.0,6.0,0.7679381469885508,0.2825915316740672,0.35843323723723486,0.35897522456943987,-0.0642498287354029,50.0,10.0,16.0,24.0
2026-03-10,JPM,0.001189505319214509,18.0,5.0,5.0,8.0,0.8674900730450948,0.2758904655670954,0.2747009602478808,0.4494085777550936,-0.0819135767683662,51.0,11.0,18.0,22.0
2026-03-11,JPM,0.05710855108576224,34.0,10.0,9.0,15.0,0.8301932390998391,0.3147331868736621,0.25762463578789985,0.4276421688058797,-0.005847883052730231,67.0,19.0,19.0,29.0
2026-03-12,JPM,-0.14985090064874385,32.0,5.0,11.0,16.0,0.8678211718797684,0.21533867069229012,0.365189571341034,0.4194717581849545,-0.030517614747922264,84.0,20.0,25.0,39.0
2026-03-13,JPM,-0.3816325494699413,32.0,5.0,19.0,8.0,0.8584168776869774,0.16635162681632207,0.5479841762862634,0.28566420002607623,-0.15812496634430753,98.0,20.0,39.0,39.0
2026-03-16,JPM,0.13217234831037264,14.0,3.0,1.0,10.0,0.879094626222338,0.22673313745430534,0.09456078914393269,0.6787060791892665,-0.13310370060277077,78.0,13.0,31.0,34.0
2026-03-17,JPM,-0.08917748292341181,23.0,6.0,9.0,8.0,0.8068615275880565,0.287629360049639,0.37680684297305084,0.3355638025247532,-0.11287922802766005,69.0,14.0,29.0,26.0
2026-03-18,JPM,-0.04307318900504875,18.0,5.0,6.0,7.0,0.8337642616695828,0.3051459707267996,0.3482191597318483,0.34663487230944967,-2.610787269588059e-05,55.0,14.0,16.0,25.0
2026-03-19,JPM,-0.17209059762535617,24.0,2.0,8.0,14.0,0.8475218440095583,0.16668319401408851,0.3387737916394447,0.4945430016765992,-0.10144708985127215,65.0,13.0,23.0,29.0
2026-03-20,JPM,-0.3114674049632057,23.0,2.0,12.0,9.0,0.8215400524761366,0.16721662146079797,0.4786840264240037,0.3540993626836849,-0.17554373053120345,65.0,9.0,26.0,30.0
2026-03-23,JPM,0.12139957338910211,11.0,4.0,3.0,4.0,0.8810514320026744,0.39120762947608123,0.2698080560869791,0.3389842985197901,-0.12071947639981982,58.0,8.0,23.0,27.0
2026-03-24,JPM,0.18621841906569897,20.0,10.0,5.0,5.0,0.8665773779153824,0.44667411157861353,0.2604556925129145,0.2928702064789831,-0.0012831375028014385,54.0,16.0,20.0,18.0
2026-03-25,JPM,0.14811114594340322,16.0,6.0,4.0,6.0,0.7386217582970858,0.36951259756460786,0.2214014516212046,0.4090859304415062,0.15190971279940155,47.0,20.0,12.0,15.0
2026-03-26,JPM,0.4244852389674634,14.0,9.0,2.0,3.0,0.826027682849339,0.6074116241652519,0.18292638519778845,0.20966198335268665,0.2529382679921886,50.0,25.0,11.0,14.0
2026-03-27,JPM,0.21769782370361296,23.0,9.0,4.0,10.0,0.8276655803556028,0.40626973630455526,0.18857191260094225,0.4051583524712402,0.26343140287149325,53.0,24.0,10.0,19.0
2026-03-30,JPM,-0.19460797660133763,23.0,5.0,10.0,8.0,0.8703728097936382,0.26055752095239965,0.45516549755373725,0.28427698220247805,0.1491916953565797,60.0,23.0,16.0,21.0
2026-03-31,JPM,0.20227806589958308,38.0,19.0,9.0,10.0,0.8047796872101332,0.44761750491728125,0.2453394390176981,0.3070430490433385,0.07512263766728625,84.0,33.0,23.0,28.0
2026-04-01,JPM,0.04407360734573256,24.0,11.0,9.0,4.0,0.8446403915683428,0.4168408625215913,0.37276725517585874,0.21039188505771256,0.017247898881326114,85.0,35.0,28.0,22.0
2026-04-02,JPM,-0.01203878750093284,20.0,4.0,4.0,12.0,0.8344223499298096,0.21547860237769778,0.22751738987863063,0.5570039998274297,0.07810429524812772,82.0,34.0,22.0,26.0
2026-04-06,JPM,-0.2589097415859049,33.0,6.0,14.0,13.0,0.7980220968073065,0.18379660089020475,0.4427063424761097,0.37349705635146657,-0.07562497391370161,77.0,21.0,27.0,29.0
2026-04-07,JPM,-0.06454832455477653,39.0,10.0,16.0,13.0,0.8249573470690311,0.30779431822399295,0.3723426427787695,0.31986306068033743,-0.11183228454720466,92.0,20.0,34.0,38.0
2026-04-08,JPM,0.25212978354344767,6.0,3.0,2.0,1.0,0.8558706343173981,0.5284197564857701,0.27628997294232244,0.19529027988513306,-0.023776094199077818,78.0,19.0,32.0,27.0
2026-04-09,JPM,0.15396529100835324,5.0,2.0,0.0,3.0,0.6666950404644012,0.27417464256286617,0.12020935155451293,0.6056160211563111,0.11384891666567491,50.0,15.0,18.0,17.0
2026-04-10,JPM,0.1985612110234797,20.0,8.0,6.0,6.0,0.8018189027905465,0.4446075895335525,0.24604637851007277,0.30934601919725535,0.20155209519176032,31.0,13.0,8.0,10.0
2026-04-13,JPM,-0.05327590883654708,34.0,8.0,8.0,18.0,0.8137011843569139,0.24319466189755232,0.2964705707340994,0.46033475739771823,0.09975019773176207,59.0,18.0,14.0,27.0
2026-04-14,JPM,0.2016650362489506,78.0,37.0,16.0,25.0,0.8330979316662519,0.44845996640670377,0.24679493015775308,0.3047451086413975,0.11565011281196118,132.0,53.0,30.0,49.0
2026-04-15,JPM,0.3343225139773117,53.0,28.0,9.0,16.0,0.8498831042703593,0.5258922781619542,0.19156976418464247,0.28253794916606734,0.16090388046323853,165.0,73.0,33.0,59.0
2026-04-16,JPM,0.21138759716241448,27.0,11.0,4.0,12.0,0.8406115704112582,0.3777973200711938,0.1664097229087794,0.45579296074531694,0.24912504912955905,158.0,76.0,29.0,53.0
2026-04-17,JPM,0.06687991027892738,27.0,8.0,4.0,15.0,0.822862962881724,0.2954333423533373,0.22855343207440992,0.47601322560674614,0.20419667380621798,107.0,47.0,17.0,43.0
2026-04-20,JPM,0.16277012854282344,14.0,6.0,3.0,5.0,0.797794697540147,0.3846494225519043,0.22187929400908094,0.39347129754189936,0.14701254532805522,68.0,25.0,11.0,32.0
2026-04-21,JPM,0.4624283943099506,33.0,21.0,3.0,9.0,0.7908121311303341,0.5731671440104643,0.11073874970051373,0.3160941192710941,0.23069281104390058,74.0,35.0,10.0,29.0
2026-04-22,JPM,0.3352623766507296,17.0,10.0,2.0,5.0,0.7710966906126808,0.5262242911164375,0.19096191446570787,0.28281379852663063,0.3201536331678347,64.0,37.0,8.0,19.0
2026-04-23,JPM,0.06246905950829386,20.0,4.0,4.0,12.0,0.820197443664074,0.28907155650667843,0.22660249699838456,0.48432596046477555,0.2867199434896581,70.0,35.0,9.0,26.0
2026-04-24,JPM,-0.10662795895371922,22.0,6.0,9.0,7.0,0.8338364511728287,0.28414965094998473,0.390777609903704,0.3250727402046322,0.0970344924017682,59.0,20.0,15.0,24.0
2026-04-27,JPM,-0.1461356507747301,14.0,4.0,6.0,4.0,0.7021149758781705,0.26866227780867896,0.4147979285834091,0.31653978609080824,-0.06343151674005171,56.0,14.0,19.0,23.0
2026-04-28,JPM,0.11325716231173526,24.0,6.0,4.0,14.0,0.7949203091363112,0.2940253485770275,0.18076818626529223,0.5252064627129585,-0.04650214913890457,60.0,16.0,19.0,25.0
2026-04-29,JPM,0.02588765768450685,16.0,6.0,7.0,3.0,0.8114687763154507,0.39565153396688396,0.36976387628237717,0.23458458646200592,-0.0023302769261625508,54.0,16.0,17.0,21.0
2026-04-30,JPM,-0.028299278393387823,20.0,4.0,6.0,10.0,0.7927441909909249,0.27403918011114,0.3023384585045278,0.4236223745159805,0.03694851386761821,60.0,16.0,17.0,27.0
2026-05-01,JPM,0.31201172362153345,13.0,6.0,2.0,5.0,0.8265556280429547,0.448562706892307,0.13655098327077347,0.4148863251679219,0.1032000343042176,49.0,16.0,15.0,18.0
2026-05-04,JPM,0.16853201569368442,15.0,6.0,2.0,7.0,0.7659584760665894,0.3654554528494676,0.19692343715578312,0.4376210985084375,0.15074815364061012,48.0,16.0,10.0,22.0
2026-05-05,JPM,0.09158623836934565,25.0,7.0,5.0,13.0,0.8104551792144775,0.32172043062746525,0.23013419225811954,0.44814537283033135,0.1907099925615213,53.0,19.0,9.0,25.0
2026-05-06,JPM,0.24116751702968028,16.0,6.0,1.0,9.0,0.8016702067106962,0.3421539328992366,0.10098641586955633,0.5568596555385739,0.16709525703090355,56.0,19.0,8.0,29.0
2026-05-07,JPM,0.1110883350872124,24.0,7.0,5.0,12.0,0.8207204888264338,0.31039273859156913,0.19930440350435671,0.4903028587189813,0.14794736349541288,65.0,20.0,11.0,34.0
2026-05-08,JPM,-0.16687537419299284,21.0,4.0,7.0,10.0,0.8425376897766477,0.20225324419637516,0.369128618389368,0.42861814477613996,0.06179349264130004,61.0,17.0,13.0,31.0
2026-05-11,JPM,-0.14313658987659783,21.0,5.0,7.0,9.0,0.8124640683333079,0.2075463783528123,0.35068296822941014,0.44177063563395114,-0.06630787632745934,66.0,16.0,19.0,31.0
2026-05-12,JPM,0.06323649027549166,34.0,10.0,7.0,17.0,0.8312398326747558,0.2815490491304765,0.21831255885498485,0.500138384728309,-0.08225849126469958,76.0,19.0,21.0,36.0
2026-05-13,JPM,0.15666172320121213,38.0,14.0,8.0,16.0,0.8148943366188752,0.359024205416637,0.20236248221542488,0.43861332320069013,0.025587207866702082,93.0,29.0,22.0,42.0
2026-05-14,JPM,-0.14784412242472172,25.0,1.0,8.0,16.0,0.8281178259849549,0.155348583292216,0.30319270571693774,0.5414586938172579,0.024018030350660784,97.0,25.0,23.0,49.0
2026-05-15,JPM,0.0501780669670552,20.0,8.0,8.0,4.0,0.8008634254336358,0.383941410202533,0.33376334323547774,0.2822952525690198,0.019665222581181963,83.0,23.0,24.0,36.0
2026-05-18,JPM,-0.05062118037848882,19.0,7.0,5.0,7.0,0.7573218784834209,0.3130352449799446,0.3636564253584334,0.3233083339506074,-0.04942907861205168,64.0,16.0,21.0,27.0
2026-05-19,JPM,-0.019882199975351508,21.0,5.0,7.0,9.0,0.8074259403206053,0.28627983587128775,0.3061620358466392,0.4075581315195277,-0.006775104462261614,60.0,20.0,20.0,20.0
2026-05-20,JPM,0.19443534679400423,18.0,6.0,4.0,8.0,0.7740500287877189,0.3963610824559712,0.2019257356619669,0.4017131796313656,0.04131065548005473,58.0,18.0,16.0,24.0
2026-05-21,JPM,-0.03707387095450292,28.0,7.0,10.0,11.0,0.7652148136070797,0.2901141835110527,0.3271880544655557,0.3826977617905608,0.04582642528805003,67.0,18.0,21.0,28.0
2026-05-22,JPM,-0.02545875168982003,21.0,6.0,6.0,9.0,0.8279364023889814,0.2903871740702362,0.31584592576005627,0.39376690575764295,0.04396757471656052,67.0,19.0,20.0,28.0
2026-05-26,JPM,0.30060649084459456,14.0,7.0,0.0,7.0,0.7426882854529789,0.4440966797992587,0.1434901889546641,0.4124131250594343,0.0793579560667573,63.0,20.0,16.0,27.0
2026-05-27,JPM,-0.035559154538945724,22.0,6.0,8.0,8.0,0.8049946400252256,0.3114580987444655,0.34701725328341126,0.3415246502157639,0.07986286153860969,57.0,19.0,14.0,24.0
2026-05-28,JPM,-0.043549823050852865,24.0,6.0,9.0,9.0,0.7786474240322908,0.30538843172447133,0.3489382547753242,0.3456733056809753,0.07383250441826543,60.0,19.0,17.0,24.0
2026-05-29,JPM,0.4037030419773039,17.0,8.0,1.0,8.0,0.8112697303295135,0.5026494284324786,0.09894638645517471,0.39840417530606775,0.10819802146250186,63.0,20.0,18.0,25.0
2026-06-01,JPM,0.2541306419298053,13.0,7.0,3.0,3.0,0.8183534970650306,0.49644759032302177,0.24231694839321644,0.261235449104928,0.20476128695208554,54.0,21.0,13.0,20.0
2026-06-02,JPM,-0.0941305169835687,7.0,0.0,2.0,5.0,0.7571410451616559,0.19634642212518622,0.2904769391087549,0.5131766184100083,0.18790105564118023,37.0,15.0,6.0,16.0
2026-06-03,JPM,0.20545601886179712,9.0,4.0,2.0,3.0,0.8599941200680203,0.43714867801302004,0.23169265915122297,0.331158648762438,0.121818714602678,29.0,11.0,7.0,11.0
2026-06-04,JPM,0.1562223452526857,17.0,8.0,5.0,4.0,0.795060057850445,0.4434919312651105,0.28726958601242475,0.26923848546164875,0.0891826157103048,33.0,12.0,9.0,12.0
2026-06-05,JPM,0.31688291722509476,28.0,10.0,3.0,15.0,0.7995656632951328,0.4287655674519816,0.11188265022688673,0.4593517759016582,0.22618709377985927,54.0,22.0,10.0,22.0
2023-09-12,LLY,0.0,0.0,0.0,0.0,0.0,0.0,0.0,0.0,0.0,0.0,0.0,0.0,0.0,0.0
2023-09-13,LLY,0.0,0.0,0.0,0.0,0.0,0.0,0.0,0.0,0.0,0.0,0.0,0.0,0.0,0.0
2023-09-14,LLY,0.0,0.0,0.0,0.0,0.0,0.0,0.0,0.0,0.0,0.0,0.0,0.0,0.0,0.0
2023-09-15,LLY,0.0,0.0,0.0,0.0,0.0,0.0,0.0,0.0,0.0,0.0,0.0,0.0,0.0,0.0
2023-09-18,LLY,0.0,0.0,0.0,0.0,0.0,0.0,0.0,0.0,0.0,0.0,0.0,0.0,0.0,0.0
2023-09-19,LLY,0.0,0.0,0.0,0.0,0.0,0.0,0.0,0.0,0.0,0.0,0.0,0.0,0.0,0.0
2023-09-20,LLY,0.0,0.0,0.0,0.0,0.0,0.0,0.0,0.0,0.0,0.0,0.0,0.0,0.0,0.0
2023-09-21,LLY,0.0,0.0,0.0,0.0,0.0,0.0,0.0,0.0,0.0,0.0,0.0,0.0,0.0,0.0
2023-09-22,LLY,0.0,0.0,0.0,0.0,0.0,0.0,0.0,0.0,0.0,0.0,0.0,0.0,0.0,0.0
2023-09-25,LLY,0.0,0.0,0.0,0.0,0.0,0.0,0.0,0.0,0.0,0.0,0.0,0.0,0.0,0.0
2023-09-26,LLY,0.0,0.0,0.0,0.0,0.0,0.0,0.0,0.0,0.0,0.0,0.0,0.0,0.0,0.0
2023-09-27,LLY,0.0,0.0,0.0,0.0,0.0,0.0,0.0,0.0,0.0,0.0,0.0,0.0,0.0,0.0
2023-09-28,LLY,0.0,0.0,0.0,0.0,0.0,0.0,0.0,0.0,0.0,0.0,0.0,0.0,0.0,0.0
2023-09-29,LLY,0.0,0.0,0.0,0.0,0.0,0.0,0.0,0.0,0.0,0.0,0.0,0.0,0.0,0.0
2023-10-02,LLY,0.0,0.0,0.0,0.0,0.0,0.0,0.0,0.0,0.0,0.0,0.0,0.0,0.0,0.0
2023-10-03,LLY,0.0,0.0,0.0,0.0,0.0,0.0,0.0,0.0,0.0,0.0,0.0,0.0,0.0,0.0
2023-10-04,LLY,0.0,0.0,0.0,0.0,0.0,0.0,0.0,0.0,0.0,0.0,0.0,0.0,0.0,0.0
2023-10-05,LLY,0.0,0.0,0.0,0.0,0.0,0.0,0.0,0.0,0.0,0.0,0.0,0.0,0.0,0.0
2023-10-06,LLY,0.0,0.0,0.0,0.0,0.0,0.0,0.0,0.0,0.0,0.0,0.0,0.0,0.0,0.0
2023-10-09,LLY,0.0,0.0,0.0,0.0,0.0,0.0,0.0,0.0,0.0,0.0,0.0,0.0,0.0,0.0
2023-10-10,LLY,0.0,0.0,0.0,0.0,0.0,0.0,0.0,0.0,0.0,0.0,0.0,0.0,0.0,0.0
2023-10-11,LLY,0.0,0.0,0.0,0.0,0.0,0.0,0.0,0.0,0.0,0.0,0.0,0.0,0.0,0.0
2023-10-12,LLY,0.0,0.0,0.0,0.0,0.0,0.0,0.0,0.0,0.0,0.0,0.0,0.0,0.0,0.0
2023-10-13,LLY,0.0,0.0,0.0,0.0,0.0,0.0,0.0,0.0,0.0,0.0,0.0,0.0,0.0,0.0
2023-10-16,LLY,0.0,0.0,0.0,0.0,0.0,0.0,0.0,0.0,0.0,0.0,0.0,0.0,0.0,0.0
2023-10-17,LLY,0.0,0.0,0.0,0.0,0.0,0.0,0.0,0.0,0.0,0.0,0.0,0.0,0.0,0.0
2023-10-18,LLY,0.0,0.0,0.0,0.0,0.0,0.0,0.0,0.0,0.0,0.0,0.0,0.0,0.0,0.0
2023-10-19,LLY,0.0,0.0,0.0,0.0,0.0,0.0,0.0,0.0,0.0,0.0,0.0,0.0,0.0,0.0
2023-10-20,LLY,0.0,0.0,0.0,0.0,0.0,0.0,0.0,0.0,0.0,0.0,0.0,0.0,0.0,0.0
2023-10-23,LLY,0.0,0.0,0.0,0.0,0.0,0.0,0.0,0.0,0.0,0.0,0.0,0.0,0.0,0.0
2023-10-24,LLY,0.0,0.0,0.0,0.0,0.0,0.0,0.0,0.0,0.0,0.0,0.0,0.0,0.0,0.0
2023-10-25,LLY,0.0,0.0,0.0,0.0,0.0,0.0,0.0,0.0,0.0,0.0,0.0,0.0,0.0,0.0
2023-10-26,LLY,0.0,0.0,0.0,0.0,0.0,0.0,0.0,0.0,0.0,0.0,0.0,0.0,0.0,0.0
2023-10-27,LLY,0.0,0.0,0.0,0.0,0.0,0.0,0.0,0.0,0.0,0.0,0.0,0.0,0.0,0.0
2023-10-30,LLY,0.0,0.0,0.0,0.0,0.0,0.0,0.0,0.0,0.0,0.0,0.0,0.0,0.0,0.0
2023-10-31,LLY,0.0,0.0,0.0,0.0,0.0,0.0,0.0,0.0,0.0,0.0,0.0,0.0,0.0,0.0
2023-11-01,LLY,0.0,0.0,0.0,0.0,0.0,0.0,0.0,0.0,0.0,0.0,0.0,0.0,0.0,0.0
2023-11-02,LLY,0.0,0.0,0.0,0.0,0.0,0.0,0.0,0.0,0.0,0.0,0.0,0.0,0.0,0.0
2023-11-03,LLY,0.0,0.0,0.0,0.0,0.0,0.0,0.0,0.0,0.0,0.0,0.0,0.0,0.0,0.0
2023-11-06,LLY,0.0,0.0,0.0,0.0,0.0,0.0,0.0,0.0,0.0,0.0,0.0,0.0,0.0,0.0
2023-11-07,LLY,0.0,0.0,0.0,0.0,0.0,0.0,0.0,0.0,0.0,0.0,0.0,0.0,0.0,0.0
2023-11-08,LLY,0.0,0.0,0.0,0.0,0.0,0.0,0.0,0.0,0.0,0.0,0.0,0.0,0.0,0.0
2023-11-09,LLY,0.0,0.0,0.0,0.0,0.0,0.0,0.0,0.0,0.0,0.0,0.0,0.0,0.0,0.0
2023-11-10,LLY,0.0,0.0,0.0,0.0,0.0,0.0,0.0,0.0,0.0,0.0,0.0,0.0,0.0,0.0
2023-11-13,LLY,0.0,0.0,0.0,0.0,0.0,0.0,0.0,0.0,0.0,0.0,0.0,0.0,0.0,0.0
2023-11-14,LLY,0.0,0.0,0.0,0.0,0.0,0.0,0.0,0.0,0.0,0.0,0.0,0.0,0.0,0.0
2023-11-15,LLY,0.0,0.0,0.0,0.0,0.0,0.0,0.0,0.0,0.0,0.0,0.0,0.0,0.0,0.0
2023-11-16,LLY,0.0,0.0,0.0,0.0,0.0,0.0,0.0,0.0,0.0,0.0,0.0,0.0,0.0,0.0
2023-11-17,LLY,0.0,0.0,0.0,0.0,0.0,0.0,0.0,0.0,0.0,0.0,0.0,0.0,0.0,0.0
2023-11-20,LLY,0.0,0.0,0.0,0.0,0.0,0.0,0.0,0.0,0.0,0.0,0.0,0.0,0.0,0.0
2023-11-21,LLY,0.0,0.0,0.0,0.0,0.0,0.0,0.0,0.0,0.0,0.0,0.0,0.0,0.0,0.0
2023-11-22,LLY,0.0,0.0,0.0,0.0,0.0,0.0,0.0,0.0,0.0,0.0,0.0,0.0,0.0,0.0
2023-11-24,LLY,0.0,0.0,0.0,0.0,0.0,0.0,0.0,0.0,0.0,0.0,0.0,0.0,0.0,0.0
2023-11-27,LLY,0.0,0.0,0.0,0.0,0.0,0.0,0.0,0.0,0.0,0.0,0.0,0.0,0.0,0.0
2023-11-28,LLY,0.0,0.0,0.0,0.0,0.0,0.0,0.0,0.0,0.0,0.0,0.0,0.0,0.0,0.0
2023-11-29,LLY,0.0,0.0,0.0,0.0,0.0,0.0,0.0,0.0,0.0,0.0,0.0,0.0,0.0,0.0
2023-11-30,LLY,0.0,0.0,0.0,0.0,0.0,0.0,0.0,0.0,0.0,0.0,0.0,0.0,0.0,0.0
2023-12-01,LLY,0.0,0.0,0.0,0.0,0.0,0.0,0.0,0.0,0.0,0.0,0.0,0.0,0.0,0.0
2023-12-04,LLY,0.0,0.0,0.0,0.0,0.0,0.0,0.0,0.0,0.0,0.0,0.0,0.0,0.0,0.0
2023-12-05,LLY,0.0,0.0,0.0,0.0,0.0,0.0,0.0,0.0,0.0,0.0,0.0,0.0,0.0,0.0
2023-12-06,LLY,0.0,0.0,0.0,0.0,0.0,0.0,0.0,0.0,0.0,0.0,0.0,0.0,0.0,0.0
2023-12-07,LLY,0.0,0.0,0.0,0.0,0.0,0.0,0.0,0.0,0.0,0.0,0.0,0.0,0.0,0.0
2023-12-08,LLY,0.0,0.0,0.0,0.0,0.0,0.0,0.0,0.0,0.0,0.0,0.0,0.0,0.0,0.0
2023-12-11,LLY,0.0,0.0,0.0,0.0,0.0,0.0,0.0,0.0,0.0,0.0,0.0,0.0,0.0,0.0
2023-12-12,LLY,0.0,0.0,0.0,0.0,0.0,0.0,0.0,0.0,0.0,0.0,0.0,0.0,0.0,0.0
2023-12-13,LLY,0.0,0.0,0.0,0.0,0.0,0.0,0.0,0.0,0.0,0.0,0.0,0.0,0.0,0.0
2023-12-14,LLY,0.0,0.0,0.0,0.0,0.0,0.0,0.0,0.0,0.0,0.0,0.0,0.0,0.0,0.0
2023-12-15,LLY,0.0,0.0,0.0,0.0,0.0,0.0,0.0,0.0,0.0,0.0,0.0,0.0,0.0,0.0
2023-12-18,LLY,0.0,0.0,0.0,0.0,0.0,0.0,0.0,0.0,0.0,0.0,0.0,0.0,0.0,0.0
2023-12-19,LLY,0.0,0.0,0.0,0.0,0.0,0.0,0.0,0.0,0.0,0.0,0.0,0.0,0.0,0.0
2023-12-20,LLY,0.0,0.0,0.0,0.0,0.0,0.0,0.0,0.0,0.0,0.0,0.0,0.0,0.0,0.0
2023-12-21,LLY,0.0,0.0,0.0,0.0,0.0,0.0,0.0,0.0,0.0,0.0,0.0,0.0,0.0,0.0
2023-12-22,LLY,0.0,0.0,0.0,0.0,0.0,0.0,0.0,0.0,0.0,0.0,0.0,0.0,0.0,0.0
2023-12-26,LLY,0.0,0.0,0.0,0.0,0.0,0.0,0.0,0.0,0.0,0.0,0.0,0.0,0.0,0.0
2023-12-27,LLY,0.0,0.0,0.0,0.0,0.0,0.0,0.0,0.0,0.0,0.0,0.0,0.0,0.0,0.0
2023-12-28,LLY,0.0,0.0,0.0,0.0,0.0,0.0,0.0,0.0,0.0,0.0,0.0,0.0,0.0,0.0
2023-12-29,LLY,0.0,0.0,0.0,0.0,0.0,0.0,0.0,0.0,0.0,0.0,0.0,0.0,0.0,0.0
2024-01-02,LLY,0.0,0.0,0.0,0.0,0.0,0.0,0.0,0.0,0.0,0.0,0.0,0.0,0.0,0.0
2024-01-03,LLY,0.0,0.0,0.0,0.0,0.0,0.0,0.0,0.0,0.0,0.0,0.0,0.0,0.0,0.0
2024-01-04,LLY,0.0,0.0,0.0,0.0,0.0,0.0,0.0,0.0,0.0,0.0,0.0,0.0,0.0,0.0
2024-01-05,LLY,0.0,0.0,0.0,0.0,0.0,0.0,0.0,0.0,0.0,0.0,0.0,0.0,0.0,0.0
2024-01-08,LLY,0.0,0.0,0.0,0.0,0.0,0.0,0.0,0.0,0.0,0.0,0.0,0.0,0.0,0.0
2024-01-09,LLY,0.0,0.0,0.0,0.0,0.0,0.0,0.0,0.0,0.0,0.0,0.0,0.0,0.0,0.0
2024-01-10,LLY,0.0,0.0,0.0,0.0,0.0,0.0,0.0,0.0,0.0,0.0,0.0,0.0,0.0,0.0
2024-01-11,LLY,0.0,0.0,0.0,0.0,0.0,0.0,0.0,0.0,0.0,0.0,0.0,0.0,0.0,0.0
2024-01-12,LLY,0.0,0.0,0.0,0.0,0.0,0.0,0.0,0.0,0.0,0.0,0.0,0.0,0.0,0.0
2024-01-16,LLY,0.0,0.0,0.0,0.0,0.0,0.0,0.0,0.0,0.0,0.0,0.0,0.0,0.0,0.0
2024-01-17,LLY,0.0,0.0,0.0,0.0,0.0,0.0,0.0,0.0,0.0,0.0,0.0,0.0,0.0,0.0
2024-01-18,LLY,0.0,0.0,0.0,0.0,0.0,0.0,0.0,0.0,0.0,0.0,0.0,0.0,0.0,0.0
2024-01-19,LLY,0.0,0.0,0.0,0.0,0.0,0.0,0.0,0.0,0.0,0.0,0.0,0.0,0.0,0.0
2024-01-22,LLY,0.0,0.0,0.0,0.0,0.0,0.0,0.0,0.0,0.0,0.0,0.0,0.0,0.0,0.0
2024-01-23,LLY,0.0,0.0,0.0,0.0,0.0,0.0,0.0,0.0,0.0,0.0,0.0,0.0,0.0,0.0
2024-01-24,LLY,0.0,0.0,0.0,0.0,0.0,0.0,0.0,0.0,0.0,0.0,0.0,0.0,0.0,0.0
2024-01-25,LLY,0.0,0.0,0.0,0.0,0.0,0.0,0.0,0.0,0.0,0.0,0.0,0.0,0.0,0.0
2024-01-26,LLY,0.0,0.0,0.0,0.0,0.0,0.0,0.0,0.0,0.0,0.0,0.0,0.0,0.0,0.0
2024-01-29,LLY,0.0,0.0,0.0,0.0,0.0,0.0,0.0,0.0,0.0,0.0,0.0,0.0,0.0,0.0
2024-01-30,LLY,0.0,0.0,0.0,0.0,0.0,0.0,0.0,0.0,0.0,0.0,0.0,0.0,0.0,0.0
2024-01-31,LLY,0.0,0.0,0.0,0.0,0.0,0.0,0.0,0.0,0.0,0.0,0.0,0.0,0.0,0.0
2024-02-01,LLY,0.0,0.0,0.0,0.0,0.0,0.0,0.0,0.0,0.0,0.0,0.0,0.0,0.0,0.0
2024-02-02,LLY,0.0,0.0,0.0,0.0,0.0,0.0,0.0,0.0,0.0,0.0,0.0,0.0,0.0,0.0
2024-02-05,LLY,0.0,0.0,0.0,0.0,0.0,0.0,0.0,0.0,0.0,0.0,0.0,0.0,0.0,0.0
2024-02-06,LLY,0.0,0.0,0.0,0.0,0.0,0.0,0.0,0.0,0.0,0.0,0.0,0.0,0.0,0.0
2024-02-07,LLY,0.0,0.0,0.0,0.0,0.0,0.0,0.0,0.0,0.0,0.0,0.0,0.0,0.0,0.0
2024-02-08,LLY,0.0,0.0,0.0,0.0,0.0,0.0,0.0,0.0,0.0,0.0,0.0,0.0,0.0,0.0
2024-02-09,LLY,0.0,0.0,0.0,0.0,0.0,0.0,0.0,0.0,0.0,0.0,0.0,0.0,0.0,0.0
2024-02-12,LLY,0.0,0.0,0.0,0.0,0.0,0.0,0.0,0.0,0.0,0.0,0.0,0.0,0.0,0.0
2024-02-13,LLY,0.0,0.0,0.0,0.0,0.0,0.0,0.0,0.0,0.0,0.0,0.0,0.0,0.0,0.0
2024-02-14,LLY,0.0,0.0,0.0,0.0,0.0,0.0,0.0,0.0,0.0,0.0,0.0,0.0,0.0,0.0
2024-02-15,LLY,0.0,0.0,0.0,0.0,0.0,0.0,0.0,0.0,0.0,0.0,0.0,0.0,0.0,0.0
2024-02-16,LLY,0.0,0.0,0.0,0.0,0.0,0.0,0.0,0.0,0.0,0.0,0.0,0.0,0.0,0.0
2024-02-20,LLY,0.0,0.0,0.0,0.0,0.0,0.0,0.0,0.0,0.0,0.0,0.0,0.0,0.0,0.0
2024-02-21,LLY,0.0,0.0,0.0,0.0,0.0,0.0,0.0,0.0,0.0,0.0,0.0,0.0,0.0,0.0
2024-02-22,LLY,0.0,0.0,0.0,0.0,0.0,0.0,0.0,0.0,0.0,0.0,0.0,0.0,0.0,0.0
2024-02-23,LLY,0.0,0.0,0.0,0.0,0.0,0.0,0.0,0.0,0.0,0.0,0.0,0.0,0.0,0.0
2024-02-26,LLY,0.0,0.0,0.0,0.0,0.0,0.0,0.0,0.0,0.0,0.0,0.0,0.0,0.0,0.0
2024-02-27,LLY,0.0,0.0,0.0,0.0,0.0,0.0,0.0,0.0,0.0,0.0,0.0,0.0,0.0,0.0
2024-02-28,LLY,0.0,0.0,0.0,0.0,0.0,0.0,0.0,0.0,0.0,0.0,0.0,0.0,0.0,0.0
2024-02-29,LLY,0.0,0.0,0.0,0.0,0.0,0.0,0.0,0.0,0.0,0.0,0.0,0.0,0.0,0.0
2024-03-01,LLY,0.0,0.0,0.0,0.0,0.0,0.0,0.0,0.0,0.0,0.0,0.0,0.0,0.0,0.0
2024-03-04,LLY,0.0,0.0,0.0,0.0,0.0,0.0,0.0,0.0,0.0,0.0,0.0,0.0,0.0,0.0
2024-03-05,LLY,0.0,0.0,0.0,0.0,0.0,0.0,0.0,0.0,0.0,0.0,0.0,0.0,0.0,0.0
2024-03-06,LLY,0.0,0.0,0.0,0.0,0.0,0.0,0.0,0.0,0.0,0.0,0.0,0.0,0.0,0.0
2024-03-07,LLY,0.0,0.0,0.0,0.0,0.0,0.0,0.0,0.0,0.0,0.0,0.0,0.0,0.0,0.0
2024-03-08,LLY,0.0,0.0,0.0,0.0,0.0,0.0,0.0,0.0,0.0,0.0,0.0,0.0,0.0,0.0
2024-03-11,LLY,0.0,0.0,0.0,0.0,0.0,0.0,0.0,0.0,0.0,0.0,0.0,0.0,0.0,0.0
2024-03-12,LLY,0.0,0.0,0.0,0.0,0.0,0.0,0.0,0.0,0.0,0.0,0.0,0.0,0.0,0.0
2024-03-13,LLY,0.0,0.0,0.0,0.0,0.0,0.0,0.0,0.0,0.0,0.0,0.0,0.0,0.0,0.0
2024-03-14,LLY,0.0,0.0,0.0,0.0,0.0,0.0,0.0,0.0,0.0,0.0,0.0,0.0,0.0,0.0
2024-03-15,LLY,0.0,0.0,0.0,0.0,0.0,0.0,0.0,0.0,0.0,0.0,0.0,0.0,0.0,0.0
2024-03-18,LLY,0.0,0.0,0.0,0.0,0.0,0.0,0.0,0.0,0.0,0.0,0.0,0.0,0.0,0.0
2024-03-19,LLY,0.0,0.0,0.0,0.0,0.0,0.0,0.0,0.0,0.0,0.0,0.0,0.0,0.0,0.0
2024-03-20,LLY,0.0,0.0,0.0,0.0,0.0,0.0,0.0,0.0,0.0,0.0,0.0,0.0,0.0,0.0
2024-03-21,LLY,0.0,0.0,0.0,0.0,0.0,0.0,0.0,0.0,0.0,0.0,0.0,0.0,0.0,0.0
2024-03-22,LLY,0.0,0.0,0.0,0.0,0.0,0.0,0.0,0.0,0.0,0.0,0.0,0.0,0.0,0.0
2024-03-25,LLY,0.0,0.0,0.0,0.0,0.0,0.0,0.0,0.0,0.0,0.0,0.0,0.0,0.0,0.0
2024-03-26,LLY,0.0,0.0,0.0,0.0,0.0,0.0,0.0,0.0,0.0,0.0,0.0,0.0,0.0,0.0
2024-03-27,LLY,0.0,0.0,0.0,0.0,0.0,0.0,0.0,0.0,0.0,0.0,0.0,0.0,0.0,0.0
2024-03-28,LLY,0.0,0.0,0.0,0.0,0.0,0.0,0.0,0.0,0.0,0.0,0.0,0.0,0.0,0.0
2024-04-01,LLY,0.0,0.0,0.0,0.0,0.0,0.0,0.0,0.0,0.0,0.0,0.0,0.0,0.0,0.0
2024-04-02,LLY,0.0,0.0,0.0,0.0,0.0,0.0,0.0,0.0,0.0,0.0,0.0,0.0,0.0,0.0
2024-04-03,LLY,0.0,0.0,0.0,0.0,0.0,0.0,0.0,0.0,0.0,0.0,0.0,0.0,0.0,0.0
2024-04-04,LLY,0.0,0.0,0.0,0.0,0.0,0.0,0.0,0.0,0.0,0.0,0.0,0.0,0.0,0.0
2024-04-05,LLY,0.0,0.0,0.0,0.0,0.0,0.0,0.0,0.0,0.0,0.0,0.0,0.0,0.0,0.0
2024-04-08,LLY,0.0,0.0,0.0,0.0,0.0,0.0,0.0,0.0,0.0,0.0,0.0,0.0,0.0,0.0
2024-04-09,LLY,0.0,0.0,0.0,0.0,0.0,0.0,0.0,0.0,0.0,0.0,0.0,0.0,0.0,0.0
2024-04-10,LLY,0.0,0.0,0.0,0.0,0.0,0.0,0.0,0.0,0.0,0.0,0.0,0.0,0.0,0.0
2024-04-11,LLY,0.0,0.0,0.0,0.0,0.0,0.0,0.0,0.0,0.0,0.0,0.0,0.0,0.0,0.0
2024-04-12,LLY,0.0,0.0,0.0,0.0,0.0,0.0,0.0,0.0,0.0,0.0,0.0,0.0,0.0,0.0
2024-04-15,LLY,0.0,0.0,0.0,0.0,0.0,0.0,0.0,0.0,0.0,0.0,0.0,0.0,0.0,0.0
2024-04-16,LLY,0.0,0.0,0.0,0.0,0.0,0.0,0.0,0.0,0.0,0.0,0.0,0.0,0.0,0.0
2024-04-17,LLY,0.0,0.0,0.0,0.0,0.0,0.0,0.0,0.0,0.0,0.0,0.0,0.0,0.0,0.0
2024-04-18,LLY,0.0,0.0,0.0,0.0,0.0,0.0,0.0,0.0,0.0,0.0,0.0,0.0,0.0,0.0
2024-04-19,LLY,0.0,0.0,0.0,0.0,0.0,0.0,0.0,0.0,0.0,0.0,0.0,0.0,0.0,0.0
2024-04-22,LLY,0.0,0.0,0.0,0.0,0.0,0.0,0.0,0.0,0.0,0.0,0.0,0.0,0.0,0.0
2024-04-23,LLY,0.0,0.0,0.0,0.0,0.0,0.0,0.0,0.0,0.0,0.0,0.0,0.0,0.0,0.0
2024-04-24,LLY,0.0,0.0,0.0,0.0,0.0,0.0,0.0,0.0,0.0,0.0,0.0,0.0,0.0,0.0
2024-04-25,LLY,0.0,0.0,0.0,0.0,0.0,0.0,0.0,0.0,0.0,0.0,0.0,0.0,0.0,0.0
2024-04-26,LLY,0.0,0.0,0.0,0.0,0.0,0.0,0.0,0.0,0.0,0.0,0.0,0.0,0.0,0.0
2024-04-29,LLY,0.0,0.0,0.0,0.0,0.0,0.0,0.0,0.0,0.0,0.0,0.0,0.0,0.0,0.0
2024-04-30,LLY,0.0,0.0,0.0,0.0,0.0,0.0,0.0,0.0,0.0,0.0,0.0,0.0,0.0,0.0
2024-05-01,LLY,0.0,0.0,0.0,0.0,0.0,0.0,0.0,0.0,0.0,0.0,0.0,0.0,0.0,0.0
2024-05-02,LLY,0.0,0.0,0.0,0.0,0.0,0.0,0.0,0.0,0.0,0.0,0.0,0.0,0.0,0.0
2024-05-03,LLY,0.0,0.0,0.0,0.0,0.0,0.0,0.0,0.0,0.0,0.0,0.0,0.0,0.0,0.0
2024-05-06,LLY,0.0,0.0,0.0,0.0,0.0,0.0,0.0,0.0,0.0,0.0,0.0,0.0,0.0,0.0
2024-05-07,LLY,0.0,0.0,0.0,0.0,0.0,0.0,0.0,0.0,0.0,0.0,0.0,0.0,0.0,0.0
2024-05-08,LLY,0.0,0.0,0.0,0.0,0.0,0.0,0.0,0.0,0.0,0.0,0.0,0.0,0.0,0.0
2024-05-09,LLY,0.0,0.0,0.0,0.0,0.0,0.0,0.0,0.0,0.0,0.0,0.0,0.0,0.0,0.0
2024-05-10,LLY,0.0,0.0,0.0,0.0,0.0,0.0,0.0,0.0,0.0,0.0,0.0,0.0,0.0,0.0
2024-05-13,LLY,0.0,0.0,0.0,0.0,0.0,0.0,0.0,0.0,0.0,0.0,0.0,0.0,0.0,0.0
2024-05-14,LLY,0.0,0.0,0.0,0.0,0.0,0.0,0.0,0.0,0.0,0.0,0.0,0.0,0.0,0.0
2024-05-15,LLY,0.0,0.0,0.0,0.0,0.0,0.0,0.0,0.0,0.0,0.0,0.0,0.0,0.0,0.0
2024-05-16,LLY,0.0,0.0,0.0,0.0,0.0,0.0,0.0,0.0,0.0,0.0,0.0,0.0,0.0,0.0
2024-05-17,LLY,0.0,0.0,0.0,0.0,0.0,0.0,0.0,0.0,0.0,0.0,0.0,0.0,0.0,0.0
2024-05-20,LLY,0.0,0.0,0.0,0.0,0.0,0.0,0.0,0.0,0.0,0.0,0.0,0.0,0.0,0.0
2024-05-21,LLY,0.0,0.0,0.0,0.0,0.0,0.0,0.0,0.0,0.0,0.0,0.0,0.0,0.0,0.0
2024-05-22,LLY,0.0,0.0,0.0,0.0,0.0,0.0,0.0,0.0,0.0,0.0,0.0,0.0,0.0,0.0
2024-05-23,LLY,0.0,0.0,0.0,0.0,0.0,0.0,0.0,0.0,0.0,0.0,0.0,0.0,0.0,0.0
2024-05-24,LLY,0.0,0.0,0.0,0.0,0.0,0.0,0.0,0.0,0.0,0.0,0.0,0.0,0.0,0.0
2024-05-28,LLY,0.0,0.0,0.0,0.0,0.0,0.0,0.0,0.0,0.0,0.0,0.0,0.0,0.0,0.0
2024-05-29,LLY,0.0,0.0,0.0,0.0,0.0,0.0,0.0,0.0,0.0,0.0,0.0,0.0,0.0,0.0
2024-05-30,LLY,0.0,0.0,0.0,0.0,0.0,0.0,0.0,0.0,0.0,0.0,0.0,0.0,0.0,0.0
2024-05-31,LLY,0.0,0.0,0.0,0.0,0.0,0.0,0.0,0.0,0.0,0.0,0.0,0.0,0.0,0.0
2024-06-03,LLY,0.0,0.0,0.0,0.0,0.0,0.0,0.0,0.0,0.0,0.0,0.0,0.0,0.0,0.0
2024-06-04,LLY,0.0,0.0,0.0,0.0,0.0,0.0,0.0,0.0,0.0,0.0,0.0,0.0,0.0,0.0
2024-06-05,LLY,0.0,0.0,0.0,0.0,0.0,0.0,0.0,0.0,0.0,0.0,0.0,0.0,0.0,0.0
2024-06-06,LLY,0.0,0.0,0.0,0.0,0.0,0.0,0.0,0.0,0.0,0.0,0.0,0.0,0.0,0.0
2024-06-07,LLY,0.0,0.0,0.0,0.0,0.0,0.0,0.0,0.0,0.0,0.0,0.0,0.0,0.0,0.0
2024-06-10,LLY,0.0,0.0,0.0,0.0,0.0,0.0,0.0,0.0,0.0,0.0,0.0,0.0,0.0,0.0
2024-06-11,LLY,0.0,0.0,0.0,0.0,0.0,0.0,0.0,0.0,0.0,0.0,0.0,0.0,0.0,0.0
2024-06-12,LLY,0.0,0.0,0.0,0.0,0.0,0.0,0.0,0.0,0.0,0.0,0.0,0.0,0.0,0.0
2024-06-13,LLY,0.0,0.0,0.0,0.0,0.0,0.0,0.0,0.0,0.0,0.0,0.0,0.0,0.0,0.0
2024-06-14,LLY,0.0,0.0,0.0,0.0,0.0,0.0,0.0,0.0,0.0,0.0,0.0,0.0,0.0,0.0
2024-06-17,LLY,0.0,0.0,0.0,0.0,0.0,0.0,0.0,0.0,0.0,0.0,0.0,0.0,0.0,0.0
2024-06-18,LLY,0.0,0.0,0.0,0.0,0.0,0.0,0.0,0.0,0.0,0.0,0.0,0.0,0.0,0.0
2024-06-20,LLY,0.0,0.0,0.0,0.0,0.0,0.0,0.0,0.0,0.0,0.0,0.0,0.0,0.0,0.0
2024-06-21,LLY,0.0,0.0,0.0,0.0,0.0,0.0,0.0,0.0,0.0,0.0,0.0,0.0,0.0,0.0
2024-06-24,LLY,0.0,0.0,0.0,0.0,0.0,0.0,0.0,0.0,0.0,0.0,0.0,0.0,0.0,0.0
2024-06-25,LLY,0.0,0.0,0.0,0.0,0.0,0.0,0.0,0.0,0.0,0.0,0.0,0.0,0.0,0.0
2024-06-26,LLY,0.0,0.0,0.0,0.0,0.0,0.0,0.0,0.0,0.0,0.0,0.0,0.0,0.0,0.0
2024-06-27,LLY,0.0,0.0,0.0,0.0,0.0,0.0,0.0,0.0,0.0,0.0,0.0,0.0,0.0,0.0
2024-06-28,LLY,0.0,0.0,0.0,0.0,0.0,0.0,0.0,0.0,0.0,0.0,0.0,0.0,0.0,0.0
2024-07-01,LLY,0.0,0.0,0.0,0.0,0.0,0.0,0.0,0.0,0.0,0.0,0.0,0.0,0.0,0.0
2024-07-02,LLY,0.0,0.0,0.0,0.0,0.0,0.0,0.0,0.0,0.0,0.0,0.0,0.0,0.0,0.0
2024-07-03,LLY,0.0,0.0,0.0,0.0,0.0,0.0,0.0,0.0,0.0,0.0,0.0,0.0,0.0,0.0
2024-07-05,LLY,0.0,0.0,0.0,0.0,0.0,0.0,0.0,0.0,0.0,0.0,0.0,0.0,0.0,0.0
2024-07-08,LLY,0.0,0.0,0.0,0.0,0.0,0.0,0.0,0.0,0.0,0.0,0.0,0.0,0.0,0.0
2024-07-09,LLY,0.0,0.0,0.0,0.0,0.0,0.0,0.0,0.0,0.0,0.0,0.0,0.0,0.0,0.0
2024-07-10,LLY,0.0,0.0,0.0,0.0,0.0,0.0,0.0,0.0,0.0,0.0,0.0,0.0,0.0,0.0
2024-07-11,LLY,0.0,0.0,0.0,0.0,0.0,0.0,0.0,0.0,0.0,0.0,0.0,0.0,0.0,0.0
2024-07-12,LLY,0.0,0.0,0.0,0.0,0.0,0.0,0.0,0.0,0.0,0.0,0.0,0.0,0.0,0.0
2024-07-15,LLY,0.0,0.0,0.0,0.0,0.0,0.0,0.0,0.0,0.0,0.0,0.0,0.0,0.0,0.0
2024-07-16,LLY,0.0,0.0,0.0,0.0,0.0,0.0,0.0,0.0,0.0,0.0,0.0,0.0,0.0,0.0
2024-07-17,LLY,0.0,0.0,0.0,0.0,0.0,0.0,0.0,0.0,0.0,0.0,0.0,0.0,0.0,0.0
2024-07-18,LLY,0.0,0.0,0.0,0.0,0.0,0.0,0.0,0.0,0.0,0.0,0.0,0.0,0.0,0.0
2024-07-19,LLY,0.0,0.0,0.0,0.0,0.0,0.0,0.0,0.0,0.0,0.0,0.0,0.0,0.0,0.0
2024-07-22,LLY,0.0,0.0,0.0,0.0,0.0,0.0,0.0,0.0,0.0,0.0,0.0,0.0,0.0,0.0
2024-07-23,LLY,0.0,0.0,0.0,0.0,0.0,0.0,0.0,0.0,0.0,0.0,0.0,0.0,0.0,0.0
2024-07-24,LLY,0.0,0.0,0.0,0.0,0.0,0.0,0.0,0.0,0.0,0.0,0.0,0.0,0.0,0.0
2024-07-25,LLY,0.0,0.0,0.0,0.0,0.0,0.0,0.0,0.0,0.0,0.0,0.0,0.0,0.0,0.0
2024-07-26,LLY,0.0,0.0,0.0,0.0,0.0,0.0,0.0,0.0,0.0,0.0,0.0,0.0,0.0,0.0
2024-07-29,LLY,0.0,0.0,0.0,0.0,0.0,0.0,0.0,0.0,0.0,0.0,0.0,0.0,0.0,0.0
2024-07-30,LLY,0.0,0.0,0.0,0.0,0.0,0.0,0.0,0.0,0.0,0.0,0.0,0.0,0.0,0.0
2024-07-31,LLY,0.0,0.0,0.0,0.0,0.0,0.0,0.0,0.0,0.0,0.0,0.0,0.0,0.0,0.0
2024-08-01,LLY,0.0,0.0,0.0,0.0,0.0,0.0,0.0,0.0,0.0,0.0,0.0,0.0,0.0,0.0
2024-08-02,LLY,0.0,0.0,0.0,0.0,0.0,0.0,0.0,0.0,0.0,0.0,0.0,0.0,0.0,0.0
2024-08-05,LLY,0.0,0.0,0.0,0.0,0.0,0.0,0.0,0.0,0.0,0.0,0.0,0.0,0.0,0.0
2024-08-06,LLY,0.0,0.0,0.0,0.0,0.0,0.0,0.0,0.0,0.0,0.0,0.0,0.0,0.0,0.0
2024-08-07,LLY,0.0,0.0,0.0,0.0,0.0,0.0,0.0,0.0,0.0,0.0,0.0,0.0,0.0,0.0
2024-08-08,LLY,0.0,0.0,0.0,0.0,0.0,0.0,0.0,0.0,0.0,0.0,0.0,0.0,0.0,0.0
2024-08-09,LLY,0.0,0.0,0.0,0.0,0.0,0.0,0.0,0.0,0.0,0.0,0.0,0.0,0.0,0.0
2024-08-12,LLY,0.0,0.0,0.0,0.0,0.0,0.0,0.0,0.0,0.0,0.0,0.0,0.0,0.0,0.0
2024-08-13,LLY,0.0,0.0,0.0,0.0,0.0,0.0,0.0,0.0,0.0,0.0,0.0,0.0,0.0,0.0
2024-08-14,LLY,0.0,0.0,0.0,0.0,0.0,0.0,0.0,0.0,0.0,0.0,0.0,0.0,0.0,0.0
2024-08-15,LLY,0.0,0.0,0.0,0.0,0.0,0.0,0.0,0.0,0.0,0.0,0.0,0.0,0.0,0.0
2024-08-16,LLY,0.0,0.0,0.0,0.0,0.0,0.0,0.0,0.0,0.0,0.0,0.0,0.0,0.0,0.0
2024-08-19,LLY,0.0,0.0,0.0,0.0,0.0,0.0,0.0,0.0,0.0,0.0,0.0,0.0,0.0,0.0
2024-08-20,LLY,0.0,0.0,0.0,0.0,0.0,0.0,0.0,0.0,0.0,0.0,0.0,0.0,0.0,0.0
2024-08-21,LLY,0.0,0.0,0.0,0.0,0.0,0.0,0.0,0.0,0.0,0.0,0.0,0.0,0.0,0.0
2024-08-22,LLY,0.0,0.0,0.0,0.0,0.0,0.0,0.0,0.0,0.0,0.0,0.0,0.0,0.0,0.0
2024-08-23,LLY,0.0,0.0,0.0,0.0,0.0,0.0,0.0,0.0,0.0,0.0,0.0,0.0,0.0,0.0
2024-08-26,LLY,0.0,0.0,0.0,0.0,0.0,0.0,0.0,0.0,0.0,0.0,0.0,0.0,0.0,0.0
2024-08-27,LLY,0.0,0.0,0.0,0.0,0.0,0.0,0.0,0.0,0.0,0.0,0.0,0.0,0.0,0.0
2024-08-28,LLY,0.0,0.0,0.0,0.0,0.0,0.0,0.0,0.0,0.0,0.0,0.0,0.0,0.0,0.0
2024-08-29,LLY,0.0,0.0,0.0,0.0,0.0,0.0,0.0,0.0,0.0,0.0,0.0,0.0,0.0,0.0
2024-08-30,LLY,0.0,0.0,0.0,0.0,0.0,0.0,0.0,0.0,0.0,0.0,0.0,0.0,0.0,0.0
2024-09-03,LLY,0.0,0.0,0.0,0.0,0.0,0.0,0.0,0.0,0.0,0.0,0.0,0.0,0.0,0.0
2024-09-04,LLY,0.0,0.0,0.0,0.0,0.0,0.0,0.0,0.0,0.0,0.0,0.0,0.0,0.0,0.0
2024-09-05,LLY,0.0,0.0,0.0,0.0,0.0,0.0,0.0,0.0,0.0,0.0,0.0,0.0,0.0,0.0
2024-09-06,LLY,0.0,0.0,0.0,0.0,0.0,0.0,0.0,0.0,0.0,0.0,0.0,0.0,0.0,0.0
2024-09-09,LLY,0.0,0.0,0.0,0.0,0.0,0.0,0.0,0.0,0.0,0.0,0.0,0.0,0.0,0.0
2024-09-10,LLY,0.0,0.0,0.0,0.0,0.0,0.0,0.0,0.0,0.0,0.0,0.0,0.0,0.0,0.0
2024-09-11,LLY,0.0,0.0,0.0,0.0,0.0,0.0,0.0,0.0,0.0,0.0,0.0,0.0,0.0,0.0
2024-09-12,LLY,0.0,0.0,0.0,0.0,0.0,0.0,0.0,0.0,0.0,0.0,0.0,0.0,0.0,0.0
2024-09-13,LLY,0.0,0.0,0.0,0.0,0.0,0.0,0.0,0.0,0.0,0.0,0.0,0.0,0.0,0.0
2024-09-16,LLY,0.0,0.0,0.0,0.0,0.0,0.0,0.0,0.0,0.0,0.0,0.0,0.0,0.0,0.0
2024-09-17,LLY,0.0,0.0,0.0,0.0,0.0,0.0,0.0,0.0,0.0,0.0,0.0,0.0,0.0,0.0
2024-09-18,LLY,0.0,0.0,0.0,0.0,0.0,0.0,0.0,0.0,0.0,0.0,0.0,0.0,0.0,0.0
2024-09-19,LLY,0.0,0.0,0.0,0.0,0.0,0.0,0.0,0.0,0.0,0.0,0.0,0.0,0.0,0.0
2024-09-20,LLY,0.0,0.0,0.0,0.0,0.0,0.0,0.0,0.0,0.0,0.0,0.0,0.0,0.0,0.0
2024-09-23,LLY,0.0,0.0,0.0,0.0,0.0,0.0,0.0,0.0,0.0,0.0,0.0,0.0,0.0,0.0
2024-09-24,LLY,0.0,0.0,0.0,0.0,0.0,0.0,0.0,0.0,0.0,0.0,0.0,0.0,0.0,0.0
2024-09-25,LLY,0.0,0.0,0.0,0.0,0.0,0.0,0.0,0.0,0.0,0.0,0.0,0.0,0.0,0.0
2024-09-26,LLY,0.0,0.0,0.0,0.0,0.0,0.0,0.0,0.0,0.0,0.0,0.0,0.0,0.0,0.0
2024-09-27,LLY,0.0,0.0,0.0,0.0,0.0,0.0,0.0,0.0,0.0,0.0,0.0,0.0,0.0,0.0
2024-09-30,LLY,0.0,0.0,0.0,0.0,0.0,0.0,0.0,0.0,0.0,0.0,0.0,0.0,0.0,0.0
2024-10-01,LLY,0.0,0.0,0.0,0.0,0.0,0.0,0.0,0.0,0.0,0.0,0.0,0.0,0.0,0.0
2024-10-02,LLY,0.0,0.0,0.0,0.0,0.0,0.0,0.0,0.0,0.0,0.0,0.0,0.0,0.0,0.0
2024-10-03,LLY,0.0,0.0,0.0,0.0,0.0,0.0,0.0,0.0,0.0,0.0,0.0,0.0,0.0,0.0
2024-10-04,LLY,0.0,0.0,0.0,0.0,0.0,0.0,0.0,0.0,0.0,0.0,0.0,0.0,0.0,0.0
2024-10-07,LLY,0.0,0.0,0.0,0.0,0.0,0.0,0.0,0.0,0.0,0.0,0.0,0.0,0.0,0.0
2024-10-08,LLY,0.0,0.0,0.0,0.0,0.0,0.0,0.0,0.0,0.0,0.0,0.0,0.0,0.0,0.0
2024-10-09,LLY,0.0,0.0,0.0,0.0,0.0,0.0,0.0,0.0,0.0,0.0,0.0,0.0,0.0,0.0
2024-10-10,LLY,0.0,0.0,0.0,0.0,0.0,0.0,0.0,0.0,0.0,0.0,0.0,0.0,0.0,0.0
2024-10-11,LLY,0.0,0.0,0.0,0.0,0.0,0.0,0.0,0.0,0.0,0.0,0.0,0.0,0.0,0.0
2024-10-14,LLY,0.0,0.0,0.0,0.0,0.0,0.0,0.0,0.0,0.0,0.0,0.0,0.0,0.0,0.0
2024-10-15,LLY,0.0,0.0,0.0,0.0,0.0,0.0,0.0,0.0,0.0,0.0,0.0,0.0,0.0,0.0
2024-10-16,LLY,0.0,0.0,0.0,0.0,0.0,0.0,0.0,0.0,0.0,0.0,0.0,0.0,0.0,0.0
2024-10-17,LLY,0.0,0.0,0.0,0.0,0.0,0.0,0.0,0.0,0.0,0.0,0.0,0.0,0.0,0.0
2024-10-18,LLY,0.0,0.0,0.0,0.0,0.0,0.0,0.0,0.0,0.0,0.0,0.0,0.0,0.0,0.0
2024-10-21,LLY,0.0,0.0,0.0,0.0,0.0,0.0,0.0,0.0,0.0,0.0,0.0,0.0,0.0,0.0
2024-10-22,LLY,0.0,0.0,0.0,0.0,0.0,0.0,0.0,0.0,0.0,0.0,0.0,0.0,0.0,0.0
2024-10-23,LLY,0.0,0.0,0.0,0.0,0.0,0.0,0.0,0.0,0.0,0.0,0.0,0.0,0.0,0.0
2024-10-24,LLY,0.0,0.0,0.0,0.0,0.0,0.0,0.0,0.0,0.0,0.0,0.0,0.0,0.0,0.0
2024-10-25,LLY,0.0,0.0,0.0,0.0,0.0,0.0,0.0,0.0,0.0,0.0,0.0,0.0,0.0,0.0
2024-10-28,LLY,0.0,0.0,0.0,0.0,0.0,0.0,0.0,0.0,0.0,0.0,0.0,0.0,0.0,0.0
2024-10-29,LLY,0.0,0.0,0.0,0.0,0.0,0.0,0.0,0.0,0.0,0.0,0.0,0.0,0.0,0.0
2024-10-30,LLY,0.0,0.0,0.0,0.0,0.0,0.0,0.0,0.0,0.0,0.0,0.0,0.0,0.0,0.0
2024-10-31,LLY,0.0,0.0,0.0,0.0,0.0,0.0,0.0,0.0,0.0,0.0,0.0,0.0,0.0,0.0
2024-11-01,LLY,0.0,0.0,0.0,0.0,0.0,0.0,0.0,0.0,0.0,0.0,0.0,0.0,0.0,0.0
2024-11-04,LLY,0.0,0.0,0.0,0.0,0.0,0.0,0.0,0.0,0.0,0.0,0.0,0.0,0.0,0.0
2024-11-05,LLY,0.0,0.0,0.0,0.0,0.0,0.0,0.0,0.0,0.0,0.0,0.0,0.0,0.0,0.0
2024-11-06,LLY,0.0,0.0,0.0,0.0,0.0,0.0,0.0,0.0,0.0,0.0,0.0,0.0,0.0,0.0
2024-11-07,LLY,0.0,0.0,0.0,0.0,0.0,0.0,0.0,0.0,0.0,0.0,0.0,0.0,0.0,0.0
2024-11-08,LLY,0.0,0.0,0.0,0.0,0.0,0.0,0.0,0.0,0.0,0.0,0.0,0.0,0.0,0.0
2024-11-11,LLY,0.0,0.0,0.0,0.0,0.0,0.0,0.0,0.0,0.0,0.0,0.0,0.0,0.0,0.0
2024-11-12,LLY,0.0,0.0,0.0,0.0,0.0,0.0,0.0,0.0,0.0,0.0,0.0,0.0,0.0,0.0
2024-11-13,LLY,0.0,0.0,0.0,0.0,0.0,0.0,0.0,0.0,0.0,0.0,0.0,0.0,0.0,0.0
2024-11-14,LLY,0.0,0.0,0.0,0.0,0.0,0.0,0.0,0.0,0.0,0.0,0.0,0.0,0.0,0.0
2024-11-15,LLY,0.0,0.0,0.0,0.0,0.0,0.0,0.0,0.0,0.0,0.0,0.0,0.0,0.0,0.0
2024-11-18,LLY,0.0,0.0,0.0,0.0,0.0,0.0,0.0,0.0,0.0,0.0,0.0,0.0,0.0,0.0
2024-11-19,LLY,0.0,0.0,0.0,0.0,0.0,0.0,0.0,0.0,0.0,0.0,0.0,0.0,0.0,0.0
2024-11-20,LLY,0.0,0.0,0.0,0.0,0.0,0.0,0.0,0.0,0.0,0.0,0.0,0.0,0.0,0.0
2024-11-21,LLY,0.0,0.0,0.0,0.0,0.0,0.0,0.0,0.0,0.0,0.0,0.0,0.0,0.0,0.0
2024-11-22,LLY,0.0,0.0,0.0,0.0,0.0,0.0,0.0,0.0,0.0,0.0,0.0,0.0,0.0,0.0
2024-11-25,LLY,0.0,0.0,0.0,0.0,0.0,0.0,0.0,0.0,0.0,0.0,0.0,0.0,0.0,0.0
2024-11-26,LLY,0.0,0.0,0.0,0.0,0.0,0.0,0.0,0.0,0.0,0.0,0.0,0.0,0.0,0.0
2024-11-27,LLY,0.0,0.0,0.0,0.0,0.0,0.0,0.0,0.0,0.0,0.0,0.0,0.0,0.0,0.0
2024-11-29,LLY,0.0,0.0,0.0,0.0,0.0,0.0,0.0,0.0,0.0,0.0,0.0,0.0,0.0,0.0
2024-12-02,LLY,0.0,0.0,0.0,0.0,0.0,0.0,0.0,0.0,0.0,0.0,0.0,0.0,0.0,0.0
2024-12-03,LLY,0.0,0.0,0.0,0.0,0.0,0.0,0.0,0.0,0.0,0.0,0.0,0.0,0.0,0.0
2024-12-04,LLY,0.0,0.0,0.0,0.0,0.0,0.0,0.0,0.0,0.0,0.0,0.0,0.0,0.0,0.0
2024-12-05,LLY,0.0,0.0,0.0,0.0,0.0,0.0,0.0,0.0,0.0,0.0,0.0,0.0,0.0,0.0
2024-12-06,LLY,0.0,0.0,0.0,0.0,0.0,0.0,0.0,0.0,0.0,0.0,0.0,0.0,0.0,0.0
2024-12-09,LLY,0.0,0.0,0.0,0.0,0.0,0.0,0.0,0.0,0.0,0.0,0.0,0.0,0.0,0.0
2024-12-10,LLY,0.0,0.0,0.0,0.0,0.0,0.0,0.0,0.0,0.0,0.0,0.0,0.0,0.0,0.0
2024-12-11,LLY,0.0,0.0,0.0,0.0,0.0,0.0,0.0,0.0,0.0,0.0,0.0,0.0,0.0,0.0
2024-12-12,LLY,0.0,0.0,0.0,0.0,0.0,0.0,0.0,0.0,0.0,0.0,0.0,0.0,0.0,0.0
2024-12-13,LLY,0.0,0.0,0.0,0.0,0.0,0.0,0.0,0.0,0.0,0.0,0.0,0.0,0.0,0.0
2024-12-16,LLY,0.0,0.0,0.0,0.0,0.0,0.0,0.0,0.0,0.0,0.0,0.0,0.0,0.0,0.0
2024-12-17,LLY,0.0,0.0,0.0,0.0,0.0,0.0,0.0,0.0,0.0,0.0,0.0,0.0,0.0,0.0
2024-12-18,LLY,0.0,0.0,0.0,0.0,0.0,0.0,0.0,0.0,0.0,0.0,0.0,0.0,0.0,0.0
2024-12-19,LLY,0.0,0.0,0.0,0.0,0.0,0.0,0.0,0.0,0.0,0.0,0.0,0.0,0.0,0.0
2024-12-20,LLY,0.0,0.0,0.0,0.0,0.0,0.0,0.0,0.0,0.0,0.0,0.0,0.0,0.0,0.0
2024-12-23,LLY,0.0,0.0,0.0,0.0,0.0,0.0,0.0,0.0,0.0,0.0,0.0,0.0,0.0,0.0
2024-12-24,LLY,0.0,0.0,0.0,0.0,0.0,0.0,0.0,0.0,0.0,0.0,0.0,0.0,0.0,0.0
2024-12-26,LLY,0.0,0.0,0.0,0.0,0.0,0.0,0.0,0.0,0.0,0.0,0.0,0.0,0.0,0.0
2024-12-27,LLY,0.0,0.0,0.0,0.0,0.0,0.0,0.0,0.0,0.0,0.0,0.0,0.0,0.0,0.0
2024-12-30,LLY,0.0,0.0,0.0,0.0,0.0,0.0,0.0,0.0,0.0,0.0,0.0,0.0,0.0,0.0
2024-12-31,LLY,0.0,0.0,0.0,0.0,0.0,0.0,0.0,0.0,0.0,0.0,0.0,0.0,0.0,0.0
2025-01-02,LLY,0.0,0.0,0.0,0.0,0.0,0.0,0.0,0.0,0.0,0.0,0.0,0.0,0.0,0.0
2025-01-03,LLY,0.0,0.0,0.0,0.0,0.0,0.0,0.0,0.0,0.0,0.0,0.0,0.0,0.0,0.0
2025-01-06,LLY,0.0,0.0,0.0,0.0,0.0,0.0,0.0,0.0,0.0,0.0,0.0,0.0,0.0,0.0
2025-01-07,LLY,0.0,0.0,0.0,0.0,0.0,0.0,0.0,0.0,0.0,0.0,0.0,0.0,0.0,0.0
2025-01-08,LLY,0.0,0.0,0.0,0.0,0.0,0.0,0.0,0.0,0.0,0.0,0.0,0.0,0.0,0.0
2025-01-10,LLY,0.0,0.0,0.0,0.0,0.0,0.0,0.0,0.0,0.0,0.0,0.0,0.0,0.0,0.0
2025-01-13,LLY,0.0,0.0,0.0,0.0,0.0,0.0,0.0,0.0,0.0,0.0,0.0,0.0,0.0,0.0
2025-01-14,LLY,0.0,0.0,0.0,0.0,0.0,0.0,0.0,0.0,0.0,0.0,0.0,0.0,0.0,0.0
2025-01-15,LLY,0.0,0.0,0.0,0.0,0.0,0.0,0.0,0.0,0.0,0.0,0.0,0.0,0.0,0.0
2025-01-16,LLY,0.0,0.0,0.0,0.0,0.0,0.0,0.0,0.0,0.0,0.0,0.0,0.0,0.0,0.0
2025-01-17,LLY,0.0,0.0,0.0,0.0,0.0,0.0,0.0,0.0,0.0,0.0,0.0,0.0,0.0,0.0
2025-01-21,LLY,0.0,0.0,0.0,0.0,0.0,0.0,0.0,0.0,0.0,0.0,0.0,0.0,0.0,0.0
2025-01-22,LLY,0.0,0.0,0.0,0.0,0.0,0.0,0.0,0.0,0.0,0.0,0.0,0.0,0.0,0.0
2025-01-23,LLY,0.0,0.0,0.0,0.0,0.0,0.0,0.0,0.0,0.0,0.0,0.0,0.0,0.0,0.0
2025-01-24,LLY,0.0,0.0,0.0,0.0,0.0,0.0,0.0,0.0,0.0,0.0,0.0,0.0,0.0,0.0
2025-01-27,LLY,0.0,0.0,0.0,0.0,0.0,0.0,0.0,0.0,0.0,0.0,0.0,0.0,0.0,0.0
2025-01-28,LLY,0.0,0.0,0.0,0.0,0.0,0.0,0.0,0.0,0.0,0.0,0.0,0.0,0.0,0.0
2025-01-29,LLY,0.0,0.0,0.0,0.0,0.0,0.0,0.0,0.0,0.0,0.0,0.0,0.0,0.0,0.0
2025-01-30,LLY,0.0,0.0,0.0,0.0,0.0,0.0,0.0,0.0,0.0,0.0,0.0,0.0,0.0,0.0
2025-01-31,LLY,0.0,0.0,0.0,0.0,0.0,0.0,0.0,0.0,0.0,0.0,0.0,0.0,0.0,0.0
2025-02-03,LLY,0.0,0.0,0.0,0.0,0.0,0.0,0.0,0.0,0.0,0.0,0.0,0.0,0.0,0.0
2025-02-04,LLY,0.0,0.0,0.0,0.0,0.0,0.0,0.0,0.0,0.0,0.0,0.0,0.0,0.0,0.0
2025-02-05,LLY,0.0,0.0,0.0,0.0,0.0,0.0,0.0,0.0,0.0,0.0,0.0,0.0,0.0,0.0
2025-02-06,LLY,0.0,0.0,0.0,0.0,0.0,0.0,0.0,0.0,0.0,0.0,0.0,0.0,0.0,0.0
2025-02-07,LLY,0.0,0.0,0.0,0.0,0.0,0.0,0.0,0.0,0.0,0.0,0.0,0.0,0.0,0.0
2025-02-10,LLY,0.0,0.0,0.0,0.0,0.0,0.0,0.0,0.0,0.0,0.0,0.0,0.0,0.0,0.0
2025-02-11,LLY,0.0,0.0,0.0,0.0,0.0,0.0,0.0,0.0,0.0,0.0,0.0,0.0,0.0,0.0
2025-02-12,LLY,0.0,0.0,0.0,0.0,0.0,0.0,0.0,0.0,0.0,0.0,0.0,0.0,0.0,0.0
2025-02-13,LLY,0.0,0.0,0.0,0.0,0.0,0.0,0.0,0.0,0.0,0.0,0.0,0.0,0.0,0.0
2025-02-14,LLY,0.0,0.0,0.0,0.0,0.0,0.0,0.0,0.0,0.0,0.0,0.0,0.0,0.0,0.0
2025-02-18,LLY,0.0,0.0,0.0,0.0,0.0,0.0,0.0,0.0,0.0,0.0,0.0,0.0,0.0,0.0
2025-02-19,LLY,0.0,0.0,0.0,0.0,0.0,0.0,0.0,0.0,0.0,0.0,0.0,0.0,0.0,0.0
2025-02-20,LLY,0.0,0.0,0.0,0.0,0.0,0.0,0.0,0.0,0.0,0.0,0.0,0.0,0.0,0.0
2025-02-21,LLY,0.0,0.0,0.0,0.0,0.0,0.0,0.0,0.0,0.0,0.0,0.0,0.0,0.0,0.0
2025-02-24,LLY,0.0,0.0,0.0,0.0,0.0,0.0,0.0,0.0,0.0,0.0,0.0,0.0,0.0,0.0
2025-02-25,LLY,0.0,0.0,0.0,0.0,0.0,0.0,0.0,0.0,0.0,0.0,0.0,0.0,0.0,0.0
2025-02-26,LLY,0.0,0.0,0.0,0.0,0.0,0.0,0.0,0.0,0.0,0.0,0.0,0.0,0.0,0.0
2025-02-27,LLY,0.0,0.0,0.0,0.0,0.0,0.0,0.0,0.0,0.0,0.0,0.0,0.0,0.0,0.0
2025-02-28,LLY,0.0,0.0,0.0,0.0,0.0,0.0,0.0,0.0,0.0,0.0,0.0,0.0,0.0,0.0
2025-03-03,LLY,0.0,0.0,0.0,0.0,0.0,0.0,0.0,0.0,0.0,0.0,0.0,0.0,0.0,0.0
2025-03-04,LLY,0.0,0.0,0.0,0.0,0.0,0.0,0.0,0.0,0.0,0.0,0.0,0.0,0.0,0.0
2025-03-05,LLY,0.0,0.0,0.0,0.0,0.0,0.0,0.0,0.0,0.0,0.0,0.0,0.0,0.0,0.0
2025-03-06,LLY,0.0,0.0,0.0,0.0,0.0,0.0,0.0,0.0,0.0,0.0,0.0,0.0,0.0,0.0
2025-03-07,LLY,0.0,0.0,0.0,0.0,0.0,0.0,0.0,0.0,0.0,0.0,0.0,0.0,0.0,0.0
2025-03-10,LLY,0.0,0.0,0.0,0.0,0.0,0.0,0.0,0.0,0.0,0.0,0.0,0.0,0.0,0.0
2025-03-11,LLY,0.0,0.0,0.0,0.0,0.0,0.0,0.0,0.0,0.0,0.0,0.0,0.0,0.0,0.0
2025-03-12,LLY,0.0,0.0,0.0,0.0,0.0,0.0,0.0,0.0,0.0,0.0,0.0,0.0,0.0,0.0
2025-03-13,LLY,0.0,0.0,0.0,0.0,0.0,0.0,0.0,0.0,0.0,0.0,0.0,0.0,0.0,0.0
2025-03-14,LLY,0.0,0.0,0.0,0.0,0.0,0.0,0.0,0.0,0.0,0.0,0.0,0.0,0.0,0.0
2025-03-17,LLY,0.0,0.0,0.0,0.0,0.0,0.0,0.0,0.0,0.0,0.0,0.0,0.0,0.0,0.0
2025-03-18,LLY,0.0,0.0,0.0,0.0,0.0,0.0,0.0,0.0,0.0,0.0,0.0,0.0,0.0,0.0
2025-03-19,LLY,0.0,0.0,0.0,0.0,0.0,0.0,0.0,0.0,0.0,0.0,0.0,0.0,0.0,0.0
2025-03-20,LLY,0.0,0.0,0.0,0.0,0.0,0.0,0.0,0.0,0.0,0.0,0.0,0.0,0.0,0.0
2025-03-21,LLY,0.0,0.0,0.0,0.0,0.0,0.0,0.0,0.0,0.0,0.0,0.0,0.0,0.0,0.0
2025-03-24,LLY,0.0,0.0,0.0,0.0,0.0,0.0,0.0,0.0,0.0,0.0,0.0,0.0,0.0,0.0
2025-03-25,LLY,0.0,0.0,0.0,0.0,0.0,0.0,0.0,0.0,0.0,0.0,0.0,0.0,0.0,0.0
2025-03-26,LLY,0.0,0.0,0.0,0.0,0.0,0.0,0.0,0.0,0.0,0.0,0.0,0.0,0.0,0.0
2025-03-27,LLY,0.0,0.0,0.0,0.0,0.0,0.0,0.0,0.0,0.0,0.0,0.0,0.0,0.0,0.0
2025-03-28,LLY,0.0,0.0,0.0,0.0,0.0,0.0,0.0,0.0,0.0,0.0,0.0,0.0,0.0,0.0
2025-03-31,LLY,0.0,0.0,0.0,0.0,0.0,0.0,0.0,0.0,0.0,0.0,0.0,0.0,0.0,0.0
2025-04-01,LLY,0.0,0.0,0.0,0.0,0.0,0.0,0.0,0.0,0.0,0.0,0.0,0.0,0.0,0.0
2025-04-02,LLY,0.0,0.0,0.0,0.0,0.0,0.0,0.0,0.0,0.0,0.0,0.0,0.0,0.0,0.0
2025-04-03,LLY,0.0,0.0,0.0,0.0,0.0,0.0,0.0,0.0,0.0,0.0,0.0,0.0,0.0,0.0
2025-04-04,LLY,0.0,0.0,0.0,0.0,0.0,0.0,0.0,0.0,0.0,0.0,0.0,0.0,0.0,0.0
2025-04-07,LLY,0.0,0.0,0.0,0.0,0.0,0.0,0.0,0.0,0.0,0.0,0.0,0.0,0.0,0.0
2025-04-08,LLY,0.0,0.0,0.0,0.0,0.0,0.0,0.0,0.0,0.0,0.0,0.0,0.0,0.0,0.0
2025-04-09,LLY,0.0,0.0,0.0,0.0,0.0,0.0,0.0,0.0,0.0,0.0,0.0,0.0,0.0,0.0
2025-04-10,LLY,0.0,0.0,0.0,0.0,0.0,0.0,0.0,0.0,0.0,0.0,0.0,0.0,0.0,0.0
2025-04-11,LLY,0.0,0.0,0.0,0.0,0.0,0.0,0.0,0.0,0.0,0.0,0.0,0.0,0.0,0.0
2025-04-14,LLY,0.0,0.0,0.0,0.0,0.0,0.0,0.0,0.0,0.0,0.0,0.0,0.0,0.0,0.0
2025-04-15,LLY,0.0,0.0,0.0,0.0,0.0,0.0,0.0,0.0,0.0,0.0,0.0,0.0,0.0,0.0
2025-04-16,LLY,0.0,0.0,0.0,0.0,0.0,0.0,0.0,0.0,0.0,0.0,0.0,0.0,0.0,0.0
2025-04-17,LLY,0.0,0.0,0.0,0.0,0.0,0.0,0.0,0.0,0.0,0.0,0.0,0.0,0.0,0.0
2025-04-21,LLY,0.0,0.0,0.0,0.0,0.0,0.0,0.0,0.0,0.0,0.0,0.0,0.0,0.0,0.0
2025-04-22,LLY,0.0,0.0,0.0,0.0,0.0,0.0,0.0,0.0,0.0,0.0,0.0,0.0,0.0,0.0
2025-04-23,LLY,0.0,0.0,0.0,0.0,0.0,0.0,0.0,0.0,0.0,0.0,0.0,0.0,0.0,0.0
2025-04-24,LLY,0.0,0.0,0.0,0.0,0.0,0.0,0.0,0.0,0.0,0.0,0.0,0.0,0.0,0.0
2025-04-25,LLY,0.0,0.0,0.0,0.0,0.0,0.0,0.0,0.0,0.0,0.0,0.0,0.0,0.0,0.0
2025-04-28,LLY,0.0,0.0,0.0,0.0,0.0,0.0,0.0,0.0,0.0,0.0,0.0,0.0,0.0,0.0
2025-04-29,LLY,0.0,0.0,0.0,0.0,0.0,0.0,0.0,0.0,0.0,0.0,0.0,0.0,0.0,0.0
2025-04-30,LLY,0.0,0.0,0.0,0.0,0.0,0.0,0.0,0.0,0.0,0.0,0.0,0.0,0.0,0.0
2025-05-01,LLY,0.0,0.0,0.0,0.0,0.0,0.0,0.0,0.0,0.0,0.0,0.0,0.0,0.0,0.0
2025-05-02,LLY,0.0,0.0,0.0,0.0,0.0,0.0,0.0,0.0,0.0,0.0,0.0,0.0,0.0,0.0
2025-05-05,LLY,0.0,0.0,0.0,0.0,0.0,0.0,0.0,0.0,0.0,0.0,0.0,0.0,0.0,0.0
2025-05-06,LLY,0.0,0.0,0.0,0.0,0.0,0.0,0.0,0.0,0.0,0.0,0.0,0.0,0.0,0.0
2025-05-07,LLY,0.0,0.0,0.0,0.0,0.0,0.0,0.0,0.0,0.0,0.0,0.0,0.0,0.0,0.0
2025-05-08,LLY,0.0,0.0,0.0,0.0,0.0,0.0,0.0,0.0,0.0,0.0,0.0,0.0,0.0,0.0
2025-05-09,LLY,0.0,0.0,0.0,0.0,0.0,0.0,0.0,0.0,0.0,0.0,0.0,0.0,0.0,0.0
2025-05-12,LLY,0.0,0.0,0.0,0.0,0.0,0.0,0.0,0.0,0.0,0.0,0.0,0.0,0.0,0.0
2025-05-13,LLY,0.0,0.0,0.0,0.0,0.0,0.0,0.0,0.0,0.0,0.0,0.0,0.0,0.0,0.0
2025-05-14,LLY,0.0,0.0,0.0,0.0,0.0,0.0,0.0,0.0,0.0,0.0,0.0,0.0,0.0,0.0
2025-05-15,LLY,0.0,0.0,0.0,0.0,0.0,0.0,0.0,0.0,0.0,0.0,0.0,0.0,0.0,0.0
2025-05-16,LLY,0.0,0.0,0.0,0.0,0.0,0.0,0.0,0.0,0.0,0.0,0.0,0.0,0.0,0.0
2025-05-19,LLY,0.0,0.0,0.0,0.0,0.0,0.0,0.0,0.0,0.0,0.0,0.0,0.0,0.0,0.0
2025-05-20,LLY,0.0,0.0,0.0,0.0,0.0,0.0,0.0,0.0,0.0,0.0,0.0,0.0,0.0,0.0
2025-05-21,LLY,0.0,0.0,0.0,0.0,0.0,0.0,0.0,0.0,0.0,0.0,0.0,0.0,0.0,0.0
2025-05-22,LLY,0.0,0.0,0.0,0.0,0.0,0.0,0.0,0.0,0.0,0.0,0.0,0.0,0.0,0.0
2025-05-23,LLY,0.0,0.0,0.0,0.0,0.0,0.0,0.0,0.0,0.0,0.0,0.0,0.0,0.0,0.0
2025-05-27,LLY,0.0,0.0,0.0,0.0,0.0,0.0,0.0,0.0,0.0,0.0,0.0,0.0,0.0,0.0
2025-05-28,LLY,0.0,0.0,0.0,0.0,0.0,0.0,0.0,0.0,0.0,0.0,0.0,0.0,0.0,0.0
2025-05-29,LLY,0.0,0.0,0.0,0.0,0.0,0.0,0.0,0.0,0.0,0.0,0.0,0.0,0.0,0.0
2025-05-30,LLY,0.0,0.0,0.0,0.0,0.0,0.0,0.0,0.0,0.0,0.0,0.0,0.0,0.0,0.0
2025-06-02,LLY,0.0,0.0,0.0,0.0,0.0,0.0,0.0,0.0,0.0,0.0,0.0,0.0,0.0,0.0
2025-06-03,LLY,0.0,0.0,0.0,0.0,0.0,0.0,0.0,0.0,0.0,0.0,0.0,0.0,0.0,0.0
2025-06-04,LLY,0.0,0.0,0.0,0.0,0.0,0.0,0.0,0.0,0.0,0.0,0.0,0.0,0.0,0.0
2025-06-05,LLY,0.0,0.0,0.0,0.0,0.0,0.0,0.0,0.0,0.0,0.0,0.0,0.0,0.0,0.0
2025-06-06,LLY,0.0,0.0,0.0,0.0,0.0,0.0,0.0,0.0,0.0,0.0,0.0,0.0,0.0,0.0
2025-06-09,LLY,0.0,0.0,0.0,0.0,0.0,0.0,0.0,0.0,0.0,0.0,0.0,0.0,0.0,0.0
2025-06-10,LLY,0.0,0.0,0.0,0.0,0.0,0.0,0.0,0.0,0.0,0.0,0.0,0.0,0.0,0.0
2025-06-11,LLY,0.0,0.0,0.0,0.0,0.0,0.0,0.0,0.0,0.0,0.0,0.0,0.0,0.0,0.0
2025-06-12,LLY,0.0,0.0,0.0,0.0,0.0,0.0,0.0,0.0,0.0,0.0,0.0,0.0,0.0,0.0
2025-06-13,LLY,0.0,0.0,0.0,0.0,0.0,0.0,0.0,0.0,0.0,0.0,0.0,0.0,0.0,0.0
2025-06-16,LLY,0.44911205279640853,12.0,6.0,0.0,6.0,0.7756131241718928,0.46272224963953096,0.013610196843122391,0.523667566323032,0.14970401759880284,12.0,6.0,0.0,6.0
2025-06-17,LLY,-0.03202905830664514,39.0,15.0,16.0,8.0,0.8332120546927819,0.3734203047859363,0.4054493630925814,0.22113033183492142,0.13902766482992113,51.0,21.0,16.0,14.0
2025-06-18,LLY,0.25795556570550326,19.0,12.0,5.0,2.0,0.8750954238991988,0.5458075772284677,0.2878520115229644,0.16634038267166987,0.22501285339842222,70.0,33.0,21.0,16.0
2025-06-20,LLY,0.5367638801357576,7.0,4.0,0.0,3.0,0.9151418209075928,0.559343193258558,0.022579313122800388,0.4180775226226875,0.25423012917820526,65.0,31.0,21.0,13.0
2025-06-23,LLY,0.07121784701012072,20.0,8.0,5.0,7.0,0.8569567888975144,0.34214844335801897,0.2709305963478982,0.3869209686294198,0.28864576428379385,46.0,24.0,10.0,12.0
2025-06-24,LLY,0.07149341855464234,14.0,5.0,4.0,5.0,0.8420851209333965,0.38559176553306834,0.3140983469784259,0.300309860546674,0.2264917152335069,41.0,17.0,9.0,15.0
2025-06-25,LLY,0.19900596478524116,13.0,5.0,3.0,5.0,0.8603441119194031,0.41855032899631905,0.21954436421107784,0.3619053147446651,0.11390574345000141,47.0,18.0,12.0,17.0
2025-06-26,LLY,0.4273406580090523,10.0,7.0,2.0,1.0,0.7507686376571655,0.6321112888865172,0.20477063087746497,0.16311807613819834,0.23261334711631196,37.0,17.0,9.0,11.0
2025-06-27,LLY,0.2960608690977097,5.0,3.0,2.0,0.0,0.8576539039611817,0.6147157108411193,0.3186548417434096,0.0666294697672128,0.30746916396400104,28.0,15.0,7.0,6.0
2025-06-30,LLY,0.7159879881267747,3.0,2.0,0.0,1.0,0.8370125492413839,0.7324399451414744,0.016451957014699734,0.2511080925663312,0.4797965050778456,18.0,12.0,4.0,2.0
2025-07-01,LLY,-0.10522139612585309,10.0,2.0,3.0,5.0,0.7924970179796219,0.19590409304946657,0.3011254891753196,0.5029704146087169,0.3022758203662104,18.0,7.0,5.0,6.0
2025-07-02,LLY,0.3400377295911312,7.0,2.0,0.0,5.0,0.8382485423769269,0.3787645064294338,0.03872677683830257,0.582508714071342,0.3169347738640176,20.0,6.0,3.0,11.0
2025-07-03,LLY,0.8301569096123179,3.0,3.0,0.0,0.0,0.8522295951843262,0.8522295951843262,0.02207268557200823,0.1256977282464504,0.3549910810258654,20.0,7.0,3.0,10.0
2025-07-07,LLY,0.4107390089891851,10.0,7.0,3.0,0.0,0.8809270828962326,0.6576188715174794,0.24687986252829427,0.09550127536058421,0.5269778827308781,20.0,12.0,3.0,5.0
2025-07-08,LLY,0.3575625586589532,7.0,4.0,1.0,2.0,0.793369574206216,0.5068549763943467,0.1492924177353935,0.3438526070011513,0.5328194924201521,20.0,14.0,4.0,2.0
2025-07-09,LLY,0.2935645710011678,14.0,7.0,2.0,5.0,0.7665215411356517,0.4775618575513363,0.18399728655016845,0.33844084705093075,0.35395537954976874,31.0,18.0,6.0,7.0
2025-07-10,LLY,0.20628860348369926,8.0,4.0,2.0,2.0,0.7962080389261246,0.4938186760991812,0.28753007261548186,0.218651256756857,0.28580524438127347,29.0,15.0,5.0,9.0
2025-07-11,LLY,0.24548285072669387,10.0,3.0,1.0,6.0,0.8410367846488953,0.3525468677282333,0.10706401700153942,0.5403891073539853,0.24844534173718705,32.0,14.0,5.0,13.0
2025-07-14,LLY,0.4282700042705983,10.0,4.0,0.0,6.0,0.8072510957717896,0.45444746799767016,0.02617746372707183,0.5193750742822886,0.29334715282699725,28.0,11.0,3.0,14.0
2025-07-15,LLY,0.38186177546158434,10.0,7.0,2.0,1.0,0.8428911328315735,0.598349217325449,0.21648744186386462,0.185163327679038,0.35187154348629224,30.0,14.0,3.0,13.0
2025-07-16,LLY,-0.12461838529755674,12.0,3.0,5.0,4.0,0.7869218289852142,0.2612658598615477,0.38588424515910447,0.3528499035164714,0.22850446481154205,32.0,14.0,7.0,11.0
2025-07-17,LLY,0.47802803479135025,5.0,3.0,0.0,2.0,0.8694426059722901,0.5396756760776042,0.061647641286253864,0.3986766759306192,0.245090474985126,27.0,13.0,7.0,7.0
2025-07-18,LLY,-0.07654392967621486,3.0,1.0,1.0,1.0,0.7796758810679117,0.22894887129465735,0.3054928009708722,0.4655583401521047,0.09228857327252626,20.0,7.0,6.0,7.0
2025-07-21,LLY,0.6458312980830669,6.0,5.0,0.0,1.0,0.8082471191883087,0.6694296499093374,0.023598351826270365,0.3069720019896825,0.3491051343994009,14.0,9.0,1.0,4.0
2025-07-22,LLY,0.5048324001360346,11.0,6.0,0.0,5.0,0.8042796091599898,0.5546802322972905,0.049847832161255816,0.3954719345677983,0.3580399228476289,20.0,12.0,1.0,7.0
2025-07-23,LLY,0.3947224108851515,16.0,7.0,0.0,9.0,0.815480824559927,0.4402739310171455,0.04555152013199399,0.514174556476064,0.5151287030347511,33.0,18.0,0.0,15.0
2025-07-24,LLY,0.4016094161197543,12.0,6.0,1.0,5.0,0.8136278589566549,0.4927596705965698,0.09115025447681542,0.41609009137998026,0.43372140904698014,39.0,19.0,1.0,19.0
2025-07-25,LLY,0.6244674884947017,8.0,6.0,0.0,2.0,0.8668620511889458,0.6463407203555107,0.021873231860808976,0.33178602089174086,0.4735997718332025,36.0,19.0,1.0,16.0
2025-07-28,LLY,-0.03720115160103889,8.0,3.0,4.0,1.0,0.8250066190958023,0.4076364943757653,0.44483764597680414,0.14752582833170888,0.32962525100447243,28.0,15.0,5.0,8.0
2025-07-29,LLY,-0.36365416611974627,26.0,6.0,16.0,4.0,0.8870136818060508,0.2365126805200886,0.6001668466398349,0.16332046913269618,0.07453739025797222,42.0,15.0,20.0,7.0
2025-07-30,LLY,-0.12478827661834659,16.0,5.0,7.0,4.0,0.8705736678093672,0.33048176084412256,0.45527003746246913,0.21424820902757344,-0.17521453144637722,50.0,14.0,27.0,9.0
2025-07-31,LLY,0.0036250732373446226,16.0,7.0,5.0,4.0,0.8197990506887436,0.3857164154178463,0.3820913421805016,0.2321922244154848,-0.1616057898335827,58.0,18.0,28.0,12.0
2025-08-01,LLY,-0.09534429146528796,27.0,8.0,10.0,9.0,0.8191646536191305,0.27508954163985666,0.37043383310514466,0.3544766224782776,-0.07216916494876327,59.0,20.0,22.0,17.0
2025-08-04,LLY,0.08564350934808743,17.0,4.0,5.0,8.0,0.8085742697996252,0.3474562880309189,0.2618127786828314,0.390730933560168,-0.002025236293285266,60.0,19.0,20.0,21.0
2025-08-05,LLY,0.0049985883136590544,15.0,4.0,5.0,6.0,0.823525627454122,0.344706007031103,0.33970741871744387,0.3155865611508489,-0.001567397934513789,59.0,16.0,20.0,23.0
2025-08-06,LLY,-0.20564951220460767,28.0,9.0,15.0,4.0,0.8284195171935218,0.2935100523422339,0.49915956454684157,0.20733040095573022,-0.03833580484762036,60.0,17.0,25.0,18.0
2025-08-07,LLY,-0.07152433642851454,35.0,10.0,14.0,11.0,0.8350801016603198,0.30440829194017816,0.37593262836869273,0.3196590792387724,-0.09072508677315434,78.0,23.0,34.0,21.0
2025-08-08,LLY,-0.004741565058273951,28.0,11.0,12.0,5.0,0.8480080142617226,0.3954463270492852,0.4001878921075591,0.20436577409106702,-0.09397180456379867,91.0,30.0,41.0,20.0
2025-08-11,LLY,-0.0348637001588941,14.0,4.0,5.0,5.0,0.8295969069004059,0.2815990756664957,0.3164627758253898,0.40193816301013735,-0.03704320054856083,77.0,25.0,31.0,21.0
2025-08-12,LLY,0.23180614778151115,15.0,6.0,4.0,5.0,0.8057892680168152,0.428575895105799,0.19676974732428787,0.37465434782207013,0.06406696085478107,57.0,21.0,21.0,15.0
2025-08-13,LLY,0.14121754832852343,13.0,6.0,5.0,2.0,0.7553680332807394,0.4342161710015856,0.29299862267306215,0.2727852115550866,0.11271999865038018,42.0,16.0,14.0,12.0
2025-08-14,LLY,0.3084585297366847,23.0,12.0,4.0,7.0,0.8579750397930974,0.5038632066596461,0.19540467692296137,0.3007320979124178,0.22716074194890648,51.0,24.0,13.0,14.0
2025-08-15,LLY,0.259581310012819,19.0,11.0,7.0,1.0,0.8027249951111642,0.5500812664333927,0.29049995642057375,0.15941877692545714,0.23641912935934242,55.0,29.0,16.0,10.0
2025-08-18,LLY,0.3590561642271021,23.0,13.0,4.0,6.0,0.8423216809397158,0.5318199588066858,0.17276379457958363,0.29541624782849907,0.3090320013255353,65.0,36.0,15.0,14.0
2025-08-19,LLY,-0.05622466620323913,21.0,6.0,9.0,6.0,0.8030538927941095,0.34673365132351003,0.4029583175267492,0.25030803427632364,0.18747093601222733,63.0,30.0,20.0,13.0
2025-08-20,LLY,-0.38245298964186347,13.0,2.0,7.0,4.0,0.8222479017881247,0.17332234047353262,0.5557753301153963,0.27090232948271126,-0.02654049720600012,57.0,21.0,20.0,16.0
2025-08-21,LLY,-0.10895987748517653,16.0,4.0,7.0,5.0,0.8205902278423309,0.29308299426338635,0.4020428717485629,0.3048741438542492,-0.18254584444342634,50.0,12.0,23.0,15.0
2025-08-22,LLY,0.46677595741736394,12.0,8.0,2.0,2.0,0.8813148240248362,0.6151703018695116,0.1483943444521476,0.23643534358901278,-0.008212303236558657,41.0,14.0,16.0,11.0
2025-08-25,LLY,0.2895421770401299,5.0,3.0,1.0,1.0,0.8671546459197998,0.4925967501476407,0.20305457310751077,0.30434865728020666,0.21578608565743915,33.0,15.0,10.0,8.0
2025-08-26,LLY,0.5370068086621662,30.0,21.0,4.0,5.0,0.875862967967987,0.6798431974835694,0.14283638882140312,0.17732041627168652,0.4311083143732201,47.0,32.0,7.0,8.0
2025-08-27,LLY,0.47857615682146243,31.0,20.0,3.0,8.0,0.8389564704510474,0.6026230903282281,0.12404693350676563,0.27332997460278774,0.4350417141745862,66.0,44.0,8.0,14.0
2025-08-28,LLY,0.5399935933323029,17.0,12.0,2.0,3.0,0.8485296543906716,0.6677656581022722,0.12777206476996922,0.20446228597532298,0.5185255196053106,78.0,53.0,9.0,16.0
2025-08-29,LLY,0.5071661106564782,11.0,6.0,0.0,5.0,0.7481070323423906,0.5577705343338576,0.05060442367737939,0.3916250555352731,0.5085786202700812,59.0,38.0,5.0,16.0
2025-09-02,LLY,0.39727593366988,10.0,7.0,2.0,1.0,0.8430075168609619,0.6032466260716319,0.20597069240175184,0.19078268259763714,0.48147854588622047,38.0,25.0,4.0,9.0
2025-09-03,LLY,0.3900007749907672,8.0,4.0,0.0,4.0,0.8413987569510937,0.4512308882549405,0.061230113264173235,0.48753900080919266,0.4314809397723751,29.0,17.0,2.0,10.0
2025-09-04,LLY,0.3618412595242262,10.0,6.0,2.0,2.0,0.7557574808597565,0.5491225495934486,0.1872812900692224,0.2635961571708321,0.3830393227282911,28.0,17.0,4.0,7.0
2025-09-05,LLY,0.20147489466600949,18.0,6.0,3.0,9.0,0.7685049457682503,0.4093285937172671,0.2078536990512576,0.38281770221268135,0.31777230972700093,36.0,16.0,5.0,15.0
2025-09-08,LLY,0.3412561397999525,10.0,6.0,1.0,3.0,0.7979234874248504,0.4909552181139588,0.14969907831400628,0.35934570003300903,0.30152409799672936,38.0,18.0,6.0,14.0
2025-09-09,LLY,0.25661146946783575,7.0,3.0,1.0,3.0,0.8673673783029828,0.4219501860705869,0.16533871660275115,0.41271109426660196,0.2664475013112659,35.0,15.0,5.0,15.0
2025-09-10,LLY,-0.15012935924000645,19.0,5.0,9.0,5.0,0.8250388377591183,0.2840817585881603,0.4342111178281668,0.2817071118441067,0.14924608334259393,36.0,14.0,11.0,11.0
2025-09-11,LLY,0.0996412816183532,17.0,7.0,4.0,6.0,0.7529953683123869,0.3538308447665151,0.25418956314816193,0.39197959487929057,0.06870779728206083,43.0,15.0,14.0,14.0
2025-09-12,LLY,-0.011998192141098636,7.0,2.0,2.0,3.0,0.8526542697634015,0.26711031515151257,0.2791085072926113,0.45378116411822184,-0.02082875658758396,43.0,14.0,15.0,14.0
2025-09-15,LLY,0.22531583141535522,10.0,5.0,3.0,2.0,0.8838469624519348,0.5006771525368094,0.27536132112145423,0.22396153733134266,0.1043196402975366,34.0,14.0,9.0,11.0
2025-09-16,LLY,0.455245678051142,16.0,10.0,1.0,5.0,0.8453427962958813,0.5470981374382973,0.0918524593871552,0.3610494126332923,0.22285443910846622,33.0,17.0,6.0,10.0
2025-09-17,LLY,0.4161218812339939,40.0,20.0,5.0,15.0,0.7840905532240867,0.5504605884198099,0.13433870718581598,0.3152007086202502,0.36556113023349707,66.0,35.0,9.0,22.0
2025-09-18,LLY,0.4867943510956441,24.0,16.0,2.0,6.0,0.7847776599228382,0.5830324090396365,0.09623805794399228,0.3207295287866145,0.45272063679359337,80.0,46.0,8.0,26.0
2025-09-19,LLY,0.4367181713460013,12.0,8.0,1.0,3.0,0.8284775267044703,0.5780663169765224,0.14134814563052103,0.2805855300587912,0.4465448012252131,76.0,44.0,8.0,24.0
2025-09-22,LLY,0.6915428128093482,10.0,9.0,0.0,1.0,0.779804527759552,0.7097089394927025,0.01816612668335435,0.2721249334514141,0.5383517784169979,46.0,33.0,3.0,10.0
2025-09-23,LLY,0.5097621843950557,14.0,9.0,1.0,4.0,0.8482674956321716,0.5907341736435358,0.08097198924848008,0.3282938164525798,0.5460077228501351,36.0,26.0,2.0,8.0
2025-09-24,LLY,0.14606237398194416,14.0,6.0,4.0,4.0,0.7633907965251377,0.4398298342046993,0.2937674602227551,0.2664027018472552,0.449122457062116,38.0,24.0,5.0,9.0
2025-09-25,LLY,0.2689899026416242,20.0,11.0,4.0,5.0,0.8466124504804611,0.482539035147056,0.21354913250543173,0.3039118388667702,0.30827148700620804,48.0,26.0,9.0,13.0
2025-09-26,LLY,0.23950476615479394,31.0,13.0,4.0,14.0,0.8070765916378267,0.40075805395721426,0.16125328780242026,0.4379886596673919,0.21818568092612076,65.0,30.0,12.0,23.0
2025-09-29,LLY,0.23058396317064758,15.0,7.0,3.0,5.0,0.8176790157953898,0.4253568186114231,0.19477285544077552,0.3798703260719776,0.2463595439890219,66.0,31.0,11.0,24.0
2025-09-30,LLY,0.42453445258018163,14.0,10.0,1.0,3.0,0.7654081795896802,0.5447087440240596,0.12017429144387794,0.3351169421470591,0.2982077273018744,60.0,30.0,8.0,22.0
2025-10-01,LLY,0.4612504838086251,18.0,11.0,1.0,6.0,0.8280645145310296,0.578963932270805,0.11771344846217995,0.3033226369362738,0.3721229665198181,47.0,28.0,5.0,14.0
2025-10-02,LLY,0.5104988819527391,19.0,13.0,3.0,3.0,0.8365288000357779,0.6572751053363869,0.1467762233836478,0.19594867625518847,0.4654279394471819,51.0,34.0,5.0,12.0
2025-10-03,LLY,0.4836909180397497,17.0,11.0,1.0,5.0,0.852695387952468,0.5886016832116772,0.10491076517192752,0.3064875449327861,0.48514676126703793,54.0,35.0,5.0,14.0
2025-10-06,LLY,0.4378019225868312,11.0,7.0,0.0,4.0,0.7582955252040516,0.49149356511506165,0.05369164252823045,0.4548147967593236,0.47733057419310665,47.0,31.0,4.0,12.0
2025-10-07,LLY,0.4829526993756493,18.0,10.0,1.0,7.0,0.832325236664878,0.5628822510544624,0.07992955167881313,0.3571882027511795,0.46814851333407675,46.0,28.0,2.0,16.0
2025-10-08,LLY,0.3488746429793537,11.0,7.0,2.0,2.0,0.7942297187718478,0.5081159833141349,0.15924134033478113,0.33264269222590054,0.42320975498061136,40.0,24.0,3.0,13.0
2025-10-09,LLY,0.4197896691885861,11.0,5.0,1.0,5.0,0.7831339240074158,0.5346148720180447,0.11482520282945843,0.3505598972128196,0.4172056705145297,40.0,22.0,4.0,14.0
2025-10-10,LLY,0.55159897931541,9.0,5.0,0.0,4.0,0.858687076303694,0.5800641899307569,0.028465210615346778,0.39147060737013817,0.4400877638277833,31.0,17.0,3.0,11.0
2025-10-13,LLY,0.3108826830983162,5.0,2.0,1.0,2.0,0.7942543625831604,0.4885553203523159,0.17767263725399968,0.3337720260024071,0.42742377720077074,25.0,12.0,2.0,11.0
2025-10-14,LLY,0.7647703248076141,8.0,7.0,0.0,1.0,0.851583257317543,0.7888291031122208,0.024058778304606638,0.18711211346089837,0.54241732907378,22.0,14.0,1.0,7.0
2025-10-15,LLY,0.22662712028250095,8.0,4.0,2.0,2.0,0.9101998582482338,0.48869742953684175,0.2620703092543408,0.24923225282691416,0.43409337606281034,21.0,13.0,3.0,5.0
2025-10-16,LLY,0.42922669611871245,10.0,6.0,1.0,3.0,0.9048010349273682,0.5436911940574646,0.11446449793875213,0.34184429533779614,0.47354138040294247,26.0,17.0,3.0,6.0
2025-10-17,LLY,-0.1085178960014933,28.0,10.0,13.0,5.0,0.8773562184401921,0.3496358225487971,0.45815371855029036,0.19221046859664573,0.18244530679990664,46.0,20.0,16.0,10.0
2025-10-20,LLY,0.40093499266852933,6.0,4.0,1.0,1.0,0.7076333463191986,0.5589812037845453,0.15804621111601588,0.2829725680251916,0.24054793092858273,44.0,20.0,15.0,9.0
2025-10-21,LLY,0.20642301514744762,5.0,1.0,0.0,4.0,0.8508079171180725,0.2580977521836757,0.05167473703622816,0.6902275130152702,0.16628003727149446,39.0,15.0,14.0,10.0
2025-10-22,LLY,-0.2530845844885335,8.0,2.0,4.0,2.0,0.8709746152162552,0.2333223763853311,0.48640696087386454,0.2802706661168486,0.11809114110914776,19.0,7.0,5.0,7.0
2025-10-23,LLY,0.09453524921887688,14.0,5.0,4.0,5.0,0.8556648663112095,0.3651733440347016,0.2706380948158247,0.36418855163667885,0.015957893292596937,27.0,8.0,8.0,11.0
2025-10-24,LLY,0.2912221137238176,19.0,8.0,4.0,7.0,0.7720868618864762,0.48927433489772837,0.19805222117391066,0.31267342902719975,0.04422425948472027,41.0,15.0,12.0,14.0
2025-10-27,LLY,0.37392968830785583,14.0,6.0,1.0,7.0,0.8283942469528743,0.46509165077337195,0.09116196246551611,0.44374638157231466,0.2532290170835167,47.0,19.0,9.0,19.0
2025-10-28,LLY,0.47162406146526337,13.0,8.0,1.0,4.0,0.8528516063323388,0.5602128792267579,0.0885888177614945,0.3511983262231716,0.3789252878323122,46.0,22.0,6.0,18.0
2025-10-29,LLY,0.4963263048369798,31.0,20.0,3.0,8.0,0.8492301192975813,0.610951331864682,0.11462502702770211,0.274423642744941,0.44729335153669963,58.0,34.0,5.0,19.0
2025-10-30,LLY,0.3388104564987887,39.0,23.0,8.0,8.0,0.8678415830318744,0.5477487261717519,0.20893826967296306,0.2433130046448264,0.4355869409336773,83.0,51.0,12.0,20.0
2025-10-31,LLY,0.09574310145606953,28.0,12.0,10.0,6.0,0.8310242263334138,0.4229610175160425,0.3272179160599729,0.24982107111385887,0.3102932875972793,98.0,55.0,21.0,22.0
2025-11-03,LLY,0.42566527690117556,12.0,7.0,1.0,4.0,0.7925168524185816,0.5672294978673259,0.14156422096615032,0.2912062664205829,0.28673961161867784,79.0,42.0,19.0,18.0
2025-11-04,LLY,0.18785126015750897,9.0,3.0,2.0,4.0,0.804531905386183,0.3751901524762312,0.18733889231872222,0.43747097067534924,0.23641987950491794,49.0,22.0,13.0,14.0
2025-11-05,LLY,0.224982185754925,4.0,2.0,0.0,2.0,0.6632451638579369,0.40141013637185097,0.17642795061692593,0.42216187715530396,0.27949957427120314,25.0,12.0,3.0,10.0
2025-11-06,LLY,0.26990643205742043,3.0,1.0,0.0,2.0,0.7350030740102133,0.28927280753850937,0.0193663754810889,0.6913607915242513,0.22757995932328476,16.0,6.0,2.0,8.0
2025-11-07,LLY,0.17453611682679865,31.0,14.0,8.0,9.0,0.8300042844587757,0.4388919012290576,0.26435578440225893,0.29675231663690455,0.223141578213048,38.0,17.0,8.0,13.0
2025-11-10,LLY,0.19564364941325035,20.0,8.0,4.0,8.0,0.8133855432271957,0.4415897889062762,0.2459461394930258,0.3124640685506165,0.21336206609915642,54.0,23.0,12.0,19.0
2025-11-11,LLY,0.4295844920561649,16.0,9.0,2.0,5.0,0.8564665988087654,0.567684798152186,0.13810030609602106,0.2942148869624361,0.2665880860987379,67.0,31.0,14.0,22.0
2025-11-12,LLY,0.4000733302673325,16.0,9.0,1.0,6.0,0.799407210201025,0.5088700365740806,0.10879670630674805,0.38233324652537704,0.3417671572455825,52.0,26.0,7.0,19.0
2025-11-13,LLY,0.23188722334606082,19.0,9.0,4.0,6.0,0.8709178723787007,0.4301716139736144,0.19828439062755357,0.37154398662479293,0.35384834855651937,51.0,27.0,7.0,17.0
2025-11-14,LLY,-0.0061274609838923005,15.0,4.0,5.0,6.0,0.7607324182987213,0.2692376411209504,0.2753651021048426,0.4553972533593575,0.20861103087650026,50.0,22.0,10.0,18.0
2025-11-17,LLY,0.1959636594013621,12.0,5.0,2.0,5.0,0.7945704137285551,0.44329355664861697,0.24732989724725482,0.30937653454020614,0.1405744739211768,46.0,18.0,11.0,17.0
2025-11-18,LLY,0.33811147219967097,16.0,8.0,2.0,6.0,0.8579534497112036,0.48771072371164337,0.14959925151197234,0.36269001092296094,0.1759825568723802,43.0,17.0,9.0,17.0
2025-11-19,LLY,0.5078901035524904,25.0,17.0,3.0,5.0,0.8415336585044861,0.6361371345818043,0.12824703102931376,0.23561584316194054,0.34732174505117436,53.0,30.0,7.0,16.0
2025-11-20,LLY,0.5249846811805453,14.0,8.0,1.0,5.0,0.7904310481888908,0.586185989103147,0.06120130792260165,0.35261269179838045,0.45699541897756885,55.0,33.0,6.0,16.0
2025-11-21,LLY,0.459798088496817,14.0,9.0,1.0,4.0,0.7841549089976719,0.5714823097389724,0.11168422124215531,0.3168334865144321,0.4975576244099509,53.0,34.0,5.0,14.0
2025-11-24,LLY,0.03272993141866247,23.0,11.0,9.0,3.0,0.8247255618157594,0.41942498124326055,0.38669504982459807,0.193879975248938,0.33917090036534153,51.0,28.0,11.0,12.0
2025-11-25,LLY,0.45935655920766294,20.0,14.0,2.0,4.0,0.8371912389993668,0.597562184650451,0.13820562544278797,0.26423219274729487,0.3172948597077141,57.0,34.0,12.0,11.0
2025-11-26,LLY,0.3526755497790873,20.0,10.0,3.0,7.0,0.8117788732051849,0.5096132799983024,0.15693773021921512,0.33344900337979194,0.2815873468018042,63.0,35.0,14.0,14.0
2025-11-28,LLY,-0.07891485244035727,5.0,1.0,1.0,3.0,0.8190811038017273,0.1976574674248695,0.2765723198652267,0.5257702194154262,0.2443724188487976,45.0,25.0,6.0,14.0
2025-12-01,LLY,-0.06506128429568238,14.0,5.0,6.0,3.0,0.841852741582053,0.34348299740148436,0.40854428169716683,0.2479727361351251,0.06956647101434915,39.0,16.0,10.0,13.0
2025-12-02,LLY,0.12658157020008987,14.0,4.0,3.0,7.0,0.8262396369661603,0.34315614149506596,0.2165745712949761,0.4402693049716098,-0.005798188845316669,33.0,10.0,10.0,13.0
2025-12-03,LLY,0.15927162360666053,7.0,3.0,3.0,1.0,0.7978510516030448,0.4905812771591757,0.3313096535525151,0.1781090729470763,0.07359730317035594,35.0,12.0,12.0,11.0
2025-12-04,LLY,0.42213712488724425,11.0,6.0,1.0,4.0,0.8191071775826541,0.4956248336556283,0.073487708768384,0.430887458845973,0.23599677289799814,32.0,13.0,7.0,12.0
2025-12-05,LLY,0.514209593730894,11.0,7.0,0.0,4.0,0.8157658793709495,0.5637487582862377,0.049539164555343664,0.38671209138225426,0.3652061140749329,29.0,16.0,4.0,9.0
2025-12-08,LLY,0.3890044644474983,15.0,7.0,1.0,7.0,0.8239356915156046,0.46410427304605645,0.07509980859855807,0.46079591239492096,0.44178372768854546,37.0,20.0,2.0,15.0
2025-12-09,LLY,0.2309946501161903,20.0,8.0,3.0,9.0,0.8278017312288284,0.3747429830953478,0.1437483329791575,0.4815086765214801,0.3780695694315275,46.0,22.0,4.0,20.0
2025-12-10,LLY,0.6251194990971791,14.0,10.0,1.0,3.0,0.8446390756538936,0.698411692998239,0.07329219390105986,0.22829611266830135,0.41503953788695586,49.0,25.0,5.0,19.0
2025-12-11,LLY,0.32246414700742154,34.0,20.0,7.0,7.0,0.8299084866748137,0.5308234735446817,0.20835932653726022,0.26081720175331125,0.3928594320735969,68.0,38.0,11.0,19.0
2025-12-12,LLY,0.143272559158504,22.0,10.0,7.0,5.0,0.8619779483838514,0.46134625879031693,0.31807369963181287,0.22058005283840673,0.36361873508770143,70.0,40.0,15.0,15.0
2025-12-15,LLY,0.43566280776368715,7.0,3.0,0.0,4.0,0.8745021394320897,0.4603979800428663,0.02473517227917904,0.5148668576564107,0.3004665046432042,63.0,33.0,14.0,16.0
2025-12-16,LLY,0.3999712140135029,17.0,10.0,2.0,5.0,0.8322475342189565,0.5240010471795412,0.12402983316603823,0.3519691147786729,0.3263021936452313,46.0,23.0,9.0,14.0
2025-12-17,LLY,0.22105749525750676,6.0,2.0,1.0,3.0,0.8482657074928284,0.3969335726772745,0.17587607741976777,0.4271903556461136,0.3522305056782322,30.0,15.0,3.0,12.0
2025-12-18,LLY,0.4428165883112412,13.0,8.0,1.0,4.0,0.730647474527359,0.5789480856977977,0.13613149738655636,0.28492040072496116,0.3546150991940835,36.0,20.0,4.0,12.0
2025-12-19,LLY,0.3022987959492538,18.0,9.0,3.0,6.0,0.7882547395096885,0.47842207276779747,0.17612327681854362,0.3454546586920817,0.3220576265060005,37.0,19.0,5.0,13.0
2025-12-22,LLY,0.4569617244056784,13.0,9.0,2.0,2.0,0.8794226921521701,0.6157802833387485,0.15881855893307004,0.22540116009230793,0.40069236955539106,44.0,26.0,6.0,12.0
2025-12-23,LLY,0.37943704082863405,32.0,20.0,6.0,6.0,0.8628498464822769,0.5773221580602694,0.19788511723163535,0.2247927190037444,0.3795658537278553,63.0,38.0,11.0,14.0
2025-12-24,LLY,0.5534424815171709,12.0,10.0,1.0,1.0,0.7992553810278574,0.6861705048941076,0.13272802337693668,0.18110147910192606,0.4632804155838277,57.0,39.0,9.0,9.0
2025-12-26,LLY,0.3908843940922192,7.0,4.0,1.0,2.0,0.7875905973570687,0.5599455891975335,0.16906119510531423,0.2709931912166731,0.4412546388126746,51.0,34.0,8.0,9.0
2025-12-29,LLY,0.15462170009102133,7.0,1.0,1.0,5.0,0.7993441479546683,0.2674115630132811,0.1127898629222597,0.619798559163298,0.36631619190013703,26.0,15.0,3.0,8.0
2025-12-30,LLY,-0.09353816478202741,6.0,2.0,3.0,1.0,0.8485497136910757,0.33004780362049735,0.42358596840252477,0.24636621773242942,0.15065597646707096,20.0,7.0,5.0,8.0
2025-12-31,LLY,0.4785594488917427,11.0,8.0,2.0,1.0,0.8965699672698975,0.6615709903734651,0.18301154148172244,0.155417477204041,0.1798809947335788,24.0,11.0,6.0,7.0
2026-01-02,LLY,-0.005058439262211323,5.0,2.0,2.0,1.0,0.7548638582229614,0.3950328173115849,0.4000912565737963,0.20487589016556734,0.12665428161583456,22.0,12.0,7.0,3.0
2026-01-05,LLY,0.381458789938026,18.0,11.0,2.0,5.0,0.7408626973628998,0.5164220058876607,0.13496321594963467,0.3486147849924034,0.28498659985585234,34.0,21.0,6.0,7.0
2026-01-06,LLY,0.14690120406448842,25.0,12.0,7.0,6.0,0.8489123821258545,0.438425052575767,0.2915238485112786,0.2700510981306433,0.17443385158010094,48.0,25.0,11.0,12.0
2026-01-07,LLY,0.3188460578464649,22.0,11.0,3.0,8.0,0.8734607046300714,0.46676746163178573,0.1479214037853208,0.3853111269629814,0.282402017282993,65.0,34.0,12.0,19.0
2026-01-08,LLY,0.2605553464591503,25.0,12.0,6.0,7.0,0.8144250655174256,0.49958713956177236,0.239031793102622,0.26138105452060695,0.24210086945670115,72.0,35.0,16.0,21.0
2026-01-09,LLY,0.44795045484788715,20.0,13.0,3.0,4.0,0.8558931350708008,0.5962978978641331,0.14834744301624592,0.2553546491079032,0.3424506197178341,67.0,36.0,12.0,19.0
2026-01-12,LLY,0.2831998778223667,23.0,12.0,4.0,7.0,0.7901069936544999,0.44785932166015974,0.16465944383779293,0.38748123229521775,0.3305685597098013,68.0,37.0,13.0,18.0
2026-01-13,LLY,0.535822004151459,26.0,18.0,2.0,6.0,0.827398765545625,0.629853155463934,0.09403115131247498,0.2761156785373504,0.42232411227390426,69.0,43.0,9.0,17.0
2026-01-14,LLY,0.06228724437887251,23.0,8.0,6.0,9.0,0.8202883458655813,0.33594566174661333,0.27365841736774077,0.3903959200758001,0.29376970878423264,72.0,38.0,12.0,22.0
2026-01-15,LLY,0.30651407507765627,18.0,10.0,6.0,2.0,0.8496130092276467,0.5696585097660621,0.2631444346884058,0.16719704524924356,0.30154110786932914,67.0,36.0,14.0,17.0
2026-01-16,LLY,0.04393942472101611,22.0,9.0,8.0,5.0,0.8701610700650648,0.4113655255853452,0.36742610086432914,0.2212083540772172,0.13758024805918156,63.0,27.0,20.0,16.0
2026-01-20,LLY,0.25744470418430865,12.0,5.0,2.0,5.0,0.812085951368014,0.4213642973142366,0.16391959312992788,0.41471611040954787,0.2026327346609936,52.0,24.0,16.0,12.0
2026-01-21,LLY,0.2271457755539034,14.0,5.0,2.0,7.0,0.7335752078465053,0.34733989568693296,0.12019412013302953,0.5324659744011504,0.17617663481974266,48.0,19.0,12.0,17.0
2026-01-22,LLY,0.3343547130934894,8.0,4.0,1.0,3.0,0.6936688423156738,0.4751588376238942,0.14080412453040478,0.384037043666467,0.27298173094390044,34.0,14.0,5.0,15.0
2026-01-23,LLY,0.3016750248304258,12.0,6.0,1.0,5.0,0.7675693010290464,0.4438336850143969,0.14215866018397108,0.41400766900430125,0.2877251711592728,34.0,15.0,4.0,15.0
2026-01-26,LLY,0.07051540373100172,9.0,4.0,3.0,2.0,0.7660768230756124,0.3782904693442914,0.30777506561328966,0.3139344544874297,0.2355150472183056,29.0,14.0,5.0,10.0
2026-01-27,LLY,0.20345497886753744,9.0,3.0,1.0,5.0,0.8440502882003784,0.3607967866377698,0.15734180777023232,0.48186140942076844,0.1918818024763216,30.0,13.0,5.0,12.0
2026-01-28,LLY,0.5668263151733712,22.0,13.0,0.0,9.0,0.842071767557751,0.5929407993839546,0.026114484210583256,0.380944705568254,0.2802655659239701,40.0,20.0,4.0,16.0
2026-01-29,LLY,0.50327085906311,17.0,11.0,0.0,6.0,0.7621583254898295,0.5507352509919334,0.04746439192882351,0.40180035527138147,0.4245173843680062,48.0,27.0,1.0,20.0
2026-01-30,LLY,0.36558556525657576,21.0,12.0,3.0,6.0,0.8288207394736153,0.5260908512309903,0.16050528597441455,0.31340386842687923,0.4785609131643523,60.0,36.0,3.0,21.0
2026-02-02,LLY,0.041955654722793646,24.0,11.0,11.0,2.0,0.8034269784887632,0.43397859018296003,0.39202293546016637,0.1739984845432142,0.3036040263474931,62.0,34.0,14.0,14.0
2026-02-03,LLY,0.07134587831872824,24.0,8.0,7.0,9.0,0.8776628027359644,0.34383352438453585,0.27248764606580755,0.3836788336435954,0.1596290327660325,69.0,31.0,21.0,17.0
2026-02-04,LLY,-0.11266792751848698,44.0,14.0,20.0,10.0,0.8608675422993574,0.33574372906745836,0.44841165658594534,0.2158446139867671,0.00021120184101159714,92.0,33.0,38.0,21.0
2026-02-05,LLY,0.09866028970205469,38.0,15.0,13.0,10.0,0.8536887764930725,0.4263609480112791,0.32770065830922435,0.24593840113007703,0.019112746834098613,106.0,37.0,40.0,29.0
2026-02-06,LLY,-0.02643649813465097,33.0,11.0,11.0,11.0,0.8374493447217074,0.3184214989711164,0.34485799710576726,0.33672049195703224,-0.013481378650361123,115.0,40.0,44.0,31.0
2026-02-09,LLY,0.07324666708882434,32.0,12.0,10.0,10.0,0.8090141341090202,0.36762316987733357,0.29437650278850924,0.3380003275815397,0.04849015288540931,103.0,38.0,34.0,31.0
2026-02-10,LLY,0.2904060543514788,15.0,9.0,4.0,2.0,0.8656556049982707,0.5735963977252444,0.2831903433737655,0.14321326414744057,0.11240540776855068,80.0,32.0,25.0,23.0
2026-02-11,LLY,0.08428435953747891,9.0,3.0,2.0,4.0,0.8282358050346375,0.3634078272928794,0.2791234677554004,0.35746871266100144,0.14931236032592732,56.0,24.0,16.0,16.0
2026-02-12,LLY,0.4287887355571406,18.0,10.0,1.0,7.0,0.80683058169153,0.5139253050502803,0.08513656949313973,0.4009381237232851,0.2678263831486994,42.0,22.0,7.0,13.0
2026-02-13,LLY,0.34055063501000404,11.0,5.0,1.0,5.0,0.8092802221124823,0.462582756172527,0.12203212116252288,0.415385133840821,0.2845412433682078,38.0,18.0,4.0,16.0
2026-02-17,LLY,0.29781333080803357,15.0,8.0,4.0,3.0,0.848496655623118,0.5595090970396995,0.261695766231666,0.17879511155188077,0.35571756712505936,44.0,23.0,6.0,15.0
2026-02-18,LLY,0.3684726843463355,19.0,9.0,2.0,8.0,0.8162298735819364,0.511022038708784,0.14254935436244856,0.34642860009089893,0.3356122167214577,45.0,22.0,7.0,16.0
2026-02-19,LLY,0.07067367173731325,5.0,3.0,2.0,0.0,0.8392092943191528,0.4964150182902813,0.425741346552968,0.07784362658858296,0.24565322896389408,39.0,20.0,8.0,11.0
2026-02-20,LLY,0.5021351837952223,14.0,7.0,1.0,6.0,0.7865304393427712,0.5622790940105915,0.06014391021536924,0.3775769952418549,0.313760513292957,38.0,19.0,5.0,14.0
2026-02-23,LLY,-0.40510352124535554,37.0,6.0,22.0,9.0,0.8963872242618252,0.17887408758287088,0.5839776088282265,0.23714830952923036,0.055901778095726606,56.0,16.0,25.0,15.0
2026-02-24,LLY,-0.42086775228381157,38.0,6.0,24.0,8.0,0.8644656193883795,0.17997785706661246,0.6008456093504241,0.21917652466187346,-0.10794536324464833,89.0,19.0,47.0,23.0
2026-02-25,LLY,-0.14760649832896888,16.0,4.0,7.0,5.0,0.8468020763248205,0.29500630078837276,0.44261279911734164,0.26238088763784617,-0.32452592395271207,91.0,16.0,53.0,22.0
2026-02-26,LLY,0.3576745814333359,15.0,8.0,2.0,5.0,0.8666312654813131,0.5210369574526945,0.1633623760193586,0.31560066839059187,-0.07026655639314822,69.0,18.0,33.0,18.0
2026-02-27,LLY,0.23049361165612936,7.0,3.0,1.0,3.0,0.7396570784705025,0.3871125050687364,0.156618893412607,0.4562686040465321,0.14685389825349876,38.0,15.0,10.0,13.0
2026-03-02,LLY,0.09586557187139987,6.0,3.0,3.0,0.0,0.863146056731542,0.5115196408393482,0.4156540689679484,0.07282627311845614,0.228011254986955,28.0,14.0,6.0,8.0
2026-03-03,LLY,0.20121839529989907,12.0,4.0,2.0,6.0,0.8749206960201263,0.36207541699210805,0.16085702169220892,0.47706758153314394,0.17585919294247607,25.0,10.0,6.0,9.0
2026-03-04,LLY,0.22450291307177395,8.0,3.0,1.0,4.0,0.8547545447945595,0.356322158826515,0.1318192457547411,0.51185855967924,0.17386229341435758,26.0,10.0,6.0,10.0
2026-03-05,LLY,0.11695628487505019,10.0,3.0,3.0,4.0,0.7859501093626022,0.365612169727683,0.24865588485263285,0.38573197610676285,0.18089253108224101,30.0,10.0,6.0,14.0
2026-03-06,LLY,0.08807796527716248,11.0,6.0,4.0,1.0,0.8506857373497703,0.444537345404652,0.3564593801274895,0.19900327277454458,0.1431790544079955,29.0,12.0,8.0,9.0
2026-03-09,LLY,0.1681920349597931,15.0,6.0,4.0,5.0,0.8309924205144247,0.42704506556813915,0.258853030608346,0.31410190984606745,0.12440876170400189,36.0,15.0,11.0,10.0
2026-03-10,LLY,0.21883655511192046,16.0,9.0,5.0,2.0,0.8132157847285271,0.5046962513006292,0.2858596961887087,0.20944405678892505,0.15836885178295865,42.0,21.0,13.0,8.0
2026-03-11,LLY,0.49535118334461004,16.0,10.0,1.0,5.0,0.8582662791013718,0.5684661609120667,0.07311497756745661,0.35841887118294835,0.2941265911387745,47.0,25.0,10.0,12.0
2026-03-12,LLY,0.11431965047848365,21.0,8.0,6.0,7.0,0.8147464564868382,0.3689925587248234,0.2546729082463398,0.37633454294076985,0.2761691296450047,53.0,27.0,12.0,14.0
2026-03-13,LLY,0.016214092313829382,18.0,7.0,6.0,5.0,0.8175301783614688,0.3401189347108205,0.3239048423969911,0.3359762265657385,0.20862830871230767,55.0,25.0,13.0,17.0
2026-03-16,LLY,0.4960827580653131,16.0,10.0,1.0,5.0,0.8578080181032419,0.5813663026201539,0.08528354455484073,0.3333501312881708,0.20887216695254204,55.0,25.0,13.0,17.0
2026-03-17,LLY,-0.2277532865603765,15.0,5.0,8.0,2.0,0.8762446085611979,0.3027090090637405,0.5304622956241171,0.1668287054946025,0.09484785460625529,49.0,22.0,15.0,12.0
2026-03-18,LLY,0.02978376830772807,24.0,8.0,8.0,8.0,0.8422038927674294,0.34770876650388044,0.31792499819615233,0.33436624829967815,0.09937107993755485,55.0,23.0,17.0,15.0
2026-03-19,LLY,0.28164811863711003,19.0,10.0,5.0,4.0,0.8602203350318106,0.5431603038879601,0.26151218525085007,0.19532751301793674,0.027892866794820503,58.0,23.0,21.0,14.0
2026-03-20,LLY,0.3294610891204614,13.0,6.0,2.0,5.0,0.7701283143116877,0.5015525116513555,0.17209142253089407,0.32635607856970567,0.2136309920217665,56.0,24.0,15.0,17.0
2026-03-23,LLY,0.6239170174812898,8.0,7.0,1.0,0.0,0.8470918536186218,0.7496262220665812,0.1257092045852914,0.12466456671245392,0.41167540841295375,40.0,23.0,8.0,9.0
2026-03-24,LLY,0.5268549393319214,12.0,8.0,0.0,4.0,0.7290600215395292,0.5858194039513668,0.05896446461944526,0.3552161551391085,0.49341101531122417,33.0,21.0,3.0,9.0
2026-03-25,LLY,0.31554790014134987,7.0,2.0,1.0,4.0,0.7828083847250257,0.3931733545448099,0.07762545440345998,0.5292012201888221,0.48877328565152034,27.0,17.0,2.0,8.0
2026-03-26,LLY,0.4146510382415727,12.0,8.0,2.0,2.0,0.7899400641520818,0.5694392090663314,0.15478817082475868,0.27577262697741384,0.4190179592382813,31.0,18.0,3.0,10.0
2026-03-27,LLY,0.3383140402253378,11.0,5.0,1.0,5.0,0.8719340075146068,0.4448943158442324,0.10658027561889448,0.4485254382545298,0.3561709928694201,30.0,15.0,4.0,11.0
2026-03-30,LLY,0.4789215646783954,28.0,19.0,3.0,6.0,0.828909093780177,0.6109932003143642,0.1320716356359688,0.25693515980882303,0.41062888104843526,51.0,32.0,6.0,13.0
2026-03-31,LLY,0.4702936757217955,27.0,18.0,3.0,6.0,0.81593785683314,0.5874542198661301,0.11716054414433458,0.29538522681428325,0.42917642687517615,66.0,42.0,7.0,17.0
2026-04-01,LLY,0.3315331426216289,40.0,20.0,7.0,13.0,0.791938104480505,0.5070149639155715,0.17548182129394257,0.31750320675782856,0.4269161276739399,95.0,57.0,13.0,25.0
2026-04-02,LLY,0.3842260233582334,47.0,29.0,6.0,12.0,0.8333065801478446,0.5432634773525469,0.1590374539943134,0.2976990618564664,0.3953509472338859,114.0,67.0,16.0,31.0
2026-04-06,LLY,0.008943012068894803,11.0,3.0,4.0,4.0,0.842070379040458,0.33281837894835253,0.3238753668794577,0.3433062603527849,0.24156739268291902,98.0,52.0,17.0,29.0
2026-04-07,LLY,0.4210203518625349,10.0,6.0,1.0,3.0,0.7978777468204499,0.5276746310293674,0.10665427916683252,0.36567107439041135,0.2713964624298877,68.0,38.0,11.0,19.0
2026-04-08,LLY,0.2392220454375175,11.0,5.0,3.0,3.0,0.7858887829563834,0.48221367021853273,0.24299162478101521,0.2747947233305736,0.22306180312298238,32.0,14.0,8.0,10.0
2026-04-09,LLY,0.2819002442327993,28.0,13.0,6.0,9.0,0.8199193669216973,0.48548425547778606,0.2035840112449867,0.31093174212479163,0.3140475471776172,49.0,24.0,10.0,15.0
2026-04-10,LLY,0.3513382875614545,22.0,13.0,3.0,6.0,0.7714189318093386,0.5078510007059033,0.15651271314444865,0.33563627565110266,0.29082019241059043,61.0,31.0,12.0,18.0
2026-04-13,LLY,0.4094261935291191,12.0,6.0,1.0,5.0,0.8129270523786545,0.5175730515426645,0.10814685801354544,0.37428009882569313,0.34755490844112424,62.0,32.0,10.0,20.0
2026-04-14,LLY,0.522969489663162,22.0,15.0,3.0,4.0,0.8742432540113275,0.65161661664024,0.1286471269770779,0.21973626383326267,0.42791132358457845,56.0,34.0,7.0,15.0
2026-04-15,LLY,0.3601609188639982,11.0,7.0,2.0,2.0,0.785200216553428,0.55461386768994,0.1944529488259418,0.25093317793851544,0.43085220068542635,45.0,28.0,6.0,11.0
2026-04-16,LLY,0.3420224343152607,17.0,8.0,2.0,7.0,0.8786230262588052,0.47502231937559214,0.13299988506033136,0.39197779764585633,0.4083842809474736,50.0,30.0,7.0,13.0
2026-04-17,LLY,0.3619188800903744,29.0,15.0,5.0,9.0,0.7846787982973559,0.5335374535864283,0.17161857349605392,0.29484396543482255,0.35470074442321103,57.0,30.0,9.0,18.0
2026-04-20,LLY,0.2821455802265051,37.0,18.0,7.0,12.0,0.8094205824104516,0.47244892875991157,0.1903033485334064,0.3372477176725059,0.32869563154404663,83.0,41.0,14.0,28.0
2026-04-21,LLY,0.07320158390085332,23.0,9.0,6.0,8.0,0.8190682089847067,0.3617511669821713,0.28854958308131795,0.34969926309650357,0.23908868140591089,89.0,42.0,18.0,29.0
2026-04-22,LLY,0.2640977164899761,11.0,5.0,1.0,5.0,0.7760055769573558,0.3967203800989823,0.13262266360900615,0.4706569549373605,0.20648162687244478,71.0,32.0,14.0,25.0
2026-04-23,LLY,0.5108136861895521,15.0,9.0,1.0,5.0,0.8483457247416178,0.5889577083289623,0.07814402213941014,0.3328982522090275,0.28270432886012714,49.0,23.0,8.0,18.0
2026-04-24,LLY,-0.007417008009118352,24.0,7.0,8.0,9.0,0.8384030138452848,0.3299402679161479,0.33735727592526626,0.3327024594182148,0.2558314648901366,50.0,21.0,10.0,19.0
2026-04-27,LLY,0.3052978737054971,29.0,11.0,4.0,14.0,0.7574002938023929,0.4356846759930767,0.13038680228757957,0.4339285121652587,0.2695648506286436,68.0,27.0,13.0,28.0
2026-04-28,LLY,0.383360985647887,25.0,15.0,3.0,7.0,0.8016497802734375,0.545600641258061,0.1622396556101739,0.29215968452394003,0.22708061711475522,78.0,33.0,15.0,30.0
2026-04-29,LLY,0.224801995448376,19.0,8.0,4.0,7.0,0.8182783409168846,0.4440317018153636,0.21922970636698755,0.33673858912171495,0.30448695160058664,73.0,34.0,11.0,28.0
2026-04-30,LLY,0.3098593939960535,56.0,27.0,9.0,20.0,0.8882992352758136,0.4835990066640079,0.17373961266795437,0.34266138166588334,0.3060074583641055,100.0,50.0,16.0,34.0
2026-05-01,LLY,0.3240815191238653,32.0,19.0,4.0,9.0,0.7976731490343809,0.5100005959975533,0.185919076873688,0.3040803312323987,0.28624763618943155,107.0,54.0,17.0,36.0
2026-05-04,LLY,-0.08657336942851543,20.0,5.0,6.0,9.0,0.8830329269170761,0.2355453638359904,0.3221187332645058,0.4423358971718699,0.18245584789713443,108.0,51.0,19.0,38.0
2026-05-05,LLY,0.28046603506430984,25.0,14.0,5.0,6.0,0.8223744106292724,0.5041472554206848,0.22368122035637494,0.2721715101599693,0.1726580615865532,77.0,38.0,15.0,24.0
2026-05-06,LLY,0.41471705630066846,21.0,14.0,4.0,3.0,0.8452463873795101,0.6106598660172451,0.19594280971657657,0.19339730901022748,0.20286990731215426,66.0,33.0,15.0,18.0
2026-05-07,LLY,0.5626425520565949,19.0,13.0,1.0,5.0,0.8510879482093611,0.6526562840138611,0.09001373195726615,0.25732999500867565,0.4192752144738577,65.0,41.0,10.0,14.0
2026-05-08,LLY,0.39193293906748294,25.0,13.0,3.0,9.0,0.8108751273155212,0.51022973716259,0.11829679809510704,0.3714734734594822,0.45643084914158205,65.0,40.0,8.0,17.0
2026-05-11,LLY,0.083678663493349,13.0,5.0,3.0,5.0,0.8157185040987455,0.34241255881408084,0.2587338953207318,0.39885355517841303,0.3460847182058089,57.0,31.0,7.0,19.0
2026-05-12,LLY,0.35526660296859014,18.0,10.0,1.0,7.0,0.7877695361773173,0.49274347924316925,0.13747687627457908,0.36977963822169435,0.27695940184314066,56.0,28.0,7.0,21.0
2026-05-13,LLY,0.2796538684384099,14.0,7.0,3.0,4.0,0.8241343711103711,0.48572423069604803,0.2060703622576381,0.30820539061512264,0.23953304496678296,45.0,22.0,7.0,16.0
2026-05-14,LLY,-0.013620247081336048,9.0,3.0,3.0,3.0,0.8810419042905172,0.3264056625258591,0.34002590960719514,0.33356843599014807,0.2071000747752213,41.0,20.0,7.0,14.0
2026-05-15,LLY,0.40516213490627706,10.0,5.0,1.0,4.0,0.8408241033554077,0.5199503561481833,0.11478822124190624,0.36526141390204425,0.22373191875445028,33.0,15.0,7.0,11.0
2026-05-18,LLY,0.28187379508744925,8.0,4.0,1.0,3.0,0.7903346493840218,0.4512245717924088,0.16935077670495954,0.3794246423058212,0.22447189430413006,27.0,12.0,5.0,10.0
2026-05-19,LLY,0.1842649890265117,12.0,5.0,3.0,4.0,0.8383169720570246,0.4086707887860636,0.22440579975955185,0.3669234035381426,0.2904336396734126,30.0,14.0,5.0,11.0
2026-05-20,LLY,0.26564738168739355,13.0,6.0,2.0,5.0,0.8162930928743802,0.4491155771538615,0.1834681954664679,0.36741621591723883,0.2439287219337848,33.0,15.0,6.0,12.0
2026-05-21,LLY,0.4265056934136038,26.0,14.0,2.0,10.0,0.8113668927779565,0.5186384482165942,0.09213275480299037,0.3892287933625854,0.29213935470916963,51.0,25.0,7.0,19.0
2026-05-22,LLY,0.631109311675223,13.0,10.0,1.0,2.0,0.8009442411936246,0.705664282807937,0.07455497113271398,0.21978074369522238,0.44108746225874,52.0,30.0,5.0,17.0
2026-05-26,LLY,0.4501109503209591,35.0,23.0,4.0,8.0,0.8155232736042568,0.5858959232057844,0.13578497288482524,0.2783191015677792,0.5025753184699285,74.0,47.0,7.0,20.0
2026-05-27,LLY,0.18186046863379685,23.0,11.0,6.0,6.0,0.8390211722125178,0.45198147405829764,0.2701210054245008,0.27789752833221265,0.421026910209993,71.0,44.0,11.0,16.0
2026-05-28,LLY,0.5081336984617842,27.0,17.0,2.0,8.0,0.8429045875867208,0.6127252399369523,0.10459154147516793,0.28268322769414495,0.38003503913884673,85.0,51.0,12.0,22.0
2026-05-29,LLY,0.6967972321435809,19.0,14.0,0.0,5.0,0.862642837198157,0.7190111810831648,0.022213948939583755,0.25877486090911056,0.46226379974638726,69.0,42.0,8.0,19.0
2026-06-01,LLY,0.68911279292245,14.0,11.0,0.0,3.0,0.8440350847584861,0.7077677441494805,0.01865495122703053,0.27357730947967085,0.631347907842605,60.0,42.0,2.0,16.0
2026-06-02,LLY,0.4057985240808473,13.0,6.0,0.0,7.0,0.7690524917382461,0.4606088248009865,0.05481030072013914,0.4845808826100368,0.5972361830489593,46.0,31.0,0.0,15.0
2026-06-03,LLY,0.4155105747808905,23.0,12.0,1.0,10.0,0.7899318907571875,0.5061936529110307,0.09068307813014022,0.4031232525796994,0.5034739639280625,50.0,29.0,1.0,20.0
2026-06-04,LLY,0.06943683652207254,22.0,7.0,6.0,9.0,0.824210448698564,0.3338929004543884,0.26445606393231585,0.40165104293687776,0.2969153117946034,58.0,25.0,7.0,26.0
2026-06-05,LLY,0.3922196430662139,22.0,13.0,3.0,6.0,0.8204137506810102,0.5720754123970189,0.17985576933080497,0.2480688183991746,0.2923890181230589,67.0,32.0,10.0,25.0
2023-09-12,MSFT,0.0,0.0,0.0,0.0,0.0,0.0,0.0,0.0,0.0,0.0,0.0,0.0,0.0,0.0
2023-09-13,MSFT,0.0,0.0,0.0,0.0,0.0,0.0,0.0,0.0,0.0,0.0,0.0,0.0,0.0,0.0
2023-09-14,MSFT,0.0,0.0,0.0,0.0,0.0,0.0,0.0,0.0,0.0,0.0,0.0,0.0,0.0,0.0
2023-09-15,MSFT,0.0,0.0,0.0,0.0,0.0,0.0,0.0,0.0,0.0,0.0,0.0,0.0,0.0,0.0
2023-09-18,MSFT,0.0,0.0,0.0,0.0,0.0,0.0,0.0,0.0,0.0,0.0,0.0,0.0,0.0,0.0
2023-09-19,MSFT,0.0,0.0,0.0,0.0,0.0,0.0,0.0,0.0,0.0,0.0,0.0,0.0,0.0,0.0
2023-09-20,MSFT,0.0,0.0,0.0,0.0,0.0,0.0,0.0,0.0,0.0,0.0,0.0,0.0,0.0,0.0
2023-09-21,MSFT,0.0,0.0,0.0,0.0,0.0,0.0,0.0,0.0,0.0,0.0,0.0,0.0,0.0,0.0
2023-09-22,MSFT,0.0,0.0,0.0,0.0,0.0,0.0,0.0,0.0,0.0,0.0,0.0,0.0,0.0,0.0
2023-09-25,MSFT,0.0,0.0,0.0,0.0,0.0,0.0,0.0,0.0,0.0,0.0,0.0,0.0,0.0,0.0
2023-09-26,MSFT,0.0,0.0,0.0,0.0,0.0,0.0,0.0,0.0,0.0,0.0,0.0,0.0,0.0,0.0
2023-09-27,MSFT,0.0,0.0,0.0,0.0,0.0,0.0,0.0,0.0,0.0,0.0,0.0,0.0,0.0,0.0
2023-09-28,MSFT,0.0,0.0,0.0,0.0,0.0,0.0,0.0,0.0,0.0,0.0,0.0,0.0,0.0,0.0
2023-09-29,MSFT,0.0,0.0,0.0,0.0,0.0,0.0,0.0,0.0,0.0,0.0,0.0,0.0,0.0,0.0
2023-10-02,MSFT,0.0,0.0,0.0,0.0,0.0,0.0,0.0,0.0,0.0,0.0,0.0,0.0,0.0,0.0
2023-10-03,MSFT,0.0,0.0,0.0,0.0,0.0,0.0,0.0,0.0,0.0,0.0,0.0,0.0,0.0,0.0
2023-10-04,MSFT,0.0,0.0,0.0,0.0,0.0,0.0,0.0,0.0,0.0,0.0,0.0,0.0,0.0,0.0
2023-10-05,MSFT,0.0,0.0,0.0,0.0,0.0,0.0,0.0,0.0,0.0,0.0,0.0,0.0,0.0,0.0
2023-10-06,MSFT,0.0,0.0,0.0,0.0,0.0,0.0,0.0,0.0,0.0,0.0,0.0,0.0,0.0,0.0
2023-10-09,MSFT,0.0,0.0,0.0,0.0,0.0,0.0,0.0,0.0,0.0,0.0,0.0,0.0,0.0,0.0
2023-10-10,MSFT,0.0,0.0,0.0,0.0,0.0,0.0,0.0,0.0,0.0,0.0,0.0,0.0,0.0,0.0
2023-10-11,MSFT,0.0,0.0,0.0,0.0,0.0,0.0,0.0,0.0,0.0,0.0,0.0,0.0,0.0,0.0
2023-10-12,MSFT,0.0,0.0,0.0,0.0,0.0,0.0,0.0,0.0,0.0,0.0,0.0,0.0,0.0,0.0
2023-10-13,MSFT,0.0,0.0,0.0,0.0,0.0,0.0,0.0,0.0,0.0,0.0,0.0,0.0,0.0,0.0
2023-10-16,MSFT,0.0,0.0,0.0,0.0,0.0,0.0,0.0,0.0,0.0,0.0,0.0,0.0,0.0,0.0
2023-10-17,MSFT,0.0,0.0,0.0,0.0,0.0,0.0,0.0,0.0,0.0,0.0,0.0,0.0,0.0,0.0
2023-10-18,MSFT,0.0,0.0,0.0,0.0,0.0,0.0,0.0,0.0,0.0,0.0,0.0,0.0,0.0,0.0
2023-10-19,MSFT,0.0,0.0,0.0,0.0,0.0,0.0,0.0,0.0,0.0,0.0,0.0,0.0,0.0,0.0
2023-10-20,MSFT,0.0,0.0,0.0,0.0,0.0,0.0,0.0,0.0,0.0,0.0,0.0,0.0,0.0,0.0
2023-10-23,MSFT,0.0,0.0,0.0,0.0,0.0,0.0,0.0,0.0,0.0,0.0,0.0,0.0,0.0,0.0
2023-10-24,MSFT,0.0,0.0,0.0,0.0,0.0,0.0,0.0,0.0,0.0,0.0,0.0,0.0,0.0,0.0
2023-10-25,MSFT,0.0,0.0,0.0,0.0,0.0,0.0,0.0,0.0,0.0,0.0,0.0,0.0,0.0,0.0
2023-10-26,MSFT,0.0,0.0,0.0,0.0,0.0,0.0,0.0,0.0,0.0,0.0,0.0,0.0,0.0,0.0
2023-10-27,MSFT,0.0,0.0,0.0,0.0,0.0,0.0,0.0,0.0,0.0,0.0,0.0,0.0,0.0,0.0
2023-10-30,MSFT,0.0,0.0,0.0,0.0,0.0,0.0,0.0,0.0,0.0,0.0,0.0,0.0,0.0,0.0
2023-10-31,MSFT,0.0,0.0,0.0,0.0,0.0,0.0,0.0,0.0,0.0,0.0,0.0,0.0,0.0,0.0
2023-11-01,MSFT,0.0,0.0,0.0,0.0,0.0,0.0,0.0,0.0,0.0,0.0,0.0,0.0,0.0,0.0
2023-11-02,MSFT,0.0,0.0,0.0,0.0,0.0,0.0,0.0,0.0,0.0,0.0,0.0,0.0,0.0,0.0
2023-11-03,MSFT,0.0,0.0,0.0,0.0,0.0,0.0,0.0,0.0,0.0,0.0,0.0,0.0,0.0,0.0
2023-11-06,MSFT,0.0,0.0,0.0,0.0,0.0,0.0,0.0,0.0,0.0,0.0,0.0,0.0,0.0,0.0
2023-11-07,MSFT,0.0,0.0,0.0,0.0,0.0,0.0,0.0,0.0,0.0,0.0,0.0,0.0,0.0,0.0
2023-11-08,MSFT,0.0,0.0,0.0,0.0,0.0,0.0,0.0,0.0,0.0,0.0,0.0,0.0,0.0,0.0
2023-11-09,MSFT,0.0,0.0,0.0,0.0,0.0,0.0,0.0,0.0,0.0,0.0,0.0,0.0,0.0,0.0
2023-11-10,MSFT,0.0,0.0,0.0,0.0,0.0,0.0,0.0,0.0,0.0,0.0,0.0,0.0,0.0,0.0
2023-11-13,MSFT,0.0,0.0,0.0,0.0,0.0,0.0,0.0,0.0,0.0,0.0,0.0,0.0,0.0,0.0
2023-11-14,MSFT,0.0,0.0,0.0,0.0,0.0,0.0,0.0,0.0,0.0,0.0,0.0,0.0,0.0,0.0
2023-11-15,MSFT,0.0,0.0,0.0,0.0,0.0,0.0,0.0,0.0,0.0,0.0,0.0,0.0,0.0,0.0
2023-11-16,MSFT,0.0,0.0,0.0,0.0,0.0,0.0,0.0,0.0,0.0,0.0,0.0,0.0,0.0,0.0
2023-11-17,MSFT,0.0,0.0,0.0,0.0,0.0,0.0,0.0,0.0,0.0,0.0,0.0,0.0,0.0,0.0
2023-11-20,MSFT,0.0,0.0,0.0,0.0,0.0,0.0,0.0,0.0,0.0,0.0,0.0,0.0,0.0,0.0
2023-11-21,MSFT,0.0,0.0,0.0,0.0,0.0,0.0,0.0,0.0,0.0,0.0,0.0,0.0,0.0,0.0
2023-11-22,MSFT,0.0,0.0,0.0,0.0,0.0,0.0,0.0,0.0,0.0,0.0,0.0,0.0,0.0,0.0
2023-11-24,MSFT,0.0,0.0,0.0,0.0,0.0,0.0,0.0,0.0,0.0,0.0,0.0,0.0,0.0,0.0
2023-11-27,MSFT,0.0,0.0,0.0,0.0,0.0,0.0,0.0,0.0,0.0,0.0,0.0,0.0,0.0,0.0
2023-11-28,MSFT,0.0,0.0,0.0,0.0,0.0,0.0,0.0,0.0,0.0,0.0,0.0,0.0,0.0,0.0
2023-11-29,MSFT,0.0,0.0,0.0,0.0,0.0,0.0,0.0,0.0,0.0,0.0,0.0,0.0,0.0,0.0
2023-11-30,MSFT,0.0,0.0,0.0,0.0,0.0,0.0,0.0,0.0,0.0,0.0,0.0,0.0,0.0,0.0
2023-12-01,MSFT,0.0,0.0,0.0,0.0,0.0,0.0,0.0,0.0,0.0,0.0,0.0,0.0,0.0,0.0
2023-12-04,MSFT,0.0,0.0,0.0,0.0,0.0,0.0,0.0,0.0,0.0,0.0,0.0,0.0,0.0,0.0
2023-12-05,MSFT,0.0,0.0,0.0,0.0,0.0,0.0,0.0,0.0,0.0,0.0,0.0,0.0,0.0,0.0
2023-12-06,MSFT,0.0,0.0,0.0,0.0,0.0,0.0,0.0,0.0,0.0,0.0,0.0,0.0,0.0,0.0
2023-12-07,MSFT,0.0,0.0,0.0,0.0,0.0,0.0,0.0,0.0,0.0,0.0,0.0,0.0,0.0,0.0
2023-12-08,MSFT,0.0,0.0,0.0,0.0,0.0,0.0,0.0,0.0,0.0,0.0,0.0,0.0,0.0,0.0
2023-12-11,MSFT,0.0,0.0,0.0,0.0,0.0,0.0,0.0,0.0,0.0,0.0,0.0,0.0,0.0,0.0
2023-12-12,MSFT,0.0,0.0,0.0,0.0,0.0,0.0,0.0,0.0,0.0,0.0,0.0,0.0,0.0,0.0
2023-12-13,MSFT,0.0,0.0,0.0,0.0,0.0,0.0,0.0,0.0,0.0,0.0,0.0,0.0,0.0,0.0
2023-12-14,MSFT,0.0,0.0,0.0,0.0,0.0,0.0,0.0,0.0,0.0,0.0,0.0,0.0,0.0,0.0
2023-12-15,MSFT,0.0,0.0,0.0,0.0,0.0,0.0,0.0,0.0,0.0,0.0,0.0,0.0,0.0,0.0
2023-12-18,MSFT,0.0,0.0,0.0,0.0,0.0,0.0,0.0,0.0,0.0,0.0,0.0,0.0,0.0,0.0
2023-12-19,MSFT,0.0,0.0,0.0,0.0,0.0,0.0,0.0,0.0,0.0,0.0,0.0,0.0,0.0,0.0
2023-12-20,MSFT,0.0,0.0,0.0,0.0,0.0,0.0,0.0,0.0,0.0,0.0,0.0,0.0,0.0,0.0
2023-12-21,MSFT,0.0,0.0,0.0,0.0,0.0,0.0,0.0,0.0,0.0,0.0,0.0,0.0,0.0,0.0
2023-12-22,MSFT,0.0,0.0,0.0,0.0,0.0,0.0,0.0,0.0,0.0,0.0,0.0,0.0,0.0,0.0
2023-12-26,MSFT,0.0,0.0,0.0,0.0,0.0,0.0,0.0,0.0,0.0,0.0,0.0,0.0,0.0,0.0
2023-12-27,MSFT,0.0,0.0,0.0,0.0,0.0,0.0,0.0,0.0,0.0,0.0,0.0,0.0,0.0,0.0
2023-12-28,MSFT,0.0,0.0,0.0,0.0,0.0,0.0,0.0,0.0,0.0,0.0,0.0,0.0,0.0,0.0
2023-12-29,MSFT,0.0,0.0,0.0,0.0,0.0,0.0,0.0,0.0,0.0,0.0,0.0,0.0,0.0,0.0
2024-01-02,MSFT,0.0,0.0,0.0,0.0,0.0,0.0,0.0,0.0,0.0,0.0,0.0,0.0,0.0,0.0
2024-01-03,MSFT,0.0,0.0,0.0,0.0,0.0,0.0,0.0,0.0,0.0,0.0,0.0,0.0,0.0,0.0
2024-01-04,MSFT,0.0,0.0,0.0,0.0,0.0,0.0,0.0,0.0,0.0,0.0,0.0,0.0,0.0,0.0
2024-01-05,MSFT,0.0,0.0,0.0,0.0,0.0,0.0,0.0,0.0,0.0,0.0,0.0,0.0,0.0,0.0
2024-01-08,MSFT,0.0,0.0,0.0,0.0,0.0,0.0,0.0,0.0,0.0,0.0,0.0,0.0,0.0,0.0
2024-01-09,MSFT,0.0,0.0,0.0,0.0,0.0,0.0,0.0,0.0,0.0,0.0,0.0,0.0,0.0,0.0
2024-01-10,MSFT,0.0,0.0,0.0,0.0,0.0,0.0,0.0,0.0,0.0,0.0,0.0,0.0,0.0,0.0
2024-01-11,MSFT,0.0,0.0,0.0,0.0,0.0,0.0,0.0,0.0,0.0,0.0,0.0,0.0,0.0,0.0
2024-01-12,MSFT,0.0,0.0,0.0,0.0,0.0,0.0,0.0,0.0,0.0,0.0,0.0,0.0,0.0,0.0
2024-01-16,MSFT,0.0,0.0,0.0,0.0,0.0,0.0,0.0,0.0,0.0,0.0,0.0,0.0,0.0,0.0
2024-01-17,MSFT,0.0,0.0,0.0,0.0,0.0,0.0,0.0,0.0,0.0,0.0,0.0,0.0,0.0,0.0
2024-01-18,MSFT,0.0,0.0,0.0,0.0,0.0,0.0,0.0,0.0,0.0,0.0,0.0,0.0,0.0,0.0
2024-01-19,MSFT,0.0,0.0,0.0,0.0,0.0,0.0,0.0,0.0,0.0,0.0,0.0,0.0,0.0,0.0
2024-01-22,MSFT,0.0,0.0,0.0,0.0,0.0,0.0,0.0,0.0,0.0,0.0,0.0,0.0,0.0,0.0
2024-01-23,MSFT,0.0,0.0,0.0,0.0,0.0,0.0,0.0,0.0,0.0,0.0,0.0,0.0,0.0,0.0
2024-01-24,MSFT,0.0,0.0,0.0,0.0,0.0,0.0,0.0,0.0,0.0,0.0,0.0,0.0,0.0,0.0
2024-01-25,MSFT,0.0,0.0,0.0,0.0,0.0,0.0,0.0,0.0,0.0,0.0,0.0,0.0,0.0,0.0
2024-01-26,MSFT,0.0,0.0,0.0,0.0,0.0,0.0,0.0,0.0,0.0,0.0,0.0,0.0,0.0,0.0
2024-01-29,MSFT,0.0,0.0,0.0,0.0,0.0,0.0,0.0,0.0,0.0,0.0,0.0,0.0,0.0,0.0
2024-01-30,MSFT,0.0,0.0,0.0,0.0,0.0,0.0,0.0,0.0,0.0,0.0,0.0,0.0,0.0,0.0
2024-01-31,MSFT,0.0,0.0,0.0,0.0,0.0,0.0,0.0,0.0,0.0,0.0,0.0,0.0,0.0,0.0
2024-02-01,MSFT,0.0,0.0,0.0,0.0,0.0,0.0,0.0,0.0,0.0,0.0,0.0,0.0,0.0,0.0
2024-02-02,MSFT,0.0,0.0,0.0,0.0,0.0,0.0,0.0,0.0,0.0,0.0,0.0,0.0,0.0,0.0
2024-02-05,MSFT,0.0,0.0,0.0,0.0,0.0,0.0,0.0,0.0,0.0,0.0,0.0,0.0,0.0,0.0
2024-02-06,MSFT,0.0,0.0,0.0,0.0,0.0,0.0,0.0,0.0,0.0,0.0,0.0,0.0,0.0,0.0
2024-02-07,MSFT,0.0,0.0,0.0,0.0,0.0,0.0,0.0,0.0,0.0,0.0,0.0,0.0,0.0,0.0
2024-02-08,MSFT,0.0,0.0,0.0,0.0,0.0,0.0,0.0,0.0,0.0,0.0,0.0,0.0,0.0,0.0
2024-02-09,MSFT,0.0,0.0,0.0,0.0,0.0,0.0,0.0,0.0,0.0,0.0,0.0,0.0,0.0,0.0
2024-02-12,MSFT,0.0,0.0,0.0,0.0,0.0,0.0,0.0,0.0,0.0,0.0,0.0,0.0,0.0,0.0
2024-02-13,MSFT,0.0,0.0,0.0,0.0,0.0,0.0,0.0,0.0,0.0,0.0,0.0,0.0,0.0,0.0
2024-02-14,MSFT,0.0,0.0,0.0,0.0,0.0,0.0,0.0,0.0,0.0,0.0,0.0,0.0,0.0,0.0
2024-02-15,MSFT,0.0,0.0,0.0,0.0,0.0,0.0,0.0,0.0,0.0,0.0,0.0,0.0,0.0,0.0
2024-02-16,MSFT,0.0,0.0,0.0,0.0,0.0,0.0,0.0,0.0,0.0,0.0,0.0,0.0,0.0,0.0
2024-02-20,MSFT,0.0,0.0,0.0,0.0,0.0,0.0,0.0,0.0,0.0,0.0,0.0,0.0,0.0,0.0
2024-02-21,MSFT,0.0,0.0,0.0,0.0,0.0,0.0,0.0,0.0,0.0,0.0,0.0,0.0,0.0,0.0
2024-02-22,MSFT,0.0,0.0,0.0,0.0,0.0,0.0,0.0,0.0,0.0,0.0,0.0,0.0,0.0,0.0
2024-02-23,MSFT,0.0,0.0,0.0,0.0,0.0,0.0,0.0,0.0,0.0,0.0,0.0,0.0,0.0,0.0
2024-02-26,MSFT,0.0,0.0,0.0,0.0,0.0,0.0,0.0,0.0,0.0,0.0,0.0,0.0,0.0,0.0
2024-02-27,MSFT,0.0,0.0,0.0,0.0,0.0,0.0,0.0,0.0,0.0,0.0,0.0,0.0,0.0,0.0
2024-02-28,MSFT,0.0,0.0,0.0,0.0,0.0,0.0,0.0,0.0,0.0,0.0,0.0,0.0,0.0,0.0
2024-02-29,MSFT,0.0,0.0,0.0,0.0,0.0,0.0,0.0,0.0,0.0,0.0,0.0,0.0,0.0,0.0
2024-03-01,MSFT,0.0,0.0,0.0,0.0,0.0,0.0,0.0,0.0,0.0,0.0,0.0,0.0,0.0,0.0
2024-03-04,MSFT,0.0,0.0,0.0,0.0,0.0,0.0,0.0,0.0,0.0,0.0,0.0,0.0,0.0,0.0
2024-03-05,MSFT,0.0,0.0,0.0,0.0,0.0,0.0,0.0,0.0,0.0,0.0,0.0,0.0,0.0,0.0
2024-03-06,MSFT,0.0,0.0,0.0,0.0,0.0,0.0,0.0,0.0,0.0,0.0,0.0,0.0,0.0,0.0
2024-03-07,MSFT,0.0,0.0,0.0,0.0,0.0,0.0,0.0,0.0,0.0,0.0,0.0,0.0,0.0,0.0
2024-03-08,MSFT,0.0,0.0,0.0,0.0,0.0,0.0,0.0,0.0,0.0,0.0,0.0,0.0,0.0,0.0
2024-03-11,MSFT,0.0,0.0,0.0,0.0,0.0,0.0,0.0,0.0,0.0,0.0,0.0,0.0,0.0,0.0
2024-03-12,MSFT,0.0,0.0,0.0,0.0,0.0,0.0,0.0,0.0,0.0,0.0,0.0,0.0,0.0,0.0
2024-03-13,MSFT,0.0,0.0,0.0,0.0,0.0,0.0,0.0,0.0,0.0,0.0,0.0,0.0,0.0,0.0
2024-03-14,MSFT,0.0,0.0,0.0,0.0,0.0,0.0,0.0,0.0,0.0,0.0,0.0,0.0,0.0,0.0
2024-03-15,MSFT,0.0,0.0,0.0,0.0,0.0,0.0,0.0,0.0,0.0,0.0,0.0,0.0,0.0,0.0
2024-03-18,MSFT,0.0,0.0,0.0,0.0,0.0,0.0,0.0,0.0,0.0,0.0,0.0,0.0,0.0,0.0
2024-03-19,MSFT,0.0,0.0,0.0,0.0,0.0,0.0,0.0,0.0,0.0,0.0,0.0,0.0,0.0,0.0
2024-03-20,MSFT,0.0,0.0,0.0,0.0,0.0,0.0,0.0,0.0,0.0,0.0,0.0,0.0,0.0,0.0
2024-03-21,MSFT,0.0,0.0,0.0,0.0,0.0,0.0,0.0,0.0,0.0,0.0,0.0,0.0,0.0,0.0
2024-03-22,MSFT,0.0,0.0,0.0,0.0,0.0,0.0,0.0,0.0,0.0,0.0,0.0,0.0,0.0,0.0
2024-03-25,MSFT,0.0,0.0,0.0,0.0,0.0,0.0,0.0,0.0,0.0,0.0,0.0,0.0,0.0,0.0
2024-03-26,MSFT,0.0,0.0,0.0,0.0,0.0,0.0,0.0,0.0,0.0,0.0,0.0,0.0,0.0,0.0
2024-03-27,MSFT,0.0,0.0,0.0,0.0,0.0,0.0,0.0,0.0,0.0,0.0,0.0,0.0,0.0,0.0
2024-03-28,MSFT,0.0,0.0,0.0,0.0,0.0,0.0,0.0,0.0,0.0,0.0,0.0,0.0,0.0,0.0
2024-04-01,MSFT,0.0,0.0,0.0,0.0,0.0,0.0,0.0,0.0,0.0,0.0,0.0,0.0,0.0,0.0
2024-04-02,MSFT,0.0,0.0,0.0,0.0,0.0,0.0,0.0,0.0,0.0,0.0,0.0,0.0,0.0,0.0
2024-04-03,MSFT,0.0,0.0,0.0,0.0,0.0,0.0,0.0,0.0,0.0,0.0,0.0,0.0,0.0,0.0
2024-04-04,MSFT,0.0,0.0,0.0,0.0,0.0,0.0,0.0,0.0,0.0,0.0,0.0,0.0,0.0,0.0
2024-04-05,MSFT,0.0,0.0,0.0,0.0,0.0,0.0,0.0,0.0,0.0,0.0,0.0,0.0,0.0,0.0
2024-04-08,MSFT,0.0,0.0,0.0,0.0,0.0,0.0,0.0,0.0,0.0,0.0,0.0,0.0,0.0,0.0
2024-04-09,MSFT,0.0,0.0,0.0,0.0,0.0,0.0,0.0,0.0,0.0,0.0,0.0,0.0,0.0,0.0
2024-04-10,MSFT,0.0,0.0,0.0,0.0,0.0,0.0,0.0,0.0,0.0,0.0,0.0,0.0,0.0,0.0
2024-04-11,MSFT,0.0,0.0,0.0,0.0,0.0,0.0,0.0,0.0,0.0,0.0,0.0,0.0,0.0,0.0
2024-04-12,MSFT,0.0,0.0,0.0,0.0,0.0,0.0,0.0,0.0,0.0,0.0,0.0,0.0,0.0,0.0
2024-04-15,MSFT,0.0,0.0,0.0,0.0,0.0,0.0,0.0,0.0,0.0,0.0,0.0,0.0,0.0,0.0
2024-04-16,MSFT,0.0,0.0,0.0,0.0,0.0,0.0,0.0,0.0,0.0,0.0,0.0,0.0,0.0,0.0
2024-04-17,MSFT,0.0,0.0,0.0,0.0,0.0,0.0,0.0,0.0,0.0,0.0,0.0,0.0,0.0,0.0
2024-04-18,MSFT,0.0,0.0,0.0,0.0,0.0,0.0,0.0,0.0,0.0,0.0,0.0,0.0,0.0,0.0
2024-04-19,MSFT,0.0,0.0,0.0,0.0,0.0,0.0,0.0,0.0,0.0,0.0,0.0,0.0,0.0,0.0
2024-04-22,MSFT,0.0,0.0,0.0,0.0,0.0,0.0,0.0,0.0,0.0,0.0,0.0,0.0,0.0,0.0
2024-04-23,MSFT,0.0,0.0,0.0,0.0,0.0,0.0,0.0,0.0,0.0,0.0,0.0,0.0,0.0,0.0
2024-04-24,MSFT,0.0,0.0,0.0,0.0,0.0,0.0,0.0,0.0,0.0,0.0,0.0,0.0,0.0,0.0
2024-04-25,MSFT,0.0,0.0,0.0,0.0,0.0,0.0,0.0,0.0,0.0,0.0,0.0,0.0,0.0,0.0
2024-04-26,MSFT,0.0,0.0,0.0,0.0,0.0,0.0,0.0,0.0,0.0,0.0,0.0,0.0,0.0,0.0
2024-04-29,MSFT,0.0,0.0,0.0,0.0,0.0,0.0,0.0,0.0,0.0,0.0,0.0,0.0,0.0,0.0
2024-04-30,MSFT,0.0,0.0,0.0,0.0,0.0,0.0,0.0,0.0,0.0,0.0,0.0,0.0,0.0,0.0
2024-05-01,MSFT,0.0,0.0,0.0,0.0,0.0,0.0,0.0,0.0,0.0,0.0,0.0,0.0,0.0,0.0
2024-05-02,MSFT,0.0,0.0,0.0,0.0,0.0,0.0,0.0,0.0,0.0,0.0,0.0,0.0,0.0,0.0
2024-05-03,MSFT,0.0,0.0,0.0,0.0,0.0,0.0,0.0,0.0,0.0,0.0,0.0,0.0,0.0,0.0
2024-05-06,MSFT,0.0,0.0,0.0,0.0,0.0,0.0,0.0,0.0,0.0,0.0,0.0,0.0,0.0,0.0
2024-05-07,MSFT,0.0,0.0,0.0,0.0,0.0,0.0,0.0,0.0,0.0,0.0,0.0,0.0,0.0,0.0
2024-05-08,MSFT,0.0,0.0,0.0,0.0,0.0,0.0,0.0,0.0,0.0,0.0,0.0,0.0,0.0,0.0
2024-05-09,MSFT,0.0,0.0,0.0,0.0,0.0,0.0,0.0,0.0,0.0,0.0,0.0,0.0,0.0,0.0
2024-05-10,MSFT,0.0,0.0,0.0,0.0,0.0,0.0,0.0,0.0,0.0,0.0,0.0,0.0,0.0,0.0
2024-05-13,MSFT,0.0,0.0,0.0,0.0,0.0,0.0,0.0,0.0,0.0,0.0,0.0,0.0,0.0,0.0
2024-05-14,MSFT,0.0,0.0,0.0,0.0,0.0,0.0,0.0,0.0,0.0,0.0,0.0,0.0,0.0,0.0
2024-05-15,MSFT,0.0,0.0,0.0,0.0,0.0,0.0,0.0,0.0,0.0,0.0,0.0,0.0,0.0,0.0
2024-05-16,MSFT,0.0,0.0,0.0,0.0,0.0,0.0,0.0,0.0,0.0,0.0,0.0,0.0,0.0,0.0
2024-05-17,MSFT,0.0,0.0,0.0,0.0,0.0,0.0,0.0,0.0,0.0,0.0,0.0,0.0,0.0,0.0
2024-05-20,MSFT,0.0,0.0,0.0,0.0,0.0,0.0,0.0,0.0,0.0,0.0,0.0,0.0,0.0,0.0
2024-05-21,MSFT,0.0,0.0,0.0,0.0,0.0,0.0,0.0,0.0,0.0,0.0,0.0,0.0,0.0,0.0
2024-05-22,MSFT,0.0,0.0,0.0,0.0,0.0,0.0,0.0,0.0,0.0,0.0,0.0,0.0,0.0,0.0
2024-05-23,MSFT,0.0,0.0,0.0,0.0,0.0,0.0,0.0,0.0,0.0,0.0,0.0,0.0,0.0,0.0
2024-05-24,MSFT,0.0,0.0,0.0,0.0,0.0,0.0,0.0,0.0,0.0,0.0,0.0,0.0,0.0,0.0
2024-05-28,MSFT,0.0,0.0,0.0,0.0,0.0,0.0,0.0,0.0,0.0,0.0,0.0,0.0,0.0,0.0
2024-05-29,MSFT,0.0,0.0,0.0,0.0,0.0,0.0,0.0,0.0,0.0,0.0,0.0,0.0,0.0,0.0
2024-05-30,MSFT,0.0,0.0,0.0,0.0,0.0,0.0,0.0,0.0,0.0,0.0,0.0,0.0,0.0,0.0
2024-05-31,MSFT,0.0,0.0,0.0,0.0,0.0,0.0,0.0,0.0,0.0,0.0,0.0,0.0,0.0,0.0
2024-06-03,MSFT,0.0,0.0,0.0,0.0,0.0,0.0,0.0,0.0,0.0,0.0,0.0,0.0,0.0,0.0
2024-06-04,MSFT,0.0,0.0,0.0,0.0,0.0,0.0,0.0,0.0,0.0,0.0,0.0,0.0,0.0,0.0
2024-06-05,MSFT,0.0,0.0,0.0,0.0,0.0,0.0,0.0,0.0,0.0,0.0,0.0,0.0,0.0,0.0
2024-06-06,MSFT,0.0,0.0,0.0,0.0,0.0,0.0,0.0,0.0,0.0,0.0,0.0,0.0,0.0,0.0
2024-06-07,MSFT,0.0,0.0,0.0,0.0,0.0,0.0,0.0,0.0,0.0,0.0,0.0,0.0,0.0,0.0
2024-06-10,MSFT,0.0,0.0,0.0,0.0,0.0,0.0,0.0,0.0,0.0,0.0,0.0,0.0,0.0,0.0
2024-06-11,MSFT,0.0,0.0,0.0,0.0,0.0,0.0,0.0,0.0,0.0,0.0,0.0,0.0,0.0,0.0
2024-06-12,MSFT,0.0,0.0,0.0,0.0,0.0,0.0,0.0,0.0,0.0,0.0,0.0,0.0,0.0,0.0
2024-06-13,MSFT,0.0,0.0,0.0,0.0,0.0,0.0,0.0,0.0,0.0,0.0,0.0,0.0,0.0,0.0
2024-06-14,MSFT,0.0,0.0,0.0,0.0,0.0,0.0,0.0,0.0,0.0,0.0,0.0,0.0,0.0,0.0
2024-06-17,MSFT,0.0,0.0,0.0,0.0,0.0,0.0,0.0,0.0,0.0,0.0,0.0,0.0,0.0,0.0
2024-06-18,MSFT,0.0,0.0,0.0,0.0,0.0,0.0,0.0,0.0,0.0,0.0,0.0,0.0,0.0,0.0
2024-06-20,MSFT,0.0,0.0,0.0,0.0,0.0,0.0,0.0,0.0,0.0,0.0,0.0,0.0,0.0,0.0
2024-06-21,MSFT,0.0,0.0,0.0,0.0,0.0,0.0,0.0,0.0,0.0,0.0,0.0,0.0,0.0,0.0
2024-06-24,MSFT,0.0,0.0,0.0,0.0,0.0,0.0,0.0,0.0,0.0,0.0,0.0,0.0,0.0,0.0
2024-06-25,MSFT,0.0,0.0,0.0,0.0,0.0,0.0,0.0,0.0,0.0,0.0,0.0,0.0,0.0,0.0
2024-06-26,MSFT,0.0,0.0,0.0,0.0,0.0,0.0,0.0,0.0,0.0,0.0,0.0,0.0,0.0,0.0
2024-06-27,MSFT,0.0,0.0,0.0,0.0,0.0,0.0,0.0,0.0,0.0,0.0,0.0,0.0,0.0,0.0
2024-06-28,MSFT,0.0,0.0,0.0,0.0,0.0,0.0,0.0,0.0,0.0,0.0,0.0,0.0,0.0,0.0
2024-07-01,MSFT,0.0,0.0,0.0,0.0,0.0,0.0,0.0,0.0,0.0,0.0,0.0,0.0,0.0,0.0
2024-07-02,MSFT,0.0,0.0,0.0,0.0,0.0,0.0,0.0,0.0,0.0,0.0,0.0,0.0,0.0,0.0
2024-07-03,MSFT,0.0,0.0,0.0,0.0,0.0,0.0,0.0,0.0,0.0,0.0,0.0,0.0,0.0,0.0
2024-07-05,MSFT,0.0,0.0,0.0,0.0,0.0,0.0,0.0,0.0,0.0,0.0,0.0,0.0,0.0,0.0
2024-07-08,MSFT,0.0,0.0,0.0,0.0,0.0,0.0,0.0,0.0,0.0,0.0,0.0,0.0,0.0,0.0
2024-07-09,MSFT,0.0,0.0,0.0,0.0,0.0,0.0,0.0,0.0,0.0,0.0,0.0,0.0,0.0,0.0
2024-07-10,MSFT,0.0,0.0,0.0,0.0,0.0,0.0,0.0,0.0,0.0,0.0,0.0,0.0,0.0,0.0
2024-07-11,MSFT,0.0,0.0,0.0,0.0,0.0,0.0,0.0,0.0,0.0,0.0,0.0,0.0,0.0,0.0
2024-07-12,MSFT,0.0,0.0,0.0,0.0,0.0,0.0,0.0,0.0,0.0,0.0,0.0,0.0,0.0,0.0
2024-07-15,MSFT,0.0,0.0,0.0,0.0,0.0,0.0,0.0,0.0,0.0,0.0,0.0,0.0,0.0,0.0
2024-07-16,MSFT,0.0,0.0,0.0,0.0,0.0,0.0,0.0,0.0,0.0,0.0,0.0,0.0,0.0,0.0
2024-07-17,MSFT,0.0,0.0,0.0,0.0,0.0,0.0,0.0,0.0,0.0,0.0,0.0,0.0,0.0,0.0
2024-07-18,MSFT,0.0,0.0,0.0,0.0,0.0,0.0,0.0,0.0,0.0,0.0,0.0,0.0,0.0,0.0
2024-07-19,MSFT,0.0,0.0,0.0,0.0,0.0,0.0,0.0,0.0,0.0,0.0,0.0,0.0,0.0,0.0
2024-07-22,MSFT,0.0,0.0,0.0,0.0,0.0,0.0,0.0,0.0,0.0,0.0,0.0,0.0,0.0,0.0
2024-07-23,MSFT,0.0,0.0,0.0,0.0,0.0,0.0,0.0,0.0,0.0,0.0,0.0,0.0,0.0,0.0
2024-07-24,MSFT,0.0,0.0,0.0,0.0,0.0,0.0,0.0,0.0,0.0,0.0,0.0,0.0,0.0,0.0
2024-07-25,MSFT,0.0,0.0,0.0,0.0,0.0,0.0,0.0,0.0,0.0,0.0,0.0,0.0,0.0,0.0
2024-07-26,MSFT,0.0,0.0,0.0,0.0,0.0,0.0,0.0,0.0,0.0,0.0,0.0,0.0,0.0,0.0
2024-07-29,MSFT,0.0,0.0,0.0,0.0,0.0,0.0,0.0,0.0,0.0,0.0,0.0,0.0,0.0,0.0
2024-07-30,MSFT,0.0,0.0,0.0,0.0,0.0,0.0,0.0,0.0,0.0,0.0,0.0,0.0,0.0,0.0
2024-07-31,MSFT,0.0,0.0,0.0,0.0,0.0,0.0,0.0,0.0,0.0,0.0,0.0,0.0,0.0,0.0
2024-08-01,MSFT,0.0,0.0,0.0,0.0,0.0,0.0,0.0,0.0,0.0,0.0,0.0,0.0,0.0,0.0
2024-08-02,MSFT,0.0,0.0,0.0,0.0,0.0,0.0,0.0,0.0,0.0,0.0,0.0,0.0,0.0,0.0
2024-08-05,MSFT,0.0,0.0,0.0,0.0,0.0,0.0,0.0,0.0,0.0,0.0,0.0,0.0,0.0,0.0
2024-08-06,MSFT,0.0,0.0,0.0,0.0,0.0,0.0,0.0,0.0,0.0,0.0,0.0,0.0,0.0,0.0
2024-08-07,MSFT,0.0,0.0,0.0,0.0,0.0,0.0,0.0,0.0,0.0,0.0,0.0,0.0,0.0,0.0
2024-08-08,MSFT,0.0,0.0,0.0,0.0,0.0,0.0,0.0,0.0,0.0,0.0,0.0,0.0,0.0,0.0
2024-08-09,MSFT,0.0,0.0,0.0,0.0,0.0,0.0,0.0,0.0,0.0,0.0,0.0,0.0,0.0,0.0
2024-08-12,MSFT,0.0,0.0,0.0,0.0,0.0,0.0,0.0,0.0,0.0,0.0,0.0,0.0,0.0,0.0
2024-08-13,MSFT,0.0,0.0,0.0,0.0,0.0,0.0,0.0,0.0,0.0,0.0,0.0,0.0,0.0,0.0
2024-08-14,MSFT,0.0,0.0,0.0,0.0,0.0,0.0,0.0,0.0,0.0,0.0,0.0,0.0,0.0,0.0
2024-08-15,MSFT,0.0,0.0,0.0,0.0,0.0,0.0,0.0,0.0,0.0,0.0,0.0,0.0,0.0,0.0
2024-08-16,MSFT,0.0,0.0,0.0,0.0,0.0,0.0,0.0,0.0,0.0,0.0,0.0,0.0,0.0,0.0
2024-08-19,MSFT,0.0,0.0,0.0,0.0,0.0,0.0,0.0,0.0,0.0,0.0,0.0,0.0,0.0,0.0
2024-08-20,MSFT,0.0,0.0,0.0,0.0,0.0,0.0,0.0,0.0,0.0,0.0,0.0,0.0,0.0,0.0
2024-08-21,MSFT,0.0,0.0,0.0,0.0,0.0,0.0,0.0,0.0,0.0,0.0,0.0,0.0,0.0,0.0
2024-08-22,MSFT,0.0,0.0,0.0,0.0,0.0,0.0,0.0,0.0,0.0,0.0,0.0,0.0,0.0,0.0
2024-08-23,MSFT,0.0,0.0,0.0,0.0,0.0,0.0,0.0,0.0,0.0,0.0,0.0,0.0,0.0,0.0
2024-08-26,MSFT,0.0,0.0,0.0,0.0,0.0,0.0,0.0,0.0,0.0,0.0,0.0,0.0,0.0,0.0
2024-08-27,MSFT,0.0,0.0,0.0,0.0,0.0,0.0,0.0,0.0,0.0,0.0,0.0,0.0,0.0,0.0
2024-08-28,MSFT,0.0,0.0,0.0,0.0,0.0,0.0,0.0,0.0,0.0,0.0,0.0,0.0,0.0,0.0
2024-08-29,MSFT,0.0,0.0,0.0,0.0,0.0,0.0,0.0,0.0,0.0,0.0,0.0,0.0,0.0,0.0
2024-08-30,MSFT,0.0,0.0,0.0,0.0,0.0,0.0,0.0,0.0,0.0,0.0,0.0,0.0,0.0,0.0
2024-09-03,MSFT,0.0,0.0,0.0,0.0,0.0,0.0,0.0,0.0,0.0,0.0,0.0,0.0,0.0,0.0
2024-09-04,MSFT,0.0,0.0,0.0,0.0,0.0,0.0,0.0,0.0,0.0,0.0,0.0,0.0,0.0,0.0
2024-09-05,MSFT,0.0,0.0,0.0,0.0,0.0,0.0,0.0,0.0,0.0,0.0,0.0,0.0,0.0,0.0
2024-09-06,MSFT,0.0,0.0,0.0,0.0,0.0,0.0,0.0,0.0,0.0,0.0,0.0,0.0,0.0,0.0
2024-09-09,MSFT,0.0,0.0,0.0,0.0,0.0,0.0,0.0,0.0,0.0,0.0,0.0,0.0,0.0,0.0
2024-09-10,MSFT,0.0,0.0,0.0,0.0,0.0,0.0,0.0,0.0,0.0,0.0,0.0,0.0,0.0,0.0
2024-09-11,MSFT,0.0,0.0,0.0,0.0,0.0,0.0,0.0,0.0,0.0,0.0,0.0,0.0,0.0,0.0
2024-09-12,MSFT,0.0,0.0,0.0,0.0,0.0,0.0,0.0,0.0,0.0,0.0,0.0,0.0,0.0,0.0
2024-09-13,MSFT,0.0,0.0,0.0,0.0,0.0,0.0,0.0,0.0,0.0,0.0,0.0,0.0,0.0,0.0
2024-09-16,MSFT,0.0,0.0,0.0,0.0,0.0,0.0,0.0,0.0,0.0,0.0,0.0,0.0,0.0,0.0
2024-09-17,MSFT,0.0,0.0,0.0,0.0,0.0,0.0,0.0,0.0,0.0,0.0,0.0,0.0,0.0,0.0
2024-09-18,MSFT,0.0,0.0,0.0,0.0,0.0,0.0,0.0,0.0,0.0,0.0,0.0,0.0,0.0,0.0
2024-09-19,MSFT,0.0,0.0,0.0,0.0,0.0,0.0,0.0,0.0,0.0,0.0,0.0,0.0,0.0,0.0
2024-09-20,MSFT,0.0,0.0,0.0,0.0,0.0,0.0,0.0,0.0,0.0,0.0,0.0,0.0,0.0,0.0
2024-09-23,MSFT,0.0,0.0,0.0,0.0,0.0,0.0,0.0,0.0,0.0,0.0,0.0,0.0,0.0,0.0
2024-09-24,MSFT,0.0,0.0,0.0,0.0,0.0,0.0,0.0,0.0,0.0,0.0,0.0,0.0,0.0,0.0
2024-09-25,MSFT,0.0,0.0,0.0,0.0,0.0,0.0,0.0,0.0,0.0,0.0,0.0,0.0,0.0,0.0
2024-09-26,MSFT,0.0,0.0,0.0,0.0,0.0,0.0,0.0,0.0,0.0,0.0,0.0,0.0,0.0,0.0
2024-09-27,MSFT,0.0,0.0,0.0,0.0,0.0,0.0,0.0,0.0,0.0,0.0,0.0,0.0,0.0,0.0
2024-09-30,MSFT,0.0,0.0,0.0,0.0,0.0,0.0,0.0,0.0,0.0,0.0,0.0,0.0,0.0,0.0
2024-10-01,MSFT,0.0,0.0,0.0,0.0,0.0,0.0,0.0,0.0,0.0,0.0,0.0,0.0,0.0,0.0
2024-10-02,MSFT,0.0,0.0,0.0,0.0,0.0,0.0,0.0,0.0,0.0,0.0,0.0,0.0,0.0,0.0
2024-10-03,MSFT,0.0,0.0,0.0,0.0,0.0,0.0,0.0,0.0,0.0,0.0,0.0,0.0,0.0,0.0
2024-10-04,MSFT,0.0,0.0,0.0,0.0,0.0,0.0,0.0,0.0,0.0,0.0,0.0,0.0,0.0,0.0
2024-10-07,MSFT,0.0,0.0,0.0,0.0,0.0,0.0,0.0,0.0,0.0,0.0,0.0,0.0,0.0,0.0
2024-10-08,MSFT,0.0,0.0,0.0,0.0,0.0,0.0,0.0,0.0,0.0,0.0,0.0,0.0,0.0,0.0
2024-10-09,MSFT,0.0,0.0,0.0,0.0,0.0,0.0,0.0,0.0,0.0,0.0,0.0,0.0,0.0,0.0
2024-10-10,MSFT,0.0,0.0,0.0,0.0,0.0,0.0,0.0,0.0,0.0,0.0,0.0,0.0,0.0,0.0
2024-10-11,MSFT,0.0,0.0,0.0,0.0,0.0,0.0,0.0,0.0,0.0,0.0,0.0,0.0,0.0,0.0
2024-10-14,MSFT,0.0,0.0,0.0,0.0,0.0,0.0,0.0,0.0,0.0,0.0,0.0,0.0,0.0,0.0
2024-10-15,MSFT,0.0,0.0,0.0,0.0,0.0,0.0,0.0,0.0,0.0,0.0,0.0,0.0,0.0,0.0
2024-10-16,MSFT,0.0,0.0,0.0,0.0,0.0,0.0,0.0,0.0,0.0,0.0,0.0,0.0,0.0,0.0
2024-10-17,MSFT,0.0,0.0,0.0,0.0,0.0,0.0,0.0,0.0,0.0,0.0,0.0,0.0,0.0,0.0
2024-10-18,MSFT,0.0,0.0,0.0,0.0,0.0,0.0,0.0,0.0,0.0,0.0,0.0,0.0,0.0,0.0
2024-10-21,MSFT,0.0,0.0,0.0,0.0,0.0,0.0,0.0,0.0,0.0,0.0,0.0,0.0,0.0,0.0
2024-10-22,MSFT,0.0,0.0,0.0,0.0,0.0,0.0,0.0,0.0,0.0,0.0,0.0,0.0,0.0,0.0
2024-10-23,MSFT,0.0,0.0,0.0,0.0,0.0,0.0,0.0,0.0,0.0,0.0,0.0,0.0,0.0,0.0
2024-10-24,MSFT,0.0,0.0,0.0,0.0,0.0,0.0,0.0,0.0,0.0,0.0,0.0,0.0,0.0,0.0
2024-10-25,MSFT,0.0,0.0,0.0,0.0,0.0,0.0,0.0,0.0,0.0,0.0,0.0,0.0,0.0,0.0
2024-10-28,MSFT,0.0,0.0,0.0,0.0,0.0,0.0,0.0,0.0,0.0,0.0,0.0,0.0,0.0,0.0
2024-10-29,MSFT,0.0,0.0,0.0,0.0,0.0,0.0,0.0,0.0,0.0,0.0,0.0,0.0,0.0,0.0
2024-10-30,MSFT,0.0,0.0,0.0,0.0,0.0,0.0,0.0,0.0,0.0,0.0,0.0,0.0,0.0,0.0
2024-10-31,MSFT,0.0,0.0,0.0,0.0,0.0,0.0,0.0,0.0,0.0,0.0,0.0,0.0,0.0,0.0
2024-11-01,MSFT,0.0,0.0,0.0,0.0,0.0,0.0,0.0,0.0,0.0,0.0,0.0,0.0,0.0,0.0
2024-11-04,MSFT,0.0,0.0,0.0,0.0,0.0,0.0,0.0,0.0,0.0,0.0,0.0,0.0,0.0,0.0
2024-11-05,MSFT,0.0,0.0,0.0,0.0,0.0,0.0,0.0,0.0,0.0,0.0,0.0,0.0,0.0,0.0
2024-11-06,MSFT,0.0,0.0,0.0,0.0,0.0,0.0,0.0,0.0,0.0,0.0,0.0,0.0,0.0,0.0
2024-11-07,MSFT,0.0,0.0,0.0,0.0,0.0,0.0,0.0,0.0,0.0,0.0,0.0,0.0,0.0,0.0
2024-11-08,MSFT,0.0,0.0,0.0,0.0,0.0,0.0,0.0,0.0,0.0,0.0,0.0,0.0,0.0,0.0
2024-11-11,MSFT,0.0,0.0,0.0,0.0,0.0,0.0,0.0,0.0,0.0,0.0,0.0,0.0,0.0,0.0
2024-11-12,MSFT,0.0,0.0,0.0,0.0,0.0,0.0,0.0,0.0,0.0,0.0,0.0,0.0,0.0,0.0
2024-11-13,MSFT,0.0,0.0,0.0,0.0,0.0,0.0,0.0,0.0,0.0,0.0,0.0,0.0,0.0,0.0
2024-11-14,MSFT,0.0,0.0,0.0,0.0,0.0,0.0,0.0,0.0,0.0,0.0,0.0,0.0,0.0,0.0
2024-11-15,MSFT,0.0,0.0,0.0,0.0,0.0,0.0,0.0,0.0,0.0,0.0,0.0,0.0,0.0,0.0
2024-11-18,MSFT,0.0,0.0,0.0,0.0,0.0,0.0,0.0,0.0,0.0,0.0,0.0,0.0,0.0,0.0
2024-11-19,MSFT,0.0,0.0,0.0,0.0,0.0,0.0,0.0,0.0,0.0,0.0,0.0,0.0,0.0,0.0
2024-11-20,MSFT,0.0,0.0,0.0,0.0,0.0,0.0,0.0,0.0,0.0,0.0,0.0,0.0,0.0,0.0
2024-11-21,MSFT,0.0,0.0,0.0,0.0,0.0,0.0,0.0,0.0,0.0,0.0,0.0,0.0,0.0,0.0
2024-11-22,MSFT,0.0,0.0,0.0,0.0,0.0,0.0,0.0,0.0,0.0,0.0,0.0,0.0,0.0,0.0
2024-11-25,MSFT,0.0,0.0,0.0,0.0,0.0,0.0,0.0,0.0,0.0,0.0,0.0,0.0,0.0,0.0
2024-11-26,MSFT,0.0,0.0,0.0,0.0,0.0,0.0,0.0,0.0,0.0,0.0,0.0,0.0,0.0,0.0
2024-11-27,MSFT,0.0,0.0,0.0,0.0,0.0,0.0,0.0,0.0,0.0,0.0,0.0,0.0,0.0,0.0
2024-11-29,MSFT,0.0,0.0,0.0,0.0,0.0,0.0,0.0,0.0,0.0,0.0,0.0,0.0,0.0,0.0
2024-12-02,MSFT,0.0,0.0,0.0,0.0,0.0,0.0,0.0,0.0,0.0,0.0,0.0,0.0,0.0,0.0
2024-12-03,MSFT,0.0,0.0,0.0,0.0,0.0,0.0,0.0,0.0,0.0,0.0,0.0,0.0,0.0,0.0
2024-12-04,MSFT,0.0,0.0,0.0,0.0,0.0,0.0,0.0,0.0,0.0,0.0,0.0,0.0,0.0,0.0
2024-12-05,MSFT,0.0,0.0,0.0,0.0,0.0,0.0,0.0,0.0,0.0,0.0,0.0,0.0,0.0,0.0
2024-12-06,MSFT,0.0,0.0,0.0,0.0,0.0,0.0,0.0,0.0,0.0,0.0,0.0,0.0,0.0,0.0
2024-12-09,MSFT,0.0,0.0,0.0,0.0,0.0,0.0,0.0,0.0,0.0,0.0,0.0,0.0,0.0,0.0
2024-12-10,MSFT,0.0,0.0,0.0,0.0,0.0,0.0,0.0,0.0,0.0,0.0,0.0,0.0,0.0,0.0
2024-12-11,MSFT,0.0,0.0,0.0,0.0,0.0,0.0,0.0,0.0,0.0,0.0,0.0,0.0,0.0,0.0
2024-12-12,MSFT,0.0,0.0,0.0,0.0,0.0,0.0,0.0,0.0,0.0,0.0,0.0,0.0,0.0,0.0
2024-12-13,MSFT,0.0,0.0,0.0,0.0,0.0,0.0,0.0,0.0,0.0,0.0,0.0,0.0,0.0,0.0
2024-12-16,MSFT,0.0,0.0,0.0,0.0,0.0,0.0,0.0,0.0,0.0,0.0,0.0,0.0,0.0,0.0
2024-12-17,MSFT,0.0,0.0,0.0,0.0,0.0,0.0,0.0,0.0,0.0,0.0,0.0,0.0,0.0,0.0
2024-12-18,MSFT,0.0,0.0,0.0,0.0,0.0,0.0,0.0,0.0,0.0,0.0,0.0,0.0,0.0,0.0
2024-12-19,MSFT,0.0,0.0,0.0,0.0,0.0,0.0,0.0,0.0,0.0,0.0,0.0,0.0,0.0,0.0
2024-12-20,MSFT,0.0,0.0,0.0,0.0,0.0,0.0,0.0,0.0,0.0,0.0,0.0,0.0,0.0,0.0
2024-12-23,MSFT,0.0,0.0,0.0,0.0,0.0,0.0,0.0,0.0,0.0,0.0,0.0,0.0,0.0,0.0
2024-12-24,MSFT,0.0,0.0,0.0,0.0,0.0,0.0,0.0,0.0,0.0,0.0,0.0,0.0,0.0,0.0
2024-12-26,MSFT,0.0,0.0,0.0,0.0,0.0,0.0,0.0,0.0,0.0,0.0,0.0,0.0,0.0,0.0
2024-12-27,MSFT,0.0,0.0,0.0,0.0,0.0,0.0,0.0,0.0,0.0,0.0,0.0,0.0,0.0,0.0
2024-12-30,MSFT,0.0,0.0,0.0,0.0,0.0,0.0,0.0,0.0,0.0,0.0,0.0,0.0,0.0,0.0
2024-12-31,MSFT,0.0,0.0,0.0,0.0,0.0,0.0,0.0,0.0,0.0,0.0,0.0,0.0,0.0,0.0
2025-01-02,MSFT,0.0,0.0,0.0,0.0,0.0,0.0,0.0,0.0,0.0,0.0,0.0,0.0,0.0,0.0
2025-01-03,MSFT,0.0,0.0,0.0,0.0,0.0,0.0,0.0,0.0,0.0,0.0,0.0,0.0,0.0,0.0
2025-01-06,MSFT,0.0,0.0,0.0,0.0,0.0,0.0,0.0,0.0,0.0,0.0,0.0,0.0,0.0,0.0
2025-01-07,MSFT,0.0,0.0,0.0,0.0,0.0,0.0,0.0,0.0,0.0,0.0,0.0,0.0,0.0,0.0
2025-01-08,MSFT,0.0,0.0,0.0,0.0,0.0,0.0,0.0,0.0,0.0,0.0,0.0,0.0,0.0,0.0
2025-01-10,MSFT,0.0,0.0,0.0,0.0,0.0,0.0,0.0,0.0,0.0,0.0,0.0,0.0,0.0,0.0
2025-01-13,MSFT,0.0,0.0,0.0,0.0,0.0,0.0,0.0,0.0,0.0,0.0,0.0,0.0,0.0,0.0
2025-01-14,MSFT,0.0,0.0,0.0,0.0,0.0,0.0,0.0,0.0,0.0,0.0,0.0,0.0,0.0,0.0
2025-01-15,MSFT,0.0,0.0,0.0,0.0,0.0,0.0,0.0,0.0,0.0,0.0,0.0,0.0,0.0,0.0
2025-01-16,MSFT,0.0,0.0,0.0,0.0,0.0,0.0,0.0,0.0,0.0,0.0,0.0,0.0,0.0,0.0
2025-01-17,MSFT,0.0,0.0,0.0,0.0,0.0,0.0,0.0,0.0,0.0,0.0,0.0,0.0,0.0,0.0
2025-01-21,MSFT,0.0,0.0,0.0,0.0,0.0,0.0,0.0,0.0,0.0,0.0,0.0,0.0,0.0,0.0
2025-01-22,MSFT,0.0,0.0,0.0,0.0,0.0,0.0,0.0,0.0,0.0,0.0,0.0,0.0,0.0,0.0
2025-01-23,MSFT,0.0,0.0,0.0,0.0,0.0,0.0,0.0,0.0,0.0,0.0,0.0,0.0,0.0,0.0
2025-01-24,MSFT,0.0,0.0,0.0,0.0,0.0,0.0,0.0,0.0,0.0,0.0,0.0,0.0,0.0,0.0
2025-01-27,MSFT,0.0,0.0,0.0,0.0,0.0,0.0,0.0,0.0,0.0,0.0,0.0,0.0,0.0,0.0
2025-01-28,MSFT,0.0,0.0,0.0,0.0,0.0,0.0,0.0,0.0,0.0,0.0,0.0,0.0,0.0,0.0
2025-01-29,MSFT,0.0,0.0,0.0,0.0,0.0,0.0,0.0,0.0,0.0,0.0,0.0,0.0,0.0,0.0
2025-01-30,MSFT,0.0,0.0,0.0,0.0,0.0,0.0,0.0,0.0,0.0,0.0,0.0,0.0,0.0,0.0
2025-01-31,MSFT,0.0,0.0,0.0,0.0,0.0,0.0,0.0,0.0,0.0,0.0,0.0,0.0,0.0,0.0
2025-02-03,MSFT,0.0,0.0,0.0,0.0,0.0,0.0,0.0,0.0,0.0,0.0,0.0,0.0,0.0,0.0
2025-02-04,MSFT,0.0,0.0,0.0,0.0,0.0,0.0,0.0,0.0,0.0,0.0,0.0,0.0,0.0,0.0
2025-02-05,MSFT,0.0,0.0,0.0,0.0,0.0,0.0,0.0,0.0,0.0,0.0,0.0,0.0,0.0,0.0
2025-02-06,MSFT,0.0,0.0,0.0,0.0,0.0,0.0,0.0,0.0,0.0,0.0,0.0,0.0,0.0,0.0
2025-02-07,MSFT,0.0,0.0,0.0,0.0,0.0,0.0,0.0,0.0,0.0,0.0,0.0,0.0,0.0,0.0
2025-02-10,MSFT,0.0,0.0,0.0,0.0,0.0,0.0,0.0,0.0,0.0,0.0,0.0,0.0,0.0,0.0
2025-02-11,MSFT,0.0,0.0,0.0,0.0,0.0,0.0,0.0,0.0,0.0,0.0,0.0,0.0,0.0,0.0
2025-02-12,MSFT,0.0,0.0,0.0,0.0,0.0,0.0,0.0,0.0,0.0,0.0,0.0,0.0,0.0,0.0
2025-02-13,MSFT,0.0,0.0,0.0,0.0,0.0,0.0,0.0,0.0,0.0,0.0,0.0,0.0,0.0,0.0
2025-02-14,MSFT,0.0,0.0,0.0,0.0,0.0,0.0,0.0,0.0,0.0,0.0,0.0,0.0,0.0,0.0
2025-02-18,MSFT,0.0,0.0,0.0,0.0,0.0,0.0,0.0,0.0,0.0,0.0,0.0,0.0,0.0,0.0
2025-02-19,MSFT,0.0,0.0,0.0,0.0,0.0,0.0,0.0,0.0,0.0,0.0,0.0,0.0,0.0,0.0
2025-02-20,MSFT,0.0,0.0,0.0,0.0,0.0,0.0,0.0,0.0,0.0,0.0,0.0,0.0,0.0,0.0
2025-02-21,MSFT,0.0,0.0,0.0,0.0,0.0,0.0,0.0,0.0,0.0,0.0,0.0,0.0,0.0,0.0
2025-02-24,MSFT,0.0,0.0,0.0,0.0,0.0,0.0,0.0,0.0,0.0,0.0,0.0,0.0,0.0,0.0
2025-02-25,MSFT,0.0,0.0,0.0,0.0,0.0,0.0,0.0,0.0,0.0,0.0,0.0,0.0,0.0,0.0
2025-02-26,MSFT,0.0,0.0,0.0,0.0,0.0,0.0,0.0,0.0,0.0,0.0,0.0,0.0,0.0,0.0
2025-02-27,MSFT,0.0,0.0,0.0,0.0,0.0,0.0,0.0,0.0,0.0,0.0,0.0,0.0,0.0,0.0
2025-02-28,MSFT,0.0,0.0,0.0,0.0,0.0,0.0,0.0,0.0,0.0,0.0,0.0,0.0,0.0,0.0
2025-03-03,MSFT,0.0,0.0,0.0,0.0,0.0,0.0,0.0,0.0,0.0,0.0,0.0,0.0,0.0,0.0
2025-03-04,MSFT,0.0,0.0,0.0,0.0,0.0,0.0,0.0,0.0,0.0,0.0,0.0,0.0,0.0,0.0
2025-03-05,MSFT,0.0,0.0,0.0,0.0,0.0,0.0,0.0,0.0,0.0,0.0,0.0,0.0,0.0,0.0
2025-03-06,MSFT,0.0,0.0,0.0,0.0,0.0,0.0,0.0,0.0,0.0,0.0,0.0,0.0,0.0,0.0
2025-03-07,MSFT,0.0,0.0,0.0,0.0,0.0,0.0,0.0,0.0,0.0,0.0,0.0,0.0,0.0,0.0
2025-03-10,MSFT,0.0,0.0,0.0,0.0,0.0,0.0,0.0,0.0,0.0,0.0,0.0,0.0,0.0,0.0
2025-03-11,MSFT,0.0,0.0,0.0,0.0,0.0,0.0,0.0,0.0,0.0,0.0,0.0,0.0,0.0,0.0
2025-03-12,MSFT,0.0,0.0,0.0,0.0,0.0,0.0,0.0,0.0,0.0,0.0,0.0,0.0,0.0,0.0
2025-03-13,MSFT,0.0,0.0,0.0,0.0,0.0,0.0,0.0,0.0,0.0,0.0,0.0,0.0,0.0,0.0
2025-03-14,MSFT,0.0,0.0,0.0,0.0,0.0,0.0,0.0,0.0,0.0,0.0,0.0,0.0,0.0,0.0
2025-03-17,MSFT,0.0,0.0,0.0,0.0,0.0,0.0,0.0,0.0,0.0,0.0,0.0,0.0,0.0,0.0
2025-03-18,MSFT,0.0,0.0,0.0,0.0,0.0,0.0,0.0,0.0,0.0,0.0,0.0,0.0,0.0,0.0
2025-03-19,MSFT,0.0,0.0,0.0,0.0,0.0,0.0,0.0,0.0,0.0,0.0,0.0,0.0,0.0,0.0
2025-03-20,MSFT,0.0,0.0,0.0,0.0,0.0,0.0,0.0,0.0,0.0,0.0,0.0,0.0,0.0,0.0
2025-03-21,MSFT,0.0,0.0,0.0,0.0,0.0,0.0,0.0,0.0,0.0,0.0,0.0,0.0,0.0,0.0
2025-03-24,MSFT,0.0,0.0,0.0,0.0,0.0,0.0,0.0,0.0,0.0,0.0,0.0,0.0,0.0,0.0
2025-03-25,MSFT,0.0,0.0,0.0,0.0,0.0,0.0,0.0,0.0,0.0,0.0,0.0,0.0,0.0,0.0
2025-03-26,MSFT,0.0,0.0,0.0,0.0,0.0,0.0,0.0,0.0,0.0,0.0,0.0,0.0,0.0,0.0
2025-03-27,MSFT,0.0,0.0,0.0,0.0,0.0,0.0,0.0,0.0,0.0,0.0,0.0,0.0,0.0,0.0
2025-03-28,MSFT,0.0,0.0,0.0,0.0,0.0,0.0,0.0,0.0,0.0,0.0,0.0,0.0,0.0,0.0
2025-03-31,MSFT,0.0,0.0,0.0,0.0,0.0,0.0,0.0,0.0,0.0,0.0,0.0,0.0,0.0,0.0
2025-04-01,MSFT,0.0,0.0,0.0,0.0,0.0,0.0,0.0,0.0,0.0,0.0,0.0,0.0,0.0,0.0
2025-04-02,MSFT,0.0,0.0,0.0,0.0,0.0,0.0,0.0,0.0,0.0,0.0,0.0,0.0,0.0,0.0
2025-04-03,MSFT,0.0,0.0,0.0,0.0,0.0,0.0,0.0,0.0,0.0,0.0,0.0,0.0,0.0,0.0
2025-04-04,MSFT,0.0,0.0,0.0,0.0,0.0,0.0,0.0,0.0,0.0,0.0,0.0,0.0,0.0,0.0
2025-04-07,MSFT,0.0,0.0,0.0,0.0,0.0,0.0,0.0,0.0,0.0,0.0,0.0,0.0,0.0,0.0
2025-04-08,MSFT,0.0,0.0,0.0,0.0,0.0,0.0,0.0,0.0,0.0,0.0,0.0,0.0,0.0,0.0
2025-04-09,MSFT,0.0,0.0,0.0,0.0,0.0,0.0,0.0,0.0,0.0,0.0,0.0,0.0,0.0,0.0
2025-04-10,MSFT,0.0,0.0,0.0,0.0,0.0,0.0,0.0,0.0,0.0,0.0,0.0,0.0,0.0,0.0
2025-04-11,MSFT,0.0,0.0,0.0,0.0,0.0,0.0,0.0,0.0,0.0,0.0,0.0,0.0,0.0,0.0
2025-04-14,MSFT,0.0,0.0,0.0,0.0,0.0,0.0,0.0,0.0,0.0,0.0,0.0,0.0,0.0,0.0
2025-04-15,MSFT,0.0,0.0,0.0,0.0,0.0,0.0,0.0,0.0,0.0,0.0,0.0,0.0,0.0,0.0
2025-04-16,MSFT,0.0,0.0,0.0,0.0,0.0,0.0,0.0,0.0,0.0,0.0,0.0,0.0,0.0,0.0
2025-04-17,MSFT,0.0,0.0,0.0,0.0,0.0,0.0,0.0,0.0,0.0,0.0,0.0,0.0,0.0,0.0
2025-04-21,MSFT,0.0,0.0,0.0,0.0,0.0,0.0,0.0,0.0,0.0,0.0,0.0,0.0,0.0,0.0
2025-04-22,MSFT,0.0,0.0,0.0,0.0,0.0,0.0,0.0,0.0,0.0,0.0,0.0,0.0,0.0,0.0
2025-04-23,MSFT,0.0,0.0,0.0,0.0,0.0,0.0,0.0,0.0,0.0,0.0,0.0,0.0,0.0,0.0
2025-04-24,MSFT,0.0,0.0,0.0,0.0,0.0,0.0,0.0,0.0,0.0,0.0,0.0,0.0,0.0,0.0
2025-04-25,MSFT,0.0,0.0,0.0,0.0,0.0,0.0,0.0,0.0,0.0,0.0,0.0,0.0,0.0,0.0
2025-04-28,MSFT,0.0,0.0,0.0,0.0,0.0,0.0,0.0,0.0,0.0,0.0,0.0,0.0,0.0,0.0
2025-04-29,MSFT,0.0,0.0,0.0,0.0,0.0,0.0,0.0,0.0,0.0,0.0,0.0,0.0,0.0,0.0
2025-04-30,MSFT,0.0,0.0,0.0,0.0,0.0,0.0,0.0,0.0,0.0,0.0,0.0,0.0,0.0,0.0
2025-05-01,MSFT,0.0,0.0,0.0,0.0,0.0,0.0,0.0,0.0,0.0,0.0,0.0,0.0,0.0,0.0
2025-05-02,MSFT,0.0,0.0,0.0,0.0,0.0,0.0,0.0,0.0,0.0,0.0,0.0,0.0,0.0,0.0
2025-05-05,MSFT,0.0,0.0,0.0,0.0,0.0,0.0,0.0,0.0,0.0,0.0,0.0,0.0,0.0,0.0
2025-05-06,MSFT,0.0,0.0,0.0,0.0,0.0,0.0,0.0,0.0,0.0,0.0,0.0,0.0,0.0,0.0
2025-05-07,MSFT,0.0,0.0,0.0,0.0,0.0,0.0,0.0,0.0,0.0,0.0,0.0,0.0,0.0,0.0
2025-05-08,MSFT,0.0,0.0,0.0,0.0,0.0,0.0,0.0,0.0,0.0,0.0,0.0,0.0,0.0,0.0
2025-05-09,MSFT,0.0,0.0,0.0,0.0,0.0,0.0,0.0,0.0,0.0,0.0,0.0,0.0,0.0,0.0
2025-05-12,MSFT,0.0,0.0,0.0,0.0,0.0,0.0,0.0,0.0,0.0,0.0,0.0,0.0,0.0,0.0
2025-05-13,MSFT,0.0,0.0,0.0,0.0,0.0,0.0,0.0,0.0,0.0,0.0,0.0,0.0,0.0,0.0
2025-05-14,MSFT,0.0,0.0,0.0,0.0,0.0,0.0,0.0,0.0,0.0,0.0,0.0,0.0,0.0,0.0
2025-05-15,MSFT,0.0,0.0,0.0,0.0,0.0,0.0,0.0,0.0,0.0,0.0,0.0,0.0,0.0,0.0
2025-05-16,MSFT,0.0,0.0,0.0,0.0,0.0,0.0,0.0,0.0,0.0,0.0,0.0,0.0,0.0,0.0
2025-05-19,MSFT,0.0,0.0,0.0,0.0,0.0,0.0,0.0,0.0,0.0,0.0,0.0,0.0,0.0,0.0
2025-05-20,MSFT,0.0,0.0,0.0,0.0,0.0,0.0,0.0,0.0,0.0,0.0,0.0,0.0,0.0,0.0
2025-05-21,MSFT,0.0,0.0,0.0,0.0,0.0,0.0,0.0,0.0,0.0,0.0,0.0,0.0,0.0,0.0
2025-05-22,MSFT,0.0,0.0,0.0,0.0,0.0,0.0,0.0,0.0,0.0,0.0,0.0,0.0,0.0,0.0
2025-05-23,MSFT,0.0,0.0,0.0,0.0,0.0,0.0,0.0,0.0,0.0,0.0,0.0,0.0,0.0,0.0
2025-05-27,MSFT,0.0,0.0,0.0,0.0,0.0,0.0,0.0,0.0,0.0,0.0,0.0,0.0,0.0,0.0
2025-05-28,MSFT,0.0,0.0,0.0,0.0,0.0,0.0,0.0,0.0,0.0,0.0,0.0,0.0,0.0,0.0
2025-05-29,MSFT,0.0,0.0,0.0,0.0,0.0,0.0,0.0,0.0,0.0,0.0,0.0,0.0,0.0,0.0
2025-05-30,MSFT,0.0,0.0,0.0,0.0,0.0,0.0,0.0,0.0,0.0,0.0,0.0,0.0,0.0,0.0
2025-06-02,MSFT,0.0,0.0,0.0,0.0,0.0,0.0,0.0,0.0,0.0,0.0,0.0,0.0,0.0,0.0
2025-06-03,MSFT,0.0,0.0,0.0,0.0,0.0,0.0,0.0,0.0,0.0,0.0,0.0,0.0,0.0,0.0
2025-06-04,MSFT,0.0,0.0,0.0,0.0,0.0,0.0,0.0,0.0,0.0,0.0,0.0,0.0,0.0,0.0
2025-06-05,MSFT,0.0,0.0,0.0,0.0,0.0,0.0,0.0,0.0,0.0,0.0,0.0,0.0,0.0,0.0
2025-06-06,MSFT,0.0,0.0,0.0,0.0,0.0,0.0,0.0,0.0,0.0,0.0,0.0,0.0,0.0,0.0
2025-06-09,MSFT,0.0,0.0,0.0,0.0,0.0,0.0,0.0,0.0,0.0,0.0,0.0,0.0,0.0,0.0
2025-06-10,MSFT,0.0,0.0,0.0,0.0,0.0,0.0,0.0,0.0,0.0,0.0,0.0,0.0,0.0,0.0
2025-06-11,MSFT,0.0,0.0,0.0,0.0,0.0,0.0,0.0,0.0,0.0,0.0,0.0,0.0,0.0,0.0
2025-06-12,MSFT,0.0,0.0,0.0,0.0,0.0,0.0,0.0,0.0,0.0,0.0,0.0,0.0,0.0,0.0
2025-06-13,MSFT,0.0,0.0,0.0,0.0,0.0,0.0,0.0,0.0,0.0,0.0,0.0,0.0,0.0,0.0
2025-06-16,MSFT,-0.014254833177591759,26.0,6.0,7.0,13.0,0.7855554704482739,0.25561379437119913,0.2698686275487909,0.4745175918707481,-0.004751611059197253,26.0,6.0,7.0,13.0
2025-06-17,MSFT,0.17535220329208592,38.0,16.0,9.0,13.0,0.8256361311987827,0.4160695631106041,0.2407173598185181,0.34321307214467145,0.05369912337149805,64.0,22.0,16.0,26.0
2025-06-18,MSFT,0.07597285680668919,38.0,14.0,11.0,13.0,0.8346272942266966,0.36984756892841114,0.2938747121217219,0.33627772007725737,0.07902340897372778,102.0,36.0,27.0,39.0
2025-06-20,MSFT,0.09697916438536987,28.0,12.0,8.0,8.0,0.793548971414566,0.3942675341053733,0.29728836972000344,0.308444098968591,0.11610140816138165,104.0,42.0,28.0,34.0
2025-06-23,MSFT,0.4375286416827955,22.0,12.0,1.0,9.0,0.8217418546026404,0.5313814100809395,0.093852768398144,0.37476581758396194,0.20349355429161817,88.0,38.0,20.0,30.0
2025-06-24,MSFT,0.29525729116836663,38.0,17.0,5.0,16.0,0.8247017013399225,0.45405314965663773,0.15879585848827107,0.3871509823457975,0.27658836574551066,88.0,41.0,14.0,33.0
2025-06-25,MSFT,0.12636117264628408,14.0,5.0,4.0,5.0,0.8254612513950893,0.3679100704778518,0.24154889783156766,0.3905410117336682,0.2863823684991487,74.0,34.0,10.0,30.0
2025-06-26,MSFT,0.4269360748277801,53.0,30.0,5.0,18.0,0.8148447050238555,0.5473941814786983,0.1204581066509181,0.33214770960357953,0.2828515128808103,105.0,52.0,14.0,39.0
2025-06-27,MSFT,0.2057476962012622,34.0,14.0,8.0,12.0,0.8005252883714788,0.42148339685381336,0.2157357006525511,0.36278089541284475,0.2530149812251088,101.0,49.0,17.0,35.0
2025-06-30,MSFT,0.15592438356812904,27.0,8.0,5.0,14.0,0.7993095053566827,0.33830556940908235,0.18238118584095325,0.47931325111400197,0.2628693848657238,114.0,52.0,18.0,44.0
2025-07-01,MSFT,0.311656740576248,51.0,24.0,7.0,20.0,0.7755006376434775,0.4623895356175946,0.15073279504134662,0.3868776662823032,0.22444294011521312,112.0,46.0,20.0,46.0
2025-07-02,MSFT,-0.32213365865957944,43.0,9.0,23.0,11.0,0.8528303115866905,0.2140169534290772,0.5361506120886567,0.2498324316558103,0.04848248849493255,121.0,41.0,35.0,45.0
2025-07-03,MSFT,0.004512741672209426,39.0,11.0,13.0,15.0,0.8394808119688278,0.3203866381962329,0.3158738965240235,0.36373946333351803,-0.0019880588037073242,133.0,44.0,43.0,46.0
2025-07-07,MSFT,0.11671039145439861,25.0,9.0,6.0,10.0,0.8567874336242676,0.3548800367489457,0.23816964529454704,0.4069503229856491,-0.06697017517765712,107.0,29.0,42.0,36.0
2025-07-08,MSFT,0.36704465798619723,36.0,20.0,6.0,10.0,0.8214773196313117,0.517309856419969,0.15026519843377167,0.33242493981702453,0.1627559303709351,100.0,40.0,25.0,35.0
2025-07-09,MSFT,0.35020211882268387,12.0,5.0,1.0,6.0,0.8430784742037455,0.4463062904154261,0.09610417159274215,0.4575895241772135,0.2779857227544266,73.0,34.0,13.0,26.0
2025-07-10,MSFT,0.2093579374214119,47.0,18.0,9.0,20.0,0.829681284884189,0.40286374286292714,0.19350580544151522,0.4036304483071287,0.3088682380767644,95.0,43.0,16.0,36.0
2025-07-11,MSFT,0.46853281512102557,42.0,26.0,4.0,12.0,0.8086690292471931,0.5699767559944164,0.10144394087339081,0.32857930704596494,0.3426976237883738,101.0,49.0,14.0,38.0
2025-07-14,MSFT,0.4836441960942466,32.0,20.0,2.0,10.0,0.7956030741333961,0.5544754603179172,0.07083126422367055,0.37469327216967935,0.38717831621222804,121.0,64.0,15.0,42.0
2025-07-15,MSFT,0.3739788506490489,45.0,23.0,5.0,17.0,0.8056211690107982,0.480167393396712,0.10618854274766308,0.4136440564774805,0.44205195395477376,119.0,69.0,11.0,39.0
2025-07-16,MSFT,0.20966620811007236,22.0,6.0,3.0,13.0,0.7497482055967505,0.3460101492025635,0.13634394109249112,0.517645922828127,0.35576308495112263,99.0,49.0,10.0,40.0
2025-07-17,MSFT,0.44842317867679177,27.0,18.0,3.0,6.0,0.8066430732055947,0.5905954538223644,0.14217227514557262,0.2672322696005856,0.34402274581197106,94.0,47.0,11.0,36.0
2025-07-18,MSFT,0.13748954246630488,46.0,19.0,12.0,15.0,0.8297911636207415,0.4016489814359533,0.2641594389696484,0.3341915879965476,0.26519297641772305,95.0,43.0,18.0,34.0
2025-07-21,MSFT,0.08407437742095102,33.0,11.0,9.0,13.0,0.7747188987153949,0.33905178748748516,0.2549774100665341,0.40597080721548107,0.2233290328546826,106.0,48.0,24.0,34.0
2025-07-22,MSFT,0.23018591357178467,43.0,19.0,10.0,14.0,0.8052105099655861,0.44819959093881556,0.21801367736703084,0.333786736957209,0.1505832778196802,122.0,49.0,31.0,42.0
2025-07-23,MSFT,-0.04636984175470259,14.0,3.0,4.0,7.0,0.784992658666202,0.26560523756779725,0.3119750793224999,0.4224196760249989,0.08929681641267773,90.0,33.0,23.0,34.0
2025-07-24,MSFT,0.2646785362449009,32.0,12.0,3.0,17.0,0.7464273143559694,0.4001913357351441,0.13551279949024317,0.4642958769691176,0.1494982026873277,89.0,34.0,17.0,38.0
2025-07-25,MSFT,0.2604218013267117,44.0,20.0,9.0,15.0,0.7901782948862422,0.45825620787218213,0.19783440654547035,0.34390938861972903,0.15957683193897002,90.0,35.0,16.0,39.0
2025-07-28,MSFT,0.1392497373279184,20.0,7.0,4.0,9.0,0.8148817598819733,0.3217608215520158,0.1825110842240974,0.49572809375822546,0.22145002496651034,96.0,39.0,16.0,41.0
2025-07-29,MSFT,0.21768902929646797,76.0,30.0,17.0,29.0,0.7823825168766474,0.43290747012207775,0.21521844082560973,0.35187408514320845,0.2057868559836994,140.0,57.0,30.0,53.0
2025-07-30,MSFT,0.8435052866116166,1.0,1.0,0.0,0.0,0.8555729389190674,0.8555729389190674,0.0120676523074507,0.1323594599962234,0.4001480177453343,97.0,38.0,21.0,38.0
2025-07-31,MSFT,0.21836645808070898,6.0,4.0,2.0,0.0,0.8660810589790344,0.5573262561423084,0.3389597980615993,0.10371394222602243,0.42652025799626453,83.0,35.0,19.0,29.0
2025-08-01,MSFT,0.14844602175988256,50.0,21.0,15.0,14.0,0.813218023777008,0.43931995446793737,0.2908739327080547,0.2698061188496649,0.4034392554840694,57.0,26.0,17.0,14.0
2025-08-04,MSFT,0.30585059850739366,39.0,18.0,7.0,14.0,0.8407940069834391,0.4715754335316328,0.16572483502423913,0.36269973901410896,0.22422102611599506,95.0,43.0,24.0,28.0
2025-08-05,MSFT,0.28006890526653005,67.0,27.0,8.0,32.0,0.8444317223420784,0.44073813847863846,0.16066923321210846,0.3985926262033519,0.24478850851126877,156.0,66.0,30.0,60.0
2025-08-06,MSFT,0.3089020254750115,48.0,22.0,7.0,19.0,0.8000421536465486,0.4608142532524653,0.15191222777745372,0.3872735212983874,0.2982738430829784,154.0,67.0,22.0,65.0
2025-08-07,MSFT,0.20210940245482506,33.0,15.0,6.0,12.0,0.848821065642617,0.41859402115259203,0.21648461869776695,0.3649213604177489,0.2636934443987889,148.0,64.0,21.0,63.0
2025-08-08,MSFT,0.34532186399715453,13.0,5.0,0.0,8.0,0.8274168372154236,0.398572246902264,0.05325038290510953,0.5481773973084413,0.2854444306423303,94.0,42.0,13.0,39.0
2025-08-11,MSFT,0.1826018557270489,41.0,15.0,8.0,18.0,0.8137820915478032,0.38126286646214924,0.1986610107351003,0.42007613177524833,0.2433443740596762,87.0,35.0,14.0,38.0
2025-08-12,MSFT,0.3911858730089779,52.0,27.0,5.0,20.0,0.7786469407952749,0.49216524629782027,0.10097937328884231,0.4068553767596873,0.3063698642443938,106.0,47.0,13.0,46.0
2025-08-13,MSFT,0.27339490490655105,15.0,8.0,2.0,5.0,0.7876628577709198,0.451224555944403,0.17782965103785195,0.37094580146173634,0.2823942112141926,108.0,50.0,15.0,43.0
2025-08-14,MSFT,0.38715597965832177,48.0,25.0,4.0,19.0,0.8034208963314692,0.4934910910475689,0.10633511138924702,0.4001737952930853,0.3505789191912836,115.0,60.0,11.0,44.0
2025-08-15,MSFT,0.31149979590161425,37.0,18.0,6.0,13.0,0.7716066434576705,0.46077016053872333,0.14927036463710905,0.38995947270981357,0.324016893488829,100.0,51.0,12.0,37.0
2025-08-18,MSFT,0.39649643791331485,33.0,15.0,1.0,17.0,0.7896868694912303,0.45524001256986096,0.05874357465654607,0.4860164039965832,0.365050737824417,118.0,58.0,11.0,49.0
2025-08-19,MSFT,0.259999862095962,54.0,26.0,10.0,18.0,0.7918153548682177,0.47349217963508433,0.21349231753912234,0.31301550405031003,0.3226653653036304,124.0,59.0,17.0,48.0
2025-08-20,MSFT,0.09025722260897359,18.0,8.0,6.0,4.0,0.811414447095659,0.41988286386347473,0.32962564125450117,0.2504914948302838,0.24891784087275015,105.0,49.0,17.0,39.0
2025-08-21,MSFT,0.015277084692016874,46.0,15.0,16.0,15.0,0.8216064092905625,0.33919281397095835,0.32391572927894147,0.3368914540776092,0.12184472313231748,118.0,49.0,32.0,37.0
2025-08-22,MSFT,0.21030391246990063,43.0,16.0,8.0,19.0,0.7924561361933864,0.39345984381818494,0.18315593134828428,0.4233842247793841,0.10527940659029704,107.0,39.0,30.0,38.0
2025-08-25,MSFT,0.4004813669249415,30.0,16.0,5.0,9.0,0.814815416932106,0.5424223352223635,0.14194096829742187,0.3156366905197501,0.20868745469561967,119.0,47.0,29.0,43.0
2025-08-26,MSFT,0.30677191646513985,51.0,23.0,9.0,19.0,0.8040208296448577,0.4674701101201422,0.16069819365500232,0.3718316918056385,0.30585239861999397,124.0,55.0,22.0,47.0
2025-08-27,MSFT,0.2601219277757292,39.0,16.0,7.0,16.0,0.7833820000672952,0.423403950384221,0.1632820226084918,0.4133140206432495,0.32245840372193685,120.0,55.0,21.0,44.0
2025-08-28,MSFT,0.3586086512220149,49.0,26.0,6.0,17.0,0.8298765068151512,0.4972082607600154,0.13859960953800043,0.3641921306523133,0.3085008318209613,139.0,65.0,22.0,52.0
2025-08-29,MSFT,0.11543227247672065,42.0,16.0,11.0,15.0,0.8690481938066936,0.3929621360619508,0.2775298635852301,0.3295080004082549,0.24472095049148823,130.0,58.0,24.0,48.0
2025-09-02,MSFT,0.44040396561225253,27.0,15.0,2.0,10.0,0.817317540998812,0.5184483322556372,0.0780443666433846,0.4035073072408084,0.3048149631036627,118.0,57.0,19.0,42.0
2025-09-03,MSFT,0.1279540560984363,48.0,17.0,10.0,21.0,0.8214506438622872,0.35667541631846683,0.22872136022003053,0.4146032224331672,0.2279300980624698,117.0,48.0,23.0,46.0
2025-09-04,MSFT,0.19381427930461037,18.0,7.0,3.0,8.0,0.8113283713658651,0.3739268967053956,0.18011261740078527,0.4459604923095968,0.2540574336717664,93.0,39.0,15.0,39.0
2025-09-05,MSFT,0.20212824567117624,45.0,14.0,9.0,22.0,0.8177190277311537,0.37666698187175723,0.17453873620058097,0.44879429042339325,0.17463219369140762,111.0,38.0,22.0,51.0
2025-09-08,MSFT,0.1928400042566604,28.0,9.0,4.0,15.0,0.8101150052888053,0.3663643980066159,0.17352439374995549,0.46011120905833586,0.19626084307748234,91.0,30.0,16.0,45.0
2025-09-09,MSFT,0.2960952063748503,34.0,15.0,6.0,13.0,0.8311668529230005,0.4578595460009049,0.16176433962605452,0.3803761106751421,0.23035448543422898,107.0,38.0,19.0,50.0
2025-09-10,MSFT,0.4011739168316126,5.0,3.0,0.0,2.0,0.7209399700164795,0.4320964224636555,0.030922505632042817,0.5369810700416565,0.29670304248770774,67.0,27.0,10.0,30.0
2025-09-11,MSFT,0.22814515326172113,29.0,13.0,5.0,11.0,0.7891390005062366,0.43062756528499824,0.20248241202327705,0.3668900134748426,0.3084714254893947,68.0,31.0,11.0,26.0
2025-09-12,MSFT,0.32120615725095075,57.0,28.0,6.0,23.0,0.7823678819756759,0.4538522562371534,0.13264609898620264,0.4135016436901009,0.3168417424480948,91.0,44.0,11.0,36.0
2025-09-15,MSFT,0.5861922669881845,34.0,24.0,2.0,8.0,0.8251765563207514,0.6673245710211203,0.08113230403293577,0.2515431231106905,0.37851452583361883,120.0,65.0,13.0,42.0
2025-09-16,MSFT,0.5190504928070464,38.0,24.0,1.0,13.0,0.7939779978049429,0.5855020426311776,0.06645154982413111,0.3480464165147982,0.4754829723487273,129.0,76.0,9.0,44.0
2025-09-17,MSFT,0.33187401878647504,50.0,23.0,6.0,21.0,0.7902306389808654,0.44658569088205696,0.11471167209558185,0.4387026345357299,0.4790389261939019,122.0,71.0,9.0,42.0
2025-09-18,MSFT,0.3997468892850128,51.0,31.0,6.0,14.0,0.7808676958084106,0.5344291369923774,0.13468224770736456,0.3308886119036698,0.41689046695951143,139.0,78.0,13.0,48.0
2025-09-19,MSFT,0.3483828000594364,43.0,18.0,5.0,20.0,0.7723007021948348,0.4512718940630209,0.10288909400358445,0.4458390110453894,0.36000123604364137,144.0,72.0,17.0,55.0
2025-09-22,MSFT,-0.0010747596000631743,12.0,3.0,3.0,6.0,0.8332202434539795,0.2541123048091928,0.2551870644092559,0.49070064273352426,0.24901830991479534,106.0,52.0,14.0,40.0
2025-09-23,MSFT,0.39187654635057817,31.0,15.0,4.0,12.0,0.8269994066607568,0.5144623364772527,0.12258579012667456,0.36295187094759557,0.24639486226998378,86.0,36.0,12.0,38.0
2025-09-24,MSFT,-0.08656500689685348,15.0,5.0,5.0,5.0,0.7926302989323933,0.264334664431711,0.3508996713285645,0.3847656584034363,0.1014122599512205,58.0,23.0,12.0,23.0
2025-09-25,MSFT,0.3762934556075682,30.0,17.0,4.0,9.0,0.8126888076464335,0.5237219445717831,0.14742848896421487,0.32884957312295826,0.22720166502043096,76.0,37.0,13.0,26.0
2025-09-26,MSFT,0.20360468679832086,36.0,12.0,3.0,21.0,0.7733542554908328,0.34970971701356274,0.1461050302152418,0.504185256962147,0.16444437850301186,81.0,34.0,12.0,35.0
2025-09-29,MSFT,0.08399638662942582,36.0,9.0,7.0,20.0,0.7505159916149245,0.276328882538817,0.19233249590939114,0.5313386098067794,0.22129817634510496,102.0,38.0,14.0,50.0
2025-09-30,MSFT,0.36880460087451394,54.0,29.0,7.0,18.0,0.8043938251557173,0.49341840738499604,0.12461380651048207,0.3819677809736243,0.21880189143408688,126.0,50.0,17.0,59.0
2025-10-01,MSFT,0.3092867858073813,47.0,23.0,7.0,17.0,0.7862738231395153,0.4548041516756441,0.14551736586826275,0.39967848293166214,0.25402925777044033,137.0,61.0,21.0,55.0
2025-10-02,MSFT,0.22684783318304808,29.0,7.0,2.0,20.0,0.7803739124330981,0.3357516862773176,0.10890385309426945,0.555344463101235,0.30164640662164777,130.0,59.0,16.0,55.0
2025-10-03,MSFT,0.36419157029757665,43.0,22.0,6.0,15.0,0.8449299460233644,0.5089262958052893,0.1447347255077126,0.34633898457815476,0.3001087297626686,119.0,52.0,15.0,52.0
2025-10-06,MSFT,0.3729027703796562,19.0,11.0,2.0,6.0,0.8419431636207982,0.5020392259190741,0.12913645553941785,0.3688243246196132,0.32131405795342693,91.0,40.0,10.0,41.0
2025-10-07,MSFT,0.4946045138088888,38.0,23.0,3.0,12.0,0.8373531526640842,0.5924333373672868,0.09782882355839793,0.3097378396380104,0.4105662848287072,100.0,56.0,11.0,33.0
2025-10-08,MSFT,0.4338881291229935,34.0,16.0,2.0,16.0,0.8274972929674036,0.49642001470441327,0.06253188558141971,0.44104811905280633,0.4337984711038461,91.0,50.0,7.0,34.0
2025-10-09,MSFT,0.2906803300500744,45.0,19.0,5.0,21.0,0.8082161333825854,0.4322280986441506,0.1415477685940762,0.4262241261286868,0.40639099099398557,117.0,58.0,10.0,49.0
2025-10-10,MSFT,0.1343638942676729,28.0,8.0,5.0,15.0,0.8176242272768702,0.3367768100329807,0.20241291576530782,0.46081027082566706,0.28631078448024694,107.0,43.0,12.0,52.0
2025-10-13,MSFT,0.28324245247177965,39.0,18.0,7.0,14.0,0.7922892402379941,0.4725905572517942,0.18934810478001446,0.3380613269714209,0.23609555892984227,112.0,45.0,17.0,50.0
2025-10-14,MSFT,0.46605960846077216,43.0,27.0,4.0,12.0,0.8190171940382137,0.5828021591269347,0.11674255066616238,0.3004552853228741,0.2945553184000749,110.0,53.0,16.0,41.0
2025-10-15,MSFT,0.45693603538841543,28.0,16.0,1.0,11.0,0.7828901154654366,0.5145603902305343,0.05762435484211886,0.42781525597508463,0.40207936544032236,110.0,61.0,12.0,37.0
2025-10-16,MSFT,0.37365426011577557,48.0,23.0,3.0,22.0,0.7949254959821701,0.45136284343122196,0.0777085833154463,0.4709285751838858,0.43221663465498766,119.0,66.0,8.0,45.0
2025-10-17,MSFT,0.388869419745687,45.0,25.0,7.0,13.0,0.8033601032363044,0.5379394618380401,0.14907004209235306,0.3129905068626006,0.4064865717499593,121.0,64.0,11.0,46.0
2025-10-20,MSFT,0.15319145021827094,14.0,4.0,2.0,8.0,0.7879541856901986,0.33886828938765184,0.18567683916938088,0.47545485916946617,0.3052383766932445,107.0,52.0,12.0,43.0
2025-10-21,MSFT,0.34455572441220284,44.0,26.0,9.0,9.0,0.8390726718035612,0.543854188258675,0.19929846384647212,0.2568473482123491,0.29553886479205355,103.0,55.0,18.0,30.0
2025-10-22,MSFT,0.2559565090618673,21.0,10.0,4.0,7.0,0.8196362115087963,0.445888429481004,0.18993192041913662,0.36417965723999907,0.2512345612307803,79.0,40.0,15.0,24.0
2025-10-23,MSFT,0.05397642798902045,31.0,11.0,8.0,12.0,0.7984603306939525,0.3155970690591681,0.26162064107014765,0.42278230244353887,0.2181628871543635,96.0,47.0,21.0,28.0
2025-10-24,MSFT,0.03614335609599948,10.0,3.0,4.0,3.0,0.7122546911239624,0.29990684632211917,0.2637634902261198,0.4363296739757061,0.1153587643822957,62.0,24.0,16.0,22.0
2025-10-27,MSFT,0.2434162825764138,49.0,21.0,7.0,21.0,0.7831062139297018,0.4105006621922461,0.1670843796158323,0.4224149526800124,0.11117868888714454,90.0,35.0,19.0,36.0
2025-10-28,MSFT,0.3803706215135753,50.0,22.0,4.0,24.0,0.8242834174633026,0.4628421501815319,0.08247152866795654,0.4546863221004605,0.2199767533953295,109.0,46.0,15.0,48.0
2025-10-29,MSFT,0.5532433146921297,12.0,8.0,1.0,3.0,0.763034405807654,0.6205787304788828,0.06733541578675308,0.3120858641341328,0.39234340626070624,111.0,51.0,12.0,48.0
2025-10-30,MSFT,0.0,0.0,0.0,0.0,0.0,0.0,0.0,0.0,0.0,0.3112046454019017,62.0,30.0,5.0,27.0
2025-10-31,MSFT,0.12636415124258124,76.0,35.0,24.0,17.0,0.8379601687192917,0.44085447767161223,0.31449032642903096,0.24465520193457208,0.22653582197823696,88.0,43.0,25.0,20.0
2025-11-03,MSFT,0.492413846567828,47.0,30.0,5.0,12.0,0.8288469840871527,0.6089365276844895,0.11652268111666146,0.27454078645306695,0.2062593326034697,123.0,65.0,29.0,29.0
2025-11-04,MSFT,0.5003573523191291,42.0,29.0,5.0,8.0,0.836610706789153,0.62374711092118,0.12338975860205076,0.25286313053220505,0.3730451167098461,165.0,94.0,34.0,37.0
2025-11-05,MSFT,0.1592494719661772,2.0,0.0,0.0,2.0,0.8134555518627167,0.17289696075022215,0.01364748878404495,0.8134555518627167,0.38400689028437807,91.0,59.0,10.0,22.0
2025-11-06,MSFT,0.3146255255366365,3.0,1.0,0.0,2.0,0.681284765402476,0.3429784079392751,0.02835288240263853,0.6286687155564626,0.3247441166073142,47.0,30.0,5.0,12.0
2025-11-07,MSFT,0.03985549737402097,47.0,17.0,15.0,15.0,0.8279080967953865,0.35693835778201516,0.3170828604079941,0.325978775469071,0.17124349829227817,52.0,18.0,15.0,19.0
2025-11-10,MSFT,0.39960568720319617,36.0,20.0,4.0,12.0,0.776624439491166,0.5105283560438288,0.11092266884063263,0.3785489879341589,0.2513622367046178,86.0,38.0,19.0,29.0
2025-11-11,MSFT,0.42082956319077397,53.0,32.0,7.0,14.0,0.8086936485092595,0.5653065832788652,0.14447702008809116,0.2902163902543625,0.2867635825893304,136.0,69.0,26.0,41.0
2025-11-12,MSFT,0.7167414848227054,4.0,3.0,0.0,1.0,0.7769813686609268,0.7253712043166161,0.008629719493910601,0.26599908992648125,0.5123922450722252,93.0,55.0,11.0,27.0
2025-11-13,MSFT,0.2752043106319273,17.0,9.0,4.0,4.0,0.7977849770994747,0.5152862388640642,0.24008192823213684,0.2446318265488919,0.4709251195484689,74.0,44.0,11.0,19.0
2025-11-14,MSFT,-0.062049976062207,42.0,11.0,12.0,19.0,0.788367035133498,0.2736810732943316,0.3357310493565386,0.3905878718942404,0.3099652731308085,63.0,23.0,16.0,24.0
2025-11-17,MSFT,0.17877585594900522,26.0,9.0,3.0,14.0,0.7890684879743136,0.35178198654634446,0.17300613059733919,0.4752118927068435,0.13064339683957513,85.0,29.0,19.0,37.0
2025-11-18,MSFT,-0.0581793633957758,46.0,11.0,16.0,19.0,0.8109150606652965,0.2907507358341599,0.34893009922993573,0.36031916373125883,0.019515505497007438,114.0,31.0,31.0,52.0
2025-11-19,MSFT,-0.34082309174118564,16.0,3.0,9.0,4.0,0.8272465541958809,0.1989092378644272,0.5397323296056129,0.2613584424252622,-0.07340886639598544,88.0,23.0,28.0,37.0
2025-11-20,MSFT,0.22469255704756663,23.0,12.0,5.0,6.0,0.8544636887052784,0.4874861277842327,0.26279357073666604,0.24972029767282627,-0.05810329936313163,85.0,26.0,30.0,29.0
2025-11-21,MSFT,0.2776754016189703,35.0,17.0,7.0,11.0,0.8635207550866263,0.4752646175612296,0.19758921594225928,0.32714615123612534,0.053848288975117065,74.0,32.0,21.0,21.0
2025-11-24,MSFT,0.21005376909160986,40.0,17.0,9.0,14.0,0.8206980511546135,0.42045470846351235,0.21040093937190246,0.3691443448187783,0.23747390925271558,98.0,46.0,21.0,31.0
2025-11-25,MSFT,0.3450167676416674,54.0,31.0,6.0,17.0,0.7842769931863856,0.5039593034803316,0.1589425358386641,0.3370981539979025,0.27758197945074914,129.0,65.0,22.0,42.0
2025-11-26,MSFT,0.06131013782503894,39.0,14.0,10.0,15.0,0.8201222908802521,0.3317943727955795,0.2704842349705405,0.3977213916965784,0.20546022485277202,133.0,62.0,25.0,46.0
2025-11-28,MSFT,0.22260500588699392,19.0,10.0,4.0,5.0,0.8123313753228438,0.4504369822771926,0.22783197639019862,0.32173104780284983,0.20964397045123337,112.0,55.0,20.0,37.0
2025-12-01,MSFT,-0.03683254463248888,16.0,4.0,6.0,6.0,0.7373528480529785,0.26385744998697186,0.3006899946194607,0.43545255018398166,0.08236086635984795,74.0,28.0,20.0,26.0
2025-12-02,MSFT,0.28129493663816346,46.0,20.0,6.0,20.0,0.7719638088475103,0.4358273072208723,0.1545323705827088,0.4096403299304454,0.15568913263088946,81.0,34.0,16.0,31.0
2025-12-03,MSFT,0.23119933065026999,26.0,12.0,5.0,9.0,0.7979288754554895,0.452278589650702,0.221079259000432,0.32664215582637823,0.15855390755198148,88.0,36.0,17.0,35.0
2025-12-04,MSFT,0.044614265166708945,46.0,14.0,14.0,18.0,0.8331778120735417,0.32845963408117707,0.2838453689144681,0.38769499765223137,0.1857028441517141,118.0,46.0,25.0,47.0
2025-12-05,MSFT,0.23994886059616063,37.0,16.0,8.0,13.0,0.806844305347752,0.43101111280958393,0.19106225221342327,0.3779266327619552,0.17192081880437982,109.0,42.0,27.0,40.0
2025-12-08,MSFT,0.07341921213082968,28.0,10.0,9.0,9.0,0.7828865721821785,0.38931501666749163,0.3158958045366619,0.29478918341919774,0.11932744596456636,111.0,40.0,31.0,40.0
2025-12-09,MSFT,0.19828210601925242,49.0,22.0,9.0,18.0,0.7907083399441778,0.4006199901068241,0.20233788408757164,0.397042118887208,0.1705500595820809,114.0,48.0,26.0,40.0
2025-12-10,MSFT,0.38940716788558094,29.0,15.0,3.0,11.0,0.833984716185208,0.5113071090188519,0.12189994113327098,0.36679295399065676,0.22036949534522096,106.0,47.0,21.0,38.0
2025-12-11,MSFT,0.042121482089880806,57.0,22.0,19.0,16.0,0.8335277427706802,0.3648450208517412,0.32272353876186044,0.31243143794371886,0.2099369186649047,135.0,59.0,31.0,45.0
2025-12-12,MSFT,0.14404259502059882,45.0,19.0,13.0,13.0,0.8595164007610745,0.43302460183492963,0.2889820068143308,0.27799340240243403,0.1918570816653535,131.0,56.0,35.0,40.0
2025-12-15,MSFT,0.11260337798545757,30.0,10.0,7.0,13.0,0.7777814318736395,0.35140857206036646,0.23880519407490886,0.4097862427433332,0.0995891516986457,132.0,51.0,39.0,42.0
2025-12-16,MSFT,0.1766773134842515,25.0,7.0,4.0,14.0,0.8150169849395752,0.35507285766303537,0.17839554417878387,0.46653160251677034,0.14444109549676926,100.0,36.0,24.0,40.0
2025-12-17,MSFT,-0.3200805608648807,20.0,3.0,10.0,7.0,0.8333154290914535,0.18049848680384453,0.5005790476687253,0.31892246222123505,-0.01026662313172392,75.0,20.0,21.0,34.0
2025-12-18,MSFT,0.1630057845403381,47.0,15.0,8.0,24.0,0.8193457234413066,0.3518967572203342,0.18889097267999608,0.4592122729629912,0.006534179053236259,92.0,25.0,22.0,45.0
2025-12-19,MSFT,0.29232120493472347,41.0,18.0,3.0,20.0,0.8276222697118434,0.4086357545471046,0.11631454961238107,0.47504968327901714,0.04508214287006026,108.0,36.0,21.0,51.0
2025-12-22,MSFT,0.19649102974683047,25.0,8.0,4.0,13.0,0.7913304734230041,0.37703274067491294,0.18054171092808244,0.44242554798722267,0.21727267307396395,113.0,41.0,15.0,57.0
2025-12-23,MSFT,0.281208659739544,30.0,13.0,5.0,12.0,0.8449418524901072,0.4408454969525337,0.15963683721298969,0.3995176604017615,0.25667363147369926,96.0,39.0,12.0,45.0
2025-12-24,MSFT,0.21001363692006894,21.0,8.0,3.0,10.0,0.7985710161072868,0.3621632535720155,0.15214961665194657,0.48568714693898246,0.22923777546881444,76.0,29.0,12.0,35.0
2025-12-26,MSFT,0.22966044751228765,16.0,6.0,3.0,7.0,0.8552705757319927,0.4103909100522287,0.18073046253994102,0.4088786209467798,0.24029424805730015,67.0,27.0,11.0,29.0
2025-12-29,MSFT,0.10595997323149017,21.0,4.0,3.0,14.0,0.8728476393790472,0.24854822102047144,0.14258824778898127,0.6088635255360887,0.18187801922128222,58.0,18.0,9.0,31.0
2025-12-30,MSFT,0.24064000206196617,29.0,13.0,5.0,11.0,0.801342621959489,0.43790829923517743,0.19726829717321126,0.3648233975059,0.19208680760191466,66.0,23.0,11.0,32.0
2025-12-31,MSFT,0.3579720809745292,24.0,9.0,2.0,13.0,0.7531296983361244,0.4417000935645774,0.08372801259004818,0.4745718972602238,0.23485735208932848,74.0,26.0,10.0,38.0
2026-01-02,MSFT,0.12963647086871785,8.0,3.0,2.0,3.0,0.8114681765437126,0.3748395846923813,0.2452031138236634,0.3799573383294046,0.24274951796840438,61.0,25.0,9.0,27.0
2026-01-05,MSFT,0.3813490027275223,26.0,15.0,3.0,8.0,0.7702894841249173,0.5382241554414997,0.15687515271397734,0.3049006889072748,0.28965251819025645,58.0,27.0,7.0,24.0
2026-01-06,MSFT,0.39220248252429346,54.0,30.0,6.0,18.0,0.8147994031508764,0.519590526284581,0.12738804376028748,0.3530214225045509,0.3010626520401778,88.0,48.0,11.0,29.0
2026-01-07,MSFT,0.16091608628630635,16.0,6.0,4.0,6.0,0.7979560494422913,0.3972702344763092,0.23635414819000286,0.36637560348026454,0.31148919051270735,96.0,51.0,13.0,32.0
2026-01-08,MSFT,0.39014440504184295,43.0,24.0,4.0,15.0,0.84273250920828,0.5184305682128598,0.12828616317101685,0.35328326504244356,0.3144209912841475,113.0,60.0,14.0,39.0
2026-01-09,MSFT,0.26994863286723986,34.0,18.0,6.0,10.0,0.7895601567100076,0.46158480479875025,0.19163617193151042,0.3467790300355238,0.27366970806512964,93.0,48.0,14.0,31.0
2026-01-12,MSFT,0.4799754221716689,18.0,12.0,1.0,5.0,0.8101279569996728,0.5499704937554069,0.0699950715837379,0.3800344285037782,0.3800228200269172,95.0,54.0,11.0,30.0
2026-01-13,MSFT,0.3525829301975972,49.0,23.0,4.0,22.0,0.7748875794362049,0.468009335150448,0.11542640495285084,0.4165642739330627,0.36750232841216857,101.0,53.0,11.0,37.0
2026-01-14,MSFT,0.09003075851230985,18.0,6.0,4.0,8.0,0.871805297003852,0.33438236838103164,0.24435160986872184,0.4212660119972295,0.30752970362719195,85.0,41.0,9.0,35.0
2026-01-15,MSFT,0.3868791977393216,29.0,14.0,3.0,12.0,0.791876981998312,0.47909809960501976,0.09221890186569809,0.4286829924275135,0.27649762881640955,96.0,43.0,11.0,42.0
2026-01-16,MSFT,0.11949503760741545,43.0,18.0,13.0,12.0,0.8033347413983456,0.39799342955311023,0.2784983919456947,0.32350818306034385,0.19880166461968227,90.0,38.0,20.0,32.0
2026-01-20,MSFT,0.126287333865432,47.0,15.0,10.0,22.0,0.8036629082040584,0.3390868292289211,0.21279949536348908,0.4481136784987881,0.21088718973738962,119.0,47.0,26.0,46.0
2026-01-21,MSFT,-0.06976217369083318,12.0,3.0,4.0,5.0,0.8176252444585165,0.2884955466336881,0.3582577203245212,0.353246720507741,0.05867339926067139,102.0,36.0,27.0,39.0
2026-01-22,MSFT,0.0,0.0,0.0,0.0,0.0,0.0,0.0,0.0,0.0,0.018841720058199573,59.0,18.0,14.0,27.0
2026-01-23,MSFT,0.0,0.0,0.0,0.0,0.0,0.0,0.0,0.0,0.0,-0.02325405789694443,12.0,3.0,4.0,5.0
2026-01-26,MSFT,-0.022201629411750325,58.0,15.0,18.0,25.0,0.8130333973415966,0.29361148955750055,0.3158131189692508,0.39057539236442795,-0.007400543137250145,58.0,15.0,18.0,25.0
2026-01-27,MSFT,0.21681252599659342,81.0,34.0,14.0,33.0,0.8008982748896988,0.4008623492202641,0.18404982322367064,0.41508781751272855,0.06487029886161433,139.0,49.0,32.0,58.0
2026-01-28,MSFT,0.2939813251141459,28.0,14.0,3.0,11.0,0.819717811686652,0.4499207951926759,0.15593947007853,0.39413972910759704,0.16286407389966295,167.0,63.0,35.0,69.0
2026-01-29,MSFT,0.0,0.0,0.0,0.0,0.0,0.0,0.0,0.0,0.0,0.17026461703691306,109.0,48.0,17.0,44.0
2026-01-30,MSFT,0.0,0.0,0.0,0.0,0.0,0.0,0.0,0.0,0.0,0.09799377503804858,28.0,14.0,3.0,11.0
2026-02-02,MSFT,-0.1562234769130487,67.0,17.0,28.0,22.0,0.8327116156691936,0.25474121795494603,0.41096469486799475,0.3342940753270218,-0.0520744923043496,67.0,17.0,28.0,22.0
2026-02-03,MSFT,0.14961588096374004,67.0,24.0,17.0,26.0,0.8368027659494486,0.3956832937451441,0.24606741278140398,0.358249296448124,-0.0022025319831029213,134.0,41.0,45.0,48.0
2026-02-04,MSFT,-0.2417337737499258,37.0,10.0,20.0,7.0,0.8489183622437555,0.2699946671145389,0.5117284408644647,0.21827689288939167,-0.08278045656641152,171.0,51.0,65.0,55.0
2026-02-05,MSFT,0.0,0.0,0.0,0.0,0.0,0.0,0.0,0.0,0.0,-0.030705964262061958,104.0,34.0,37.0,33.0
2026-02-06,MSFT,0.0,0.0,0.0,0.0,0.0,0.0,0.0,0.0,0.0,-0.08057792458330863,37.0,10.0,20.0,7.0
2026-02-09,MSFT,0.07254209373003015,52.0,19.0,16.0,17.0,0.8087644353508949,0.37435986305801916,0.301817769327989,0.32382236417526233,0.024180697910010013,52.0,19.0,16.0,17.0
2026-02-10,MSFT,0.20824872852522838,89.0,42.0,21.0,26.0,0.8199483852707938,0.45777957561017757,0.24953084708494916,0.2926895808051811,0.0935969407517528,141.0,61.0,37.0,43.0
2026-02-11,MSFT,-0.02929106655602273,26.0,8.0,9.0,9.0,0.85392499428529,0.31293809059290933,0.34222915714893204,0.3448327553386872,0.08383325189974523,167.0,69.0,46.0,52.0
2026-02-12,MSFT,0.0,0.0,0.0,0.0,0.0,0.0,0.0,0.0,0.0,0.05965255398973518,115.0,50.0,30.0,35.0
2026-02-13,MSFT,-0.06892146319816153,28.0,10.0,13.0,5.0,0.8296718278101513,0.3401096210083259,0.4090310842064874,0.25085929648152416,-0.03273750991806146,54.0,18.0,22.0,14.0
2026-02-17,MSFT,0.04400609497231645,52.0,20.0,18.0,14.0,0.8441359188694221,0.3837859785864846,0.33977988361416805,0.2764341385247042,-0.008305122741948397,80.0,30.0,31.0,19.0
2026-02-18,MSFT,0.3058399428398563,26.0,12.0,3.0,11.0,0.7958261416508601,0.45208731254276174,0.1462473697029054,0.40166533036300767,0.09364152487133705,106.0,42.0,34.0,30.0
2026-02-19,MSFT,0.0,0.0,0.0,0.0,0.0,0.0,0.0,0.0,0.0,0.11661534593739091,78.0,32.0,21.0,25.0
2026-02-20,MSFT,0.11339714869179508,11.0,4.0,3.0,4.0,0.779629414731806,0.38991206960583275,0.2765149209140376,0.333573013713414,0.1397456971772171,37.0,16.0,6.0,15.0
2026-02-23,MSFT,-0.00442223193343071,34.0,14.0,11.0,9.0,0.7989157052601085,0.36047413378186954,0.3648963657153003,0.274629508747774,0.036324972252788086,45.0,18.0,14.0,13.0
2026-02-24,MSFT,0.258221095029942,55.0,25.0,8.0,22.0,0.8342121644453568,0.4334727778184143,0.17525168278847225,0.3912755490026691,0.1223986705961021,100.0,43.0,22.0,35.0
2026-02-25,MSFT,0.29767763606436987,17.0,8.0,3.0,6.0,0.827629408415626,0.4710948491907295,0.17341721312635958,0.3554879361215759,0.1838254997202937,106.0,47.0,22.0,37.0
2026-02-26,MSFT,0.0,0.0,0.0,0.0,0.0,0.0,0.0,0.0,0.0,0.18529957703143726,72.0,33.0,11.0,28.0
2026-02-27,MSFT,-0.07942445389926435,44.0,13.0,19.0,12.0,0.8526776216246865,0.3176896505862135,0.3971141044854779,0.28519624566913326,0.0727510607217018,61.0,21.0,22.0,18.0
2026-03-02,MSFT,-0.00459201895033144,28.0,12.0,12.0,4.0,0.810450575181416,0.37967133428901434,0.38426335323934574,0.2360653189077441,-0.028005490949865302,72.0,25.0,31.0,16.0
2026-03-03,MSFT,0.12663058792121518,39.0,15.0,10.0,14.0,0.7845038213790991,0.4041245000389142,0.27749391211769897,0.3183815956879884,0.01420470502387309,111.0,40.0,41.0,30.0
2026-03-04,MSFT,0.07007529189189275,15.0,4.0,4.0,7.0,0.8506075461705526,0.3207558466742436,0.25068055478235085,0.4285636000335217,0.06403795362092546,82.0,31.0,26.0,25.0
2026-03-05,MSFT,0.3958620624616742,8.0,6.0,2.0,0.0,0.8932841941714287,0.6528529491042718,0.2569908866425976,0.09015615959651763,0.19752264742492734,62.0,25.0,16.0,21.0
2026-03-06,MSFT,0.1505863188898989,35.0,15.0,9.0,11.0,0.8721914121082851,0.44031744516853777,0.2897311262786388,0.2699514367750712,0.20550789108115528,58.0,25.0,15.0,18.0
2026-03-09,MSFT,0.055463411290055276,26.0,10.0,8.0,8.0,0.8375028463510367,0.3585439622939492,0.30308055100389397,0.33837548521562266,0.2006372642138761,69.0,31.0,19.0,19.0
2026-03-10,MSFT,0.2292640304159639,56.0,25.0,12.0,19.0,0.8205548774983201,0.42703219970488654,0.1977681692889226,0.3751996356129114,0.145104586865306,117.0,50.0,29.0,38.0
2026-03-11,MSFT,0.27868994956629145,18.0,7.0,3.0,8.0,0.7870503399107192,0.44002301546020633,0.16133306589391494,0.39864392971826923,0.18780579709077017,100.0,42.0,23.0,35.0
2026-03-12,MSFT,0.0,0.0,0.0,0.0,0.0,0.0,0.0,0.0,0.0,0.1693179933274184,74.0,32.0,15.0,27.0
2026-03-13,MSFT,0.1488455182759825,33.0,10.0,5.0,18.0,0.8228491219607267,0.33021470616486936,0.18136918788888687,0.4884160983968865,0.14251182261409126,51.0,17.0,8.0,26.0
2026-03-16,MSFT,0.154458714206703,40.0,15.0,8.0,17.0,0.8091367103159428,0.37662591394037004,0.22216719973366703,0.401206896873191,0.1011014108275618,73.0,25.0,13.0,35.0
2026-03-17,MSFT,0.2371490886362153,64.0,25.0,11.0,28.0,0.7871888591907918,0.40972263515868684,0.17257354652247153,0.41770381393143907,0.18015110703963355,137.0,50.0,24.0,63.0
2026-03-18,MSFT,-0.179286227018262,12.0,3.0,5.0,4.0,0.8362857153018316,0.23988466616719958,0.4191708931854616,0.3409444505814463,0.07077385860821875,116.0,43.0,24.0,49.0
2026-03-19,MSFT,0.0,0.0,0.0,0.0,0.0,0.0,0.0,0.0,0.0,0.019287620539317735,76.0,28.0,16.0,32.0
2026-03-20,MSFT,-0.04159988289506272,29.0,9.0,9.0,11.0,0.8046190409824766,0.2794992881987629,0.32109917109382563,0.3994015398724326,-0.07362870330444161,41.0,12.0,14.0,15.0
2026-03-23,MSFT,0.18897088777951218,33.0,14.0,7.0,12.0,0.7807487294529424,0.4003048277826923,0.21133394000318012,0.38836122953304736,0.04912366829481645,62.0,23.0,16.0,23.0
2026-03-24,MSFT,0.1253372031376408,58.0,24.0,18.0,16.0,0.7904014083845862,0.4082258384401813,0.2828886353025405,0.30888553146786724,0.09090273600736339,120.0,47.0,34.0,39.0
2026-03-25,MSFT,-0.034122753348201536,25.0,9.0,9.0,7.0,0.8382055687904358,0.33297711666673424,0.3670998700149357,0.2999230128526687,0.09339511252298377,116.0,47.0,34.0,35.0
2026-03-26,MSFT,0.0,0.0,0.0,0.0,0.0,0.0,0.0,0.0,0.0,0.030404816596479717,83.0,33.0,27.0,23.0
2026-03-27,MSFT,-0.09863827276664476,18.0,6.0,7.0,5.0,0.8410408596197764,0.28345318684457904,0.3820914596112238,0.3344553439981407,-0.044253675371615474,43.0,15.0,16.0,12.0
2026-03-30,MSFT,-0.1025155732044723,41.0,10.0,13.0,18.0,0.7734174255917712,0.23632414466360716,0.3388397178680795,0.42483613644613,-0.0670512819903724,59.0,16.0,20.0,23.0
2026-03-31,MSFT,0.09268174609790245,75.0,26.0,22.0,27.0,0.8292092847824096,0.3727984726801514,0.28011672658224895,0.34708480921884377,-0.03615736662440491,134.0,42.0,42.0,50.0
2026-04-01,MSFT,0.23769878685319176,24.0,13.0,6.0,5.0,0.7739228916664919,0.5091469397690768,0.27144815291588503,0.21940490386138356,0.07595498658220727,140.0,49.0,41.0,50.0
2026-04-02,MSFT,0.9100313317030668,1.0,1.0,0.0,0.0,0.9307615160942078,0.9307615160942078,0.0207301843911409,0.048508420586586,0.413470621551387,100.0,40.0,28.0,32.0
2026-04-06,MSFT,-0.05041988544037628,29.0,9.0,10.0,10.0,0.8005809701722244,0.2916312866426747,0.34205117208305097,0.3663175284605601,0.36577007770529407,54.0,23.0,16.0,15.0
2026-04-07,MSFT,0.011712567098790181,53.0,18.0,19.0,16.0,0.8377948886943314,0.35717776631233544,0.3454651992135453,0.2973570264348725,0.29044133778716014,83.0,28.0,29.0,26.0
2026-04-08,MSFT,0.15645823174748907,22.0,8.0,5.0,9.0,0.8263678631999276,0.393996328454126,0.2375380967066369,0.36846558487212117,0.03925030446863425,104.0,35.0,34.0,35.0
2026-04-09,MSFT,0.0,0.0,0.0,0.0,0.0,0.0,0.0,0.0,0.0,0.05605693294875968,75.0,26.0,24.0,25.0
2026-04-10,MSFT,0.16134603249912075,13.0,5.0,2.0,6.0,0.782302934389848,0.3734206451962774,0.2120746126971565,0.4145047443990524,0.10593475474886986,35.0,13.0,7.0,15.0
2026-04-13,MSFT,0.021634108514990636,40.0,12.0,12.0,16.0,0.7948558151721954,0.31160285507794466,0.289968746562954,0.3984283906407654,0.060993380338037056,53.0,17.0,14.0,22.0
2026-04-14,MSFT,0.19260336350963778,83.0,37.0,21.0,25.0,0.7888166649513934,0.420949194512992,0.2283458310033542,0.35070497632385733,0.1251945015079163,136.0,54.0,35.0,47.0
2026-04-15,MSFT,0.1918995907883449,29.0,12.0,5.0,12.0,0.7780330530528364,0.4178491606023805,0.22594956981403555,0.3562012705951929,0.13537902093765772,152.0,61.0,38.0,53.0
2026-04-16,MSFT,0.0,0.0,0.0,0.0,0.0,0.0,0.0,0.0,0.0,0.12816765143266082,112.0,49.0,26.0,37.0
2026-04-17,MSFT,0.21325086646645172,41.0,18.0,11.0,12.0,0.818892364094897,0.4559654864005563,0.2427146199341045,0.3013198850903569,0.13505015241826546,70.0,30.0,16.0,24.0
2026-04-20,MSFT,0.07800682292630275,36.0,10.0,10.0,16.0,0.7971740812063217,0.3572697446733299,0.2792629217470271,0.36346732343857485,0.09708589646425142,77.0,28.0,21.0,28.0
2026-04-21,MSFT,0.23593384279253876,59.0,28.0,10.0,21.0,0.8055893425214089,0.42990279661775643,0.19396895382521764,0.3761282513012825,0.17573051072843102,136.0,56.0,31.0,49.0
2026-04-22,MSFT,-0.05761325472433654,14.0,3.0,5.0,6.0,0.8189449863774436,0.2972204997869475,0.35483375451128396,0.3479457365881119,0.08544247033150158,109.0,41.0,25.0,43.0
2026-04-23,MSFT,0.0,0.0,0.0,0.0,0.0,0.0,0.0,0.0,0.0,0.059440196022734,73.0,31.0,15.0,27.0
2026-04-24,MSFT,0.0,0.0,0.0,0.0,0.0,0.0,0.0,0.0,0.0,-0.019204418241445587,14.0,3.0,5.0,6.0
2026-04-27,MSFT,-0.05962755505202545,18.0,5.0,7.0,6.0,0.8268706599871317,0.313481580828213,0.3731091358802384,0.3134092660620808,-0.019875851684008558,18.0,5.0,7.0,6.0
2026-04-28,MSFT,-0.01954040852732548,146.0,47.0,43.0,56.0,0.8185614026980857,0.31200821349422814,0.3315486220215536,0.35644316758118466,-0.026389321193117054,164.0,52.0,50.0,62.0
2026-04-29,MSFT,-0.18664135452913674,37.0,10.0,16.0,11.0,0.840583464583835,0.2440117690963922,0.43065312362552893,0.32533511574808,-0.08860310603616263,201.0,62.0,66.0,73.0
2026-04-30,MSFT,0.0,0.0,0.0,0.0,0.0,0.0,0.0,0.0,0.0,-0.06872725435215415,183.0,57.0,59.0,67.0
2026-05-01,MSFT,0.0,0.0,0.0,0.0,0.0,0.0,0.0,0.0,0.0,-0.062213784843045655,37.0,10.0,16.0,11.0
2026-05-04,MSFT,0.17627870357008996,54.0,22.0,11.0,21.0,0.8150370485252805,0.39540887657656437,0.2191301730064744,0.38546094491525934,0.05875956785669658,54.0,22.0,11.0,21.0
2026-05-05,MSFT,0.26966245865299443,87.0,36.0,11.0,40.0,0.8001114712364372,0.41832454067965347,0.14866208202665904,0.4330133829672618,0.14864705407436138,141.0,58.0,22.0,61.0
2026-05-06,MSFT,0.1644259926903507,23.0,9.0,4.0,10.0,0.7887210845947266,0.36214775980814645,0.1977217671177957,0.4401304651375698,0.20345571830447828,164.0,67.0,26.0,71.0
2026-05-07,MSFT,0.0,0.0,0.0,0.0,0.0,0.0,0.0,0.0,0.0,0.14469615044778164,110.0,45.0,15.0,50.0
2026-05-08,MSFT,0.17051252148424587,6.0,2.0,2.0,2.0,0.8132862349351248,0.41178380511701107,0.24127128363276518,0.34694491419941187,0.1116461713915321,29.0,11.0,6.0,12.0
2026-05-11,MSFT,0.09621286351682136,54.0,20.0,14.0,20.0,0.8097741548661832,0.36359537713643575,0.2673825136196144,0.3690221064068653,0.08890846166702233,60.0,22.0,16.0,22.0
2026-05-12,MSFT,0.1668670472145701,60.0,26.0,16.0,18.0,0.8054212147990862,0.4110826549120247,0.24421560769745457,0.3447017390901843,0.1445308107385457,120.0,48.0,32.0,40.0
2026-05-13,MSFT,-0.2536945841663207,24.0,3.0,10.0,11.0,0.7998455862204233,0.16278054258630917,0.4164751267526299,0.42074432961332303,0.003128442188356858,138.0,49.0,40.0,49.0
2026-05-14,MSFT,0.0,0.0,0.0,0.0,0.0,0.0,0.0,0.0,0.0,-0.02894251231725027,84.0,29.0,26.0,29.0
2026-05-15,MSFT,0.0,0.0,0.0,0.0,0.0,0.0,0.0,0.0,0.0,-0.08456486138877363,24.0,3.0,10.0,11.0
2026-05-18,MSFT,0.23456586801912635,40.0,15.0,5.0,20.0,0.8259010598063469,0.38759908088250083,0.15303321286337446,0.4593676991295069,0.07818862267304202,40.0,15.0,5.0,20.0
2026-05-19,MSFT,0.03429166219286518,73.0,24.0,21.0,28.0,0.8087362691964188,0.3146809860617432,0.28038932386887805,0.4049296929590302,0.08961917673733043,113.0,39.0,26.0,48.0
2026-05-20,MSFT,-0.18066798120408376,17.0,3.0,7.0,7.0,0.8125331892686731,0.22253079523387198,0.40319877643795576,0.3742704279720783,0.029396516335969163,130.0,42.0,33.0,55.0
2026-05-21,MSFT,0.08307734064550863,18.0,5.0,5.0,8.0,0.751229370633761,0.3255415675230324,0.24246422687752378,0.4319942006841302,-0.021099659455236744,108.0,32.0,33.0,43.0
2026-05-22,MSFT,0.13768714916545385,51.0,21.0,16.0,14.0,0.8184531892047209,0.4154566748104259,0.277769525644972,0.30677379998287146,0.01336550286895948,86.0,29.0,28.0,29.0
2026-05-26,MSFT,0.12671053482918068,40.0,17.0,11.0,12.0,0.810527028888464,0.4072039507329464,0.28049341590376564,0.3123026323970407,0.11582500821338097,109.0,43.0,32.0,34.0
2026-05-27,MSFT,-0.2033328864723444,15.0,4.0,9.0,2.0,0.8552801330884298,0.31376978972305847,0.517102676195403,0.16912754004200298,0.02035493250742994,106.0,42.0,36.0,28.0
2026-05-28,MSFT,0.0,0.0,0.0,0.0,0.0,0.0,0.0,0.0,0.0,-0.025540783881054668,55.0,21.0,20.0,14.0
2026-05-29,MSFT,-0.4603049531579017,1.0,0.0,1.0,0.0,0.4958219826221466,0.0355170294642448,0.4958219826221466,0.4686610400676727,-0.22121261321008212,16.0,4.0,10.0,2.0
2026-06-01,MSFT,0.28892018635878747,69.0,28.0,8.0,33.0,0.8166477408098138,0.43760304813664674,0.1486828617778593,0.4137140906051449,-0.05712825559970486,70.0,28.0,9.0,33.0
2026-06-02,MSFT,0.16444935405743308,80.0,28.0,13.0,39.0,0.8025095455348492,0.34816824868321417,0.18371889462578106,0.4681128576165065,-0.002311804247227156,150.0,56.0,22.0,72.0
2026-06-03,MSFT,0.13632653107924853,32.0,12.0,7.0,13.0,0.758803641423583,0.3782938315125648,0.24196730043331624,0.37973887706175447,0.19656535716515625,181.0,68.0,28.0,85.0
2026-06-04,MSFT,0.06662736344151199,16.0,4.0,4.0,8.0,0.8073834404349327,0.30374895012937486,0.23712158668786285,0.4591294792480767,0.12246774952606443,128.0,44.0,24.0,60.0
2026-06-05,MSFT,0.0157169571772603,58.0,13.0,13.0,32.0,0.7903537770797466,0.261260889655236,0.24554393247797568,0.493195164563327,0.07289028389934017,106.0,29.0,24.0,53.0
2023-09-12,NVDA,0.0,0.0,0.0,0.0,0.0,0.0,0.0,0.0,0.0,0.0,0.0,0.0,0.0,0.0
2023-09-13,NVDA,0.0,0.0,0.0,0.0,0.0,0.0,0.0,0.0,0.0,0.0,0.0,0.0,0.0,0.0
2023-09-14,NVDA,0.0,0.0,0.0,0.0,0.0,0.0,0.0,0.0,0.0,0.0,0.0,0.0,0.0,0.0
2023-09-15,NVDA,0.0,0.0,0.0,0.0,0.0,0.0,0.0,0.0,0.0,0.0,0.0,0.0,0.0,0.0
2023-09-18,NVDA,0.0,0.0,0.0,0.0,0.0,0.0,0.0,0.0,0.0,0.0,0.0,0.0,0.0,0.0
2023-09-19,NVDA,0.0,0.0,0.0,0.0,0.0,0.0,0.0,0.0,0.0,0.0,0.0,0.0,0.0,0.0
2023-09-20,NVDA,0.0,0.0,0.0,0.0,0.0,0.0,0.0,0.0,0.0,0.0,0.0,0.0,0.0,0.0
2023-09-21,NVDA,0.0,0.0,0.0,0.0,0.0,0.0,0.0,0.0,0.0,0.0,0.0,0.0,0.0,0.0
2023-09-22,NVDA,0.0,0.0,0.0,0.0,0.0,0.0,0.0,0.0,0.0,0.0,0.0,0.0,0.0,0.0
2023-09-25,NVDA,0.0,0.0,0.0,0.0,0.0,0.0,0.0,0.0,0.0,0.0,0.0,0.0,0.0,0.0
2023-09-26,NVDA,0.0,0.0,0.0,0.0,0.0,0.0,0.0,0.0,0.0,0.0,0.0,0.0,0.0,0.0
2023-09-27,NVDA,0.0,0.0,0.0,0.0,0.0,0.0,0.0,0.0,0.0,0.0,0.0,0.0,0.0,0.0
2023-09-28,NVDA,0.0,0.0,0.0,0.0,0.0,0.0,0.0,0.0,0.0,0.0,0.0,0.0,0.0,0.0
2023-09-29,NVDA,0.0,0.0,0.0,0.0,0.0,0.0,0.0,0.0,0.0,0.0,0.0,0.0,0.0,0.0
2023-10-02,NVDA,0.0,0.0,0.0,0.0,0.0,0.0,0.0,0.0,0.0,0.0,0.0,0.0,0.0,0.0
2023-10-03,NVDA,0.0,0.0,0.0,0.0,0.0,0.0,0.0,0.0,0.0,0.0,0.0,0.0,0.0,0.0
2023-10-04,NVDA,0.0,0.0,0.0,0.0,0.0,0.0,0.0,0.0,0.0,0.0,0.0,0.0,0.0,0.0
2023-10-05,NVDA,0.0,0.0,0.0,0.0,0.0,0.0,0.0,0.0,0.0,0.0,0.0,0.0,0.0,0.0
2023-10-06,NVDA,0.0,0.0,0.0,0.0,0.0,0.0,0.0,0.0,0.0,0.0,0.0,0.0,0.0,0.0
2023-10-09,NVDA,0.0,0.0,0.0,0.0,0.0,0.0,0.0,0.0,0.0,0.0,0.0,0.0,0.0,0.0
2023-10-10,NVDA,0.0,0.0,0.0,0.0,0.0,0.0,0.0,0.0,0.0,0.0,0.0,0.0,0.0,0.0
2023-10-11,NVDA,0.0,0.0,0.0,0.0,0.0,0.0,0.0,0.0,0.0,0.0,0.0,0.0,0.0,0.0
2023-10-12,NVDA,0.0,0.0,0.0,0.0,0.0,0.0,0.0,0.0,0.0,0.0,0.0,0.0,0.0,0.0
2023-10-13,NVDA,0.0,0.0,0.0,0.0,0.0,0.0,0.0,0.0,0.0,0.0,0.0,0.0,0.0,0.0
2023-10-16,NVDA,0.0,0.0,0.0,0.0,0.0,0.0,0.0,0.0,0.0,0.0,0.0,0.0,0.0,0.0
2023-10-17,NVDA,0.0,0.0,0.0,0.0,0.0,0.0,0.0,0.0,0.0,0.0,0.0,0.0,0.0,0.0
2023-10-18,NVDA,0.0,0.0,0.0,0.0,0.0,0.0,0.0,0.0,0.0,0.0,0.0,0.0,0.0,0.0
2023-10-19,NVDA,0.0,0.0,0.0,0.0,0.0,0.0,0.0,0.0,0.0,0.0,0.0,0.0,0.0,0.0
2023-10-20,NVDA,0.0,0.0,0.0,0.0,0.0,0.0,0.0,0.0,0.0,0.0,0.0,0.0,0.0,0.0
2023-10-23,NVDA,0.0,0.0,0.0,0.0,0.0,0.0,0.0,0.0,0.0,0.0,0.0,0.0,0.0,0.0
2023-10-24,NVDA,0.0,0.0,0.0,0.0,0.0,0.0,0.0,0.0,0.0,0.0,0.0,0.0,0.0,0.0
2023-10-25,NVDA,0.0,0.0,0.0,0.0,0.0,0.0,0.0,0.0,0.0,0.0,0.0,0.0,0.0,0.0
2023-10-26,NVDA,0.0,0.0,0.0,0.0,0.0,0.0,0.0,0.0,0.0,0.0,0.0,0.0,0.0,0.0
2023-10-27,NVDA,0.0,0.0,0.0,0.0,0.0,0.0,0.0,0.0,0.0,0.0,0.0,0.0,0.0,0.0
2023-10-30,NVDA,0.0,0.0,0.0,0.0,0.0,0.0,0.0,0.0,0.0,0.0,0.0,0.0,0.0,0.0
2023-10-31,NVDA,0.0,0.0,0.0,0.0,0.0,0.0,0.0,0.0,0.0,0.0,0.0,0.0,0.0,0.0
2023-11-01,NVDA,0.0,0.0,0.0,0.0,0.0,0.0,0.0,0.0,0.0,0.0,0.0,0.0,0.0,0.0
2023-11-02,NVDA,0.0,0.0,0.0,0.0,0.0,0.0,0.0,0.0,0.0,0.0,0.0,0.0,0.0,0.0
2023-11-03,NVDA,0.0,0.0,0.0,0.0,0.0,0.0,0.0,0.0,0.0,0.0,0.0,0.0,0.0,0.0
2023-11-06,NVDA,0.0,0.0,0.0,0.0,0.0,0.0,0.0,0.0,0.0,0.0,0.0,0.0,0.0,0.0
2023-11-07,NVDA,0.0,0.0,0.0,0.0,0.0,0.0,0.0,0.0,0.0,0.0,0.0,0.0,0.0,0.0
2023-11-08,NVDA,0.0,0.0,0.0,0.0,0.0,0.0,0.0,0.0,0.0,0.0,0.0,0.0,0.0,0.0
2023-11-09,NVDA,0.0,0.0,0.0,0.0,0.0,0.0,0.0,0.0,0.0,0.0,0.0,0.0,0.0,0.0
2023-11-10,NVDA,0.0,0.0,0.0,0.0,0.0,0.0,0.0,0.0,0.0,0.0,0.0,0.0,0.0,0.0
2023-11-13,NVDA,0.0,0.0,0.0,0.0,0.0,0.0,0.0,0.0,0.0,0.0,0.0,0.0,0.0,0.0
2023-11-14,NVDA,0.0,0.0,0.0,0.0,0.0,0.0,0.0,0.0,0.0,0.0,0.0,0.0,0.0,0.0
2023-11-15,NVDA,0.0,0.0,0.0,0.0,0.0,0.0,0.0,0.0,0.0,0.0,0.0,0.0,0.0,0.0
2023-11-16,NVDA,0.0,0.0,0.0,0.0,0.0,0.0,0.0,0.0,0.0,0.0,0.0,0.0,0.0,0.0
2023-11-17,NVDA,0.0,0.0,0.0,0.0,0.0,0.0,0.0,0.0,0.0,0.0,0.0,0.0,0.0,0.0
2023-11-20,NVDA,0.0,0.0,0.0,0.0,0.0,0.0,0.0,0.0,0.0,0.0,0.0,0.0,0.0,0.0
2023-11-21,NVDA,0.0,0.0,0.0,0.0,0.0,0.0,0.0,0.0,0.0,0.0,0.0,0.0,0.0,0.0
2023-11-22,NVDA,0.0,0.0,0.0,0.0,0.0,0.0,0.0,0.0,0.0,0.0,0.0,0.0,0.0,0.0
2023-11-24,NVDA,0.0,0.0,0.0,0.0,0.0,0.0,0.0,0.0,0.0,0.0,0.0,0.0,0.0,0.0
2023-11-27,NVDA,0.0,0.0,0.0,0.0,0.0,0.0,0.0,0.0,0.0,0.0,0.0,0.0,0.0,0.0
2023-11-28,NVDA,0.0,0.0,0.0,0.0,0.0,0.0,0.0,0.0,0.0,0.0,0.0,0.0,0.0,0.0
2023-11-29,NVDA,0.0,0.0,0.0,0.0,0.0,0.0,0.0,0.0,0.0,0.0,0.0,0.0,0.0,0.0
2023-11-30,NVDA,0.0,0.0,0.0,0.0,0.0,0.0,0.0,0.0,0.0,0.0,0.0,0.0,0.0,0.0
2023-12-01,NVDA,0.0,0.0,0.0,0.0,0.0,0.0,0.0,0.0,0.0,0.0,0.0,0.0,0.0,0.0
2023-12-04,NVDA,0.0,0.0,0.0,0.0,0.0,0.0,0.0,0.0,0.0,0.0,0.0,0.0,0.0,0.0
2023-12-05,NVDA,0.0,0.0,0.0,0.0,0.0,0.0,0.0,0.0,0.0,0.0,0.0,0.0,0.0,0.0
2023-12-06,NVDA,0.0,0.0,0.0,0.0,0.0,0.0,0.0,0.0,0.0,0.0,0.0,0.0,0.0,0.0
2023-12-07,NVDA,0.0,0.0,0.0,0.0,0.0,0.0,0.0,0.0,0.0,0.0,0.0,0.0,0.0,0.0
2023-12-08,NVDA,0.0,0.0,0.0,0.0,0.0,0.0,0.0,0.0,0.0,0.0,0.0,0.0,0.0,0.0
2023-12-11,NVDA,0.0,0.0,0.0,0.0,0.0,0.0,0.0,0.0,0.0,0.0,0.0,0.0,0.0,0.0
2023-12-12,NVDA,0.0,0.0,0.0,0.0,0.0,0.0,0.0,0.0,0.0,0.0,0.0,0.0,0.0,0.0
2023-12-13,NVDA,0.0,0.0,0.0,0.0,0.0,0.0,0.0,0.0,0.0,0.0,0.0,0.0,0.0,0.0
2023-12-14,NVDA,0.0,0.0,0.0,0.0,0.0,0.0,0.0,0.0,0.0,0.0,0.0,0.0,0.0,0.0
2023-12-15,NVDA,0.0,0.0,0.0,0.0,0.0,0.0,0.0,0.0,0.0,0.0,0.0,0.0,0.0,0.0
2023-12-18,NVDA,0.0,0.0,0.0,0.0,0.0,0.0,0.0,0.0,0.0,0.0,0.0,0.0,0.0,0.0
2023-12-19,NVDA,0.0,0.0,0.0,0.0,0.0,0.0,0.0,0.0,0.0,0.0,0.0,0.0,0.0,0.0
2023-12-20,NVDA,0.0,0.0,0.0,0.0,0.0,0.0,0.0,0.0,0.0,0.0,0.0,0.0,0.0,0.0
2023-12-21,NVDA,0.0,0.0,0.0,0.0,0.0,0.0,0.0,0.0,0.0,0.0,0.0,0.0,0.0,0.0
2023-12-22,NVDA,0.0,0.0,0.0,0.0,0.0,0.0,0.0,0.0,0.0,0.0,0.0,0.0,0.0,0.0
2023-12-26,NVDA,0.0,0.0,0.0,0.0,0.0,0.0,0.0,0.0,0.0,0.0,0.0,0.0,0.0,0.0
2023-12-27,NVDA,0.0,0.0,0.0,0.0,0.0,0.0,0.0,0.0,0.0,0.0,0.0,0.0,0.0,0.0
2023-12-28,NVDA,0.0,0.0,0.0,0.0,0.0,0.0,0.0,0.0,0.0,0.0,0.0,0.0,0.0,0.0
2023-12-29,NVDA,0.0,0.0,0.0,0.0,0.0,0.0,0.0,0.0,0.0,0.0,0.0,0.0,0.0,0.0
2024-01-02,NVDA,0.0,0.0,0.0,0.0,0.0,0.0,0.0,0.0,0.0,0.0,0.0,0.0,0.0,0.0
2024-01-03,NVDA,0.0,0.0,0.0,0.0,0.0,0.0,0.0,0.0,0.0,0.0,0.0,0.0,0.0,0.0
2024-01-04,NVDA,0.0,0.0,0.0,0.0,0.0,0.0,0.0,0.0,0.0,0.0,0.0,0.0,0.0,0.0
2024-01-05,NVDA,0.0,0.0,0.0,0.0,0.0,0.0,0.0,0.0,0.0,0.0,0.0,0.0,0.0,0.0
2024-01-08,NVDA,0.0,0.0,0.0,0.0,0.0,0.0,0.0,0.0,0.0,0.0,0.0,0.0,0.0,0.0
2024-01-09,NVDA,0.0,0.0,0.0,0.0,0.0,0.0,0.0,0.0,0.0,0.0,0.0,0.0,0.0,0.0
2024-01-10,NVDA,0.0,0.0,0.0,0.0,0.0,0.0,0.0,0.0,0.0,0.0,0.0,0.0,0.0,0.0
2024-01-11,NVDA,0.0,0.0,0.0,0.0,0.0,0.0,0.0,0.0,0.0,0.0,0.0,0.0,0.0,0.0
2024-01-12,NVDA,0.0,0.0,0.0,0.0,0.0,0.0,0.0,0.0,0.0,0.0,0.0,0.0,0.0,0.0
2024-01-16,NVDA,0.0,0.0,0.0,0.0,0.0,0.0,0.0,0.0,0.0,0.0,0.0,0.0,0.0,0.0
2024-01-17,NVDA,0.0,0.0,0.0,0.0,0.0,0.0,0.0,0.0,0.0,0.0,0.0,0.0,0.0,0.0
2024-01-18,NVDA,0.0,0.0,0.0,0.0,0.0,0.0,0.0,0.0,0.0,0.0,0.0,0.0,0.0,0.0
2024-01-19,NVDA,0.0,0.0,0.0,0.0,0.0,0.0,0.0,0.0,0.0,0.0,0.0,0.0,0.0,0.0
2024-01-22,NVDA,0.0,0.0,0.0,0.0,0.0,0.0,0.0,0.0,0.0,0.0,0.0,0.0,0.0,0.0
2024-01-23,NVDA,0.0,0.0,0.0,0.0,0.0,0.0,0.0,0.0,0.0,0.0,0.0,0.0,0.0,0.0
2024-01-24,NVDA,0.0,0.0,0.0,0.0,0.0,0.0,0.0,0.0,0.0,0.0,0.0,0.0,0.0,0.0
2024-01-25,NVDA,0.0,0.0,0.0,0.0,0.0,0.0,0.0,0.0,0.0,0.0,0.0,0.0,0.0,0.0
2024-01-26,NVDA,0.0,0.0,0.0,0.0,0.0,0.0,0.0,0.0,0.0,0.0,0.0,0.0,0.0,0.0
2024-01-29,NVDA,0.0,0.0,0.0,0.0,0.0,0.0,0.0,0.0,0.0,0.0,0.0,0.0,0.0,0.0
2024-01-30,NVDA,0.0,0.0,0.0,0.0,0.0,0.0,0.0,0.0,0.0,0.0,0.0,0.0,0.0,0.0
2024-01-31,NVDA,0.0,0.0,0.0,0.0,0.0,0.0,0.0,0.0,0.0,0.0,0.0,0.0,0.0,0.0
2024-02-01,NVDA,0.0,0.0,0.0,0.0,0.0,0.0,0.0,0.0,0.0,0.0,0.0,0.0,0.0,0.0
2024-02-02,NVDA,0.0,0.0,0.0,0.0,0.0,0.0,0.0,0.0,0.0,0.0,0.0,0.0,0.0,0.0
2024-02-05,NVDA,0.0,0.0,0.0,0.0,0.0,0.0,0.0,0.0,0.0,0.0,0.0,0.0,0.0,0.0
2024-02-06,NVDA,0.0,0.0,0.0,0.0,0.0,0.0,0.0,0.0,0.0,0.0,0.0,0.0,0.0,0.0
2024-02-07,NVDA,0.0,0.0,0.0,0.0,0.0,0.0,0.0,0.0,0.0,0.0,0.0,0.0,0.0,0.0
2024-02-08,NVDA,0.0,0.0,0.0,0.0,0.0,0.0,0.0,0.0,0.0,0.0,0.0,0.0,0.0,0.0
2024-02-09,NVDA,0.0,0.0,0.0,0.0,0.0,0.0,0.0,0.0,0.0,0.0,0.0,0.0,0.0,0.0
2024-02-12,NVDA,0.0,0.0,0.0,0.0,0.0,0.0,0.0,0.0,0.0,0.0,0.0,0.0,0.0,0.0
2024-02-13,NVDA,0.0,0.0,0.0,0.0,0.0,0.0,0.0,0.0,0.0,0.0,0.0,0.0,0.0,0.0
2024-02-14,NVDA,0.0,0.0,0.0,0.0,0.0,0.0,0.0,0.0,0.0,0.0,0.0,0.0,0.0,0.0
2024-02-15,NVDA,0.0,0.0,0.0,0.0,0.0,0.0,0.0,0.0,0.0,0.0,0.0,0.0,0.0,0.0
2024-02-16,NVDA,0.0,0.0,0.0,0.0,0.0,0.0,0.0,0.0,0.0,0.0,0.0,0.0,0.0,0.0
2024-02-20,NVDA,0.0,0.0,0.0,0.0,0.0,0.0,0.0,0.0,0.0,0.0,0.0,0.0,0.0,0.0
2024-02-21,NVDA,0.0,0.0,0.0,0.0,0.0,0.0,0.0,0.0,0.0,0.0,0.0,0.0,0.0,0.0
2024-02-22,NVDA,0.0,0.0,0.0,0.0,0.0,0.0,0.0,0.0,0.0,0.0,0.0,0.0,0.0,0.0
2024-02-23,NVDA,0.0,0.0,0.0,0.0,0.0,0.0,0.0,0.0,0.0,0.0,0.0,0.0,0.0,0.0
2024-02-26,NVDA,0.0,0.0,0.0,0.0,0.0,0.0,0.0,0.0,0.0,0.0,0.0,0.0,0.0,0.0
2024-02-27,NVDA,0.0,0.0,0.0,0.0,0.0,0.0,0.0,0.0,0.0,0.0,0.0,0.0,0.0,0.0
2024-02-28,NVDA,0.0,0.0,0.0,0.0,0.0,0.0,0.0,0.0,0.0,0.0,0.0,0.0,0.0,0.0
2024-02-29,NVDA,0.0,0.0,0.0,0.0,0.0,0.0,0.0,0.0,0.0,0.0,0.0,0.0,0.0,0.0
2024-03-01,NVDA,0.0,0.0,0.0,0.0,0.0,0.0,0.0,0.0,0.0,0.0,0.0,0.0,0.0,0.0
2024-03-04,NVDA,0.0,0.0,0.0,0.0,0.0,0.0,0.0,0.0,0.0,0.0,0.0,0.0,0.0,0.0
2024-03-05,NVDA,0.0,0.0,0.0,0.0,0.0,0.0,0.0,0.0,0.0,0.0,0.0,0.0,0.0,0.0
2024-03-06,NVDA,0.0,0.0,0.0,0.0,0.0,0.0,0.0,0.0,0.0,0.0,0.0,0.0,0.0,0.0
2024-03-07,NVDA,0.0,0.0,0.0,0.0,0.0,0.0,0.0,0.0,0.0,0.0,0.0,0.0,0.0,0.0
2024-03-08,NVDA,0.0,0.0,0.0,0.0,0.0,0.0,0.0,0.0,0.0,0.0,0.0,0.0,0.0,0.0
2024-03-11,NVDA,0.0,0.0,0.0,0.0,0.0,0.0,0.0,0.0,0.0,0.0,0.0,0.0,0.0,0.0
2024-03-12,NVDA,0.0,0.0,0.0,0.0,0.0,0.0,0.0,0.0,0.0,0.0,0.0,0.0,0.0,0.0
2024-03-13,NVDA,0.0,0.0,0.0,0.0,0.0,0.0,0.0,0.0,0.0,0.0,0.0,0.0,0.0,0.0
2024-03-14,NVDA,0.0,0.0,0.0,0.0,0.0,0.0,0.0,0.0,0.0,0.0,0.0,0.0,0.0,0.0
2024-03-15,NVDA,0.0,0.0,0.0,0.0,0.0,0.0,0.0,0.0,0.0,0.0,0.0,0.0,0.0,0.0
2024-03-18,NVDA,0.0,0.0,0.0,0.0,0.0,0.0,0.0,0.0,0.0,0.0,0.0,0.0,0.0,0.0
2024-03-19,NVDA,0.0,0.0,0.0,0.0,0.0,0.0,0.0,0.0,0.0,0.0,0.0,0.0,0.0,0.0
2024-03-20,NVDA,0.0,0.0,0.0,0.0,0.0,0.0,0.0,0.0,0.0,0.0,0.0,0.0,0.0,0.0
2024-03-21,NVDA,0.0,0.0,0.0,0.0,0.0,0.0,0.0,0.0,0.0,0.0,0.0,0.0,0.0,0.0
2024-03-22,NVDA,0.0,0.0,0.0,0.0,0.0,0.0,0.0,0.0,0.0,0.0,0.0,0.0,0.0,0.0
2024-03-25,NVDA,0.0,0.0,0.0,0.0,0.0,0.0,0.0,0.0,0.0,0.0,0.0,0.0,0.0,0.0
2024-03-26,NVDA,0.0,0.0,0.0,0.0,0.0,0.0,0.0,0.0,0.0,0.0,0.0,0.0,0.0,0.0
2024-03-27,NVDA,0.0,0.0,0.0,0.0,0.0,0.0,0.0,0.0,0.0,0.0,0.0,0.0,0.0,0.0
2024-03-28,NVDA,0.0,0.0,0.0,0.0,0.0,0.0,0.0,0.0,0.0,0.0,0.0,0.0,0.0,0.0
2024-04-01,NVDA,0.0,0.0,0.0,0.0,0.0,0.0,0.0,0.0,0.0,0.0,0.0,0.0,0.0,0.0
2024-04-02,NVDA,0.0,0.0,0.0,0.0,0.0,0.0,0.0,0.0,0.0,0.0,0.0,0.0,0.0,0.0
2024-04-03,NVDA,0.0,0.0,0.0,0.0,0.0,0.0,0.0,0.0,0.0,0.0,0.0,0.0,0.0,0.0
2024-04-04,NVDA,0.0,0.0,0.0,0.0,0.0,0.0,0.0,0.0,0.0,0.0,0.0,0.0,0.0,0.0
2024-04-05,NVDA,0.0,0.0,0.0,0.0,0.0,0.0,0.0,0.0,0.0,0.0,0.0,0.0,0.0,0.0
2024-04-08,NVDA,0.0,0.0,0.0,0.0,0.0,0.0,0.0,0.0,0.0,0.0,0.0,0.0,0.0,0.0
2024-04-09,NVDA,0.0,0.0,0.0,0.0,0.0,0.0,0.0,0.0,0.0,0.0,0.0,0.0,0.0,0.0
2024-04-10,NVDA,0.0,0.0,0.0,0.0,0.0,0.0,0.0,0.0,0.0,0.0,0.0,0.0,0.0,0.0
2024-04-11,NVDA,0.0,0.0,0.0,0.0,0.0,0.0,0.0,0.0,0.0,0.0,0.0,0.0,0.0,0.0
2024-04-12,NVDA,0.0,0.0,0.0,0.0,0.0,0.0,0.0,0.0,0.0,0.0,0.0,0.0,0.0,0.0
2024-04-15,NVDA,0.0,0.0,0.0,0.0,0.0,0.0,0.0,0.0,0.0,0.0,0.0,0.0,0.0,0.0
2024-04-16,NVDA,0.0,0.0,0.0,0.0,0.0,0.0,0.0,0.0,0.0,0.0,0.0,0.0,0.0,0.0
2024-04-17,NVDA,0.0,0.0,0.0,0.0,0.0,0.0,0.0,0.0,0.0,0.0,0.0,0.0,0.0,0.0
2024-04-18,NVDA,0.0,0.0,0.0,0.0,0.0,0.0,0.0,0.0,0.0,0.0,0.0,0.0,0.0,0.0
2024-04-19,NVDA,0.0,0.0,0.0,0.0,0.0,0.0,0.0,0.0,0.0,0.0,0.0,0.0,0.0,0.0
2024-04-22,NVDA,0.0,0.0,0.0,0.0,0.0,0.0,0.0,0.0,0.0,0.0,0.0,0.0,0.0,0.0
2024-04-23,NVDA,0.0,0.0,0.0,0.0,0.0,0.0,0.0,0.0,0.0,0.0,0.0,0.0,0.0,0.0
2024-04-24,NVDA,0.0,0.0,0.0,0.0,0.0,0.0,0.0,0.0,0.0,0.0,0.0,0.0,0.0,0.0
2024-04-25,NVDA,0.0,0.0,0.0,0.0,0.0,0.0,0.0,0.0,0.0,0.0,0.0,0.0,0.0,0.0
2024-04-26,NVDA,0.0,0.0,0.0,0.0,0.0,0.0,0.0,0.0,0.0,0.0,0.0,0.0,0.0,0.0
2024-04-29,NVDA,0.0,0.0,0.0,0.0,0.0,0.0,0.0,0.0,0.0,0.0,0.0,0.0,0.0,0.0
2024-04-30,NVDA,0.0,0.0,0.0,0.0,0.0,0.0,0.0,0.0,0.0,0.0,0.0,0.0,0.0,0.0
2024-05-01,NVDA,0.0,0.0,0.0,0.0,0.0,0.0,0.0,0.0,0.0,0.0,0.0,0.0,0.0,0.0
2024-05-02,NVDA,0.0,0.0,0.0,0.0,0.0,0.0,0.0,0.0,0.0,0.0,0.0,0.0,0.0,0.0
2024-05-03,NVDA,0.0,0.0,0.0,0.0,0.0,0.0,0.0,0.0,0.0,0.0,0.0,0.0,0.0,0.0
2024-05-06,NVDA,0.0,0.0,0.0,0.0,0.0,0.0,0.0,0.0,0.0,0.0,0.0,0.0,0.0,0.0
2024-05-07,NVDA,0.0,0.0,0.0,0.0,0.0,0.0,0.0,0.0,0.0,0.0,0.0,0.0,0.0,0.0
2024-05-08,NVDA,0.0,0.0,0.0,0.0,0.0,0.0,0.0,0.0,0.0,0.0,0.0,0.0,0.0,0.0
2024-05-09,NVDA,0.0,0.0,0.0,0.0,0.0,0.0,0.0,0.0,0.0,0.0,0.0,0.0,0.0,0.0
2024-05-10,NVDA,0.0,0.0,0.0,0.0,0.0,0.0,0.0,0.0,0.0,0.0,0.0,0.0,0.0,0.0
2024-05-13,NVDA,0.0,0.0,0.0,0.0,0.0,0.0,0.0,0.0,0.0,0.0,0.0,0.0,0.0,0.0
2024-05-14,NVDA,0.0,0.0,0.0,0.0,0.0,0.0,0.0,0.0,0.0,0.0,0.0,0.0,0.0,0.0
2024-05-15,NVDA,0.0,0.0,0.0,0.0,0.0,0.0,0.0,0.0,0.0,0.0,0.0,0.0,0.0,0.0
2024-05-16,NVDA,0.0,0.0,0.0,0.0,0.0,0.0,0.0,0.0,0.0,0.0,0.0,0.0,0.0,0.0
2024-05-17,NVDA,0.0,0.0,0.0,0.0,0.0,0.0,0.0,0.0,0.0,0.0,0.0,0.0,0.0,0.0
2024-05-20,NVDA,0.0,0.0,0.0,0.0,0.0,0.0,0.0,0.0,0.0,0.0,0.0,0.0,0.0,0.0
2024-05-21,NVDA,0.0,0.0,0.0,0.0,0.0,0.0,0.0,0.0,0.0,0.0,0.0,0.0,0.0,0.0
2024-05-22,NVDA,0.0,0.0,0.0,0.0,0.0,0.0,0.0,0.0,0.0,0.0,0.0,0.0,0.0,0.0
2024-05-23,NVDA,0.0,0.0,0.0,0.0,0.0,0.0,0.0,0.0,0.0,0.0,0.0,0.0,0.0,0.0
2024-05-24,NVDA,0.0,0.0,0.0,0.0,0.0,0.0,0.0,0.0,0.0,0.0,0.0,0.0,0.0,0.0
2024-05-28,NVDA,0.0,0.0,0.0,0.0,0.0,0.0,0.0,0.0,0.0,0.0,0.0,0.0,0.0,0.0
2024-05-29,NVDA,0.0,0.0,0.0,0.0,0.0,0.0,0.0,0.0,0.0,0.0,0.0,0.0,0.0,0.0
2024-05-30,NVDA,0.0,0.0,0.0,0.0,0.0,0.0,0.0,0.0,0.0,0.0,0.0,0.0,0.0,0.0
2024-05-31,NVDA,0.0,0.0,0.0,0.0,0.0,0.0,0.0,0.0,0.0,0.0,0.0,0.0,0.0,0.0
2024-06-03,NVDA,0.0,0.0,0.0,0.0,0.0,0.0,0.0,0.0,0.0,0.0,0.0,0.0,0.0,0.0
2024-06-04,NVDA,0.0818749871104955,1.0,0.0,0.0,1.0,0.8671931028366089,0.1073409169912338,0.0254659298807382,0.8671931028366089,0.027291662370165167,1.0,0.0,0.0,1.0
2024-06-05,NVDA,0.0,0.0,0.0,0.0,0.0,0.0,0.0,0.0,0.0,0.027291662370165167,1.0,0.0,0.0,1.0
2024-06-06,NVDA,0.0,0.0,0.0,0.0,0.0,0.0,0.0,0.0,0.0,0.027291662370165167,1.0,0.0,0.0,1.0
2024-06-07,NVDA,0.0,0.0,0.0,0.0,0.0,0.0,0.0,0.0,0.0,0.0,0.0,0.0,0.0,0.0
2024-06-10,NVDA,0.0,0.0,0.0,0.0,0.0,0.0,0.0,0.0,0.0,0.0,0.0,0.0,0.0,0.0
2024-06-11,NVDA,0.0,0.0,0.0,0.0,0.0,0.0,0.0,0.0,0.0,0.0,0.0,0.0,0.0,0.0
2024-06-12,NVDA,0.0,0.0,0.0,0.0,0.0,0.0,0.0,0.0,0.0,0.0,0.0,0.0,0.0,0.0
2024-06-13,NVDA,0.0,0.0,0.0,0.0,0.0,0.0,0.0,0.0,0.0,0.0,0.0,0.0,0.0,0.0
2024-06-14,NVDA,0.0,0.0,0.0,0.0,0.0,0.0,0.0,0.0,0.0,0.0,0.0,0.0,0.0,0.0
2024-06-17,NVDA,0.0,0.0,0.0,0.0,0.0,0.0,0.0,0.0,0.0,0.0,0.0,0.0,0.0,0.0
2024-06-18,NVDA,0.0,0.0,0.0,0.0,0.0,0.0,0.0,0.0,0.0,0.0,0.0,0.0,0.0,0.0
2024-06-20,NVDA,0.0,0.0,0.0,0.0,0.0,0.0,0.0,0.0,0.0,0.0,0.0,0.0,0.0,0.0
2024-06-21,NVDA,0.0,0.0,0.0,0.0,0.0,0.0,0.0,0.0,0.0,0.0,0.0,0.0,0.0,0.0
2024-06-24,NVDA,0.0,0.0,0.0,0.0,0.0,0.0,0.0,0.0,0.0,0.0,0.0,0.0,0.0,0.0
2024-06-25,NVDA,0.0,0.0,0.0,0.0,0.0,0.0,0.0,0.0,0.0,0.0,0.0,0.0,0.0,0.0
2024-06-26,NVDA,0.0,0.0,0.0,0.0,0.0,0.0,0.0,0.0,0.0,0.0,0.0,0.0,0.0,0.0
2024-06-27,NVDA,0.0,0.0,0.0,0.0,0.0,0.0,0.0,0.0,0.0,0.0,0.0,0.0,0.0,0.0
2024-06-28,NVDA,0.0,0.0,0.0,0.0,0.0,0.0,0.0,0.0,0.0,0.0,0.0,0.0,0.0,0.0
2024-07-01,NVDA,0.0,0.0,0.0,0.0,0.0,0.0,0.0,0.0,0.0,0.0,0.0,0.0,0.0,0.0
2024-07-02,NVDA,0.0,0.0,0.0,0.0,0.0,0.0,0.0,0.0,0.0,0.0,0.0,0.0,0.0,0.0
2024-07-03,NVDA,0.0,0.0,0.0,0.0,0.0,0.0,0.0,0.0,0.0,0.0,0.0,0.0,0.0,0.0
2024-07-05,NVDA,0.0,0.0,0.0,0.0,0.0,0.0,0.0,0.0,0.0,0.0,0.0,0.0,0.0,0.0
2024-07-08,NVDA,0.0,0.0,0.0,0.0,0.0,0.0,0.0,0.0,0.0,0.0,0.0,0.0,0.0,0.0
2024-07-09,NVDA,0.0,0.0,0.0,0.0,0.0,0.0,0.0,0.0,0.0,0.0,0.0,0.0,0.0,0.0
2024-07-10,NVDA,0.0,0.0,0.0,0.0,0.0,0.0,0.0,0.0,0.0,0.0,0.0,0.0,0.0,0.0
2024-07-11,NVDA,0.0,0.0,0.0,0.0,0.0,0.0,0.0,0.0,0.0,0.0,0.0,0.0,0.0,0.0
2024-07-12,NVDA,0.0,0.0,0.0,0.0,0.0,0.0,0.0,0.0,0.0,0.0,0.0,0.0,0.0,0.0
2024-07-15,NVDA,0.0,0.0,0.0,0.0,0.0,0.0,0.0,0.0,0.0,0.0,0.0,0.0,0.0,0.0
2024-07-16,NVDA,0.0,0.0,0.0,0.0,0.0,0.0,0.0,0.0,0.0,0.0,0.0,0.0,0.0,0.0
2024-07-17,NVDA,0.0,0.0,0.0,0.0,0.0,0.0,0.0,0.0,0.0,0.0,0.0,0.0,0.0,0.0
2024-07-18,NVDA,0.0,0.0,0.0,0.0,0.0,0.0,0.0,0.0,0.0,0.0,0.0,0.0,0.0,0.0
2024-07-19,NVDA,0.0,0.0,0.0,0.0,0.0,0.0,0.0,0.0,0.0,0.0,0.0,0.0,0.0,0.0
2024-07-22,NVDA,0.0,0.0,0.0,0.0,0.0,0.0,0.0,0.0,0.0,0.0,0.0,0.0,0.0,0.0
2024-07-23,NVDA,0.0,0.0,0.0,0.0,0.0,0.0,0.0,0.0,0.0,0.0,0.0,0.0,0.0,0.0
2024-07-24,NVDA,0.0,0.0,0.0,0.0,0.0,0.0,0.0,0.0,0.0,0.0,0.0,0.0,0.0,0.0
2024-07-25,NVDA,0.0,0.0,0.0,0.0,0.0,0.0,0.0,0.0,0.0,0.0,0.0,0.0,0.0,0.0
2024-07-26,NVDA,0.0,0.0,0.0,0.0,0.0,0.0,0.0,0.0,0.0,0.0,0.0,0.0,0.0,0.0
2024-07-29,NVDA,0.0,0.0,0.0,0.0,0.0,0.0,0.0,0.0,0.0,0.0,0.0,0.0,0.0,0.0
2024-07-30,NVDA,0.0,0.0,0.0,0.0,0.0,0.0,0.0,0.0,0.0,0.0,0.0,0.0,0.0,0.0
2024-07-31,NVDA,0.0,0.0,0.0,0.0,0.0,0.0,0.0,0.0,0.0,0.0,0.0,0.0,0.0,0.0
2024-08-01,NVDA,0.0,0.0,0.0,0.0,0.0,0.0,0.0,0.0,0.0,0.0,0.0,0.0,0.0,0.0
2024-08-02,NVDA,0.0,0.0,0.0,0.0,0.0,0.0,0.0,0.0,0.0,0.0,0.0,0.0,0.0,0.0
2024-08-05,NVDA,0.0,0.0,0.0,0.0,0.0,0.0,0.0,0.0,0.0,0.0,0.0,0.0,0.0,0.0
2024-08-06,NVDA,0.0,0.0,0.0,0.0,0.0,0.0,0.0,0.0,0.0,0.0,0.0,0.0,0.0,0.0
2024-08-07,NVDA,0.0,0.0,0.0,0.0,0.0,0.0,0.0,0.0,0.0,0.0,0.0,0.0,0.0,0.0
2024-08-08,NVDA,0.0,0.0,0.0,0.0,0.0,0.0,0.0,0.0,0.0,0.0,0.0,0.0,0.0,0.0
2024-08-09,NVDA,0.0,0.0,0.0,0.0,0.0,0.0,0.0,0.0,0.0,0.0,0.0,0.0,0.0,0.0
2024-08-12,NVDA,0.0,0.0,0.0,0.0,0.0,0.0,0.0,0.0,0.0,0.0,0.0,0.0,0.0,0.0
2024-08-13,NVDA,0.0,0.0,0.0,0.0,0.0,0.0,0.0,0.0,0.0,0.0,0.0,0.0,0.0,0.0
2024-08-14,NVDA,0.0,0.0,0.0,0.0,0.0,0.0,0.0,0.0,0.0,0.0,0.0,0.0,0.0,0.0
2024-08-15,NVDA,0.0,0.0,0.0,0.0,0.0,0.0,0.0,0.0,0.0,0.0,0.0,0.0,0.0,0.0
2024-08-16,NVDA,0.0,0.0,0.0,0.0,0.0,0.0,0.0,0.0,0.0,0.0,0.0,0.0,0.0,0.0
2024-08-19,NVDA,0.0,0.0,0.0,0.0,0.0,0.0,0.0,0.0,0.0,0.0,0.0,0.0,0.0,0.0
2024-08-20,NVDA,0.0,0.0,0.0,0.0,0.0,0.0,0.0,0.0,0.0,0.0,0.0,0.0,0.0,0.0
2024-08-21,NVDA,0.0,0.0,0.0,0.0,0.0,0.0,0.0,0.0,0.0,0.0,0.0,0.0,0.0,0.0
2024-08-22,NVDA,0.0,0.0,0.0,0.0,0.0,0.0,0.0,0.0,0.0,0.0,0.0,0.0,0.0,0.0
2024-08-23,NVDA,0.0,0.0,0.0,0.0,0.0,0.0,0.0,0.0,0.0,0.0,0.0,0.0,0.0,0.0
2024-08-26,NVDA,0.0,0.0,0.0,0.0,0.0,0.0,0.0,0.0,0.0,0.0,0.0,0.0,0.0,0.0
2024-08-27,NVDA,0.0,0.0,0.0,0.0,0.0,0.0,0.0,0.0,0.0,0.0,0.0,0.0,0.0,0.0
2024-08-28,NVDA,0.0,0.0,0.0,0.0,0.0,0.0,0.0,0.0,0.0,0.0,0.0,0.0,0.0,0.0
2024-08-29,NVDA,0.0,0.0,0.0,0.0,0.0,0.0,0.0,0.0,0.0,0.0,0.0,0.0,0.0,0.0
2024-08-30,NVDA,0.0,0.0,0.0,0.0,0.0,0.0,0.0,0.0,0.0,0.0,0.0,0.0,0.0,0.0
2024-09-03,NVDA,0.0,0.0,0.0,0.0,0.0,0.0,0.0,0.0,0.0,0.0,0.0,0.0,0.0,0.0
2024-09-04,NVDA,0.0,0.0,0.0,0.0,0.0,0.0,0.0,0.0,0.0,0.0,0.0,0.0,0.0,0.0
2024-09-05,NVDA,0.0,0.0,0.0,0.0,0.0,0.0,0.0,0.0,0.0,0.0,0.0,0.0,0.0,0.0
2024-09-06,NVDA,0.0,0.0,0.0,0.0,0.0,0.0,0.0,0.0,0.0,0.0,0.0,0.0,0.0,0.0
2024-09-09,NVDA,0.0,0.0,0.0,0.0,0.0,0.0,0.0,0.0,0.0,0.0,0.0,0.0,0.0,0.0
2024-09-10,NVDA,0.0,0.0,0.0,0.0,0.0,0.0,0.0,0.0,0.0,0.0,0.0,0.0,0.0,0.0
2024-09-11,NVDA,0.0,0.0,0.0,0.0,0.0,0.0,0.0,0.0,0.0,0.0,0.0,0.0,0.0,0.0
2024-09-12,NVDA,0.0,0.0,0.0,0.0,0.0,0.0,0.0,0.0,0.0,0.0,0.0,0.0,0.0,0.0
2024-09-13,NVDA,0.0,0.0,0.0,0.0,0.0,0.0,0.0,0.0,0.0,0.0,0.0,0.0,0.0,0.0
2024-09-16,NVDA,0.0,0.0,0.0,0.0,0.0,0.0,0.0,0.0,0.0,0.0,0.0,0.0,0.0,0.0
2024-09-17,NVDA,0.0,0.0,0.0,0.0,0.0,0.0,0.0,0.0,0.0,0.0,0.0,0.0,0.0,0.0
2024-09-18,NVDA,0.0,0.0,0.0,0.0,0.0,0.0,0.0,0.0,0.0,0.0,0.0,0.0,0.0,0.0
2024-09-19,NVDA,0.0,0.0,0.0,0.0,0.0,0.0,0.0,0.0,0.0,0.0,0.0,0.0,0.0,0.0
2024-09-20,NVDA,0.0,0.0,0.0,0.0,0.0,0.0,0.0,0.0,0.0,0.0,0.0,0.0,0.0,0.0
2024-09-23,NVDA,0.0,0.0,0.0,0.0,0.0,0.0,0.0,0.0,0.0,0.0,0.0,0.0,0.0,0.0
2024-09-24,NVDA,0.0,0.0,0.0,0.0,0.0,0.0,0.0,0.0,0.0,0.0,0.0,0.0,0.0,0.0
2024-09-25,NVDA,0.0,0.0,0.0,0.0,0.0,0.0,0.0,0.0,0.0,0.0,0.0,0.0,0.0,0.0
2024-09-26,NVDA,0.0,0.0,0.0,0.0,0.0,0.0,0.0,0.0,0.0,0.0,0.0,0.0,0.0,0.0
2024-09-27,NVDA,0.0,0.0,0.0,0.0,0.0,0.0,0.0,0.0,0.0,0.0,0.0,0.0,0.0,0.0
2024-09-30,NVDA,0.0,0.0,0.0,0.0,0.0,0.0,0.0,0.0,0.0,0.0,0.0,0.0,0.0,0.0
2024-10-01,NVDA,0.0,0.0,0.0,0.0,0.0,0.0,0.0,0.0,0.0,0.0,0.0,0.0,0.0,0.0
2024-10-02,NVDA,0.0,0.0,0.0,0.0,0.0,0.0,0.0,0.0,0.0,0.0,0.0,0.0,0.0,0.0
2024-10-03,NVDA,0.0,0.0,0.0,0.0,0.0,0.0,0.0,0.0,0.0,0.0,0.0,0.0,0.0,0.0
2024-10-04,NVDA,0.0,0.0,0.0,0.0,0.0,0.0,0.0,0.0,0.0,0.0,0.0,0.0,0.0,0.0
2024-10-07,NVDA,0.0,0.0,0.0,0.0,0.0,0.0,0.0,0.0,0.0,0.0,0.0,0.0,0.0,0.0
2024-10-08,NVDA,0.0,0.0,0.0,0.0,0.0,0.0,0.0,0.0,0.0,0.0,0.0,0.0,0.0,0.0
2024-10-09,NVDA,0.0,0.0,0.0,0.0,0.0,0.0,0.0,0.0,0.0,0.0,0.0,0.0,0.0,0.0
2024-10-10,NVDA,0.0,0.0,0.0,0.0,0.0,0.0,0.0,0.0,0.0,0.0,0.0,0.0,0.0,0.0
2024-10-11,NVDA,0.0,0.0,0.0,0.0,0.0,0.0,0.0,0.0,0.0,0.0,0.0,0.0,0.0,0.0
2024-10-14,NVDA,0.0,0.0,0.0,0.0,0.0,0.0,0.0,0.0,0.0,0.0,0.0,0.0,0.0,0.0
2024-10-15,NVDA,0.0,0.0,0.0,0.0,0.0,0.0,0.0,0.0,0.0,0.0,0.0,0.0,0.0,0.0
2024-10-16,NVDA,0.0,0.0,0.0,0.0,0.0,0.0,0.0,0.0,0.0,0.0,0.0,0.0,0.0,0.0
2024-10-17,NVDA,0.0,0.0,0.0,0.0,0.0,0.0,0.0,0.0,0.0,0.0,0.0,0.0,0.0,0.0
2024-10-18,NVDA,0.0,0.0,0.0,0.0,0.0,0.0,0.0,0.0,0.0,0.0,0.0,0.0,0.0,0.0
2024-10-21,NVDA,0.0,0.0,0.0,0.0,0.0,0.0,0.0,0.0,0.0,0.0,0.0,0.0,0.0,0.0
2024-10-22,NVDA,0.0,0.0,0.0,0.0,0.0,0.0,0.0,0.0,0.0,0.0,0.0,0.0,0.0,0.0
2024-10-23,NVDA,0.0,0.0,0.0,0.0,0.0,0.0,0.0,0.0,0.0,0.0,0.0,0.0,0.0,0.0
2024-10-24,NVDA,0.0,0.0,0.0,0.0,0.0,0.0,0.0,0.0,0.0,0.0,0.0,0.0,0.0,0.0
2024-10-25,NVDA,0.0,0.0,0.0,0.0,0.0,0.0,0.0,0.0,0.0,0.0,0.0,0.0,0.0,0.0
2024-10-28,NVDA,0.0,0.0,0.0,0.0,0.0,0.0,0.0,0.0,0.0,0.0,0.0,0.0,0.0,0.0
2024-10-29,NVDA,0.0,0.0,0.0,0.0,0.0,0.0,0.0,0.0,0.0,0.0,0.0,0.0,0.0,0.0
2024-10-30,NVDA,0.0,0.0,0.0,0.0,0.0,0.0,0.0,0.0,0.0,0.0,0.0,0.0,0.0,0.0
2024-10-31,NVDA,0.0,0.0,0.0,0.0,0.0,0.0,0.0,0.0,0.0,0.0,0.0,0.0,0.0,0.0
2024-11-01,NVDA,0.0,0.0,0.0,0.0,0.0,0.0,0.0,0.0,0.0,0.0,0.0,0.0,0.0,0.0
2024-11-04,NVDA,0.0,0.0,0.0,0.0,0.0,0.0,0.0,0.0,0.0,0.0,0.0,0.0,0.0,0.0
2024-11-05,NVDA,0.0,0.0,0.0,0.0,0.0,0.0,0.0,0.0,0.0,0.0,0.0,0.0,0.0,0.0
2024-11-06,NVDA,0.0,0.0,0.0,0.0,0.0,0.0,0.0,0.0,0.0,0.0,0.0,0.0,0.0,0.0
2024-11-07,NVDA,0.0,0.0,0.0,0.0,0.0,0.0,0.0,0.0,0.0,0.0,0.0,0.0,0.0,0.0
2024-11-08,NVDA,0.0,0.0,0.0,0.0,0.0,0.0,0.0,0.0,0.0,0.0,0.0,0.0,0.0,0.0
2024-11-11,NVDA,0.0,0.0,0.0,0.0,0.0,0.0,0.0,0.0,0.0,0.0,0.0,0.0,0.0,0.0
2024-11-12,NVDA,0.0,0.0,0.0,0.0,0.0,0.0,0.0,0.0,0.0,0.0,0.0,0.0,0.0,0.0
2024-11-13,NVDA,0.0,0.0,0.0,0.0,0.0,0.0,0.0,0.0,0.0,0.0,0.0,0.0,0.0,0.0
2024-11-14,NVDA,0.0,0.0,0.0,0.0,0.0,0.0,0.0,0.0,0.0,0.0,0.0,0.0,0.0,0.0
2024-11-15,NVDA,0.0,0.0,0.0,0.0,0.0,0.0,0.0,0.0,0.0,0.0,0.0,0.0,0.0,0.0
2024-11-18,NVDA,0.0,0.0,0.0,0.0,0.0,0.0,0.0,0.0,0.0,0.0,0.0,0.0,0.0,0.0
2024-11-19,NVDA,0.0,0.0,0.0,0.0,0.0,0.0,0.0,0.0,0.0,0.0,0.0,0.0,0.0,0.0
2024-11-20,NVDA,0.0,0.0,0.0,0.0,0.0,0.0,0.0,0.0,0.0,0.0,0.0,0.0,0.0,0.0
2024-11-21,NVDA,0.0,0.0,0.0,0.0,0.0,0.0,0.0,0.0,0.0,0.0,0.0,0.0,0.0,0.0
2024-11-22,NVDA,0.0,0.0,0.0,0.0,0.0,0.0,0.0,0.0,0.0,0.0,0.0,0.0,0.0,0.0
2024-11-25,NVDA,0.0,0.0,0.0,0.0,0.0,0.0,0.0,0.0,0.0,0.0,0.0,0.0,0.0,0.0
2024-11-26,NVDA,0.0,0.0,0.0,0.0,0.0,0.0,0.0,0.0,0.0,0.0,0.0,0.0,0.0,0.0
2024-11-27,NVDA,0.0,0.0,0.0,0.0,0.0,0.0,0.0,0.0,0.0,0.0,0.0,0.0,0.0,0.0
2024-11-29,NVDA,0.0,0.0,0.0,0.0,0.0,0.0,0.0,0.0,0.0,0.0,0.0,0.0,0.0,0.0
2024-12-02,NVDA,0.0,0.0,0.0,0.0,0.0,0.0,0.0,0.0,0.0,0.0,0.0,0.0,0.0,0.0
2024-12-03,NVDA,0.0,0.0,0.0,0.0,0.0,0.0,0.0,0.0,0.0,0.0,0.0,0.0,0.0,0.0
2024-12-04,NVDA,0.0,0.0,0.0,0.0,0.0,0.0,0.0,0.0,0.0,0.0,0.0,0.0,0.0,0.0
2024-12-05,NVDA,0.0,0.0,0.0,0.0,0.0,0.0,0.0,0.0,0.0,0.0,0.0,0.0,0.0,0.0
2024-12-06,NVDA,0.0,0.0,0.0,0.0,0.0,0.0,0.0,0.0,0.0,0.0,0.0,0.0,0.0,0.0
2024-12-09,NVDA,0.0,0.0,0.0,0.0,0.0,0.0,0.0,0.0,0.0,0.0,0.0,0.0,0.0,0.0
2024-12-10,NVDA,0.0,0.0,0.0,0.0,0.0,0.0,0.0,0.0,0.0,0.0,0.0,0.0,0.0,0.0
2024-12-11,NVDA,0.0,0.0,0.0,0.0,0.0,0.0,0.0,0.0,0.0,0.0,0.0,0.0,0.0,0.0
2024-12-12,NVDA,0.0,0.0,0.0,0.0,0.0,0.0,0.0,0.0,0.0,0.0,0.0,0.0,0.0,0.0
2024-12-13,NVDA,0.0,0.0,0.0,0.0,0.0,0.0,0.0,0.0,0.0,0.0,0.0,0.0,0.0,0.0
2024-12-16,NVDA,0.0,0.0,0.0,0.0,0.0,0.0,0.0,0.0,0.0,0.0,0.0,0.0,0.0,0.0
2024-12-17,NVDA,0.0,0.0,0.0,0.0,0.0,0.0,0.0,0.0,0.0,0.0,0.0,0.0,0.0,0.0
2024-12-18,NVDA,0.0,0.0,0.0,0.0,0.0,0.0,0.0,0.0,0.0,0.0,0.0,0.0,0.0,0.0
2024-12-19,NVDA,0.0,0.0,0.0,0.0,0.0,0.0,0.0,0.0,0.0,0.0,0.0,0.0,0.0,0.0
2024-12-20,NVDA,0.0,0.0,0.0,0.0,0.0,0.0,0.0,0.0,0.0,0.0,0.0,0.0,0.0,0.0
2024-12-23,NVDA,0.0,0.0,0.0,0.0,0.0,0.0,0.0,0.0,0.0,0.0,0.0,0.0,0.0,0.0
2024-12-24,NVDA,0.0,0.0,0.0,0.0,0.0,0.0,0.0,0.0,0.0,0.0,0.0,0.0,0.0,0.0
2024-12-26,NVDA,0.0,0.0,0.0,0.0,0.0,0.0,0.0,0.0,0.0,0.0,0.0,0.0,0.0,0.0
2024-12-27,NVDA,0.0,0.0,0.0,0.0,0.0,0.0,0.0,0.0,0.0,0.0,0.0,0.0,0.0,0.0
2024-12-30,NVDA,0.0,0.0,0.0,0.0,0.0,0.0,0.0,0.0,0.0,0.0,0.0,0.0,0.0,0.0
2024-12-31,NVDA,0.0,0.0,0.0,0.0,0.0,0.0,0.0,0.0,0.0,0.0,0.0,0.0,0.0,0.0
2025-01-02,NVDA,0.0,0.0,0.0,0.0,0.0,0.0,0.0,0.0,0.0,0.0,0.0,0.0,0.0,0.0
2025-01-03,NVDA,0.0,0.0,0.0,0.0,0.0,0.0,0.0,0.0,0.0,0.0,0.0,0.0,0.0,0.0
2025-01-06,NVDA,0.0,0.0,0.0,0.0,0.0,0.0,0.0,0.0,0.0,0.0,0.0,0.0,0.0,0.0
2025-01-07,NVDA,0.0,0.0,0.0,0.0,0.0,0.0,0.0,0.0,0.0,0.0,0.0,0.0,0.0,0.0
2025-01-08,NVDA,0.0,0.0,0.0,0.0,0.0,0.0,0.0,0.0,0.0,0.0,0.0,0.0,0.0,0.0
2025-01-10,NVDA,0.0,0.0,0.0,0.0,0.0,0.0,0.0,0.0,0.0,0.0,0.0,0.0,0.0,0.0
2025-01-13,NVDA,0.0,0.0,0.0,0.0,0.0,0.0,0.0,0.0,0.0,0.0,0.0,0.0,0.0,0.0
2025-01-14,NVDA,0.0,0.0,0.0,0.0,0.0,0.0,0.0,0.0,0.0,0.0,0.0,0.0,0.0,0.0
2025-01-15,NVDA,0.0,0.0,0.0,0.0,0.0,0.0,0.0,0.0,0.0,0.0,0.0,0.0,0.0,0.0
2025-01-16,NVDA,0.0,0.0,0.0,0.0,0.0,0.0,0.0,0.0,0.0,0.0,0.0,0.0,0.0,0.0
2025-01-17,NVDA,0.0,0.0,0.0,0.0,0.0,0.0,0.0,0.0,0.0,0.0,0.0,0.0,0.0,0.0
2025-01-21,NVDA,0.0,0.0,0.0,0.0,0.0,0.0,0.0,0.0,0.0,0.0,0.0,0.0,0.0,0.0
2025-01-22,NVDA,0.0,0.0,0.0,0.0,0.0,0.0,0.0,0.0,0.0,0.0,0.0,0.0,0.0,0.0
2025-01-23,NVDA,0.0,0.0,0.0,0.0,0.0,0.0,0.0,0.0,0.0,0.0,0.0,0.0,0.0,0.0
2025-01-24,NVDA,0.0,0.0,0.0,0.0,0.0,0.0,0.0,0.0,0.0,0.0,0.0,0.0,0.0,0.0
2025-01-27,NVDA,0.0,0.0,0.0,0.0,0.0,0.0,0.0,0.0,0.0,0.0,0.0,0.0,0.0,0.0
2025-01-28,NVDA,0.0,0.0,0.0,0.0,0.0,0.0,0.0,0.0,0.0,0.0,0.0,0.0,0.0,0.0
2025-01-29,NVDA,0.0,0.0,0.0,0.0,0.0,0.0,0.0,0.0,0.0,0.0,0.0,0.0,0.0,0.0
2025-01-30,NVDA,0.0,0.0,0.0,0.0,0.0,0.0,0.0,0.0,0.0,0.0,0.0,0.0,0.0,0.0
2025-01-31,NVDA,0.0,0.0,0.0,0.0,0.0,0.0,0.0,0.0,0.0,0.0,0.0,0.0,0.0,0.0
2025-02-03,NVDA,0.0,0.0,0.0,0.0,0.0,0.0,0.0,0.0,0.0,0.0,0.0,0.0,0.0,0.0
2025-02-04,NVDA,0.0,0.0,0.0,0.0,0.0,0.0,0.0,0.0,0.0,0.0,0.0,0.0,0.0,0.0
2025-02-05,NVDA,0.0,0.0,0.0,0.0,0.0,0.0,0.0,0.0,0.0,0.0,0.0,0.0,0.0,0.0
2025-02-06,NVDA,0.0,0.0,0.0,0.0,0.0,0.0,0.0,0.0,0.0,0.0,0.0,0.0,0.0,0.0
2025-02-07,NVDA,0.0,0.0,0.0,0.0,0.0,0.0,0.0,0.0,0.0,0.0,0.0,0.0,0.0,0.0
2025-02-10,NVDA,0.0,0.0,0.0,0.0,0.0,0.0,0.0,0.0,0.0,0.0,0.0,0.0,0.0,0.0
2025-02-11,NVDA,0.0,0.0,0.0,0.0,0.0,0.0,0.0,0.0,0.0,0.0,0.0,0.0,0.0,0.0
2025-02-12,NVDA,0.0,0.0,0.0,0.0,0.0,0.0,0.0,0.0,0.0,0.0,0.0,0.0,0.0,0.0
2025-02-13,NVDA,0.0,0.0,0.0,0.0,0.0,0.0,0.0,0.0,0.0,0.0,0.0,0.0,0.0,0.0
2025-02-14,NVDA,0.0,0.0,0.0,0.0,0.0,0.0,0.0,0.0,0.0,0.0,0.0,0.0,0.0,0.0
2025-02-18,NVDA,0.0,0.0,0.0,0.0,0.0,0.0,0.0,0.0,0.0,0.0,0.0,0.0,0.0,0.0
2025-02-19,NVDA,0.0,0.0,0.0,0.0,0.0,0.0,0.0,0.0,0.0,0.0,0.0,0.0,0.0,0.0
2025-02-20,NVDA,0.0,0.0,0.0,0.0,0.0,0.0,0.0,0.0,0.0,0.0,0.0,0.0,0.0,0.0
2025-02-21,NVDA,0.0,0.0,0.0,0.0,0.0,0.0,0.0,0.0,0.0,0.0,0.0,0.0,0.0,0.0
2025-02-24,NVDA,0.0,0.0,0.0,0.0,0.0,0.0,0.0,0.0,0.0,0.0,0.0,0.0,0.0,0.0
2025-02-25,NVDA,0.0,0.0,0.0,0.0,0.0,0.0,0.0,0.0,0.0,0.0,0.0,0.0,0.0,0.0
2025-02-26,NVDA,0.0,0.0,0.0,0.0,0.0,0.0,0.0,0.0,0.0,0.0,0.0,0.0,0.0,0.0
2025-02-27,NVDA,0.0,0.0,0.0,0.0,0.0,0.0,0.0,0.0,0.0,0.0,0.0,0.0,0.0,0.0
2025-02-28,NVDA,0.0,0.0,0.0,0.0,0.0,0.0,0.0,0.0,0.0,0.0,0.0,0.0,0.0,0.0
2025-03-03,NVDA,0.0,0.0,0.0,0.0,0.0,0.0,0.0,0.0,0.0,0.0,0.0,0.0,0.0,0.0
2025-03-04,NVDA,0.0,0.0,0.0,0.0,0.0,0.0,0.0,0.0,0.0,0.0,0.0,0.0,0.0,0.0
2025-03-05,NVDA,0.0,0.0,0.0,0.0,0.0,0.0,0.0,0.0,0.0,0.0,0.0,0.0,0.0,0.0
2025-03-06,NVDA,0.0,0.0,0.0,0.0,0.0,0.0,0.0,0.0,0.0,0.0,0.0,0.0,0.0,0.0
2025-03-07,NVDA,0.0,0.0,0.0,0.0,0.0,0.0,0.0,0.0,0.0,0.0,0.0,0.0,0.0,0.0
2025-03-10,NVDA,0.0,0.0,0.0,0.0,0.0,0.0,0.0,0.0,0.0,0.0,0.0,0.0,0.0,0.0
2025-03-11,NVDA,0.0,0.0,0.0,0.0,0.0,0.0,0.0,0.0,0.0,0.0,0.0,0.0,0.0,0.0
2025-03-12,NVDA,0.0,0.0,0.0,0.0,0.0,0.0,0.0,0.0,0.0,0.0,0.0,0.0,0.0,0.0
2025-03-13,NVDA,0.0,0.0,0.0,0.0,0.0,0.0,0.0,0.0,0.0,0.0,0.0,0.0,0.0,0.0
2025-03-14,NVDA,0.0,0.0,0.0,0.0,0.0,0.0,0.0,0.0,0.0,0.0,0.0,0.0,0.0,0.0
2025-03-17,NVDA,0.0,0.0,0.0,0.0,0.0,0.0,0.0,0.0,0.0,0.0,0.0,0.0,0.0,0.0
2025-03-18,NVDA,0.0,0.0,0.0,0.0,0.0,0.0,0.0,0.0,0.0,0.0,0.0,0.0,0.0,0.0
2025-03-19,NVDA,0.0,0.0,0.0,0.0,0.0,0.0,0.0,0.0,0.0,0.0,0.0,0.0,0.0,0.0
2025-03-20,NVDA,0.0,0.0,0.0,0.0,0.0,0.0,0.0,0.0,0.0,0.0,0.0,0.0,0.0,0.0
2025-03-21,NVDA,0.0,0.0,0.0,0.0,0.0,0.0,0.0,0.0,0.0,0.0,0.0,0.0,0.0,0.0
2025-03-24,NVDA,0.0,0.0,0.0,0.0,0.0,0.0,0.0,0.0,0.0,0.0,0.0,0.0,0.0,0.0
2025-03-25,NVDA,0.0,0.0,0.0,0.0,0.0,0.0,0.0,0.0,0.0,0.0,0.0,0.0,0.0,0.0
2025-03-26,NVDA,0.0,0.0,0.0,0.0,0.0,0.0,0.0,0.0,0.0,0.0,0.0,0.0,0.0,0.0
2025-03-27,NVDA,0.0,0.0,0.0,0.0,0.0,0.0,0.0,0.0,0.0,0.0,0.0,0.0,0.0,0.0
2025-03-28,NVDA,0.0,0.0,0.0,0.0,0.0,0.0,0.0,0.0,0.0,0.0,0.0,0.0,0.0,0.0
2025-03-31,NVDA,0.0,0.0,0.0,0.0,0.0,0.0,0.0,0.0,0.0,0.0,0.0,0.0,0.0,0.0
2025-04-01,NVDA,0.0,0.0,0.0,0.0,0.0,0.0,0.0,0.0,0.0,0.0,0.0,0.0,0.0,0.0
2025-04-02,NVDA,0.0,0.0,0.0,0.0,0.0,0.0,0.0,0.0,0.0,0.0,0.0,0.0,0.0,0.0
2025-04-03,NVDA,0.0,0.0,0.0,0.0,0.0,0.0,0.0,0.0,0.0,0.0,0.0,0.0,0.0,0.0
2025-04-04,NVDA,0.0,0.0,0.0,0.0,0.0,0.0,0.0,0.0,0.0,0.0,0.0,0.0,0.0,0.0
2025-04-07,NVDA,0.0,0.0,0.0,0.0,0.0,0.0,0.0,0.0,0.0,0.0,0.0,0.0,0.0,0.0
2025-04-08,NVDA,0.0,0.0,0.0,0.0,0.0,0.0,0.0,0.0,0.0,0.0,0.0,0.0,0.0,0.0
2025-04-09,NVDA,0.0,0.0,0.0,0.0,0.0,0.0,0.0,0.0,0.0,0.0,0.0,0.0,0.0,0.0
2025-04-10,NVDA,0.0,0.0,0.0,0.0,0.0,0.0,0.0,0.0,0.0,0.0,0.0,0.0,0.0,0.0
2025-04-11,NVDA,0.0,0.0,0.0,0.0,0.0,0.0,0.0,0.0,0.0,0.0,0.0,0.0,0.0,0.0
2025-04-14,NVDA,0.0,0.0,0.0,0.0,0.0,0.0,0.0,0.0,0.0,0.0,0.0,0.0,0.0,0.0
2025-04-15,NVDA,0.0,0.0,0.0,0.0,0.0,0.0,0.0,0.0,0.0,0.0,0.0,0.0,0.0,0.0
2025-04-16,NVDA,0.0,0.0,0.0,0.0,0.0,0.0,0.0,0.0,0.0,0.0,0.0,0.0,0.0,0.0
2025-04-17,NVDA,0.0,0.0,0.0,0.0,0.0,0.0,0.0,0.0,0.0,0.0,0.0,0.0,0.0,0.0
2025-04-21,NVDA,0.0,0.0,0.0,0.0,0.0,0.0,0.0,0.0,0.0,0.0,0.0,0.0,0.0,0.0
2025-04-22,NVDA,0.0,0.0,0.0,0.0,0.0,0.0,0.0,0.0,0.0,0.0,0.0,0.0,0.0,0.0
2025-04-23,NVDA,0.0,0.0,0.0,0.0,0.0,0.0,0.0,0.0,0.0,0.0,0.0,0.0,0.0,0.0
2025-04-24,NVDA,0.0,0.0,0.0,0.0,0.0,0.0,0.0,0.0,0.0,0.0,0.0,0.0,0.0,0.0
2025-04-25,NVDA,0.0,0.0,0.0,0.0,0.0,0.0,0.0,0.0,0.0,0.0,0.0,0.0,0.0,0.0
2025-04-28,NVDA,0.0,0.0,0.0,0.0,0.0,0.0,0.0,0.0,0.0,0.0,0.0,0.0,0.0,0.0
2025-04-29,NVDA,0.0,0.0,0.0,0.0,0.0,0.0,0.0,0.0,0.0,0.0,0.0,0.0,0.0,0.0
2025-04-30,NVDA,0.0,0.0,0.0,0.0,0.0,0.0,0.0,0.0,0.0,0.0,0.0,0.0,0.0,0.0
2025-05-01,NVDA,0.0,0.0,0.0,0.0,0.0,0.0,0.0,0.0,0.0,0.0,0.0,0.0,0.0,0.0
2025-05-02,NVDA,0.0,0.0,0.0,0.0,0.0,0.0,0.0,0.0,0.0,0.0,0.0,0.0,0.0,0.0
2025-05-05,NVDA,0.0,0.0,0.0,0.0,0.0,0.0,0.0,0.0,0.0,0.0,0.0,0.0,0.0,0.0
2025-05-06,NVDA,0.0,0.0,0.0,0.0,0.0,0.0,0.0,0.0,0.0,0.0,0.0,0.0,0.0,0.0
2025-05-07,NVDA,0.0,0.0,0.0,0.0,0.0,0.0,0.0,0.0,0.0,0.0,0.0,0.0,0.0,0.0
2025-05-08,NVDA,0.0,0.0,0.0,0.0,0.0,0.0,0.0,0.0,0.0,0.0,0.0,0.0,0.0,0.0
2025-05-09,NVDA,0.0,0.0,0.0,0.0,0.0,0.0,0.0,0.0,0.0,0.0,0.0,0.0,0.0,0.0
2025-05-12,NVDA,0.0,0.0,0.0,0.0,0.0,0.0,0.0,0.0,0.0,0.0,0.0,0.0,0.0,0.0
2025-05-13,NVDA,0.0,0.0,0.0,0.0,0.0,0.0,0.0,0.0,0.0,0.0,0.0,0.0,0.0,0.0
2025-05-14,NVDA,0.0,0.0,0.0,0.0,0.0,0.0,0.0,0.0,0.0,0.0,0.0,0.0,0.0,0.0
2025-05-15,NVDA,0.0,0.0,0.0,0.0,0.0,0.0,0.0,0.0,0.0,0.0,0.0,0.0,0.0,0.0
2025-05-16,NVDA,0.0,0.0,0.0,0.0,0.0,0.0,0.0,0.0,0.0,0.0,0.0,0.0,0.0,0.0
2025-05-19,NVDA,0.0,0.0,0.0,0.0,0.0,0.0,0.0,0.0,0.0,0.0,0.0,0.0,0.0,0.0
2025-05-20,NVDA,0.0,0.0,0.0,0.0,0.0,0.0,0.0,0.0,0.0,0.0,0.0,0.0,0.0,0.0
2025-05-21,NVDA,0.0,0.0,0.0,0.0,0.0,0.0,0.0,0.0,0.0,0.0,0.0,0.0,0.0,0.0
2025-05-22,NVDA,0.0,0.0,0.0,0.0,0.0,0.0,0.0,0.0,0.0,0.0,0.0,0.0,0.0,0.0
2025-05-23,NVDA,0.0,0.0,0.0,0.0,0.0,0.0,0.0,0.0,0.0,0.0,0.0,0.0,0.0,0.0
2025-05-27,NVDA,0.0,0.0,0.0,0.0,0.0,0.0,0.0,0.0,0.0,0.0,0.0,0.0,0.0,0.0
2025-05-28,NVDA,0.0,0.0,0.0,0.0,0.0,0.0,0.0,0.0,0.0,0.0,0.0,0.0,0.0,0.0
2025-05-29,NVDA,0.0,0.0,0.0,0.0,0.0,0.0,0.0,0.0,0.0,0.0,0.0,0.0,0.0,0.0
2025-05-30,NVDA,0.0,0.0,0.0,0.0,0.0,0.0,0.0,0.0,0.0,0.0,0.0,0.0,0.0,0.0
2025-06-02,NVDA,0.0,0.0,0.0,0.0,0.0,0.0,0.0,0.0,0.0,0.0,0.0,0.0,0.0,0.0
2025-06-03,NVDA,0.0,0.0,0.0,0.0,0.0,0.0,0.0,0.0,0.0,0.0,0.0,0.0,0.0,0.0
2025-06-04,NVDA,0.0,0.0,0.0,0.0,0.0,0.0,0.0,0.0,0.0,0.0,0.0,0.0,0.0,0.0
2025-06-05,NVDA,0.0,0.0,0.0,0.0,0.0,0.0,0.0,0.0,0.0,0.0,0.0,0.0,0.0,0.0
2025-06-06,NVDA,0.0,0.0,0.0,0.0,0.0,0.0,0.0,0.0,0.0,0.0,0.0,0.0,0.0,0.0
2025-06-09,NVDA,0.0,0.0,0.0,0.0,0.0,0.0,0.0,0.0,0.0,0.0,0.0,0.0,0.0,0.0
2025-06-10,NVDA,0.0,0.0,0.0,0.0,0.0,0.0,0.0,0.0,0.0,0.0,0.0,0.0,0.0,0.0
2025-06-11,NVDA,0.0,0.0,0.0,0.0,0.0,0.0,0.0,0.0,0.0,0.0,0.0,0.0,0.0,0.0
2025-06-12,NVDA,0.0,0.0,0.0,0.0,0.0,0.0,0.0,0.0,0.0,0.0,0.0,0.0,0.0,0.0
2025-06-13,NVDA,0.0,0.0,0.0,0.0,0.0,0.0,0.0,0.0,0.0,0.0,0.0,0.0,0.0,0.0
2025-06-16,NVDA,0.2597176066994893,33.0,16.0,5.0,12.0,0.7780868871645494,0.4472629259142912,0.18754531921480183,0.3651917632104772,0.08657253556649643,33.0,16.0,5.0,12.0
2025-06-17,NVDA,0.32832581160144636,46.0,22.0,4.0,20.0,0.799017863429111,0.4510122447517579,0.12268643315031148,0.4263013172894716,0.19601447276697856,79.0,38.0,9.0,32.0
2025-06-18,NVDA,0.37246804377965387,31.0,19.0,6.0,6.0,0.8014823871274148,0.5551453190705469,0.18267727529089292,0.262177403595659,0.3201704873601965,110.0,57.0,15.0,38.0
2025-06-20,NVDA,0.29611489108453193,30.0,16.0,6.0,8.0,0.8263166387875874,0.49183872109279037,0.19572383000825835,0.3124374594539404,0.332302915488544,107.0,57.0,16.0,34.0
2025-06-23,NVDA,0.28502731857200464,30.0,13.0,4.0,13.0,0.7647504309813181,0.4456812352873385,0.16065391671533383,0.39366486072540285,0.31787008447873016,91.0,48.0,16.0,27.0
2025-06-24,NVDA,0.4072801340953447,16.0,7.0,1.0,8.0,0.7998949252068996,0.5006844946183264,0.0934043605229817,0.40591114026028663,0.3294741145839604,76.0,36.0,11.0,29.0
2025-06-25,NVDA,0.4300245890732516,11.0,4.0,0.0,7.0,0.7980403900146484,0.44802031733772973,0.01799572826447807,0.5339839830994606,0.3741106805802003,57.0,24.0,5.0,28.0
2025-06-26,NVDA,0.20599660817533727,5.0,2.0,1.0,2.0,0.7549455046653748,0.41627166476100685,0.21027505658566947,0.37345326691865915,0.34776711044797787,32.0,13.0,2.0,17.0
2025-06-27,NVDA,0.30780759017058723,37.0,17.0,4.0,16.0,0.7862371737892563,0.4652242695006567,0.15741667933006942,0.3773590480354992,0.31460959580639203,53.0,23.0,5.0,25.0
2025-06-30,NVDA,0.36019209679216146,33.0,14.0,2.0,17.0,0.8072648283207056,0.44314507126921054,0.08295297447704904,0.4739019609987736,0.29133209837936197,75.0,33.0,7.0,35.0
2025-07-01,NVDA,0.21819330820561214,59.0,29.0,14.0,16.0,0.7987194424968654,0.4642012408950319,0.2460079326894197,0.2897908248449281,0.29539766505612025,129.0,60.0,20.0,49.0
2025-07-02,NVDA,0.16609269348114278,33.0,15.0,8.0,10.0,0.8185473463752053,0.4157206978733567,0.24962800439221383,0.334651291850164,0.24815936615963877,125.0,58.0,24.0,43.0
2025-07-03,NVDA,0.24997874844120815,40.0,21.0,9.0,10.0,0.8042822547256947,0.49101900348905475,0.24104025504784654,0.2679407406598329,0.21142158337598768,132.0,65.0,31.0,36.0
2025-07-07,NVDA,0.10022760132172454,24.0,11.0,7.0,6.0,0.8079625566800436,0.4095862354539956,0.309358634132271,0.2810551428701728,0.1720996810813585,97.0,47.0,24.0,26.0
2025-07-08,NVDA,0.2702946075715306,41.0,22.0,11.0,8.0,0.8287384589997734,0.5130258438790717,0.242731236307541,0.24424291938179873,0.2068336524448211,105.0,54.0,27.0,24.0
2025-07-09,NVDA,0.2574893031657363,12.0,8.0,3.0,1.0,0.8289964497089386,0.5458868788943315,0.2883975757285952,0.16571556792284045,0.2093371706863305,77.0,41.0,21.0,15.0
2025-07-10,NVDA,0.0,0.0,0.0,0.0,0.0,0.0,0.0,0.0,0.0,0.17592797024575568,53.0,30.0,14.0,9.0
2025-07-11,NVDA,0.19123451318591833,7.0,3.0,2.0,2.0,0.8545446566173008,0.4572034333167331,0.26596892013081475,0.27682762247111115,0.14957460545055154,19.0,11.0,5.0,3.0
2025-07-14,NVDA,0.21528962733319554,39.0,16.0,8.0,15.0,0.80929739964314,0.41533647651951283,0.20004684918631724,0.38461667881944234,0.13550804683970463,46.0,19.0,10.0,17.0
2025-07-15,NVDA,0.39406240433163475,64.0,35.0,5.0,24.0,0.7631960809230804,0.49591500010865275,0.10185259577701795,0.40223240610794164,0.2668621816169162,110.0,54.0,15.0,41.0
2025-07-16,NVDA,0.23147074264389547,22.0,12.0,6.0,4.0,0.8444038846276023,0.5042795314538208,0.27280878880992526,0.22291167816993862,0.28027425810290857,125.0,63.0,19.0,43.0
2025-07-17,NVDA,0.11992847358553925,22.0,8.0,7.0,7.0,0.7988546192646027,0.3974583492275666,0.2775298756420273,0.325011777437546,0.24848720685368983,108.0,55.0,18.0,35.0
2025-07-18,NVDA,0.23541884342937366,46.0,22.0,9.0,15.0,0.83136469255323,0.4637317939499474,0.2283129505205737,0.3079552556104634,0.19560601988626947,90.0,42.0,22.0,26.0
2025-07-21,NVDA,0.292719903426539,38.0,18.0,5.0,15.0,0.7676533782168439,0.42848493859760073,0.1357650351710617,0.43575003468676615,0.21602240681381732,106.0,48.0,21.0,37.0
2025-07-22,NVDA,0.20523418069189026,43.0,19.0,11.0,13.0,0.8071127131927845,0.45222688826927265,0.24699270757738237,0.3007804101636243,0.2444576425159343,127.0,59.0,25.0,43.0
2025-07-23,NVDA,0.14908718575977467,22.0,9.0,6.0,7.0,0.805541295896877,0.40861732847141946,0.25953014271164476,0.33185253122990777,0.21568042329273462,103.0,46.0,22.0,35.0
2025-07-24,NVDA,0.3292393631168774,35.0,16.0,5.0,14.0,0.7966464076723371,0.48183108831622773,0.15259172519935027,0.36557718967752795,0.22785357652284743,100.0,44.0,22.0,34.0
2025-07-25,NVDA,0.1956332680281429,42.0,20.0,11.0,11.0,0.8115482301939101,0.45160943545800236,0.2559761674298594,0.2924143887967581,0.2246532723015983,99.0,45.0,22.0,32.0
2025-07-28,NVDA,0.19475813261750669,18.0,9.0,4.0,5.0,0.8082058197922177,0.41160005108556813,0.21684191846806136,0.3715580243410336,0.23987692125417567,95.0,45.0,20.0,30.0
2025-07-29,NVDA,0.2765340518703914,73.0,30.0,10.0,33.0,0.7966937516650109,0.4144630819074299,0.1379290300370385,0.4476078883680987,0.22230848417201365,133.0,59.0,25.0,49.0
2025-07-30,NVDA,0.7353761012976369,3.0,3.0,0.0,0.0,0.7477515339851379,0.7477515339851379,0.012375432687501034,0.23987304170926407,0.40222276192851164,94.0,42.0,14.0,38.0
2025-07-31,NVDA,0.31393390506505964,25.0,14.0,7.0,4.0,0.8046302545070648,0.5351056508347392,0.22117174576967952,0.24372259166091678,0.4419480194110293,101.0,47.0,17.0,37.0
2025-08-01,NVDA,0.27526204132432625,44.0,23.0,9.0,12.0,0.8106697154316035,0.49276453911707824,0.2175024977927519,0.28973296369341284,0.4415240158956742,72.0,40.0,16.0,16.0
2025-08-04,NVDA,0.3308221171196136,45.0,20.0,4.0,21.0,0.815528753068712,0.4412812365218997,0.11045911940228605,0.44825963829126625,0.3066726878363332,114.0,57.0,20.0,37.0
2025-08-05,NVDA,0.11124695971089064,61.0,21.0,14.0,26.0,0.796444940273879,0.35427317969867433,0.24302621998778373,0.4027005997868102,0.23911037271827687,150.0,64.0,27.0,59.0
2025-08-06,NVDA,0.10397703219981243,12.0,7.0,4.0,1.0,0.7234372769792875,0.45296113736306626,0.34898410516325384,0.19805477016294992,0.18201536967677226,118.0,48.0,22.0,48.0
2025-08-07,NVDA,0.08084302430506796,28.0,11.0,9.0,8.0,0.8842619146619525,0.4022060422991801,0.3213630179941122,0.2764309458767197,0.09868900540525705,101.0,39.0,27.0,35.0
2025-08-08,NVDA,0.18930729052226525,32.0,11.0,6.0,15.0,0.8238151464611292,0.3638331250695046,0.1745258345472393,0.46164104191120714,0.12470911567571524,72.0,29.0,19.0,24.0
2025-08-11,NVDA,0.11772850938141347,50.0,19.0,13.0,18.0,0.7712019193172455,0.37210425587370993,0.25437574649229644,0.3735200041346252,0.12929294140291558,110.0,41.0,28.0,41.0
2025-08-12,NVDA,-0.009016095889761822,63.0,20.0,21.0,22.0,0.8230190144644843,0.3204526521620296,0.32946874805179144,0.35007860180404443,0.09933990133797233,145.0,50.0,40.0,55.0
2025-08-13,NVDA,0.23935560493365574,23.0,12.0,5.0,6.0,0.8224489183529563,0.47959410245327844,0.24023849751962265,0.28016740512912686,0.11602267280843583,136.0,51.0,39.0,46.0
2025-08-14,NVDA,0.006527301782625708,32.0,8.0,9.0,15.0,0.8000225741416216,0.28054975383565756,0.27402245205303183,0.44542778213508427,0.07895560360883991,118.0,40.0,35.0,43.0
2025-08-15,NVDA,0.18741958811879159,30.0,9.0,3.0,18.0,0.7914535572131475,0.333344561047852,0.1459249729290604,0.5207304573307435,0.14443416494502437,85.0,29.0,17.0,39.0
2025-08-18,NVDA,0.2687266101439794,30.0,12.0,6.0,12.0,0.7933329234520594,0.4398848910816014,0.17115828093762195,0.3889568308368325,0.1542245000151323,92.0,29.0,18.0,45.0
2025-08-19,NVDA,0.09477428158850602,53.0,17.0,11.0,25.0,0.7600877166918989,0.3334463652715368,0.23867208368303075,0.42788155064127353,0.1836401599504257,113.0,38.0,20.0,55.0
2025-08-20,NVDA,-0.5953708683502756,36.0,6.0,26.0,4.0,0.8940396366847886,0.14722532240880856,0.7425961907590843,0.1101784822531044,-0.07728999220593002,119.0,35.0,43.0,41.0
2025-08-21,NVDA,0.0,0.0,0.0,0.0,0.0,0.0,0.0,0.0,0.0,-0.1668655289205898,89.0,23.0,37.0,29.0
2025-08-22,NVDA,-0.1877837277290116,41.0,8.0,18.0,15.0,0.8220273060042683,0.2291557046630215,0.4169394323920331,0.35390486704503615,-0.26105153202642906,77.0,14.0,44.0,19.0
2025-08-25,NVDA,0.0880758554674685,30.0,11.0,9.0,10.0,0.8192420721054077,0.3780017641683419,0.28992590870087337,0.33207232287774485,-0.033235957420514335,71.0,19.0,27.0,25.0
2025-08-26,NVDA,0.18371820509790965,73.0,31.0,17.0,25.0,0.8358181910972072,0.40729766468555756,0.22357945958764786,0.3691228744254945,0.028003444278788883,144.0,50.0,44.0,50.0
2025-08-27,NVDA,0.12821796045384623,11.0,5.0,2.0,4.0,0.8070872290567919,0.38307771611620073,0.2548597556623545,0.3620625338093801,0.1333373403397415,114.0,47.0,28.0,39.0
2025-08-28,NVDA,-0.1102631329010953,51.0,17.0,22.0,12.0,0.8414961385960672,0.31563612310142786,0.42589925600252315,0.2584646175451138,0.0672243442168869,135.0,53.0,41.0,41.0
2025-08-29,NVDA,-0.02511785164630662,60.0,21.0,21.0,18.0,0.840081512928009,0.3432084664159144,0.36832631806222094,0.28846521259595953,-0.0023876746978518577,122.0,43.0,45.0,34.0
2025-09-02,NVDA,0.09344148246088511,27.0,8.0,9.0,10.0,0.7928611327100683,0.38185492671888177,0.28841344425799664,0.3297316278503449,-0.013979834028838895,138.0,46.0,52.0,40.0
2025-09-03,NVDA,0.2108375306124799,56.0,26.0,11.0,19.0,0.7945996267454964,0.42983497891275746,0.2189974483002775,0.35116757733547793,0.09305372047568616,143.0,55.0,41.0,47.0
2025-09-04,NVDA,0.11127345701162186,18.0,4.0,4.0,10.0,0.7820147474606832,0.322700702248969,0.2114272452373471,0.4658720693033602,0.138517490028329,101.0,38.0,24.0,39.0
2025-09-05,NVDA,0.14115629053481343,53.0,19.0,14.0,20.0,0.8099838753916183,0.40320083806466944,0.26204454752985595,0.3347546214343242,0.15442242605297177,127.0,49.0,29.0,49.0
2025-09-08,NVDA,0.11669315042143519,33.0,12.0,7.0,14.0,0.8157892669692184,0.37195994919448183,0.25526679877304664,0.37277325508043624,0.1230409659892902,104.0,35.0,25.0,44.0
2025-09-09,NVDA,0.17990751423668572,41.0,15.0,8.0,18.0,0.7925068874184679,0.37639547496034603,0.1964879607236603,0.4271165689953217,0.14591898506431147,127.0,46.0,29.0,52.0
2025-09-10,NVDA,0.1098577752709388,1.0,0.0,0.0,1.0,0.7601563930511475,0.1748506873846054,0.0649929121136665,0.7601563930511475,0.13548614664301992,75.0,27.0,15.0,33.0
2025-09-11,NVDA,0.21597583790620167,15.0,7.0,3.0,5.0,0.83642764488856,0.42935582660138605,0.21337998869518435,0.35726419314742086,0.16858037580460875,57.0,22.0,11.0,24.0
2025-09-12,NVDA,0.36011763994961427,54.0,28.0,8.0,18.0,0.8289641638596853,0.5104708929753138,0.15035325302569952,0.3391758564652668,0.22865041770891828,70.0,35.0,11.0,24.0
2025-09-15,NVDA,-0.14184323694956089,28.0,6.0,12.0,10.0,0.8276340344122478,0.23732306059849045,0.3791662975480513,0.383510642418904,0.14475008030208505,97.0,41.0,23.0,33.0
2025-09-16,NVDA,0.28630743255806074,57.0,27.0,11.0,19.0,0.8380209887236879,0.4809039399812096,0.19459650742314882,0.32449955480140547,0.16819394518603806,139.0,61.0,31.0,47.0
2025-09-17,NVDA,0.22216125851264223,16.0,10.0,4.0,2.0,0.7995590493083,0.4985906254732981,0.27642936696065584,0.22498000087216494,0.12220848470704739,101.0,43.0,27.0,31.0
2025-09-18,NVDA,0.844551932066679,1.0,1.0,0.0,0.0,0.9024837613105774,0.9024837613105774,0.0579318292438983,0.0395844541490078,0.45100687437912734,74.0,38.0,15.0,21.0
2025-09-19,NVDA,0.30957890794494414,71.0,36.0,12.0,23.0,0.7670431095109859,0.4858493095027729,0.17627040155782872,0.3378802823217612,0.4587640328414218,88.0,47.0,16.0,25.0
2025-09-22,NVDA,0.24055083810041347,18.0,6.0,2.0,10.0,0.8304877811008029,0.3573590653638045,0.11680822726339096,0.5258327085110877,0.4648938927040122,90.0,43.0,14.0,33.0
2025-09-23,NVDA,0.06589402114588987,34.0,11.0,10.0,13.0,0.8022172117934507,0.3617231380468344,0.2958291169009445,0.3424477423541248,0.20534125573041587,123.0,53.0,24.0,46.0
2025-09-24,NVDA,0.19884080936026294,32.0,16.0,9.0,7.0,0.8543839510530233,0.4876061883260263,0.2887653789657634,0.22362843417795372,0.16842855620218877,84.0,33.0,21.0,30.0
2025-09-25,NVDA,0.0,0.0,0.0,0.0,0.0,0.0,0.0,0.0,0.0,0.08824494350205098,66.0,27.0,19.0,20.0
2025-09-26,NVDA,0.3668243303558135,47.0,21.0,3.0,23.0,0.770470808161066,0.45870938164954805,0.0918850512937345,0.4494055668090252,0.18855504657202551,79.0,37.0,12.0,30.0
2025-09-29,NVDA,0.2829206591378897,50.0,20.0,5.0,25.0,0.8084835702180863,0.39787588180974126,0.11495522267185146,0.4871688823774457,0.21658166316456776,97.0,41.0,8.0,48.0
2025-09-30,NVDA,0.33734755945061484,62.0,36.0,8.0,18.0,0.8093895465135574,0.4993885632664446,0.16204100381582973,0.33857042512165436,0.3290308496481061,159.0,77.0,16.0,66.0
2025-10-01,NVDA,0.03982598862300316,3.0,1.0,1.0,1.0,0.9098944465319315,0.3759409102300803,0.33611492160707707,0.2879441225280364,0.22003140240383592,115.0,57.0,14.0,44.0
2025-10-02,NVDA,0.1803337413714164,9.0,4.0,2.0,3.0,0.8345313204659356,0.42824189654654926,0.24790815517513284,0.32384994708829457,0.18583576314834482,74.0,41.0,11.0,22.0
2025-10-03,NVDA,0.3486830614534999,67.0,34.0,9.0,24.0,0.8245791975241988,0.5054332845524621,0.1567502230989621,0.3378164975612021,0.18961426381597316,79.0,39.0,12.0,28.0
2025-10-06,NVDA,0.507221629800783,22.0,12.0,0.0,10.0,0.8286743421446193,0.5551325055685911,0.04791087576780802,0.3969566162506288,0.34541281087523307,98.0,50.0,11.0,37.0
2025-10-07,NVDA,0.4077920015635235,42.0,25.0,4.0,13.0,0.829506224110013,0.545231469552077,0.13743946798855347,0.31732906554160367,0.4212322309392688,131.0,71.0,13.0,47.0
2025-10-08,NVDA,-0.2500784643304845,30.0,7.0,15.0,8.0,0.8585920701424281,0.2398659640612701,0.4899444283917546,0.27018961509068806,0.22164505567794068,94.0,44.0,19.0,31.0
2025-10-09,NVDA,0.0,0.0,0.0,0.0,0.0,0.0,0.0,0.0,0.0,0.052571179077679685,72.0,32.0,19.0,21.0
2025-10-10,NVDA,-0.054248668532818574,25.0,9.0,9.0,7.0,0.8299874758720398,0.32297335369512437,0.37722202222794293,0.29980462044477457,-0.10144237762110102,55.0,16.0,24.0,15.0
2025-10-13,NVDA,0.3610447357240759,61.0,29.0,6.0,26.0,0.7770172054650354,0.4899837623396125,0.12893902661553655,0.38107720525843686,0.10226535573041912,86.0,38.0,15.0,33.0
2025-10-14,NVDA,0.22166476400258636,60.0,21.0,11.0,28.0,0.784996914366881,0.3891350445803255,0.16747028057773905,0.4433946768753231,0.17615361039794789,146.0,59.0,26.0,61.0
2025-10-15,NVDA,0.19567742633322874,12.0,5.0,3.0,4.0,0.7672233084837595,0.4403077052750935,0.24463027894186473,0.31506203223640716,0.25946230868663034,133.0,55.0,20.0,58.0
2025-10-16,NVDA,0.47215885519072776,41.0,25.0,3.0,13.0,0.8542370883429923,0.5691312373411365,0.09697238215040865,0.33389638698228247,0.2965003485088476,113.0,51.0,17.0,45.0
2025-10-17,NVDA,0.2457546584367279,63.0,31.0,13.0,19.0,0.8107129420552935,0.4596030280023577,0.21384836956562975,0.32654860574338174,0.3045303133202281,116.0,61.0,19.0,36.0
2025-10-20,NVDA,0.43014195548709144,22.0,12.0,1.0,9.0,0.759608501737768,0.5187212567437779,0.0885793012566864,0.39269946583292703,0.3826851563715157,126.0,68.0,17.0,41.0
2025-10-21,NVDA,0.3030369800152415,59.0,25.0,9.0,25.0,0.7976004996542203,0.4585374633039711,0.15550048328872956,0.38596204595671874,0.32631119797968694,144.0,68.0,23.0,53.0
2025-10-22,NVDA,0.30426798667758703,5.0,3.0,0.0,2.0,0.6851654648780823,0.4558116585016251,0.151543671824038,0.39264466911554335,0.34581564072664,86.0,40.0,10.0,36.0
2025-10-23,NVDA,-0.11525200087473625,36.0,10.0,15.0,11.0,0.845240475402938,0.282377223471283,0.3976292243460193,0.3199935486126277,0.1640176552726974,100.0,38.0,24.0,38.0
2025-10-24,NVDA,0.105949010034757,14.0,6.0,5.0,3.0,0.7483741385596139,0.3884159532109542,0.28246694317619714,0.329117112260844,0.0983216652792026,55.0,19.0,20.0,16.0
2025-10-27,NVDA,0.3749300925315104,55.0,29.0,6.0,20.0,0.8144306735558944,0.5109603641554713,0.1360302716239609,0.3530093605884097,0.12187570056384371,105.0,45.0,26.0,34.0
2025-10-28,NVDA,0.27645115033789935,56.0,20.0,6.0,30.0,0.7948655502072403,0.38959826183106216,0.11314711149316277,0.4972546321140336,0.2524434176347223,125.0,55.0,17.0,53.0
2025-10-29,NVDA,0.0,0.0,0.0,0.0,0.0,0.0,0.0,0.0,0.0,0.2171270809564699,111.0,49.0,12.0,50.0
2025-10-30,NVDA,0.0,0.0,0.0,0.0,0.0,0.0,0.0,0.0,0.0,0.09215038344596645,56.0,20.0,6.0,30.0
2025-10-31,NVDA,0.0,0.0,0.0,0.0,0.0,0.0,0.0,0.0,0.0,0.0,0.0,0.0,0.0,0.0
2025-11-03,NVDA,0.0,0.0,0.0,0.0,0.0,0.0,0.0,0.0,0.0,0.0,0.0,0.0,0.0,0.0
2025-11-04,NVDA,0.0,0.0,0.0,0.0,0.0,0.0,0.0,0.0,0.0,0.0,0.0,0.0,0.0,0.0
2025-11-05,NVDA,0.0,0.0,0.0,0.0,0.0,0.0,0.0,0.0,0.0,0.0,0.0,0.0,0.0,0.0
2025-11-06,NVDA,0.0,0.0,0.0,0.0,0.0,0.0,0.0,0.0,0.0,0.0,0.0,0.0,0.0,0.0
2025-11-07,NVDA,0.0,0.0,0.0,0.0,0.0,0.0,0.0,0.0,0.0,0.0,0.0,0.0,0.0,0.0
2025-11-10,NVDA,0.0,0.0,0.0,0.0,0.0,0.0,0.0,0.0,0.0,0.0,0.0,0.0,0.0,0.0
2025-11-11,NVDA,0.0,0.0,0.0,0.0,0.0,0.0,0.0,0.0,0.0,0.0,0.0,0.0,0.0,0.0
2025-11-12,NVDA,0.0,0.0,0.0,0.0,0.0,0.0,0.0,0.0,0.0,0.0,0.0,0.0,0.0,0.0
2025-11-13,NVDA,0.0,0.0,0.0,0.0,0.0,0.0,0.0,0.0,0.0,0.0,0.0,0.0,0.0,0.0
2025-11-14,NVDA,0.0,0.0,0.0,0.0,0.0,0.0,0.0,0.0,0.0,0.0,0.0,0.0,0.0,0.0
2025-11-17,NVDA,0.0,0.0,0.0,0.0,0.0,0.0,0.0,0.0,0.0,0.0,0.0,0.0,0.0,0.0
2025-11-18,NVDA,0.0,0.0,0.0,0.0,0.0,0.0,0.0,0.0,0.0,0.0,0.0,0.0,0.0,0.0
2025-11-19,NVDA,0.0,0.0,0.0,0.0,0.0,0.0,0.0,0.0,0.0,0.0,0.0,0.0,0.0,0.0
2025-11-20,NVDA,0.0,0.0,0.0,0.0,0.0,0.0,0.0,0.0,0.0,0.0,0.0,0.0,0.0,0.0
2025-11-21,NVDA,0.0,0.0,0.0,0.0,0.0,0.0,0.0,0.0,0.0,0.0,0.0,0.0,0.0,0.0
2025-11-24,NVDA,0.0,0.0,0.0,0.0,0.0,0.0,0.0,0.0,0.0,0.0,0.0,0.0,0.0,0.0
2025-11-25,NVDA,0.0,0.0,0.0,0.0,0.0,0.0,0.0,0.0,0.0,0.0,0.0,0.0,0.0,0.0
2025-11-26,NVDA,0.0,0.0,0.0,0.0,0.0,0.0,0.0,0.0,0.0,0.0,0.0,0.0,0.0,0.0
2025-11-28,NVDA,0.0,0.0,0.0,0.0,0.0,0.0,0.0,0.0,0.0,0.0,0.0,0.0,0.0,0.0
2025-12-01,NVDA,0.0,0.0,0.0,0.0,0.0,0.0,0.0,0.0,0.0,0.0,0.0,0.0,0.0,0.0
2025-12-02,NVDA,0.0,0.0,0.0,0.0,0.0,0.0,0.0,0.0,0.0,0.0,0.0,0.0,0.0,0.0
2025-12-03,NVDA,0.0,0.0,0.0,0.0,0.0,0.0,0.0,0.0,0.0,0.0,0.0,0.0,0.0,0.0
2025-12-04,NVDA,0.0,0.0,0.0,0.0,0.0,0.0,0.0,0.0,0.0,0.0,0.0,0.0,0.0,0.0
2025-12-05,NVDA,0.0,0.0,0.0,0.0,0.0,0.0,0.0,0.0,0.0,0.0,0.0,0.0,0.0,0.0
2025-12-08,NVDA,0.0,0.0,0.0,0.0,0.0,0.0,0.0,0.0,0.0,0.0,0.0,0.0,0.0,0.0
2025-12-09,NVDA,0.0,0.0,0.0,0.0,0.0,0.0,0.0,0.0,0.0,0.0,0.0,0.0,0.0,0.0
2025-12-10,NVDA,0.0,0.0,0.0,0.0,0.0,0.0,0.0,0.0,0.0,0.0,0.0,0.0,0.0,0.0
2025-12-11,NVDA,0.0,0.0,0.0,0.0,0.0,0.0,0.0,0.0,0.0,0.0,0.0,0.0,0.0,0.0
2025-12-12,NVDA,0.0,0.0,0.0,0.0,0.0,0.0,0.0,0.0,0.0,0.0,0.0,0.0,0.0,0.0
2025-12-15,NVDA,0.0,0.0,0.0,0.0,0.0,0.0,0.0,0.0,0.0,0.0,0.0,0.0,0.0,0.0
2025-12-16,NVDA,0.0,0.0,0.0,0.0,0.0,0.0,0.0,0.0,0.0,0.0,0.0,0.0,0.0,0.0
2025-12-17,NVDA,0.0,0.0,0.0,0.0,0.0,0.0,0.0,0.0,0.0,0.0,0.0,0.0,0.0,0.0
2025-12-18,NVDA,0.0,0.0,0.0,0.0,0.0,0.0,0.0,0.0,0.0,0.0,0.0,0.0,0.0,0.0
2025-12-19,NVDA,0.0,0.0,0.0,0.0,0.0,0.0,0.0,0.0,0.0,0.0,0.0,0.0,0.0,0.0
2025-12-22,NVDA,0.0,0.0,0.0,0.0,0.0,0.0,0.0,0.0,0.0,0.0,0.0,0.0,0.0,0.0
2025-12-23,NVDA,0.0,0.0,0.0,0.0,0.0,0.0,0.0,0.0,0.0,0.0,0.0,0.0,0.0,0.0
2025-12-24,NVDA,0.0,0.0,0.0,0.0,0.0,0.0,0.0,0.0,0.0,0.0,0.0,0.0,0.0,0.0
2025-12-26,NVDA,0.0,0.0,0.0,0.0,0.0,0.0,0.0,0.0,0.0,0.0,0.0,0.0,0.0,0.0
2025-12-29,NVDA,0.0,0.0,0.0,0.0,0.0,0.0,0.0,0.0,0.0,0.0,0.0,0.0,0.0,0.0
2025-12-30,NVDA,0.0,0.0,0.0,0.0,0.0,0.0,0.0,0.0,0.0,0.0,0.0,0.0,0.0,0.0
2025-12-31,NVDA,0.0,0.0,0.0,0.0,0.0,0.0,0.0,0.0,0.0,0.0,0.0,0.0,0.0,0.0
2026-01-02,NVDA,0.0,0.0,0.0,0.0,0.0,0.0,0.0,0.0,0.0,0.0,0.0,0.0,0.0,0.0
2026-01-05,NVDA,0.0,0.0,0.0,0.0,0.0,0.0,0.0,0.0,0.0,0.0,0.0,0.0,0.0,0.0
2026-01-06,NVDA,0.0,0.0,0.0,0.0,0.0,0.0,0.0,0.0,0.0,0.0,0.0,0.0,0.0,0.0
2026-01-07,NVDA,0.0,0.0,0.0,0.0,0.0,0.0,0.0,0.0,0.0,0.0,0.0,0.0,0.0,0.0
2026-01-08,NVDA,0.0,0.0,0.0,0.0,0.0,0.0,0.0,0.0,0.0,0.0,0.0,0.0,0.0,0.0
2026-01-09,NVDA,0.0,0.0,0.0,0.0,0.0,0.0,0.0,0.0,0.0,0.0,0.0,0.0,0.0,0.0
2026-01-12,NVDA,0.0,0.0,0.0,0.0,0.0,0.0,0.0,0.0,0.0,0.0,0.0,0.0,0.0,0.0
2026-01-13,NVDA,0.0,0.0,0.0,0.0,0.0,0.0,0.0,0.0,0.0,0.0,0.0,0.0,0.0,0.0
2026-01-14,NVDA,0.0,0.0,0.0,0.0,0.0,0.0,0.0,0.0,0.0,0.0,0.0,0.0,0.0,0.0
2026-01-15,NVDA,0.0,0.0,0.0,0.0,0.0,0.0,0.0,0.0,0.0,0.0,0.0,0.0,0.0,0.0
2026-01-16,NVDA,0.0,0.0,0.0,0.0,0.0,0.0,0.0,0.0,0.0,0.0,0.0,0.0,0.0,0.0
2026-01-20,NVDA,0.0,0.0,0.0,0.0,0.0,0.0,0.0,0.0,0.0,0.0,0.0,0.0,0.0,0.0
2026-01-21,NVDA,0.0,0.0,0.0,0.0,0.0,0.0,0.0,0.0,0.0,0.0,0.0,0.0,0.0,0.0
2026-01-22,NVDA,0.0,0.0,0.0,0.0,0.0,0.0,0.0,0.0,0.0,0.0,0.0,0.0,0.0,0.0
2026-01-23,NVDA,0.0,0.0,0.0,0.0,0.0,0.0,0.0,0.0,0.0,0.0,0.0,0.0,0.0,0.0
2026-01-26,NVDA,0.0,0.0,0.0,0.0,0.0,0.0,0.0,0.0,0.0,0.0,0.0,0.0,0.0,0.0
2026-01-27,NVDA,0.0,0.0,0.0,0.0,0.0,0.0,0.0,0.0,0.0,0.0,0.0,0.0,0.0,0.0
2026-01-28,NVDA,0.0,0.0,0.0,0.0,0.0,0.0,0.0,0.0,0.0,0.0,0.0,0.0,0.0,0.0
2026-01-29,NVDA,0.0,0.0,0.0,0.0,0.0,0.0,0.0,0.0,0.0,0.0,0.0,0.0,0.0,0.0
2026-01-30,NVDA,0.0,0.0,0.0,0.0,0.0,0.0,0.0,0.0,0.0,0.0,0.0,0.0,0.0,0.0
2026-02-02,NVDA,0.0,0.0,0.0,0.0,0.0,0.0,0.0,0.0,0.0,0.0,0.0,0.0,0.0,0.0
2026-02-03,NVDA,0.0,0.0,0.0,0.0,0.0,0.0,0.0,0.0,0.0,0.0,0.0,0.0,0.0,0.0
2026-02-04,NVDA,0.0,0.0,0.0,0.0,0.0,0.0,0.0,0.0,0.0,0.0,0.0,0.0,0.0,0.0
2026-02-05,NVDA,0.0,0.0,0.0,0.0,0.0,0.0,0.0,0.0,0.0,0.0,0.0,0.0,0.0,0.0
2026-02-06,NVDA,0.0,0.0,0.0,0.0,0.0,0.0,0.0,0.0,0.0,0.0,0.0,0.0,0.0,0.0
2026-02-09,NVDA,0.0,0.0,0.0,0.0,0.0,0.0,0.0,0.0,0.0,0.0,0.0,0.0,0.0,0.0
2026-02-10,NVDA,0.0,0.0,0.0,0.0,0.0,0.0,0.0,0.0,0.0,0.0,0.0,0.0,0.0,0.0
2026-02-11,NVDA,0.0,0.0,0.0,0.0,0.0,0.0,0.0,0.0,0.0,0.0,0.0,0.0,0.0,0.0
2026-02-12,NVDA,0.0,0.0,0.0,0.0,0.0,0.0,0.0,0.0,0.0,0.0,0.0,0.0,0.0,0.0
2026-02-13,NVDA,0.0,0.0,0.0,0.0,0.0,0.0,0.0,0.0,0.0,0.0,0.0,0.0,0.0,0.0
2026-02-17,NVDA,0.0,0.0,0.0,0.0,0.0,0.0,0.0,0.0,0.0,0.0,0.0,0.0,0.0,0.0
2026-02-18,NVDA,0.0,0.0,0.0,0.0,0.0,0.0,0.0,0.0,0.0,0.0,0.0,0.0,0.0,0.0
2026-02-19,NVDA,0.0,0.0,0.0,0.0,0.0,0.0,0.0,0.0,0.0,0.0,0.0,0.0,0.0,0.0
2026-02-20,NVDA,0.0,0.0,0.0,0.0,0.0,0.0,0.0,0.0,0.0,0.0,0.0,0.0,0.0,0.0
2026-02-23,NVDA,0.0,0.0,0.0,0.0,0.0,0.0,0.0,0.0,0.0,0.0,0.0,0.0,0.0,0.0
2026-02-24,NVDA,0.0,0.0,0.0,0.0,0.0,0.0,0.0,0.0,0.0,0.0,0.0,0.0,0.0,0.0
2026-02-25,NVDA,0.0,0.0,0.0,0.0,0.0,0.0,0.0,0.0,0.0,0.0,0.0,0.0,0.0,0.0
2026-02-26,NVDA,0.0,0.0,0.0,0.0,0.0,0.0,0.0,0.0,0.0,0.0,0.0,0.0,0.0,0.0
2026-02-27,NVDA,0.0,0.0,0.0,0.0,0.0,0.0,0.0,0.0,0.0,0.0,0.0,0.0,0.0,0.0
2026-03-02,NVDA,0.0,0.0,0.0,0.0,0.0,0.0,0.0,0.0,0.0,0.0,0.0,0.0,0.0,0.0
2026-03-03,NVDA,0.0,0.0,0.0,0.0,0.0,0.0,0.0,0.0,0.0,0.0,0.0,0.0,0.0,0.0
2026-03-04,NVDA,0.0,0.0,0.0,0.0,0.0,0.0,0.0,0.0,0.0,0.0,0.0,0.0,0.0,0.0
2026-03-05,NVDA,0.0,0.0,0.0,0.0,0.0,0.0,0.0,0.0,0.0,0.0,0.0,0.0,0.0,0.0
2026-03-06,NVDA,0.0,0.0,0.0,0.0,0.0,0.0,0.0,0.0,0.0,0.0,0.0,0.0,0.0,0.0
2026-03-09,NVDA,0.0,0.0,0.0,0.0,0.0,0.0,0.0,0.0,0.0,0.0,0.0,0.0,0.0,0.0
2026-03-10,NVDA,0.0,0.0,0.0,0.0,0.0,0.0,0.0,0.0,0.0,0.0,0.0,0.0,0.0,0.0
2026-03-11,NVDA,0.0,0.0,0.0,0.0,0.0,0.0,0.0,0.0,0.0,0.0,0.0,0.0,0.0,0.0
2026-03-12,NVDA,0.0,0.0,0.0,0.0,0.0,0.0,0.0,0.0,0.0,0.0,0.0,0.0,0.0,0.0
2026-03-13,NVDA,0.0,0.0,0.0,0.0,0.0,0.0,0.0,0.0,0.0,0.0,0.0,0.0,0.0,0.0
2026-03-16,NVDA,0.0,0.0,0.0,0.0,0.0,0.0,0.0,0.0,0.0,0.0,0.0,0.0,0.0,0.0
2026-03-17,NVDA,0.0,0.0,0.0,0.0,0.0,0.0,0.0,0.0,0.0,0.0,0.0,0.0,0.0,0.0
2026-03-18,NVDA,0.0,0.0,0.0,0.0,0.0,0.0,0.0,0.0,0.0,0.0,0.0,0.0,0.0,0.0
2026-03-19,NVDA,0.0,0.0,0.0,0.0,0.0,0.0,0.0,0.0,0.0,0.0,0.0,0.0,0.0,0.0
2026-03-20,NVDA,0.0,0.0,0.0,0.0,0.0,0.0,0.0,0.0,0.0,0.0,0.0,0.0,0.0,0.0
2026-03-23,NVDA,0.1815122505649924,2.0,0.0,0.0,2.0,0.7931379973888397,0.194187119603157,0.0126748690381646,0.7931379973888397,0.060504083521664136,2.0,0.0,0.0,2.0
2026-03-24,NVDA,0.20559805023110136,147.0,64.0,28.0,55.0,0.7680397637847329,0.4033741566739013,0.19777610644279994,0.3988497355053213,0.12903676693203125,149.0,64.0,28.0,57.0
2026-03-25,NVDA,0.07168029209262587,72.0,21.0,14.0,37.0,0.8005015638967355,0.3053260344572158,0.2336457423645899,0.46102822597862947,0.15293019762957322,221.0,85.0,42.0,94.0
2026-03-26,NVDA,0.0,0.0,0.0,0.0,0.0,0.0,0.0,0.0,0.0,0.09242611410790909,219.0,85.0,42.0,92.0
2026-03-27,NVDA,0.0,0.0,0.0,0.0,0.0,0.0,0.0,0.0,0.0,0.02389343069754196,72.0,21.0,14.0,37.0
2026-03-30,NVDA,0.0,0.0,0.0,0.0,0.0,0.0,0.0,0.0,0.0,0.0,0.0,0.0,0.0,0.0
2026-03-31,NVDA,0.06327834998757964,147.0,44.0,35.0,68.0,0.8094798663035542,0.3169120642400923,0.25363371425251263,0.42945421872293055,0.021092783329193215,147.0,44.0,35.0,68.0
2026-04-01,NVDA,0.11770002238729314,74.0,25.0,19.0,30.0,0.7806356980188472,0.37721630455800204,0.2595162821707089,0.3632674153793502,0.0603261241249576,221.0,69.0,54.0,98.0
2026-04-02,NVDA,0.0,0.0,0.0,0.0,0.0,0.0,0.0,0.0,0.0,0.0603261241249576,221.0,69.0,54.0,98.0
2026-04-06,NVDA,0.04023912921547888,17.0,5.0,5.0,7.0,0.8260796525899101,0.33826861990725293,0.298029490691774,0.36370187669115905,0.05264638386759068,91.0,30.0,24.0,37.0
2026-04-07,NVDA,0.06970240242681862,153.0,52.0,44.0,57.0,0.8097674198010388,0.3534476617746834,0.28374525934786476,0.3628070832844945,0.036647177214099165,170.0,57.0,49.0,64.0
2026-04-08,NVDA,0.14367947234772147,50.0,18.0,12.0,20.0,0.8207699316740036,0.3904409875161946,0.24676151516847308,0.36279750395566224,0.08454033466333966,220.0,75.0,61.0,84.0
2026-04-09,NVDA,0.0,0.0,0.0,0.0,0.0,0.0,0.0,0.0,0.0,0.07112729159151336,203.0,70.0,56.0,77.0
2026-04-10,NVDA,0.0,0.0,0.0,0.0,0.0,0.0,0.0,0.0,0.0,0.04789315744924049,50.0,18.0,12.0,20.0
2026-04-13,NVDA,0.0,0.0,0.0,0.0,0.0,0.0,0.0,0.0,0.0,0.0,0.0,0.0,0.0,0.0
2026-04-14,NVDA,0.14298583459516137,151.0,45.0,31.0,75.0,0.7750574638511961,0.3418158681890526,0.19883003359389123,0.45935409840517094,0.04766194486505379,151.0,45.0,31.0,75.0
2026-04-15,NVDA,0.17602190971078854,63.0,29.0,14.0,20.0,0.8104773764572446,0.4072038337203954,0.23118192400960694,0.36161424861186076,0.10633591476864997,214.0,74.0,45.0,95.0
2026-04-16,NVDA,0.0,0.0,0.0,0.0,0.0,0.0,0.0,0.0,0.0,0.10633591476864997,214.0,74.0,45.0,95.0
2026-04-17,NVDA,0.0,0.0,0.0,0.0,0.0,0.0,0.0,0.0,0.0,0.05867396990359618,63.0,29.0,14.0,20.0
2026-04-20,NVDA,0.10031924856146081,52.0,21.0,16.0,15.0,0.8116509788311445,0.3962729752171211,0.29595372665566033,0.30777329571831685,0.033439749520486936,52.0,21.0,16.0,15.0
2026-04-21,NVDA,0.22238783185419284,133.0,47.0,19.0,67.0,0.8093274273818597,0.37705348489483936,0.15466565304064656,0.46828086066402885,0.10756902680521789,185.0,68.0,35.0,82.0
2026-04-22,NVDA,0.20520183042390272,40.0,12.0,4.0,24.0,0.772451712936163,0.32364132541697466,0.11843949499307196,0.5579191708005965,0.1759696369465188,225.0,80.0,39.0,106.0
2026-04-23,NVDA,0.0,0.0,0.0,0.0,0.0,0.0,0.0,0.0,0.0,0.14252988742603187,173.0,59.0,23.0,91.0
2026-04-24,NVDA,0.0,0.0,0.0,0.0,0.0,0.0,0.0,0.0,0.0,0.0684006101413009,40.0,12.0,4.0,24.0
2026-04-27,NVDA,-0.13987543770613578,13.0,3.0,5.0,5.0,0.7424425711998572,0.22003405505361462,0.3599094927597504,0.42005645082547116,-0.04662514590204527,13.0,3.0,5.0,5.0
2026-04-28,NVDA,0.025079879734740157,149.0,42.0,42.0,65.0,0.8121231380325036,0.3134950394023384,0.2884151596675983,0.3980898026676986,-0.03826518599046522,162.0,45.0,47.0,70.0
2026-04-29,NVDA,-0.08139887197874489,50.0,14.0,19.0,17.0,0.8628026503324508,0.29837622745893894,0.37977509943768384,0.3218486787006259,-0.06539814331671351,212.0,59.0,66.0,87.0
2026-04-30,NVDA,0.0,0.0,0.0,0.0,0.0,0.0,0.0,0.0,0.0,-0.018772997414668254,199.0,56.0,61.0,82.0
2026-05-01,NVDA,0.0,0.0,0.0,0.0,0.0,0.0,0.0,0.0,0.0,-0.027132957326248305,50.0,14.0,19.0,17.0
2026-05-04,NVDA,0.11845695449469182,13.0,6.0,4.0,3.0,0.7450430209820087,0.41541726657977474,0.2969603120850829,0.2876224206903806,0.0394856514982306,13.0,6.0,4.0,3.0
2026-05-05,NVDA,0.16131856540534523,153.0,59.0,40.0,54.0,0.806415679992414,0.39742657512706375,0.23610800972171853,0.36646542029784,0.09325850663334567,166.0,65.0,44.0,57.0
2026-05-06,NVDA,0.24005523256750572,54.0,24.0,10.0,20.0,0.7979369820268066,0.4362221447647446,0.19616691219723884,0.36761094253786186,0.17327691748918092,220.0,89.0,54.0,77.0
2026-05-07,NVDA,0.0,0.0,0.0,0.0,0.0,0.0,0.0,0.0,0.0,0.1337912659909503,207.0,83.0,50.0,74.0
2026-05-08,NVDA,0.0,0.0,0.0,0.0,0.0,0.0,0.0,0.0,0.0,0.08001841085583523,54.0,24.0,10.0,20.0
2026-05-11,NVDA,-0.0699521470814943,1.0,0.0,0.0,1.0,0.8870694041252136,0.0214892011135816,0.0914413481950759,0.8870694041252136,-0.02331738236049811,1.0,0.0,0.0,1.0
2026-05-12,NVDA,0.16910560260906718,152.0,56.0,29.0,67.0,0.814301296872528,0.3734124406657524,0.20430683805668526,0.4222807220710245,0.03305115184252428,153.0,56.0,29.0,68.0
2026-05-13,NVDA,0.03175688902182239,70.0,17.0,16.0,37.0,0.8210324985640389,0.28709656731890776,0.25533967829708537,0.45756375159003904,0.04363678151646508,223.0,73.0,45.0,105.0
2026-05-14,NVDA,0.0,0.0,0.0,0.0,0.0,0.0,0.0,0.0,0.0,0.06695416387696318,222.0,73.0,45.0,104.0
2026-05-15,NVDA,0.0,0.0,0.0,0.0,0.0,0.0,0.0,0.0,0.0,0.010585629673940786,70.0,17.0,16.0,37.0
2026-05-18,NVDA,0.0,0.0,0.0,0.0,0.0,0.0,0.0,0.0,0.0,0.0,0.0,0.0,0.0,0.0
2026-05-19,NVDA,0.014258941176433294,141.0,44.0,41.0,56.0,0.7995374312637545,0.3202732045513888,0.30601426337495546,0.3737125326846296,0.004752980392144422,141.0,44.0,41.0,56.0
2026-05-20,NVDA,-0.014408784636466856,71.0,18.0,21.0,32.0,0.8375101215402845,0.2811217449644816,0.29553052960094844,0.4233477274611802,-4.994782001119651e-05,212.0,62.0,62.0,88.0
2026-05-21,NVDA,0.0,0.0,0.0,0.0,0.0,0.0,0.0,0.0,0.0,-4.994782001119651e-05,212.0,62.0,62.0,88.0
2026-05-22,NVDA,0.0,0.0,0.0,0.0,0.0,0.0,0.0,0.0,0.0,-0.004802928212155628,71.0,18.0,21.0,32.0
2026-05-26,NVDA,0.13851879769280342,142.0,44.0,24.0,74.0,0.7958811681035539,0.32283452862847434,0.1843157309356709,0.4928497424493478,0.0461729325642678,142.0,44.0,24.0,74.0
2026-05-27,NVDA,0.24828550531610583,57.0,21.0,7.0,29.0,0.8207859187795404,0.4016178340667434,0.15333232875063751,0.4450498314149547,0.1289347676696364,199.0,65.0,31.0,103.0
2026-05-28,NVDA,0.0,0.0,0.0,0.0,0.0,0.0,0.0,0.0,0.0,0.1289347676696364,199.0,65.0,31.0,103.0
2026-05-29,NVDA,0.0,0.0,0.0,0.0,0.0,0.0,0.0,0.0,0.0,0.0827618351053686,57.0,21.0,7.0,29.0
2026-06-01,NVDA,0.0,0.0,0.0,0.0,0.0,0.0,0.0,0.0,0.0,0.0,0.0,0.0,0.0,0.0
2026-06-02,NVDA,0.14608870720490813,125.0,45.0,27.0,53.0,0.8140151088237763,0.37654393423348664,0.23045522702857849,0.3930008430033922,0.04869623573496937,125.0,45.0,27.0,53.0
2026-06-03,NVDA,0.29667809911685566,82.0,38.0,12.0,32.0,0.8298974978487667,0.46447644767737606,0.1677983485605204,0.3677251966124991,0.14758893544058793,207.0,83.0,39.0,85.0
2026-06-04,NVDA,0.0,0.0,0.0,0.0,0.0,0.0,0.0,0.0,0.0,0.1475889354405879,207.0,83.0,39.0,85.0
2026-06-05,NVDA,0.0,0.0,0.0,0.0,0.0,0.0,0.0,0.0,0.0,0.09889269970561854,82.0,38.0,12.0,32.0
2023-09-12,UNH,0.0,0.0,0.0,0.0,0.0,0.0,0.0,0.0,0.0,0.0,0.0,0.0,0.0,0.0
2023-09-13,UNH,0.0,0.0,0.0,0.0,0.0,0.0,0.0,0.0,0.0,0.0,0.0,0.0,0.0,0.0
2023-09-14,UNH,0.0,0.0,0.0,0.0,0.0,0.0,0.0,0.0,0.0,0.0,0.0,0.0,0.0,0.0
2023-09-15,UNH,0.0,0.0,0.0,0.0,0.0,0.0,0.0,0.0,0.0,0.0,0.0,0.0,0.0,0.0
2023-09-18,UNH,0.0,0.0,0.0,0.0,0.0,0.0,0.0,0.0,0.0,0.0,0.0,0.0,0.0,0.0
2023-09-19,UNH,0.0,0.0,0.0,0.0,0.0,0.0,0.0,0.0,0.0,0.0,0.0,0.0,0.0,0.0
2023-09-20,UNH,0.0,0.0,0.0,0.0,0.0,0.0,0.0,0.0,0.0,0.0,0.0,0.0,0.0,0.0
2023-09-21,UNH,0.0,0.0,0.0,0.0,0.0,0.0,0.0,0.0,0.0,0.0,0.0,0.0,0.0,0.0
2023-09-22,UNH,0.0,0.0,0.0,0.0,0.0,0.0,0.0,0.0,0.0,0.0,0.0,0.0,0.0,0.0
2023-09-25,UNH,0.0,0.0,0.0,0.0,0.0,0.0,0.0,0.0,0.0,0.0,0.0,0.0,0.0,0.0
2023-09-26,UNH,0.0,0.0,0.0,0.0,0.0,0.0,0.0,0.0,0.0,0.0,0.0,0.0,0.0,0.0
2023-09-27,UNH,0.0,0.0,0.0,0.0,0.0,0.0,0.0,0.0,0.0,0.0,0.0,0.0,0.0,0.0
2023-09-28,UNH,0.0,0.0,0.0,0.0,0.0,0.0,0.0,0.0,0.0,0.0,0.0,0.0,0.0,0.0
2023-09-29,UNH,0.0,0.0,0.0,0.0,0.0,0.0,0.0,0.0,0.0,0.0,0.0,0.0,0.0,0.0
2023-10-02,UNH,0.0,0.0,0.0,0.0,0.0,0.0,0.0,0.0,0.0,0.0,0.0,0.0,0.0,0.0
2023-10-03,UNH,0.0,0.0,0.0,0.0,0.0,0.0,0.0,0.0,0.0,0.0,0.0,0.0,0.0,0.0
2023-10-04,UNH,0.0,0.0,0.0,0.0,0.0,0.0,0.0,0.0,0.0,0.0,0.0,0.0,0.0,0.0
2023-10-05,UNH,0.0,0.0,0.0,0.0,0.0,0.0,0.0,0.0,0.0,0.0,0.0,0.0,0.0,0.0
2023-10-06,UNH,0.0,0.0,0.0,0.0,0.0,0.0,0.0,0.0,0.0,0.0,0.0,0.0,0.0,0.0
2023-10-09,UNH,0.0,0.0,0.0,0.0,0.0,0.0,0.0,0.0,0.0,0.0,0.0,0.0,0.0,0.0
2023-10-10,UNH,0.0,0.0,0.0,0.0,0.0,0.0,0.0,0.0,0.0,0.0,0.0,0.0,0.0,0.0
2023-10-11,UNH,0.0,0.0,0.0,0.0,0.0,0.0,0.0,0.0,0.0,0.0,0.0,0.0,0.0,0.0
2023-10-12,UNH,0.0,0.0,0.0,0.0,0.0,0.0,0.0,0.0,0.0,0.0,0.0,0.0,0.0,0.0
2023-10-13,UNH,0.0,0.0,0.0,0.0,0.0,0.0,0.0,0.0,0.0,0.0,0.0,0.0,0.0,0.0
2023-10-16,UNH,0.0,0.0,0.0,0.0,0.0,0.0,0.0,0.0,0.0,0.0,0.0,0.0,0.0,0.0
2023-10-17,UNH,0.0,0.0,0.0,0.0,0.0,0.0,0.0,0.0,0.0,0.0,0.0,0.0,0.0,0.0
2023-10-18,UNH,0.0,0.0,0.0,0.0,0.0,0.0,0.0,0.0,0.0,0.0,0.0,0.0,0.0,0.0
2023-10-19,UNH,0.0,0.0,0.0,0.0,0.0,0.0,0.0,0.0,0.0,0.0,0.0,0.0,0.0,0.0
2023-10-20,UNH,0.0,0.0,0.0,0.0,0.0,0.0,0.0,0.0,0.0,0.0,0.0,0.0,0.0,0.0
2023-10-23,UNH,0.0,0.0,0.0,0.0,0.0,0.0,0.0,0.0,0.0,0.0,0.0,0.0,0.0,0.0
2023-10-24,UNH,0.0,0.0,0.0,0.0,0.0,0.0,0.0,0.0,0.0,0.0,0.0,0.0,0.0,0.0
2023-10-25,UNH,0.0,0.0,0.0,0.0,0.0,0.0,0.0,0.0,0.0,0.0,0.0,0.0,0.0,0.0
2023-10-26,UNH,0.0,0.0,0.0,0.0,0.0,0.0,0.0,0.0,0.0,0.0,0.0,0.0,0.0,0.0
2023-10-27,UNH,0.0,0.0,0.0,0.0,0.0,0.0,0.0,0.0,0.0,0.0,0.0,0.0,0.0,0.0
2023-10-30,UNH,0.0,0.0,0.0,0.0,0.0,0.0,0.0,0.0,0.0,0.0,0.0,0.0,0.0,0.0
2023-10-31,UNH,0.0,0.0,0.0,0.0,0.0,0.0,0.0,0.0,0.0,0.0,0.0,0.0,0.0,0.0
2023-11-01,UNH,0.0,0.0,0.0,0.0,0.0,0.0,0.0,0.0,0.0,0.0,0.0,0.0,0.0,0.0
2023-11-02,UNH,0.0,0.0,0.0,0.0,0.0,0.0,0.0,0.0,0.0,0.0,0.0,0.0,0.0,0.0
2023-11-03,UNH,0.0,0.0,0.0,0.0,0.0,0.0,0.0,0.0,0.0,0.0,0.0,0.0,0.0,0.0
2023-11-06,UNH,0.0,0.0,0.0,0.0,0.0,0.0,0.0,0.0,0.0,0.0,0.0,0.0,0.0,0.0
2023-11-07,UNH,0.0,0.0,0.0,0.0,0.0,0.0,0.0,0.0,0.0,0.0,0.0,0.0,0.0,0.0
2023-11-08,UNH,0.0,0.0,0.0,0.0,0.0,0.0,0.0,0.0,0.0,0.0,0.0,0.0,0.0,0.0
2023-11-09,UNH,0.0,0.0,0.0,0.0,0.0,0.0,0.0,0.0,0.0,0.0,0.0,0.0,0.0,0.0
2023-11-10,UNH,0.0,0.0,0.0,0.0,0.0,0.0,0.0,0.0,0.0,0.0,0.0,0.0,0.0,0.0
2023-11-13,UNH,0.0,0.0,0.0,0.0,0.0,0.0,0.0,0.0,0.0,0.0,0.0,0.0,0.0,0.0
2023-11-14,UNH,0.0,0.0,0.0,0.0,0.0,0.0,0.0,0.0,0.0,0.0,0.0,0.0,0.0,0.0
2023-11-15,UNH,0.0,0.0,0.0,0.0,0.0,0.0,0.0,0.0,0.0,0.0,0.0,0.0,0.0,0.0
2023-11-16,UNH,0.0,0.0,0.0,0.0,0.0,0.0,0.0,0.0,0.0,0.0,0.0,0.0,0.0,0.0
2023-11-17,UNH,0.0,0.0,0.0,0.0,0.0,0.0,0.0,0.0,0.0,0.0,0.0,0.0,0.0,0.0
2023-11-20,UNH,0.0,0.0,0.0,0.0,0.0,0.0,0.0,0.0,0.0,0.0,0.0,0.0,0.0,0.0
2023-11-21,UNH,0.0,0.0,0.0,0.0,0.0,0.0,0.0,0.0,0.0,0.0,0.0,0.0,0.0,0.0
2023-11-22,UNH,0.0,0.0,0.0,0.0,0.0,0.0,0.0,0.0,0.0,0.0,0.0,0.0,0.0,0.0
2023-11-24,UNH,0.0,0.0,0.0,0.0,0.0,0.0,0.0,0.0,0.0,0.0,0.0,0.0,0.0,0.0
2023-11-27,UNH,0.0,0.0,0.0,0.0,0.0,0.0,0.0,0.0,0.0,0.0,0.0,0.0,0.0,0.0
2023-11-28,UNH,0.0,0.0,0.0,0.0,0.0,0.0,0.0,0.0,0.0,0.0,0.0,0.0,0.0,0.0
2023-11-29,UNH,0.0,0.0,0.0,0.0,0.0,0.0,0.0,0.0,0.0,0.0,0.0,0.0,0.0,0.0
2023-11-30,UNH,0.0,0.0,0.0,0.0,0.0,0.0,0.0,0.0,0.0,0.0,0.0,0.0,0.0,0.0
2023-12-01,UNH,0.0,0.0,0.0,0.0,0.0,0.0,0.0,0.0,0.0,0.0,0.0,0.0,0.0,0.0
2023-12-04,UNH,0.0,0.0,0.0,0.0,0.0,0.0,0.0,0.0,0.0,0.0,0.0,0.0,0.0,0.0
2023-12-05,UNH,0.0,0.0,0.0,0.0,0.0,0.0,0.0,0.0,0.0,0.0,0.0,0.0,0.0,0.0
2023-12-06,UNH,0.0,0.0,0.0,0.0,0.0,0.0,0.0,0.0,0.0,0.0,0.0,0.0,0.0,0.0
2023-12-07,UNH,0.0,0.0,0.0,0.0,0.0,0.0,0.0,0.0,0.0,0.0,0.0,0.0,0.0,0.0
2023-12-08,UNH,0.0,0.0,0.0,0.0,0.0,0.0,0.0,0.0,0.0,0.0,0.0,0.0,0.0,0.0
2023-12-11,UNH,0.0,0.0,0.0,0.0,0.0,0.0,0.0,0.0,0.0,0.0,0.0,0.0,0.0,0.0
2023-12-12,UNH,0.0,0.0,0.0,0.0,0.0,0.0,0.0,0.0,0.0,0.0,0.0,0.0,0.0,0.0
2023-12-13,UNH,0.0,0.0,0.0,0.0,0.0,0.0,0.0,0.0,0.0,0.0,0.0,0.0,0.0,0.0
2023-12-14,UNH,0.0,0.0,0.0,0.0,0.0,0.0,0.0,0.0,0.0,0.0,0.0,0.0,0.0,0.0
2023-12-15,UNH,0.0,0.0,0.0,0.0,0.0,0.0,0.0,0.0,0.0,0.0,0.0,0.0,0.0,0.0
2023-12-18,UNH,0.0,0.0,0.0,0.0,0.0,0.0,0.0,0.0,0.0,0.0,0.0,0.0,0.0,0.0
2023-12-19,UNH,0.0,0.0,0.0,0.0,0.0,0.0,0.0,0.0,0.0,0.0,0.0,0.0,0.0,0.0
2023-12-20,UNH,0.0,0.0,0.0,0.0,0.0,0.0,0.0,0.0,0.0,0.0,0.0,0.0,0.0,0.0
2023-12-21,UNH,0.0,0.0,0.0,0.0,0.0,0.0,0.0,0.0,0.0,0.0,0.0,0.0,0.0,0.0
2023-12-22,UNH,0.0,0.0,0.0,0.0,0.0,0.0,0.0,0.0,0.0,0.0,0.0,0.0,0.0,0.0
2023-12-26,UNH,0.0,0.0,0.0,0.0,0.0,0.0,0.0,0.0,0.0,0.0,0.0,0.0,0.0,0.0
2023-12-27,UNH,0.0,0.0,0.0,0.0,0.0,0.0,0.0,0.0,0.0,0.0,0.0,0.0,0.0,0.0
2023-12-28,UNH,0.0,0.0,0.0,0.0,0.0,0.0,0.0,0.0,0.0,0.0,0.0,0.0,0.0,0.0
2023-12-29,UNH,0.0,0.0,0.0,0.0,0.0,0.0,0.0,0.0,0.0,0.0,0.0,0.0,0.0,0.0
2024-01-02,UNH,0.0,0.0,0.0,0.0,0.0,0.0,0.0,0.0,0.0,0.0,0.0,0.0,0.0,0.0
2024-01-03,UNH,0.0,0.0,0.0,0.0,0.0,0.0,0.0,0.0,0.0,0.0,0.0,0.0,0.0,0.0
2024-01-04,UNH,0.0,0.0,0.0,0.0,0.0,0.0,0.0,0.0,0.0,0.0,0.0,0.0,0.0,0.0
2024-01-05,UNH,0.0,0.0,0.0,0.0,0.0,0.0,0.0,0.0,0.0,0.0,0.0,0.0,0.0,0.0
2024-01-08,UNH,0.0,0.0,0.0,0.0,0.0,0.0,0.0,0.0,0.0,0.0,0.0,0.0,0.0,0.0
2024-01-09,UNH,0.0,0.0,0.0,0.0,0.0,0.0,0.0,0.0,0.0,0.0,0.0,0.0,0.0,0.0
2024-01-10,UNH,0.0,0.0,0.0,0.0,0.0,0.0,0.0,0.0,0.0,0.0,0.0,0.0,0.0,0.0
2024-01-11,UNH,0.0,0.0,0.0,0.0,0.0,0.0,0.0,0.0,0.0,0.0,0.0,0.0,0.0,0.0
2024-01-12,UNH,0.0,0.0,0.0,0.0,0.0,0.0,0.0,0.0,0.0,0.0,0.0,0.0,0.0,0.0
2024-01-16,UNH,0.0,0.0,0.0,0.0,0.0,0.0,0.0,0.0,0.0,0.0,0.0,0.0,0.0,0.0
2024-01-17,UNH,0.0,0.0,0.0,0.0,0.0,0.0,0.0,0.0,0.0,0.0,0.0,0.0,0.0,0.0
2024-01-18,UNH,0.0,0.0,0.0,0.0,0.0,0.0,0.0,0.0,0.0,0.0,0.0,0.0,0.0,0.0
2024-01-19,UNH,0.0,0.0,0.0,0.0,0.0,0.0,0.0,0.0,0.0,0.0,0.0,0.0,0.0,0.0
2024-01-22,UNH,0.0,0.0,0.0,0.0,0.0,0.0,0.0,0.0,0.0,0.0,0.0,0.0,0.0,0.0
2024-01-23,UNH,0.0,0.0,0.0,0.0,0.0,0.0,0.0,0.0,0.0,0.0,0.0,0.0,0.0,0.0
2024-01-24,UNH,0.0,0.0,0.0,0.0,0.0,0.0,0.0,0.0,0.0,0.0,0.0,0.0,0.0,0.0
2024-01-25,UNH,0.0,0.0,0.0,0.0,0.0,0.0,0.0,0.0,0.0,0.0,0.0,0.0,0.0,0.0
2024-01-26,UNH,0.0,0.0,0.0,0.0,0.0,0.0,0.0,0.0,0.0,0.0,0.0,0.0,0.0,0.0
2024-01-29,UNH,0.0,0.0,0.0,0.0,0.0,0.0,0.0,0.0,0.0,0.0,0.0,0.0,0.0,0.0
2024-01-30,UNH,0.0,0.0,0.0,0.0,0.0,0.0,0.0,0.0,0.0,0.0,0.0,0.0,0.0,0.0
2024-01-31,UNH,0.0,0.0,0.0,0.0,0.0,0.0,0.0,0.0,0.0,0.0,0.0,0.0,0.0,0.0
2024-02-01,UNH,0.0,0.0,0.0,0.0,0.0,0.0,0.0,0.0,0.0,0.0,0.0,0.0,0.0,0.0
2024-02-02,UNH,0.0,0.0,0.0,0.0,0.0,0.0,0.0,0.0,0.0,0.0,0.0,0.0,0.0,0.0
2024-02-05,UNH,0.0,0.0,0.0,0.0,0.0,0.0,0.0,0.0,0.0,0.0,0.0,0.0,0.0,0.0
2024-02-06,UNH,0.0,0.0,0.0,0.0,0.0,0.0,0.0,0.0,0.0,0.0,0.0,0.0,0.0,0.0
2024-02-07,UNH,0.0,0.0,0.0,0.0,0.0,0.0,0.0,0.0,0.0,0.0,0.0,0.0,0.0,0.0
2024-02-08,UNH,0.0,0.0,0.0,0.0,0.0,0.0,0.0,0.0,0.0,0.0,0.0,0.0,0.0,0.0
2024-02-09,UNH,0.0,0.0,0.0,0.0,0.0,0.0,0.0,0.0,0.0,0.0,0.0,0.0,0.0,0.0
2024-02-12,UNH,0.0,0.0,0.0,0.0,0.0,0.0,0.0,0.0,0.0,0.0,0.0,0.0,0.0,0.0
2024-02-13,UNH,0.0,0.0,0.0,0.0,0.0,0.0,0.0,0.0,0.0,0.0,0.0,0.0,0.0,0.0
2024-02-14,UNH,0.0,0.0,0.0,0.0,0.0,0.0,0.0,0.0,0.0,0.0,0.0,0.0,0.0,0.0
2024-02-15,UNH,0.0,0.0,0.0,0.0,0.0,0.0,0.0,0.0,0.0,0.0,0.0,0.0,0.0,0.0
2024-02-16,UNH,0.0,0.0,0.0,0.0,0.0,0.0,0.0,0.0,0.0,0.0,0.0,0.0,0.0,0.0
2024-02-20,UNH,0.0,0.0,0.0,0.0,0.0,0.0,0.0,0.0,0.0,0.0,0.0,0.0,0.0,0.0
2024-02-21,UNH,0.0,0.0,0.0,0.0,0.0,0.0,0.0,0.0,0.0,0.0,0.0,0.0,0.0,0.0
2024-02-22,UNH,0.0,0.0,0.0,0.0,0.0,0.0,0.0,0.0,0.0,0.0,0.0,0.0,0.0,0.0
2024-02-23,UNH,0.0,0.0,0.0,0.0,0.0,0.0,0.0,0.0,0.0,0.0,0.0,0.0,0.0,0.0
2024-02-26,UNH,0.0,0.0,0.0,0.0,0.0,0.0,0.0,0.0,0.0,0.0,0.0,0.0,0.0,0.0
2024-02-27,UNH,0.0,0.0,0.0,0.0,0.0,0.0,0.0,0.0,0.0,0.0,0.0,0.0,0.0,0.0
2024-02-28,UNH,0.0,0.0,0.0,0.0,0.0,0.0,0.0,0.0,0.0,0.0,0.0,0.0,0.0,0.0
2024-02-29,UNH,0.0,0.0,0.0,0.0,0.0,0.0,0.0,0.0,0.0,0.0,0.0,0.0,0.0,0.0
2024-03-01,UNH,0.0,0.0,0.0,0.0,0.0,0.0,0.0,0.0,0.0,0.0,0.0,0.0,0.0,0.0
2024-03-04,UNH,0.0,0.0,0.0,0.0,0.0,0.0,0.0,0.0,0.0,0.0,0.0,0.0,0.0,0.0
2024-03-05,UNH,0.0,0.0,0.0,0.0,0.0,0.0,0.0,0.0,0.0,0.0,0.0,0.0,0.0,0.0
2024-03-06,UNH,0.0,0.0,0.0,0.0,0.0,0.0,0.0,0.0,0.0,0.0,0.0,0.0,0.0,0.0
2024-03-07,UNH,0.0,0.0,0.0,0.0,0.0,0.0,0.0,0.0,0.0,0.0,0.0,0.0,0.0,0.0
2024-03-08,UNH,0.0,0.0,0.0,0.0,0.0,0.0,0.0,0.0,0.0,0.0,0.0,0.0,0.0,0.0
2024-03-11,UNH,0.0,0.0,0.0,0.0,0.0,0.0,0.0,0.0,0.0,0.0,0.0,0.0,0.0,0.0
2024-03-12,UNH,0.0,0.0,0.0,0.0,0.0,0.0,0.0,0.0,0.0,0.0,0.0,0.0,0.0,0.0
2024-03-13,UNH,0.0,0.0,0.0,0.0,0.0,0.0,0.0,0.0,0.0,0.0,0.0,0.0,0.0,0.0
2024-03-14,UNH,0.0,0.0,0.0,0.0,0.0,0.0,0.0,0.0,0.0,0.0,0.0,0.0,0.0,0.0
2024-03-15,UNH,0.0,0.0,0.0,0.0,0.0,0.0,0.0,0.0,0.0,0.0,0.0,0.0,0.0,0.0
2024-03-18,UNH,0.0,0.0,0.0,0.0,0.0,0.0,0.0,0.0,0.0,0.0,0.0,0.0,0.0,0.0
2024-03-19,UNH,0.0,0.0,0.0,0.0,0.0,0.0,0.0,0.0,0.0,0.0,0.0,0.0,0.0,0.0
2024-03-20,UNH,0.0,0.0,0.0,0.0,0.0,0.0,0.0,0.0,0.0,0.0,0.0,0.0,0.0,0.0
2024-03-21,UNH,0.0,0.0,0.0,0.0,0.0,0.0,0.0,0.0,0.0,0.0,0.0,0.0,0.0,0.0
2024-03-22,UNH,0.0,0.0,0.0,0.0,0.0,0.0,0.0,0.0,0.0,0.0,0.0,0.0,0.0,0.0
2024-03-25,UNH,0.0,0.0,0.0,0.0,0.0,0.0,0.0,0.0,0.0,0.0,0.0,0.0,0.0,0.0
2024-03-26,UNH,0.0,0.0,0.0,0.0,0.0,0.0,0.0,0.0,0.0,0.0,0.0,0.0,0.0,0.0
2024-03-27,UNH,0.0,0.0,0.0,0.0,0.0,0.0,0.0,0.0,0.0,0.0,0.0,0.0,0.0,0.0
2024-03-28,UNH,0.0,0.0,0.0,0.0,0.0,0.0,0.0,0.0,0.0,0.0,0.0,0.0,0.0,0.0
2024-04-01,UNH,0.0,0.0,0.0,0.0,0.0,0.0,0.0,0.0,0.0,0.0,0.0,0.0,0.0,0.0
2024-04-02,UNH,0.0,0.0,0.0,0.0,0.0,0.0,0.0,0.0,0.0,0.0,0.0,0.0,0.0,0.0
2024-04-03,UNH,0.0,0.0,0.0,0.0,0.0,0.0,0.0,0.0,0.0,0.0,0.0,0.0,0.0,0.0
2024-04-04,UNH,0.0,0.0,0.0,0.0,0.0,0.0,0.0,0.0,0.0,0.0,0.0,0.0,0.0,0.0
2024-04-05,UNH,0.0,0.0,0.0,0.0,0.0,0.0,0.0,0.0,0.0,0.0,0.0,0.0,0.0,0.0
2024-04-08,UNH,0.0,0.0,0.0,0.0,0.0,0.0,0.0,0.0,0.0,0.0,0.0,0.0,0.0,0.0
2024-04-09,UNH,0.0,0.0,0.0,0.0,0.0,0.0,0.0,0.0,0.0,0.0,0.0,0.0,0.0,0.0
2024-04-10,UNH,0.0,0.0,0.0,0.0,0.0,0.0,0.0,0.0,0.0,0.0,0.0,0.0,0.0,0.0
2024-04-11,UNH,0.0,0.0,0.0,0.0,0.0,0.0,0.0,0.0,0.0,0.0,0.0,0.0,0.0,0.0
2024-04-12,UNH,0.0,0.0,0.0,0.0,0.0,0.0,0.0,0.0,0.0,0.0,0.0,0.0,0.0,0.0
2024-04-15,UNH,0.0,0.0,0.0,0.0,0.0,0.0,0.0,0.0,0.0,0.0,0.0,0.0,0.0,0.0
2024-04-16,UNH,0.0,0.0,0.0,0.0,0.0,0.0,0.0,0.0,0.0,0.0,0.0,0.0,0.0,0.0
2024-04-17,UNH,0.0,0.0,0.0,0.0,0.0,0.0,0.0,0.0,0.0,0.0,0.0,0.0,0.0,0.0
2024-04-18,UNH,0.0,0.0,0.0,0.0,0.0,0.0,0.0,0.0,0.0,0.0,0.0,0.0,0.0,0.0
2024-04-19,UNH,0.0,0.0,0.0,0.0,0.0,0.0,0.0,0.0,0.0,0.0,0.0,0.0,0.0,0.0
2024-04-22,UNH,0.0,0.0,0.0,0.0,0.0,0.0,0.0,0.0,0.0,0.0,0.0,0.0,0.0,0.0
2024-04-23,UNH,0.0,0.0,0.0,0.0,0.0,0.0,0.0,0.0,0.0,0.0,0.0,0.0,0.0,0.0
2024-04-24,UNH,0.0,0.0,0.0,0.0,0.0,0.0,0.0,0.0,0.0,0.0,0.0,0.0,0.0,0.0
2024-04-25,UNH,0.0,0.0,0.0,0.0,0.0,0.0,0.0,0.0,0.0,0.0,0.0,0.0,0.0,0.0
2024-04-26,UNH,0.0,0.0,0.0,0.0,0.0,0.0,0.0,0.0,0.0,0.0,0.0,0.0,0.0,0.0
2024-04-29,UNH,0.0,0.0,0.0,0.0,0.0,0.0,0.0,0.0,0.0,0.0,0.0,0.0,0.0,0.0
2024-04-30,UNH,0.0,0.0,0.0,0.0,0.0,0.0,0.0,0.0,0.0,0.0,0.0,0.0,0.0,0.0
2024-05-01,UNH,0.0,0.0,0.0,0.0,0.0,0.0,0.0,0.0,0.0,0.0,0.0,0.0,0.0,0.0
2024-05-02,UNH,0.0,0.0,0.0,0.0,0.0,0.0,0.0,0.0,0.0,0.0,0.0,0.0,0.0,0.0
2024-05-03,UNH,0.0,0.0,0.0,0.0,0.0,0.0,0.0,0.0,0.0,0.0,0.0,0.0,0.0,0.0
2024-05-06,UNH,0.0,0.0,0.0,0.0,0.0,0.0,0.0,0.0,0.0,0.0,0.0,0.0,0.0,0.0
2024-05-07,UNH,0.0,0.0,0.0,0.0,0.0,0.0,0.0,0.0,0.0,0.0,0.0,0.0,0.0,0.0
2024-05-08,UNH,0.0,0.0,0.0,0.0,0.0,0.0,0.0,0.0,0.0,0.0,0.0,0.0,0.0,0.0
2024-05-09,UNH,0.0,0.0,0.0,0.0,0.0,0.0,0.0,0.0,0.0,0.0,0.0,0.0,0.0,0.0
2024-05-10,UNH,0.0,0.0,0.0,0.0,0.0,0.0,0.0,0.0,0.0,0.0,0.0,0.0,0.0,0.0
2024-05-13,UNH,0.0,0.0,0.0,0.0,0.0,0.0,0.0,0.0,0.0,0.0,0.0,0.0,0.0,0.0
2024-05-14,UNH,0.0,0.0,0.0,0.0,0.0,0.0,0.0,0.0,0.0,0.0,0.0,0.0,0.0,0.0
2024-05-15,UNH,0.0,0.0,0.0,0.0,0.0,0.0,0.0,0.0,0.0,0.0,0.0,0.0,0.0,0.0
2024-05-16,UNH,0.0,0.0,0.0,0.0,0.0,0.0,0.0,0.0,0.0,0.0,0.0,0.0,0.0,0.0
2024-05-17,UNH,0.0,0.0,0.0,0.0,0.0,0.0,0.0,0.0,0.0,0.0,0.0,0.0,0.0,0.0
2024-05-20,UNH,0.0,0.0,0.0,0.0,0.0,0.0,0.0,0.0,0.0,0.0,0.0,0.0,0.0,0.0
2024-05-21,UNH,0.0,0.0,0.0,0.0,0.0,0.0,0.0,0.0,0.0,0.0,0.0,0.0,0.0,0.0
2024-05-22,UNH,0.0,0.0,0.0,0.0,0.0,0.0,0.0,0.0,0.0,0.0,0.0,0.0,0.0,0.0
2024-05-23,UNH,0.0,0.0,0.0,0.0,0.0,0.0,0.0,0.0,0.0,0.0,0.0,0.0,0.0,0.0
2024-05-24,UNH,0.0,0.0,0.0,0.0,0.0,0.0,0.0,0.0,0.0,0.0,0.0,0.0,0.0,0.0
2024-05-28,UNH,0.0,0.0,0.0,0.0,0.0,0.0,0.0,0.0,0.0,0.0,0.0,0.0,0.0,0.0
2024-05-29,UNH,0.0,0.0,0.0,0.0,0.0,0.0,0.0,0.0,0.0,0.0,0.0,0.0,0.0,0.0
2024-05-30,UNH,0.0,0.0,0.0,0.0,0.0,0.0,0.0,0.0,0.0,0.0,0.0,0.0,0.0,0.0
2024-05-31,UNH,0.0,0.0,0.0,0.0,0.0,0.0,0.0,0.0,0.0,0.0,0.0,0.0,0.0,0.0
2024-06-03,UNH,0.0,0.0,0.0,0.0,0.0,0.0,0.0,0.0,0.0,0.0,0.0,0.0,0.0,0.0
2024-06-04,UNH,0.0,0.0,0.0,0.0,0.0,0.0,0.0,0.0,0.0,0.0,0.0,0.0,0.0,0.0
2024-06-05,UNH,0.0,0.0,0.0,0.0,0.0,0.0,0.0,0.0,0.0,0.0,0.0,0.0,0.0,0.0
2024-06-06,UNH,0.0,0.0,0.0,0.0,0.0,0.0,0.0,0.0,0.0,0.0,0.0,0.0,0.0,0.0
2024-06-07,UNH,0.0,0.0,0.0,0.0,0.0,0.0,0.0,0.0,0.0,0.0,0.0,0.0,0.0,0.0
2024-06-10,UNH,0.0,0.0,0.0,0.0,0.0,0.0,0.0,0.0,0.0,0.0,0.0,0.0,0.0,0.0
2024-06-11,UNH,0.0,0.0,0.0,0.0,0.0,0.0,0.0,0.0,0.0,0.0,0.0,0.0,0.0,0.0
2024-06-12,UNH,0.0,0.0,0.0,0.0,0.0,0.0,0.0,0.0,0.0,0.0,0.0,0.0,0.0,0.0
2024-06-13,UNH,0.0,0.0,0.0,0.0,0.0,0.0,0.0,0.0,0.0,0.0,0.0,0.0,0.0,0.0
2024-06-14,UNH,0.0,0.0,0.0,0.0,0.0,0.0,0.0,0.0,0.0,0.0,0.0,0.0,0.0,0.0
2024-06-17,UNH,0.0,0.0,0.0,0.0,0.0,0.0,0.0,0.0,0.0,0.0,0.0,0.0,0.0,0.0
2024-06-18,UNH,0.0,0.0,0.0,0.0,0.0,0.0,0.0,0.0,0.0,0.0,0.0,0.0,0.0,0.0
2024-06-20,UNH,0.0,0.0,0.0,0.0,0.0,0.0,0.0,0.0,0.0,0.0,0.0,0.0,0.0,0.0
2024-06-21,UNH,0.0,0.0,0.0,0.0,0.0,0.0,0.0,0.0,0.0,0.0,0.0,0.0,0.0,0.0
2024-06-24,UNH,0.0,0.0,0.0,0.0,0.0,0.0,0.0,0.0,0.0,0.0,0.0,0.0,0.0,0.0
2024-06-25,UNH,0.0,0.0,0.0,0.0,0.0,0.0,0.0,0.0,0.0,0.0,0.0,0.0,0.0,0.0
2024-06-26,UNH,0.0,0.0,0.0,0.0,0.0,0.0,0.0,0.0,0.0,0.0,0.0,0.0,0.0,0.0
2024-06-27,UNH,0.0,0.0,0.0,0.0,0.0,0.0,0.0,0.0,0.0,0.0,0.0,0.0,0.0,0.0
2024-06-28,UNH,0.0,0.0,0.0,0.0,0.0,0.0,0.0,0.0,0.0,0.0,0.0,0.0,0.0,0.0
2024-07-01,UNH,0.0,0.0,0.0,0.0,0.0,0.0,0.0,0.0,0.0,0.0,0.0,0.0,0.0,0.0
2024-07-02,UNH,0.0,0.0,0.0,0.0,0.0,0.0,0.0,0.0,0.0,0.0,0.0,0.0,0.0,0.0
2024-07-03,UNH,0.0,0.0,0.0,0.0,0.0,0.0,0.0,0.0,0.0,0.0,0.0,0.0,0.0,0.0
2024-07-05,UNH,0.0,0.0,0.0,0.0,0.0,0.0,0.0,0.0,0.0,0.0,0.0,0.0,0.0,0.0
2024-07-08,UNH,0.0,0.0,0.0,0.0,0.0,0.0,0.0,0.0,0.0,0.0,0.0,0.0,0.0,0.0
2024-07-09,UNH,0.0,0.0,0.0,0.0,0.0,0.0,0.0,0.0,0.0,0.0,0.0,0.0,0.0,0.0
2024-07-10,UNH,0.0,0.0,0.0,0.0,0.0,0.0,0.0,0.0,0.0,0.0,0.0,0.0,0.0,0.0
2024-07-11,UNH,0.0,0.0,0.0,0.0,0.0,0.0,0.0,0.0,0.0,0.0,0.0,0.0,0.0,0.0
2024-07-12,UNH,0.0,0.0,0.0,0.0,0.0,0.0,0.0,0.0,0.0,0.0,0.0,0.0,0.0,0.0
2024-07-15,UNH,0.0,0.0,0.0,0.0,0.0,0.0,0.0,0.0,0.0,0.0,0.0,0.0,0.0,0.0
2024-07-16,UNH,0.0,0.0,0.0,0.0,0.0,0.0,0.0,0.0,0.0,0.0,0.0,0.0,0.0,0.0
2024-07-17,UNH,0.0,0.0,0.0,0.0,0.0,0.0,0.0,0.0,0.0,0.0,0.0,0.0,0.0,0.0
2024-07-18,UNH,0.0,0.0,0.0,0.0,0.0,0.0,0.0,0.0,0.0,0.0,0.0,0.0,0.0,0.0
2024-07-19,UNH,0.0,0.0,0.0,0.0,0.0,0.0,0.0,0.0,0.0,0.0,0.0,0.0,0.0,0.0
2024-07-22,UNH,0.0,0.0,0.0,0.0,0.0,0.0,0.0,0.0,0.0,0.0,0.0,0.0,0.0,0.0
2024-07-23,UNH,0.0,0.0,0.0,0.0,0.0,0.0,0.0,0.0,0.0,0.0,0.0,0.0,0.0,0.0
2024-07-24,UNH,0.0,0.0,0.0,0.0,0.0,0.0,0.0,0.0,0.0,0.0,0.0,0.0,0.0,0.0
2024-07-25,UNH,0.0,0.0,0.0,0.0,0.0,0.0,0.0,0.0,0.0,0.0,0.0,0.0,0.0,0.0
2024-07-26,UNH,0.0,0.0,0.0,0.0,0.0,0.0,0.0,0.0,0.0,0.0,0.0,0.0,0.0,0.0
2024-07-29,UNH,0.0,0.0,0.0,0.0,0.0,0.0,0.0,0.0,0.0,0.0,0.0,0.0,0.0,0.0
2024-07-30,UNH,0.0,0.0,0.0,0.0,0.0,0.0,0.0,0.0,0.0,0.0,0.0,0.0,0.0,0.0
2024-07-31,UNH,0.0,0.0,0.0,0.0,0.0,0.0,0.0,0.0,0.0,0.0,0.0,0.0,0.0,0.0
2024-08-01,UNH,0.0,0.0,0.0,0.0,0.0,0.0,0.0,0.0,0.0,0.0,0.0,0.0,0.0,0.0
2024-08-02,UNH,0.0,0.0,0.0,0.0,0.0,0.0,0.0,0.0,0.0,0.0,0.0,0.0,0.0,0.0
2024-08-05,UNH,0.0,0.0,0.0,0.0,0.0,0.0,0.0,0.0,0.0,0.0,0.0,0.0,0.0,0.0
2024-08-06,UNH,0.0,0.0,0.0,0.0,0.0,0.0,0.0,0.0,0.0,0.0,0.0,0.0,0.0,0.0
2024-08-07,UNH,0.0,0.0,0.0,0.0,0.0,0.0,0.0,0.0,0.0,0.0,0.0,0.0,0.0,0.0
2024-08-08,UNH,0.0,0.0,0.0,0.0,0.0,0.0,0.0,0.0,0.0,0.0,0.0,0.0,0.0,0.0
2024-08-09,UNH,0.0,0.0,0.0,0.0,0.0,0.0,0.0,0.0,0.0,0.0,0.0,0.0,0.0,0.0
2024-08-12,UNH,0.0,0.0,0.0,0.0,0.0,0.0,0.0,0.0,0.0,0.0,0.0,0.0,0.0,0.0
2024-08-13,UNH,0.0,0.0,0.0,0.0,0.0,0.0,0.0,0.0,0.0,0.0,0.0,0.0,0.0,0.0
2024-08-14,UNH,0.0,0.0,0.0,0.0,0.0,0.0,0.0,0.0,0.0,0.0,0.0,0.0,0.0,0.0
2024-08-15,UNH,0.0,0.0,0.0,0.0,0.0,0.0,0.0,0.0,0.0,0.0,0.0,0.0,0.0,0.0
2024-08-16,UNH,0.0,0.0,0.0,0.0,0.0,0.0,0.0,0.0,0.0,0.0,0.0,0.0,0.0,0.0
2024-08-19,UNH,0.0,0.0,0.0,0.0,0.0,0.0,0.0,0.0,0.0,0.0,0.0,0.0,0.0,0.0
2024-08-20,UNH,0.0,0.0,0.0,0.0,0.0,0.0,0.0,0.0,0.0,0.0,0.0,0.0,0.0,0.0
2024-08-21,UNH,0.0,0.0,0.0,0.0,0.0,0.0,0.0,0.0,0.0,0.0,0.0,0.0,0.0,0.0
2024-08-22,UNH,0.0,0.0,0.0,0.0,0.0,0.0,0.0,0.0,0.0,0.0,0.0,0.0,0.0,0.0
2024-08-23,UNH,0.0,0.0,0.0,0.0,0.0,0.0,0.0,0.0,0.0,0.0,0.0,0.0,0.0,0.0
2024-08-26,UNH,0.0,0.0,0.0,0.0,0.0,0.0,0.0,0.0,0.0,0.0,0.0,0.0,0.0,0.0
2024-08-27,UNH,0.0,0.0,0.0,0.0,0.0,0.0,0.0,0.0,0.0,0.0,0.0,0.0,0.0,0.0
2024-08-28,UNH,0.0,0.0,0.0,0.0,0.0,0.0,0.0,0.0,0.0,0.0,0.0,0.0,0.0,0.0
2024-08-29,UNH,0.0,0.0,0.0,0.0,0.0,0.0,0.0,0.0,0.0,0.0,0.0,0.0,0.0,0.0
2024-08-30,UNH,0.0,0.0,0.0,0.0,0.0,0.0,0.0,0.0,0.0,0.0,0.0,0.0,0.0,0.0
2024-09-03,UNH,0.0,0.0,0.0,0.0,0.0,0.0,0.0,0.0,0.0,0.0,0.0,0.0,0.0,0.0
2024-09-04,UNH,0.0,0.0,0.0,0.0,0.0,0.0,0.0,0.0,0.0,0.0,0.0,0.0,0.0,0.0
2024-09-05,UNH,0.0,0.0,0.0,0.0,0.0,0.0,0.0,0.0,0.0,0.0,0.0,0.0,0.0,0.0
2024-09-06,UNH,0.0,0.0,0.0,0.0,0.0,0.0,0.0,0.0,0.0,0.0,0.0,0.0,0.0,0.0
2024-09-09,UNH,0.0,0.0,0.0,0.0,0.0,0.0,0.0,0.0,0.0,0.0,0.0,0.0,0.0,0.0
2024-09-10,UNH,0.0,0.0,0.0,0.0,0.0,0.0,0.0,0.0,0.0,0.0,0.0,0.0,0.0,0.0
2024-09-11,UNH,0.0,0.0,0.0,0.0,0.0,0.0,0.0,0.0,0.0,0.0,0.0,0.0,0.0,0.0
2024-09-12,UNH,0.0,0.0,0.0,0.0,0.0,0.0,0.0,0.0,0.0,0.0,0.0,0.0,0.0,0.0
2024-09-13,UNH,0.0,0.0,0.0,0.0,0.0,0.0,0.0,0.0,0.0,0.0,0.0,0.0,0.0,0.0
2024-09-16,UNH,0.0,0.0,0.0,0.0,0.0,0.0,0.0,0.0,0.0,0.0,0.0,0.0,0.0,0.0
2024-09-17,UNH,0.0,0.0,0.0,0.0,0.0,0.0,0.0,0.0,0.0,0.0,0.0,0.0,0.0,0.0
2024-09-18,UNH,0.0,0.0,0.0,0.0,0.0,0.0,0.0,0.0,0.0,0.0,0.0,0.0,0.0,0.0
2024-09-19,UNH,0.0,0.0,0.0,0.0,0.0,0.0,0.0,0.0,0.0,0.0,0.0,0.0,0.0,0.0
2024-09-20,UNH,0.0,0.0,0.0,0.0,0.0,0.0,0.0,0.0,0.0,0.0,0.0,0.0,0.0,0.0
2024-09-23,UNH,0.0,0.0,0.0,0.0,0.0,0.0,0.0,0.0,0.0,0.0,0.0,0.0,0.0,0.0
2024-09-24,UNH,0.0,0.0,0.0,0.0,0.0,0.0,0.0,0.0,0.0,0.0,0.0,0.0,0.0,0.0
2024-09-25,UNH,0.0,0.0,0.0,0.0,0.0,0.0,0.0,0.0,0.0,0.0,0.0,0.0,0.0,0.0
2024-09-26,UNH,0.0,0.0,0.0,0.0,0.0,0.0,0.0,0.0,0.0,0.0,0.0,0.0,0.0,0.0
2024-09-27,UNH,0.0,0.0,0.0,0.0,0.0,0.0,0.0,0.0,0.0,0.0,0.0,0.0,0.0,0.0
2024-09-30,UNH,0.0,0.0,0.0,0.0,0.0,0.0,0.0,0.0,0.0,0.0,0.0,0.0,0.0,0.0
2024-10-01,UNH,0.0,0.0,0.0,0.0,0.0,0.0,0.0,0.0,0.0,0.0,0.0,0.0,0.0,0.0
2024-10-02,UNH,0.0,0.0,0.0,0.0,0.0,0.0,0.0,0.0,0.0,0.0,0.0,0.0,0.0,0.0
2024-10-03,UNH,0.0,0.0,0.0,0.0,0.0,0.0,0.0,0.0,0.0,0.0,0.0,0.0,0.0,0.0
2024-10-04,UNH,0.0,0.0,0.0,0.0,0.0,0.0,0.0,0.0,0.0,0.0,0.0,0.0,0.0,0.0
2024-10-07,UNH,0.0,0.0,0.0,0.0,0.0,0.0,0.0,0.0,0.0,0.0,0.0,0.0,0.0,0.0
2024-10-08,UNH,0.0,0.0,0.0,0.0,0.0,0.0,0.0,0.0,0.0,0.0,0.0,0.0,0.0,0.0
2024-10-09,UNH,0.0,0.0,0.0,0.0,0.0,0.0,0.0,0.0,0.0,0.0,0.0,0.0,0.0,0.0
2024-10-10,UNH,0.0,0.0,0.0,0.0,0.0,0.0,0.0,0.0,0.0,0.0,0.0,0.0,0.0,0.0
2024-10-11,UNH,0.0,0.0,0.0,0.0,0.0,0.0,0.0,0.0,0.0,0.0,0.0,0.0,0.0,0.0
2024-10-14,UNH,0.0,0.0,0.0,0.0,0.0,0.0,0.0,0.0,0.0,0.0,0.0,0.0,0.0,0.0
2024-10-15,UNH,0.0,0.0,0.0,0.0,0.0,0.0,0.0,0.0,0.0,0.0,0.0,0.0,0.0,0.0
2024-10-16,UNH,0.0,0.0,0.0,0.0,0.0,0.0,0.0,0.0,0.0,0.0,0.0,0.0,0.0,0.0
2024-10-17,UNH,0.0,0.0,0.0,0.0,0.0,0.0,0.0,0.0,0.0,0.0,0.0,0.0,0.0,0.0
2024-10-18,UNH,0.0,0.0,0.0,0.0,0.0,0.0,0.0,0.0,0.0,0.0,0.0,0.0,0.0,0.0
2024-10-21,UNH,0.0,0.0,0.0,0.0,0.0,0.0,0.0,0.0,0.0,0.0,0.0,0.0,0.0,0.0
2024-10-22,UNH,0.0,0.0,0.0,0.0,0.0,0.0,0.0,0.0,0.0,0.0,0.0,0.0,0.0,0.0
2024-10-23,UNH,0.0,0.0,0.0,0.0,0.0,0.0,0.0,0.0,0.0,0.0,0.0,0.0,0.0,0.0
2024-10-24,UNH,0.0,0.0,0.0,0.0,0.0,0.0,0.0,0.0,0.0,0.0,0.0,0.0,0.0,0.0
2024-10-25,UNH,0.0,0.0,0.0,0.0,0.0,0.0,0.0,0.0,0.0,0.0,0.0,0.0,0.0,0.0
2024-10-28,UNH,0.0,0.0,0.0,0.0,0.0,0.0,0.0,0.0,0.0,0.0,0.0,0.0,0.0,0.0
2024-10-29,UNH,0.0,0.0,0.0,0.0,0.0,0.0,0.0,0.0,0.0,0.0,0.0,0.0,0.0,0.0
2024-10-30,UNH,0.0,0.0,0.0,0.0,0.0,0.0,0.0,0.0,0.0,0.0,0.0,0.0,0.0,0.0
2024-10-31,UNH,0.0,0.0,0.0,0.0,0.0,0.0,0.0,0.0,0.0,0.0,0.0,0.0,0.0,0.0
2024-11-01,UNH,0.0,0.0,0.0,0.0,0.0,0.0,0.0,0.0,0.0,0.0,0.0,0.0,0.0,0.0
2024-11-04,UNH,0.0,0.0,0.0,0.0,0.0,0.0,0.0,0.0,0.0,0.0,0.0,0.0,0.0,0.0
2024-11-05,UNH,0.0,0.0,0.0,0.0,0.0,0.0,0.0,0.0,0.0,0.0,0.0,0.0,0.0,0.0
2024-11-06,UNH,0.0,0.0,0.0,0.0,0.0,0.0,0.0,0.0,0.0,0.0,0.0,0.0,0.0,0.0
2024-11-07,UNH,0.0,0.0,0.0,0.0,0.0,0.0,0.0,0.0,0.0,0.0,0.0,0.0,0.0,0.0
2024-11-08,UNH,0.0,0.0,0.0,0.0,0.0,0.0,0.0,0.0,0.0,0.0,0.0,0.0,0.0,0.0
2024-11-11,UNH,0.0,0.0,0.0,0.0,0.0,0.0,0.0,0.0,0.0,0.0,0.0,0.0,0.0,0.0
2024-11-12,UNH,0.0,0.0,0.0,0.0,0.0,0.0,0.0,0.0,0.0,0.0,0.0,0.0,0.0,0.0
2024-11-13,UNH,0.0,0.0,0.0,0.0,0.0,0.0,0.0,0.0,0.0,0.0,0.0,0.0,0.0,0.0
2024-11-14,UNH,0.0,0.0,0.0,0.0,0.0,0.0,0.0,0.0,0.0,0.0,0.0,0.0,0.0,0.0
2024-11-15,UNH,0.0,0.0,0.0,0.0,0.0,0.0,0.0,0.0,0.0,0.0,0.0,0.0,0.0,0.0
2024-11-18,UNH,0.0,0.0,0.0,0.0,0.0,0.0,0.0,0.0,0.0,0.0,0.0,0.0,0.0,0.0
2024-11-19,UNH,0.0,0.0,0.0,0.0,0.0,0.0,0.0,0.0,0.0,0.0,0.0,0.0,0.0,0.0
2024-11-20,UNH,0.0,0.0,0.0,0.0,0.0,0.0,0.0,0.0,0.0,0.0,0.0,0.0,0.0,0.0
2024-11-21,UNH,0.0,0.0,0.0,0.0,0.0,0.0,0.0,0.0,0.0,0.0,0.0,0.0,0.0,0.0
2024-11-22,UNH,0.0,0.0,0.0,0.0,0.0,0.0,0.0,0.0,0.0,0.0,0.0,0.0,0.0,0.0
2024-11-25,UNH,0.0,0.0,0.0,0.0,0.0,0.0,0.0,0.0,0.0,0.0,0.0,0.0,0.0,0.0
2024-11-26,UNH,0.0,0.0,0.0,0.0,0.0,0.0,0.0,0.0,0.0,0.0,0.0,0.0,0.0,0.0
2024-11-27,UNH,0.0,0.0,0.0,0.0,0.0,0.0,0.0,0.0,0.0,0.0,0.0,0.0,0.0,0.0
2024-11-29,UNH,0.0,0.0,0.0,0.0,0.0,0.0,0.0,0.0,0.0,0.0,0.0,0.0,0.0,0.0
2024-12-02,UNH,0.0,0.0,0.0,0.0,0.0,0.0,0.0,0.0,0.0,0.0,0.0,0.0,0.0,0.0
2024-12-03,UNH,0.0,0.0,0.0,0.0,0.0,0.0,0.0,0.0,0.0,0.0,0.0,0.0,0.0,0.0
2024-12-04,UNH,0.0,0.0,0.0,0.0,0.0,0.0,0.0,0.0,0.0,0.0,0.0,0.0,0.0,0.0
2024-12-05,UNH,0.0,0.0,0.0,0.0,0.0,0.0,0.0,0.0,0.0,0.0,0.0,0.0,0.0,0.0
2024-12-06,UNH,0.0,0.0,0.0,0.0,0.0,0.0,0.0,0.0,0.0,0.0,0.0,0.0,0.0,0.0
2024-12-09,UNH,0.0,0.0,0.0,0.0,0.0,0.0,0.0,0.0,0.0,0.0,0.0,0.0,0.0,0.0
2024-12-10,UNH,0.0,0.0,0.0,0.0,0.0,0.0,0.0,0.0,0.0,0.0,0.0,0.0,0.0,0.0
2024-12-11,UNH,0.0,0.0,0.0,0.0,0.0,0.0,0.0,0.0,0.0,0.0,0.0,0.0,0.0,0.0
2024-12-12,UNH,0.0,0.0,0.0,0.0,0.0,0.0,0.0,0.0,0.0,0.0,0.0,0.0,0.0,0.0
2024-12-13,UNH,0.0,0.0,0.0,0.0,0.0,0.0,0.0,0.0,0.0,0.0,0.0,0.0,0.0,0.0
2024-12-16,UNH,0.0,0.0,0.0,0.0,0.0,0.0,0.0,0.0,0.0,0.0,0.0,0.0,0.0,0.0
2024-12-17,UNH,0.0,0.0,0.0,0.0,0.0,0.0,0.0,0.0,0.0,0.0,0.0,0.0,0.0,0.0
2024-12-18,UNH,0.0,0.0,0.0,0.0,0.0,0.0,0.0,0.0,0.0,0.0,0.0,0.0,0.0,0.0
2024-12-19,UNH,0.0,0.0,0.0,0.0,0.0,0.0,0.0,0.0,0.0,0.0,0.0,0.0,0.0,0.0
2024-12-20,UNH,0.0,0.0,0.0,0.0,0.0,0.0,0.0,0.0,0.0,0.0,0.0,0.0,0.0,0.0
2024-12-23,UNH,0.0,0.0,0.0,0.0,0.0,0.0,0.0,0.0,0.0,0.0,0.0,0.0,0.0,0.0
2024-12-24,UNH,0.0,0.0,0.0,0.0,0.0,0.0,0.0,0.0,0.0,0.0,0.0,0.0,0.0,0.0
2024-12-26,UNH,0.0,0.0,0.0,0.0,0.0,0.0,0.0,0.0,0.0,0.0,0.0,0.0,0.0,0.0
2024-12-27,UNH,0.0,0.0,0.0,0.0,0.0,0.0,0.0,0.0,0.0,0.0,0.0,0.0,0.0,0.0
2024-12-30,UNH,0.0,0.0,0.0,0.0,0.0,0.0,0.0,0.0,0.0,0.0,0.0,0.0,0.0,0.0
2024-12-31,UNH,0.0,0.0,0.0,0.0,0.0,0.0,0.0,0.0,0.0,0.0,0.0,0.0,0.0,0.0
2025-01-02,UNH,0.0,0.0,0.0,0.0,0.0,0.0,0.0,0.0,0.0,0.0,0.0,0.0,0.0,0.0
2025-01-03,UNH,0.0,0.0,0.0,0.0,0.0,0.0,0.0,0.0,0.0,0.0,0.0,0.0,0.0,0.0
2025-01-06,UNH,0.0,0.0,0.0,0.0,0.0,0.0,0.0,0.0,0.0,0.0,0.0,0.0,0.0,0.0
2025-01-07,UNH,0.0,0.0,0.0,0.0,0.0,0.0,0.0,0.0,0.0,0.0,0.0,0.0,0.0,0.0
2025-01-08,UNH,0.0,0.0,0.0,0.0,0.0,0.0,0.0,0.0,0.0,0.0,0.0,0.0,0.0,0.0
2025-01-10,UNH,0.0,0.0,0.0,0.0,0.0,0.0,0.0,0.0,0.0,0.0,0.0,0.0,0.0,0.0
2025-01-13,UNH,0.0,0.0,0.0,0.0,0.0,0.0,0.0,0.0,0.0,0.0,0.0,0.0,0.0,0.0
2025-01-14,UNH,0.0,0.0,0.0,0.0,0.0,0.0,0.0,0.0,0.0,0.0,0.0,0.0,0.0,0.0
2025-01-15,UNH,0.0,0.0,0.0,0.0,0.0,0.0,0.0,0.0,0.0,0.0,0.0,0.0,0.0,0.0
2025-01-16,UNH,0.0,0.0,0.0,0.0,0.0,0.0,0.0,0.0,0.0,0.0,0.0,0.0,0.0,0.0
2025-01-17,UNH,0.0,0.0,0.0,0.0,0.0,0.0,0.0,0.0,0.0,0.0,0.0,0.0,0.0,0.0
2025-01-21,UNH,0.0,0.0,0.0,0.0,0.0,0.0,0.0,0.0,0.0,0.0,0.0,0.0,0.0,0.0
2025-01-22,UNH,0.0,0.0,0.0,0.0,0.0,0.0,0.0,0.0,0.0,0.0,0.0,0.0,0.0,0.0
2025-01-23,UNH,0.0,0.0,0.0,0.0,0.0,0.0,0.0,0.0,0.0,0.0,0.0,0.0,0.0,0.0
2025-01-24,UNH,0.0,0.0,0.0,0.0,0.0,0.0,0.0,0.0,0.0,0.0,0.0,0.0,0.0,0.0
2025-01-27,UNH,0.0,0.0,0.0,0.0,0.0,0.0,0.0,0.0,0.0,0.0,0.0,0.0,0.0,0.0
2025-01-28,UNH,0.0,0.0,0.0,0.0,0.0,0.0,0.0,0.0,0.0,0.0,0.0,0.0,0.0,0.0
2025-01-29,UNH,0.0,0.0,0.0,0.0,0.0,0.0,0.0,0.0,0.0,0.0,0.0,0.0,0.0,0.0
2025-01-30,UNH,0.0,0.0,0.0,0.0,0.0,0.0,0.0,0.0,0.0,0.0,0.0,0.0,0.0,0.0
2025-01-31,UNH,0.0,0.0,0.0,0.0,0.0,0.0,0.0,0.0,0.0,0.0,0.0,0.0,0.0,0.0
2025-02-03,UNH,0.0,0.0,0.0,0.0,0.0,0.0,0.0,0.0,0.0,0.0,0.0,0.0,0.0,0.0
2025-02-04,UNH,0.0,0.0,0.0,0.0,0.0,0.0,0.0,0.0,0.0,0.0,0.0,0.0,0.0,0.0
2025-02-05,UNH,0.0,0.0,0.0,0.0,0.0,0.0,0.0,0.0,0.0,0.0,0.0,0.0,0.0,0.0
2025-02-06,UNH,0.0,0.0,0.0,0.0,0.0,0.0,0.0,0.0,0.0,0.0,0.0,0.0,0.0,0.0
2025-02-07,UNH,0.0,0.0,0.0,0.0,0.0,0.0,0.0,0.0,0.0,0.0,0.0,0.0,0.0,0.0
2025-02-10,UNH,0.0,0.0,0.0,0.0,0.0,0.0,0.0,0.0,0.0,0.0,0.0,0.0,0.0,0.0
2025-02-11,UNH,0.0,0.0,0.0,0.0,0.0,0.0,0.0,0.0,0.0,0.0,0.0,0.0,0.0,0.0
2025-02-12,UNH,0.0,0.0,0.0,0.0,0.0,0.0,0.0,0.0,0.0,0.0,0.0,0.0,0.0,0.0
2025-02-13,UNH,0.0,0.0,0.0,0.0,0.0,0.0,0.0,0.0,0.0,0.0,0.0,0.0,0.0,0.0
2025-02-14,UNH,0.0,0.0,0.0,0.0,0.0,0.0,0.0,0.0,0.0,0.0,0.0,0.0,0.0,0.0
2025-02-18,UNH,0.0,0.0,0.0,0.0,0.0,0.0,0.0,0.0,0.0,0.0,0.0,0.0,0.0,0.0
2025-02-19,UNH,0.0,0.0,0.0,0.0,0.0,0.0,0.0,0.0,0.0,0.0,0.0,0.0,0.0,0.0
2025-02-20,UNH,0.0,0.0,0.0,0.0,0.0,0.0,0.0,0.0,0.0,0.0,0.0,0.0,0.0,0.0
2025-02-21,UNH,0.0,0.0,0.0,0.0,0.0,0.0,0.0,0.0,0.0,0.0,0.0,0.0,0.0,0.0
2025-02-24,UNH,0.0,0.0,0.0,0.0,0.0,0.0,0.0,0.0,0.0,0.0,0.0,0.0,0.0,0.0
2025-02-25,UNH,0.0,0.0,0.0,0.0,0.0,0.0,0.0,0.0,0.0,0.0,0.0,0.0,0.0,0.0
2025-02-26,UNH,0.0,0.0,0.0,0.0,0.0,0.0,0.0,0.0,0.0,0.0,0.0,0.0,0.0,0.0
2025-02-27,UNH,0.0,0.0,0.0,0.0,0.0,0.0,0.0,0.0,0.0,0.0,0.0,0.0,0.0,0.0
2025-02-28,UNH,0.0,0.0,0.0,0.0,0.0,0.0,0.0,0.0,0.0,0.0,0.0,0.0,0.0,0.0
2025-03-03,UNH,0.0,0.0,0.0,0.0,0.0,0.0,0.0,0.0,0.0,0.0,0.0,0.0,0.0,0.0
2025-03-04,UNH,0.0,0.0,0.0,0.0,0.0,0.0,0.0,0.0,0.0,0.0,0.0,0.0,0.0,0.0
2025-03-05,UNH,0.0,0.0,0.0,0.0,0.0,0.0,0.0,0.0,0.0,0.0,0.0,0.0,0.0,0.0
2025-03-06,UNH,0.0,0.0,0.0,0.0,0.0,0.0,0.0,0.0,0.0,0.0,0.0,0.0,0.0,0.0
2025-03-07,UNH,0.0,0.0,0.0,0.0,0.0,0.0,0.0,0.0,0.0,0.0,0.0,0.0,0.0,0.0
2025-03-10,UNH,0.0,0.0,0.0,0.0,0.0,0.0,0.0,0.0,0.0,0.0,0.0,0.0,0.0,0.0
2025-03-11,UNH,0.0,0.0,0.0,0.0,0.0,0.0,0.0,0.0,0.0,0.0,0.0,0.0,0.0,0.0
2025-03-12,UNH,0.0,0.0,0.0,0.0,0.0,0.0,0.0,0.0,0.0,0.0,0.0,0.0,0.0,0.0
2025-03-13,UNH,0.0,0.0,0.0,0.0,0.0,0.0,0.0,0.0,0.0,0.0,0.0,0.0,0.0,0.0
2025-03-14,UNH,0.0,0.0,0.0,0.0,0.0,0.0,0.0,0.0,0.0,0.0,0.0,0.0,0.0,0.0
2025-03-17,UNH,0.0,0.0,0.0,0.0,0.0,0.0,0.0,0.0,0.0,0.0,0.0,0.0,0.0,0.0
2025-03-18,UNH,0.0,0.0,0.0,0.0,0.0,0.0,0.0,0.0,0.0,0.0,0.0,0.0,0.0,0.0
2025-03-19,UNH,0.0,0.0,0.0,0.0,0.0,0.0,0.0,0.0,0.0,0.0,0.0,0.0,0.0,0.0
2025-03-20,UNH,0.0,0.0,0.0,0.0,0.0,0.0,0.0,0.0,0.0,0.0,0.0,0.0,0.0,0.0
2025-03-21,UNH,0.0,0.0,0.0,0.0,0.0,0.0,0.0,0.0,0.0,0.0,0.0,0.0,0.0,0.0
2025-03-24,UNH,0.0,0.0,0.0,0.0,0.0,0.0,0.0,0.0,0.0,0.0,0.0,0.0,0.0,0.0
2025-03-25,UNH,0.0,0.0,0.0,0.0,0.0,0.0,0.0,0.0,0.0,0.0,0.0,0.0,0.0,0.0
2025-03-26,UNH,0.0,0.0,0.0,0.0,0.0,0.0,0.0,0.0,0.0,0.0,0.0,0.0,0.0,0.0
2025-03-27,UNH,0.0,0.0,0.0,0.0,0.0,0.0,0.0,0.0,0.0,0.0,0.0,0.0,0.0,0.0
2025-03-28,UNH,0.0,0.0,0.0,0.0,0.0,0.0,0.0,0.0,0.0,0.0,0.0,0.0,0.0,0.0
2025-03-31,UNH,0.0,0.0,0.0,0.0,0.0,0.0,0.0,0.0,0.0,0.0,0.0,0.0,0.0,0.0
2025-04-01,UNH,0.0,0.0,0.0,0.0,0.0,0.0,0.0,0.0,0.0,0.0,0.0,0.0,0.0,0.0
2025-04-02,UNH,0.0,0.0,0.0,0.0,0.0,0.0,0.0,0.0,0.0,0.0,0.0,0.0,0.0,0.0
2025-04-03,UNH,0.0,0.0,0.0,0.0,0.0,0.0,0.0,0.0,0.0,0.0,0.0,0.0,0.0,0.0
2025-04-04,UNH,0.0,0.0,0.0,0.0,0.0,0.0,0.0,0.0,0.0,0.0,0.0,0.0,0.0,0.0
2025-04-07,UNH,0.0,0.0,0.0,0.0,0.0,0.0,0.0,0.0,0.0,0.0,0.0,0.0,0.0,0.0
2025-04-08,UNH,0.0,0.0,0.0,0.0,0.0,0.0,0.0,0.0,0.0,0.0,0.0,0.0,0.0,0.0
2025-04-09,UNH,0.0,0.0,0.0,0.0,0.0,0.0,0.0,0.0,0.0,0.0,0.0,0.0,0.0,0.0
2025-04-10,UNH,0.0,0.0,0.0,0.0,0.0,0.0,0.0,0.0,0.0,0.0,0.0,0.0,0.0,0.0
2025-04-11,UNH,0.0,0.0,0.0,0.0,0.0,0.0,0.0,0.0,0.0,0.0,0.0,0.0,0.0,0.0
2025-04-14,UNH,0.0,0.0,0.0,0.0,0.0,0.0,0.0,0.0,0.0,0.0,0.0,0.0,0.0,0.0
2025-04-15,UNH,0.0,0.0,0.0,0.0,0.0,0.0,0.0,0.0,0.0,0.0,0.0,0.0,0.0,0.0
2025-04-16,UNH,0.0,0.0,0.0,0.0,0.0,0.0,0.0,0.0,0.0,0.0,0.0,0.0,0.0,0.0
2025-04-17,UNH,0.0,0.0,0.0,0.0,0.0,0.0,0.0,0.0,0.0,0.0,0.0,0.0,0.0,0.0
2025-04-21,UNH,0.0,0.0,0.0,0.0,0.0,0.0,0.0,0.0,0.0,0.0,0.0,0.0,0.0,0.0
2025-04-22,UNH,0.0,0.0,0.0,0.0,0.0,0.0,0.0,0.0,0.0,0.0,0.0,0.0,0.0,0.0
2025-04-23,UNH,0.0,0.0,0.0,0.0,0.0,0.0,0.0,0.0,0.0,0.0,0.0,0.0,0.0,0.0
2025-04-24,UNH,0.0,0.0,0.0,0.0,0.0,0.0,0.0,0.0,0.0,0.0,0.0,0.0,0.0,0.0
2025-04-25,UNH,0.0,0.0,0.0,0.0,0.0,0.0,0.0,0.0,0.0,0.0,0.0,0.0,0.0,0.0
2025-04-28,UNH,0.0,0.0,0.0,0.0,0.0,0.0,0.0,0.0,0.0,0.0,0.0,0.0,0.0,0.0
2025-04-29,UNH,0.0,0.0,0.0,0.0,0.0,0.0,0.0,0.0,0.0,0.0,0.0,0.0,0.0,0.0
2025-04-30,UNH,0.0,0.0,0.0,0.0,0.0,0.0,0.0,0.0,0.0,0.0,0.0,0.0,0.0,0.0
2025-05-01,UNH,0.0,0.0,0.0,0.0,0.0,0.0,0.0,0.0,0.0,0.0,0.0,0.0,0.0,0.0
2025-05-02,UNH,0.0,0.0,0.0,0.0,0.0,0.0,0.0,0.0,0.0,0.0,0.0,0.0,0.0,0.0
2025-05-05,UNH,0.0,0.0,0.0,0.0,0.0,0.0,0.0,0.0,0.0,0.0,0.0,0.0,0.0,0.0
2025-05-06,UNH,0.0,0.0,0.0,0.0,0.0,0.0,0.0,0.0,0.0,0.0,0.0,0.0,0.0,0.0
2025-05-07,UNH,0.0,0.0,0.0,0.0,0.0,0.0,0.0,0.0,0.0,0.0,0.0,0.0,0.0,0.0
2025-05-08,UNH,0.0,0.0,0.0,0.0,0.0,0.0,0.0,0.0,0.0,0.0,0.0,0.0,0.0,0.0
2025-05-09,UNH,0.0,0.0,0.0,0.0,0.0,0.0,0.0,0.0,0.0,0.0,0.0,0.0,0.0,0.0
2025-05-12,UNH,0.0,0.0,0.0,0.0,0.0,0.0,0.0,0.0,0.0,0.0,0.0,0.0,0.0,0.0
2025-05-13,UNH,0.0,0.0,0.0,0.0,0.0,0.0,0.0,0.0,0.0,0.0,0.0,0.0,0.0,0.0
2025-05-14,UNH,0.0,0.0,0.0,0.0,0.0,0.0,0.0,0.0,0.0,0.0,0.0,0.0,0.0,0.0
2025-05-15,UNH,0.0,0.0,0.0,0.0,0.0,0.0,0.0,0.0,0.0,0.0,0.0,0.0,0.0,0.0
2025-05-16,UNH,0.0,0.0,0.0,0.0,0.0,0.0,0.0,0.0,0.0,0.0,0.0,0.0,0.0,0.0
2025-05-19,UNH,0.0,0.0,0.0,0.0,0.0,0.0,0.0,0.0,0.0,0.0,0.0,0.0,0.0,0.0
2025-05-20,UNH,0.0,0.0,0.0,0.0,0.0,0.0,0.0,0.0,0.0,0.0,0.0,0.0,0.0,0.0
2025-05-21,UNH,0.0,0.0,0.0,0.0,0.0,0.0,0.0,0.0,0.0,0.0,0.0,0.0,0.0,0.0
2025-05-22,UNH,0.0,0.0,0.0,0.0,0.0,0.0,0.0,0.0,0.0,0.0,0.0,0.0,0.0,0.0
2025-05-23,UNH,0.0,0.0,0.0,0.0,0.0,0.0,0.0,0.0,0.0,0.0,0.0,0.0,0.0,0.0
2025-05-27,UNH,0.0,0.0,0.0,0.0,0.0,0.0,0.0,0.0,0.0,0.0,0.0,0.0,0.0,0.0
2025-05-28,UNH,0.0,0.0,0.0,0.0,0.0,0.0,0.0,0.0,0.0,0.0,0.0,0.0,0.0,0.0
2025-05-29,UNH,0.0,0.0,0.0,0.0,0.0,0.0,0.0,0.0,0.0,0.0,0.0,0.0,0.0,0.0
2025-05-30,UNH,0.0,0.0,0.0,0.0,0.0,0.0,0.0,0.0,0.0,0.0,0.0,0.0,0.0,0.0
2025-06-02,UNH,0.0,0.0,0.0,0.0,0.0,0.0,0.0,0.0,0.0,0.0,0.0,0.0,0.0,0.0
2025-06-03,UNH,0.0,0.0,0.0,0.0,0.0,0.0,0.0,0.0,0.0,0.0,0.0,0.0,0.0,0.0
2025-06-04,UNH,0.0,0.0,0.0,0.0,0.0,0.0,0.0,0.0,0.0,0.0,0.0,0.0,0.0,0.0
2025-06-05,UNH,0.0,0.0,0.0,0.0,0.0,0.0,0.0,0.0,0.0,0.0,0.0,0.0,0.0,0.0
2025-06-06,UNH,0.0,0.0,0.0,0.0,0.0,0.0,0.0,0.0,0.0,0.0,0.0,0.0,0.0,0.0
2025-06-09,UNH,0.0,0.0,0.0,0.0,0.0,0.0,0.0,0.0,0.0,0.0,0.0,0.0,0.0,0.0
2025-06-10,UNH,0.0,0.0,0.0,0.0,0.0,0.0,0.0,0.0,0.0,0.0,0.0,0.0,0.0,0.0
2025-06-11,UNH,0.0,0.0,0.0,0.0,0.0,0.0,0.0,0.0,0.0,0.0,0.0,0.0,0.0,0.0
2025-06-12,UNH,0.0,0.0,0.0,0.0,0.0,0.0,0.0,0.0,0.0,0.0,0.0,0.0,0.0,0.0
2025-06-13,UNH,0.0,0.0,0.0,0.0,0.0,0.0,0.0,0.0,0.0,0.0,0.0,0.0,0.0,0.0
2025-06-16,UNH,-0.4806904816068709,4.0,0.0,2.0,2.0,0.8453517258167267,0.04283026419579978,0.5235207458026707,0.43364896252751345,-0.16023016053562364,4.0,0.0,2.0,2.0
2025-06-17,UNH,0.029466693475842444,5.0,1.0,1.0,3.0,0.8675343871116639,0.26861700750887396,0.23915031403303139,0.49223268069326875,-0.15040792937700947,9.0,1.0,3.0,5.0
2025-06-18,UNH,-0.25068041984923184,10.0,2.0,5.0,3.0,0.9211355030536652,0.2329861301463097,0.4836665499955416,0.28334733638912435,-0.2339680693267534,19.0,3.0,8.0,8.0
2025-06-20,UNH,0.02276806440204382,4.0,1.0,1.0,2.0,0.9105418473482132,0.27273131301626563,0.2499632486142218,0.4773054216057062,-0.06614855399044851,19.0,4.0,7.0,8.0
2025-06-23,UNH,0.3940553842112422,5.0,3.0,0.0,2.0,0.7907362699508667,0.4901497147977352,0.09609433058649298,0.41375593543052674,0.05538100958801807,19.0,6.0,6.0,7.0
2025-06-24,UNH,0.373471218294331,7.0,3.0,0.0,4.0,0.8118818146841866,0.4690977856516838,0.09562656735735277,0.435275638209922,0.26343155563587234,16.0,7.0,1.0,8.0
2025-06-25,UNH,0.49699744219995207,9.0,5.0,0.0,4.0,0.8529068430264791,0.5536439596778817,0.056646517477929544,0.3897095183945364,0.42150801490184175,21.0,11.0,0.0,10.0
2025-06-26,UNH,-0.3813292618530492,6.0,1.0,4.0,1.0,0.8350904285907745,0.18066145712509749,0.5619907189781467,0.25734783491740626,0.1630464662137446,22.0,9.0,4.0,9.0
2025-06-27,UNH,0.29441916905343535,5.0,2.0,0.0,3.0,0.8571712136268616,0.3772263407707214,0.08280717171728606,0.5399665035307407,0.13669578313344607,20.0,8.0,4.0,8.0
2025-06-30,UNH,-0.4862869156058877,8.0,1.0,5.0,2.0,0.9245880991220474,0.13791841350030148,0.6242053291061892,0.23787623899988825,-0.19106566946850054,19.0,4.0,9.0,6.0
2025-07-01,UNH,0.07528880362709361,6.0,4.0,2.0,0.0,0.7929234405358633,0.5108309897283713,0.43554218610127765,0.053626845901211063,-0.03885964764178625,19.0,7.0,7.0,5.0
2025-07-02,UNH,-0.5985216910718009,20.0,2.0,14.0,4.0,0.852196978032589,0.11677138481754805,0.715293075889349,0.16793553824536497,-0.33650660101686497,34.0,7.0,21.0,6.0
2025-07-03,UNH,-0.42712415643752766,13.0,2.0,9.0,2.0,0.7505479982266059,0.17585054924711582,0.6029747056846435,0.2211747481845892,-0.3167856812940783,39.0,8.0,25.0,6.0
2025-07-07,UNH,-0.4378887344417827,7.0,2.0,4.0,1.0,0.8356805656637464,0.18362746321197068,0.6215161976537534,0.19485636002251078,-0.4878448606503704,40.0,6.0,27.0,7.0
2025-07-08,UNH,-0.43498329643625766,4.0,0.0,2.0,2.0,0.8685582727193832,0.08656865253578867,0.5215519489720464,0.3918794132769108,-0.4333320624385227,24.0,4.0,15.0,5.0
2025-07-09,UNH,0.1694579153942565,18.0,9.0,7.0,2.0,0.8029910226662954,0.4844715265143249,0.3150136111200683,0.20051484906838998,-0.23447137182792796,29.0,11.0,13.0,5.0
2025-07-10,UNH,-0.01831093331178028,15.0,4.0,5.0,6.0,0.8392632842063904,0.31673116087913505,0.33504209419091535,0.34822673685848715,-0.09461210478459381,37.0,13.0,14.0,10.0
2025-07-11,UNH,0.07528633375962573,6.0,2.0,1.0,3.0,0.880562961101532,0.2940708265329401,0.21878449277331427,0.48714466330905754,0.07547777194736732,39.0,15.0,13.0,11.0
2025-07-14,UNH,-0.268361263598005,3.0,0.0,2.0,1.0,0.7281466126441956,0.18927792956431702,0.45763919316232204,0.3530828785151243,-0.07046195438338651,24.0,6.0,8.0,10.0
2025-07-15,UNH,0.25443754386570716,9.0,6.0,2.0,1.0,0.7893601523505317,0.5325878881331947,0.27815034426748747,0.18926178146567607,0.020454204675775967,18.0,8.0,5.0,5.0
2025-07-16,UNH,-0.178662400925532,14.0,4.0,7.0,3.0,0.9177590480872563,0.29721179567942657,0.47587419660495855,0.22691399524254455,-0.06419537355260994,26.0,10.0,11.0,5.0
2025-07-17,UNH,-0.12817558030494386,9.0,4.0,5.0,0.0,0.9024701846970452,0.4063881976633436,0.5345637779682875,0.05904800900154637,-0.017466812454922903,32.0,14.0,14.0,4.0
2025-07-18,UNH,-0.27938641963357275,11.0,3.0,7.0,1.0,0.8930292102423582,0.2886720002544197,0.5680584198879924,0.14326959357342933,-0.19540813362134957,34.0,11.0,19.0,4.0
2025-07-21,UNH,-0.09869625978171831,2.0,1.0,1.0,0.0,0.8521985411643982,0.38558956794440746,0.4842858277261257,0.1301245894283056,-0.16875275324007832,22.0,8.0,13.0,1.0
2025-07-22,UNH,-0.2898498145708193,18.0,3.0,11.0,4.0,0.7979573806126913,0.24749879986565146,0.5373486144364708,0.2151525911564628,-0.22264416466203682,31.0,7.0,19.0,5.0
2025-07-23,UNH,0.08447729842737317,8.0,1.0,1.0,6.0,0.7997321039438248,0.25857139227446163,0.17409409384708846,0.56733453925699,-0.1013562586417215,28.0,5.0,13.0,10.0
2025-07-24,UNH,-0.6319340973471602,18.0,0.0,14.0,4.0,0.8578583366341062,0.08137689137624365,0.7133109887234039,0.2053121031882862,-0.2791022044968688,44.0,4.0,26.0,14.0
2025-07-25,UNH,-0.23974972531141248,32.0,9.0,17.0,6.0,0.8542441632598639,0.2948272827343316,0.5345770080457442,0.17059570635319685,-0.26240217474373323,58.0,10.0,32.0,16.0
2025-07-28,UNH,-0.15955048500511207,19.0,2.0,7.0,10.0,0.8606091894601521,0.16254250009201074,0.32209298509712275,0.5153645257416525,-0.3437447692212283,69.0,11.0,38.0,20.0
2025-07-29,UNH,-0.3071429777785011,53.0,11.0,29.0,13.0,0.8571308873734385,0.21500881917704384,0.522151796955545,0.26283938910390403,-0.23548106269834188,104.0,22.0,53.0,29.0
2025-07-30,UNH,-0.03693146841472079,29.0,12.0,13.0,4.0,0.9090111317305729,0.403785598962086,0.44071706737680677,0.15549733666381957,-0.16787497706611132,101.0,25.0,49.0,27.0
2025-07-31,UNH,0.15866339714689687,22.0,12.0,6.0,4.0,0.8532616468993101,0.472871967676011,0.31420857052911405,0.2129194676791402,-0.06180368301544167,104.0,35.0,48.0,21.0
2025-08-01,UNH,0.05260749167064206,16.0,4.0,2.0,10.0,0.8338703401386738,0.274141967005562,0.22153447533491996,0.5043235458433628,0.05811314013427271,67.0,28.0,21.0,18.0
2025-08-04,UNH,0.2175574041056362,11.0,4.0,1.0,6.0,0.827767399224368,0.3400639009407975,0.1225064968351613,0.5374295913021673,0.14294276430772504,49.0,20.0,9.0,20.0
2025-08-05,UNH,-0.16578871516200402,12.0,1.0,5.0,6.0,0.7772457400957743,0.18548958554553485,0.3512783007075389,0.4632321253108482,0.034792060204758085,39.0,9.0,8.0,22.0
2025-08-06,UNH,-0.169993379424947,12.0,2.0,5.0,5.0,0.8782134056091309,0.22363946513117597,0.393632844556123,0.3827277066496511,-0.03940823016043827,35.0,7.0,11.0,17.0
2025-08-07,UNH,-0.341508307294654,14.0,2.0,8.0,4.0,0.887086136000497,0.19572790958253397,0.537236216877188,0.26703585684299463,-0.22576346729386834,38.0,5.0,18.0,15.0
2025-08-08,UNH,-0.23905610765975255,13.0,3.0,6.0,4.0,0.8957458780362055,0.2237573954491661,0.46281350310891867,0.3134291053821261,-0.25018593145978446,39.0,7.0,19.0,13.0
2025-08-11,UNH,-0.296417538415302,11.0,2.0,5.0,4.0,0.8456235744736411,0.1617718563330444,0.45818939474834636,0.38003876246511936,-0.29232731778990284,38.0,7.0,19.0,12.0
2025-08-12,UNH,0.35879400723867794,11.0,7.0,2.0,2.0,0.8633787361058322,0.5742371088232506,0.21544310158457264,0.210319763388146,-0.05889321294545885,35.0,12.0,13.0,10.0
2025-08-13,UNH,-0.18407209776341918,14.0,4.0,7.0,3.0,0.8792286770684379,0.3058578580218766,0.4899299557852958,0.20421218113707643,-0.04056520964668106,36.0,13.0,14.0,9.0
2025-08-14,UNH,0.05589217986338412,13.0,4.0,2.0,7.0,0.7653741744848398,0.30110900447918815,0.245216824615804,0.4536741589410947,0.07687136311288098,38.0,15.0,11.0,12.0
2025-08-15,UNH,0.4919259228433172,12.0,6.0,1.0,5.0,0.8041397059957186,0.5570083428174257,0.06508241997410848,0.37790924217551947,0.12124866831442742,39.0,14.0,10.0,15.0
2025-08-18,UNH,0.19508613801847857,26.0,10.0,6.0,10.0,0.8328787157168756,0.41860615188040984,0.22352001386193127,0.3578738290100143,0.2476347469083933,51.0,20.0,9.0,22.0
2025-08-19,UNH,0.1985754177946112,23.0,12.0,4.0,7.0,0.7955432922943778,0.43662392303509556,0.23804850524048438,0.325327577960232,0.2951958262188023,61.0,28.0,11.0,22.0
2025-08-20,UNH,-0.2587996419918324,14.0,3.0,6.0,5.0,0.8872906352792468,0.18579309160954183,0.44459273360137425,0.3696141567613397,0.04495397127375247,63.0,25.0,16.0,22.0
2025-08-21,UNH,0.20047492225206007,27.0,9.0,4.0,14.0,0.8107200375309697,0.3620618054194859,0.16158688316742575,0.47635130266900416,0.0467502326849463,64.0,24.0,14.0,26.0
2025-08-22,UNH,0.2875961374061612,13.0,7.0,2.0,4.0,0.8340141039628249,0.4627076657488942,0.17511152834273297,0.3621808041173678,0.0764238058887963,54.0,19.0,12.0,23.0
2025-08-25,UNH,-0.04271215914438168,6.0,2.0,3.0,1.0,0.7518592129151026,0.34875362180173397,0.39146578094611567,0.2597805988043546,0.14845296683794654,46.0,18.0,9.0,19.0
2025-08-26,UNH,-0.30615068413317204,5.0,1.0,3.0,1.0,0.9098220944404602,0.24472451731562614,0.5508752014487982,0.20440029092133044,-0.020422235290464153,24.0,10.0,8.0,6.0
2025-08-27,UNH,-0.12896019980932275,12.0,4.0,5.0,3.0,0.8721689283847809,0.3033360584328572,0.43229625824217993,0.2643676769609253,-0.15927434769562546,23.0,7.0,11.0,5.0
2025-08-28,UNH,-0.20718196127563715,11.0,2.0,5.0,4.0,0.8448070287704468,0.23473106011409647,0.44191302138973365,0.32335591790351,-0.21409761507271063,28.0,7.0,13.0,8.0
2025-08-29,UNH,0.06478253189319123,12.0,4.0,4.0,4.0,0.795604353149732,0.3562719211913645,0.2914893892981733,0.3522386800808211,-0.09045320973058953,35.0,10.0,14.0,11.0
2025-09-02,UNH,-0.11961954217404128,5.0,2.0,2.0,1.0,0.8348009467124939,0.28762626405805347,0.4072458062320948,0.3051279313862324,-0.0873396571854957,28.0,8.0,11.0,9.0
2025-09-03,UNH,0.29753039367496964,5.0,2.0,0.0,3.0,0.8289819955825806,0.33961137011647224,0.04208097644150252,0.618307638913393,0.08089779446470656,22.0,8.0,6.0,8.0
2025-09-04,UNH,-0.06091017089784145,2.0,0.0,0.0,2.0,0.7507096827030182,0.09419008158147331,0.15510025247931475,0.7507096827030182,0.039000226867695664,12.0,4.0,2.0,6.0
2025-09-05,UNH,0.059699623659253166,5.0,1.0,1.0,3.0,0.8536137461662292,0.2763369843363762,0.21663736067712303,0.5070256598293781,0.09877328214546048,12.0,3.0,1.0,8.0
2025-09-08,UNH,0.41705224436840843,7.0,4.0,1.0,2.0,0.8425247754369464,0.5714130912508283,0.15436084688241988,0.27422606838600977,0.1386138990432734,14.0,5.0,2.0,7.0
2025-09-09,UNH,-0.32647065054625274,5.0,2.0,3.0,0.0,0.8622714877128601,0.29128210861235854,0.6177527591586113,0.09096511416137212,0.05009373916046964,17.0,7.0,5.0,5.0
2025-09-10,UNH,0.25891535863694215,18.0,10.0,2.0,6.0,0.8037321219841639,0.45419518323615193,0.19527982459920973,0.35052499682125116,0.11649898415303263,30.0,16.0,6.0,8.0
2025-09-11,UNH,0.3663777171634138,10.0,6.0,2.0,2.0,0.8421497642993927,0.5593207037076354,0.1929429865442216,0.2477363163605332,0.09960747508470108,33.0,18.0,7.0,8.0
2025-09-12,UNH,0.17482550739724603,18.0,8.0,4.0,6.0,0.7878899210029178,0.4369307624745286,0.26210525507728255,0.30096399452951217,0.2667061943992007,46.0,24.0,8.0,14.0
2025-09-15,UNH,0.24239553231745953,9.0,4.0,2.0,3.0,0.8065587249067094,0.4349934756755829,0.19259794335812327,0.37240858334634036,0.2611995856260398,37.0,18.0,8.0,11.0
2025-09-16,UNH,-0.38976211557164786,10.0,1.0,7.0,2.0,0.827539125084877,0.18182001495733852,0.5715821305289864,0.24659783896058793,0.009152974714352594,37.0,13.0,13.0,11.0
2025-09-17,UNH,-0.09364284957862562,9.0,2.0,3.0,4.0,0.9023616711298624,0.25750382420503426,0.35114667378365993,0.39134951536026263,-0.08033647761093796,28.0,7.0,12.0,9.0
2025-09-18,UNH,0.0347327254712581,1.0,0.0,0.0,1.0,0.927004873752594,0.0538639612495899,0.0191312357783317,0.927004873752594,-0.14955741322633845,20.0,3.0,10.0,7.0
2025-09-19,UNH,-0.9373905416578054,1.0,0.0,1.0,0.0,0.949522852897644,0.0121323112398386,0.949522852897644,0.0383448153734207,-0.33210022192172434,11.0,2.0,4.0,5.0
2025-09-22,UNH,0.06989355509479837,3.0,1.0,0.0,2.0,0.7519969344139099,0.23971771324674285,0.16982415815194443,0.5904581298430761,-0.27758808703058296,5.0,1.0,1.0,3.0
2025-09-23,UNH,0.32681287704035633,10.0,6.0,2.0,2.0,0.7979674220085144,0.5000766409561038,0.17326376391574735,0.32665959037840364,-0.18022803650755023,14.0,7.0,3.0,4.0
2025-09-24,UNH,0.29201512318104506,5.0,2.0,1.0,2.0,0.8311065316200257,0.40932933166623114,0.117314208485186,0.4733564715832472,0.2295738517720666,18.0,9.0,3.0,6.0
2025-09-25,UNH,0.32889993325807154,6.0,3.0,1.0,2.0,0.8276576995849609,0.5049872367332379,0.17608730347516632,0.3189254778747757,0.31590931115982435,21.0,11.0,4.0,6.0
2025-09-26,UNH,-0.2068309580208734,8.0,3.0,5.0,0.0,0.7559052109718323,0.29705299984198064,0.503883957862854,0.1990630180807784,0.13802803280608103,19.0,8.0,7.0,4.0
2025-09-29,UNH,0.26550038314114016,3.0,1.0,0.0,2.0,0.8057182629903158,0.37896137746671826,0.11346099432557816,0.5075776105125746,0.1291897861261128,17.0,7.0,6.0,4.0
2025-09-30,UNH,0.3701258767396211,5.0,2.0,0.0,3.0,0.7654987096786499,0.4027918316423893,0.03266595490276808,0.5645422048866748,0.1429317672866293,16.0,6.0,5.0,5.0
2025-10-01,UNH,-0.028207358671352302,8.0,3.0,3.0,2.0,0.870103545486927,0.32838207692839205,0.3565894355997443,0.3150285012088716,0.202472967069803,16.0,6.0,3.0,7.0
2025-10-02,UNH,-0.020572195605685288,9.0,3.0,3.0,3.0,0.9268482989735074,0.31364449330916006,0.33421668891484535,0.3521388233121898,0.10711544082086118,22.0,8.0,6.0,8.0
2025-10-03,UNH,0.01789513097277709,7.0,2.0,1.0,4.0,0.8015388463224683,0.26298595459333485,0.24509082362055773,0.4919232461335404,-0.010294807768086814,24.0,8.0,7.0,9.0
2025-10-06,UNH,-0.05825015774462369,4.0,1.0,2.0,1.0,0.7695527225732803,0.3528583839070052,0.41110854165162886,0.2360330699011683,-0.020309074125843946,20.0,6.0,6.0,8.0
2025-10-07,UNH,0.14831295902175565,7.0,2.0,2.0,3.0,0.7782565525599888,0.3826577663421631,0.23434480732040747,0.382997422346047,0.03598597741663637,18.0,5.0,5.0,8.0
2025-10-08,UNH,-0.012339871687193716,6.0,1.0,2.0,3.0,0.8252249360084534,0.2787824962288141,0.2911223679160078,0.43009511567652225,0.025907643196646096,17.0,4.0,6.0,7.0
2025-10-09,UNH,0.6656230865046382,2.0,2.0,0.0,0.0,0.6841264367103577,0.6841264367103577,0.018503350205719398,0.29737021774053574,0.2671987246130667,15.0,5.0,4.0,6.0
2025-10-10,UNH,0.8243270143866539,1.0,1.0,0.0,0.0,0.84956294298172,0.84956294298172,0.025235928595066,0.1252011507749557,0.49253674306803275,9.0,4.0,2.0,3.0
2025-10-13,UNH,0.49072851493422476,7.0,3.0,0.0,4.0,0.8495222840990339,0.5094414401267257,0.018712925192500812,0.471845614324723,0.6602262052751723,10.0,6.0,0.0,4.0
2025-10-14,UNH,-0.01567502366378906,2.0,0.0,0.0,2.0,0.6448944360017776,0.16971526294946665,0.18539028661325574,0.6448944360017776,0.4331268352190299,10.0,4.0,0.0,6.0
2025-10-15,UNH,-0.2847984964028001,2.0,0.0,1.0,1.0,0.77926304936409,0.1654502106830477,0.4502487070858478,0.3843010738492012,0.06341833162254522,11.0,3.0,1.0,7.0
2025-10-16,UNH,0.12135682773909395,7.0,2.0,1.0,4.0,0.8479277406420026,0.27382548765412396,0.15246865991502997,0.5737058778426477,-0.059705564109165055,11.0,2.0,2.0,7.0
2025-10-17,UNH,0.3481093724258244,6.0,3.0,1.0,2.0,0.8284628391265869,0.4983171907564004,0.150207818330576,0.3514749926204482,0.06155590125403943,15.0,5.0,3.0,7.0
2025-10-20,UNH,-0.34662038460373884,2.0,1.0,1.0,0.0,0.6152573823928833,0.24942250177264208,0.5960428863763809,0.15453462488949296,0.04094860518705984,15.0,6.0,3.0,6.0
2025-10-21,UNH,-0.5000419714488089,5.0,0.0,3.0,2.0,0.87247394323349,0.07104000216349954,0.5710819736123085,0.35787803754210473,-0.16618432787557444,13.0,4.0,5.0,4.0
2025-10-22,UNH,0.8032469358295202,5.0,5.0,0.0,0.0,0.8470966696739197,0.8470966696739197,0.04384973384439938,0.10905359424650665,-0.014471806741009155,12.0,6.0,4.0,2.0
2025-10-23,UNH,0.17236023975743187,9.0,3.0,2.0,4.0,0.8292076388994852,0.36952280946489835,0.19716256970746646,0.4333146063403951,0.15852173471271438,19.0,8.0,5.0,6.0
2025-10-24,UNH,-0.07016462934288112,11.0,4.0,4.0,3.0,0.8469057895920493,0.32904347370971326,0.39920810305259447,0.2717484335669062,0.30181418208135696,25.0,12.0,6.0,7.0
2025-10-27,UNH,0.28436475557585555,9.0,3.0,0.0,6.0,0.8317633867263794,0.3316492959856987,0.04728454040984306,0.6210661507729027,0.12885345533013545,29.0,10.0,6.0,13.0
2025-10-28,UNH,0.40498420015670533,43.0,25.0,6.0,12.0,0.8369759321212769,0.5710220147400747,0.16603781458336941,0.26294017552809656,0.2063947754632266,63.0,32.0,10.0,21.0
2025-10-29,UNH,0.20980181976960138,29.0,16.0,9.0,4.0,0.8688308308864462,0.5113230012517808,0.3015211814821793,0.18715581991549193,0.29971692516738746,81.0,44.0,15.0,22.0
2025-10-30,UNH,0.20125303367773692,15.0,8.0,4.0,3.0,0.9233532786369324,0.49587298432985943,0.2946199506521225,0.20950706060975788,0.2720130178680145,87.0,49.0,19.0,19.0
2025-10-31,UNH,0.08790396281983703,8.0,3.0,3.0,2.0,0.8644236326217651,0.43661951285321265,0.3487155500333756,0.21466493862681088,0.16631960542239177,52.0,27.0,16.0,9.0
2025-11-03,UNH,0.3352646106854081,5.0,3.0,1.0,1.0,0.873866617679596,0.5542261760681868,0.21896156538277864,0.22681224681437012,0.20814053572766067,28.0,14.0,8.0,6.0
2025-11-04,UNH,-0.14544985705288127,8.0,2.0,4.0,2.0,0.8743477910757065,0.32778030348708853,0.4732301605399698,0.19898952287621793,0.09257290548412128,21.0,8.0,8.0,5.0
2025-11-05,UNH,0.2751683066599071,4.0,1.0,0.0,3.0,0.8963088095188141,0.29959458578377957,0.024426279123872473,0.6759791448712349,0.15499435343081133,17.0,6.0,5.0,6.0
2025-11-06,UNH,-0.1458333344863994,7.0,1.0,2.0,4.0,0.8585857791560036,0.19643929347928077,0.3422726279656802,0.461288068842675,-0.0053716282931245045,19.0,4.0,6.0,9.0
2025-11-07,UNH,-0.6350279037530223,3.0,0.0,2.0,1.0,0.9545612136522929,0.022013251048823134,0.6570411548018454,0.3209456248829762,-0.16856431052650486,14.0,2.0,4.0,8.0
2025-11-10,UNH,0.44792636421819526,6.0,4.0,1.0,1.0,0.7946646412213644,0.6538510431225101,0.2059246789043148,0.140224275800089,-0.1109782913404088,16.0,5.0,5.0,6.0
2025-11-11,UNH,0.014215640723705264,4.0,1.0,1.0,2.0,0.924609899520874,0.2741043991409242,0.2598887584172189,0.46600686525925994,-0.057628632937040576,13.0,5.0,4.0,4.0
2025-11-12,UNH,0.0,0.0,0.0,0.0,0.0,0.0,0.0,0.0,0.0,0.15404733498063353,10.0,5.0,2.0,3.0
2025-11-13,UNH,0.1395403258036822,10.0,4.0,3.0,3.0,0.8823315858840942,0.42329334910027683,0.2837530232965946,0.29295363966375587,0.051251988842462515,14.0,5.0,4.0,5.0
2025-11-14,UNH,0.062018603552132845,6.0,1.0,1.0,4.0,0.864948590596517,0.23801554925739762,0.17599694570526472,0.5859875011568269,0.06718630978527171,16.0,5.0,4.0,7.0
2025-11-17,UNH,0.9277860624715686,2.0,2.0,0.0,0.0,0.9509987533092499,0.9509987533092499,0.023212690837681252,0.02578856050968165,0.3764483306091279,18.0,7.0,4.0,7.0
2025-11-18,UNH,-0.05434937721916609,7.0,1.0,2.0,4.0,0.8771494797297886,0.19112083874642846,0.24547021596559457,0.5634089543351105,0.3118184296015118,15.0,4.0,3.0,8.0
2025-11-19,UNH,0.42372463814293343,6.0,3.0,0.0,3.0,0.7872398694356283,0.5052571383615335,0.08153250021860002,0.41321034729480743,0.4323871077984453,15.0,6.0,2.0,7.0
2025-11-20,UNH,-0.3038784682750702,5.0,0.0,2.0,3.0,0.9114147782325744,0.07262192144989962,0.3765003897249698,0.5508776819333434,0.021832264216232373,18.0,4.0,4.0,10.0
2025-11-21,UNH,0.009118206333369051,2.0,0.0,0.0,2.0,0.885532408952713,0.06179288588464255,0.05267467955127355,0.885532408952713,0.042988125400410755,13.0,3.0,2.0,8.0
2025-11-24,UNH,-0.11513574924319984,5.0,1.0,2.0,2.0,0.7971849203109741,0.20022821053862572,0.3153639597818255,0.4844078302383423,-0.13663200372830034,12.0,1.0,4.0,7.0
2025-11-25,UNH,-0.33304569986648863,4.0,0.0,2.0,2.0,0.8843539506196976,0.09268963732756672,0.4257353371940553,0.48157501919195056,-0.14635441425877316,11.0,1.0,4.0,6.0
2025-11-26,UNH,0.4534055547788739,5.0,3.0,0.0,2.0,0.8002781867980957,0.4700310632586479,0.01662550847977396,0.5133434392511844,0.0017413685563951176,14.0,4.0,4.0,6.0
2025-11-28,UNH,-0.21563668362796307,2.0,1.0,1.0,0.0,0.7918558716773987,0.3568454105406999,0.572482094168663,0.07067251112312074,-0.03175894290519262,11.0,4.0,3.0,4.0
2025-12-01,UNH,0.546746665922304,6.0,4.0,0.0,2.0,0.8705957333246866,0.6191953852151831,0.07244871929287904,0.3083558930084109,0.26150517902440495,13.0,8.0,1.0,4.0
2025-12-02,UNH,0.21020037203561515,8.0,4.0,3.0,1.0,0.8207158446311951,0.5439153272891417,0.3337149552535265,0.12236969941295679,0.180436784776652,16.0,9.0,4.0,3.0
2025-12-03,UNH,0.25332357641309494,4.0,1.0,0.0,3.0,0.8589815497398376,0.2967586871236563,0.04343511071056123,0.6598062142729759,0.33675687145700467,18.0,9.0,3.0,6.0
2025-12-04,UNH,0.4840094071502487,6.0,4.0,1.0,1.0,0.8870866199334463,0.6334075341001153,0.14939812694986657,0.21719432187577084,0.31584445186631954,18.0,9.0,4.0,5.0
2025-12-05,UNH,-0.12264274177141488,4.0,0.0,1.0,3.0,0.8454525619745255,0.0514960093423724,0.17413875111378724,0.7743652611970901,0.20489674726397622,14.0,5.0,2.0,7.0
2025-12-08,UNH,0.4032199895009398,2.0,1.0,0.0,1.0,0.8374283611774445,0.4158226028084755,0.0126026133075356,0.5715747848153114,0.25486221829325784,12.0,5.0,2.0,5.0
2025-12-09,UNH,0.21517553304632506,3.0,1.0,1.0,1.0,0.8226152062416077,0.4678201923767726,0.2526446593304475,0.2795351253201564,0.1652509269252833,9.0,2.0,2.0,5.0
2025-12-10,UNH,0.048162730783224104,5.0,1.0,1.0,3.0,0.8603443741798401,0.25068970192223783,0.20252697113901377,0.5467833131551743,0.22218608444349627,10.0,3.0,2.0,5.0
2025-12-11,UNH,0.11041848398745055,5.0,1.0,1.0,3.0,0.8495018362998963,0.3126316146925091,0.20221313070505853,0.48515522889792917,0.12458558260566654,13.0,3.0,3.0,7.0
2025-12-12,UNH,-0.015251021832227707,5.0,1.0,1.0,3.0,0.7268733978271484,0.23138253372162582,0.24663355555385347,0.5219839252531528,0.04777673097948228,15.0,3.0,3.0,9.0
2025-12-15,UNH,0.21426301868632436,2.0,0.0,0.0,2.0,0.7277122139930725,0.24327542446553704,0.02901240577921265,0.7277122139930725,0.10314349361384904,12.0,2.0,2.0,8.0
2025-12-16,UNH,0.06408204085060525,7.0,2.0,1.0,4.0,0.865855370249067,0.23609771113842726,0.17201567028782191,0.5918866169771978,0.08769801256823394,14.0,3.0,2.0,9.0
2025-12-17,UNH,0.0029942916395763464,6.0,1.0,2.0,3.0,0.8027474880218506,0.32236789306625724,0.31937360142668086,0.35825848548362654,0.09377978372550194,15.0,3.0,3.0,9.0
2025-12-18,UNH,0.006405305272589132,6.0,3.0,2.0,1.0,0.8114515940348307,0.3671803008764982,0.3607749956039091,0.27204470088084537,0.024493879254256872,19.0,6.0,5.0,8.0
2025-12-19,UNH,-0.3886007573455572,2.0,0.0,1.0,1.0,0.7979756295681,0.06749943085014815,0.4561001881957054,0.47640037536621094,-0.1264003868111306,14.0,4.0,5.0,5.0
2025-12-22,UNH,0.4846594260307029,4.0,3.0,0.0,1.0,0.7353633791208267,0.5592879224568605,0.0746284964261576,0.3660835884511471,0.03415465798591155,12.0,6.0,3.0,3.0
2025-12-23,UNH,0.034578093017140966,3.0,1.0,1.0,1.0,0.8937678535779318,0.38169812783598894,0.34712003481884796,0.2711818112681309,0.04354558723409551,9.0,4.0,2.0,3.0
2025-12-24,UNH,-0.959990062052384,2.0,0.0,2.0,0.0,0.9700461030006409,0.0100560409482568,0.9700461030006409,0.019897819962352452,-0.14691751433484676,9.0,4.0,3.0,2.0
2025-12-26,UNH,0.31213020021095866,2.0,1.0,0.0,1.0,0.4826882779598236,0.44931943714618683,0.13718923693522808,0.413491353392601,-0.20442725627476147,7.0,2.0,3.0,2.0
2025-12-29,UNH,0.039534571580588804,4.0,0.0,0.0,4.0,0.8954677134752274,0.07203339412808415,0.032498822547495324,0.8954677134752274,-0.20277509675361224,8.0,1.0,2.0,5.0
2025-12-30,UNH,0.2561763799749314,2.0,1.0,0.0,1.0,0.7413214147090912,0.3423376902937889,0.0861613103188574,0.5715010464191437,0.20261371725549293,8.0,2.0,0.0,6.0
2025-12-31,UNH,0.38967505532006413,3.0,2.0,0.0,1.0,0.6639876266320547,0.5797443091869354,0.19006925386687115,0.2301864636441071,0.22846200229186142,9.0,3.0,0.0,6.0
2026-01-02,UNH,0.31212153099477297,3.0,1.0,0.0,2.0,0.9335583051045736,0.34296630571285874,0.030844774718085898,0.6261889121184746,0.3193243220965895,8.0,4.0,0.0,4.0
2026-01-05,UNH,0.06801433704094961,8.0,4.0,3.0,1.0,0.8000215068459511,0.4706497326842509,0.4026353956433013,0.12671487673651421,0.2566036411185955,14.0,7.0,3.0,4.0
2026-01-06,UNH,-0.02755612402688712,8.0,2.0,3.0,3.0,0.8310739547014236,0.28737468179315323,0.3149308058200404,0.3976945027243346,0.11752658133627845,19.0,7.0,6.0,6.0
2026-01-07,UNH,0.6599514470435679,8.0,6.0,0.0,2.0,0.9221593961119652,0.6940198226366192,0.03406837559305129,0.2719117882661521,0.23346988668587676,24.0,12.0,6.0,6.0
2026-01-08,UNH,0.11566940105209748,6.0,2.0,2.0,2.0,0.8502725958824158,0.4009231546272834,0.2852537535751859,0.31382306665182114,0.24935490802292604,22.0,10.0,5.0,7.0
2026-01-09,UNH,0.7515927391126752,5.0,5.0,0.0,0.0,0.7826795101165771,0.7826795101165771,0.03108677100390192,0.1862336955964565,0.5090711957361135,19.0,13.0,2.0,4.0
2026-01-12,UNH,-0.49844819571202,9.0,1.0,7.0,1.0,0.8362435301144918,0.1560843296659489,0.6545325253779689,0.18938315970202285,0.12293798148425085,20.0,8.0,9.0,3.0
2026-01-13,UNH,0.12638533782834804,9.0,3.0,3.0,3.0,0.7658735811710358,0.3913785202118258,0.26499318238347763,0.34362831049495274,0.1265099604096677,23.0,9.0,10.0,4.0
2026-01-14,UNH,-0.10921053122729063,7.0,1.0,2.0,4.0,0.8339591877801078,0.20702383813581293,0.3162343693631036,0.4767417721450329,-0.16042446303698757,25.0,5.0,12.0,8.0
2026-01-15,UNH,-0.2355254703600492,7.0,1.0,3.0,3.0,0.8971275091171265,0.17714502702334095,0.41267049738339007,0.41018450127116274,-0.07278355458633065,23.0,5.0,8.0,10.0
2026-01-16,UNH,0.24121724601302827,7.0,2.0,1.0,4.0,0.7636894243104118,0.4069257325359753,0.165708486522947,0.4273658112755844,-0.0345062518581039,21.0,4.0,6.0,11.0
2026-01-20,UNH,0.0901238707825541,5.0,1.0,1.0,3.0,0.8548746943473816,0.2695349261164665,0.17941105533391233,0.5510540291666984,0.03193854881184433,19.0,4.0,5.0,10.0
2026-01-21,UNH,0.5875288527458906,3.0,2.0,0.0,1.0,0.8247220118840536,0.6010925322771072,0.013563679531216599,0.3853437652190526,0.3062899898471576,15.0,5.0,2.0,8.0
2026-01-22,UNH,0.016314441260571255,12.0,3.0,3.0,6.0,0.845796674489975,0.29744104978938896,0.28112660852881766,0.42143233531775576,0.23132238826300525,20.0,6.0,4.0,10.0
2026-01-23,UNH,-0.19733876511454582,5.0,1.0,3.0,1.0,0.7860985398292542,0.28236341662704934,0.4797021817415953,0.23793442063033576,0.13550150963063864,20.0,6.0,6.0,8.0
2026-01-26,UNH,-0.3373885258500065,14.0,2.0,8.0,4.0,0.8545030994074685,0.188935337588191,0.5263238634381976,0.28474079564745935,-0.17280428323466038,31.0,6.0,14.0,11.0
2026-01-27,UNH,-0.564689486766693,69.0,7.0,50.0,12.0,0.8653505176737688,0.12259088634121888,0.6872803731079119,0.1901287447283233,-0.36647225924374843,88.0,10.0,61.0,17.0
2026-01-28,UNH,-0.49477805988168094,67.0,16.0,46.0,5.0,0.8786468274557768,0.20215294758942143,0.6969310074711024,0.10091604147829222,-0.4656186908327935,150.0,25.0,104.0,21.0
2026-01-29,UNH,-0.2886771666817367,14.0,5.0,8.0,1.0,0.8806728805814471,0.28858463765521136,0.5772618043369481,0.1341535561451954,-0.4493815711100369,150.0,28.0,104.0,18.0
2026-01-30,UNH,-0.09756072424352169,9.0,3.0,5.0,1.0,0.7763257622718811,0.36307084249953425,0.460631566743056,0.1762976114534669,-0.29367198360231317,90.0,24.0,59.0,7.0
2026-02-02,UNH,-0.43772849952802073,2.0,0.0,1.0,1.0,0.8369494378566742,0.09939475590363141,0.5371232554316521,0.3634819705039263,-0.27465546348442643,25.0,8.0,14.0,3.0
2026-02-03,UNH,-0.6644269609823823,4.0,0.0,3.0,1.0,0.9221051633358002,0.038168131373822654,0.702595092356205,0.25923675484955305,-0.39990539491797494,15.0,3.0,9.0,3.0
2026-02-04,UNH,-0.3167785946279764,9.0,0.0,4.0,5.0,0.8119258152114021,0.13663463946431872,0.45341323409229517,0.4099521568665902,-0.47297801837945985,15.0,0.0,8.0,7.0
2026-02-05,UNH,-0.3320408657193184,10.0,2.0,4.0,4.0,0.7872306257486343,0.14131003683432936,0.47335090255364776,0.38533906973898413,-0.43774880710989245,23.0,2.0,11.0,10.0
2026-02-06,UNH,-0.6194468229853859,6.0,1.0,5.0,0.0,0.9500719507535299,0.17770810588262972,0.7971549288680156,0.025136969673136816,-0.42275542777756026,25.0,3.0,13.0,9.0
2026-02-09,UNH,-0.964391078799963,1.0,0.0,1.0,0.0,0.9739322662353516,0.0095411874353885,0.9739322662353516,0.0165265668183565,-0.6386262558348891,17.0,3.0,10.0,4.0
2026-02-10,UNH,-0.6240072728134691,5.0,0.0,4.0,1.0,0.884816575050354,0.08472030563279982,0.708727578446269,0.20655214134603733,-0.7359483915329393,12.0,1.0,10.0,1.0
2026-02-11,UNH,-0.7485610140073631,9.0,1.0,8.0,0.0,0.9576988617579142,0.11393023313333589,0.8624912471406989,0.02357853214359941,-0.7789864552069318,15.0,1.0,13.0,1.0
2026-02-12,UNH,-0.20956344130848134,7.0,2.0,4.0,1.0,0.8379123636654445,0.29548738045351847,0.5050508217619998,0.19946178421378133,-0.5273772427097712,21.0,3.0,16.0,2.0
2026-02-13,UNH,0.0,0.0,0.0,0.0,0.0,0.0,0.0,0.0,0.0,-0.3193748184386148,16.0,3.0,12.0,1.0
2026-02-17,UNH,0.45412673832227785,3.0,2.0,0.0,1.0,0.7750411232312521,0.5227799862623215,0.06865324794004353,0.40856674313545227,0.08152109900459885,10.0,4.0,4.0,2.0
2026-02-18,UNH,-0.3662730953656137,4.0,0.0,2.0,2.0,0.7392898350954056,0.11534385941922662,0.48161695478484035,0.4030391704291105,0.0292845476522214,7.0,2.0,2.0,3.0
2026-02-19,UNH,-0.15291234292089942,4.0,0.0,1.0,3.0,0.8845522105693817,0.09427722450345749,0.2471895674243569,0.6585331652313471,-0.021686233321411747,11.0,2.0,3.0,6.0
2026-02-20,UNH,-0.06400421603272359,6.0,1.0,3.0,2.0,0.7745836327473322,0.30831127303342026,0.3723154890661438,0.31937322439625854,-0.19439655143974555,14.0,1.0,6.0,7.0
2026-02-23,UNH,-0.22095359372906387,2.0,1.0,1.0,0.0,0.7546342015266418,0.27075752546079457,0.4917111191898585,0.23753130063414568,-0.14595671756089562,12.0,2.0,5.0,5.0
2026-02-24,UNH,0.07858988409861922,4.0,2.0,2.0,0.0,0.8393960744142532,0.5210761032067239,0.4424862191081047,0.03643769817426795,-0.0687893085543894,12.0,4.0,6.0,2.0
2026-02-25,UNH,0.0059922654181719,2.0,0.0,0.0,2.0,0.8711453974246979,0.0674234293401241,0.061431163921952206,0.8711453974246979,-0.045457148070757576,8.0,3.0,3.0,2.0
2026-02-26,UNH,-0.4305357728153467,4.0,1.0,3.0,0.0,0.8779590874910355,0.2583698779344558,0.6889056507498026,0.05272443476133042,-0.11531787443285187,10.0,3.0,5.0,2.0
2026-02-27,UNH,0.024104906246066093,5.0,1.0,1.0,3.0,0.8519013404846192,0.2644098836928605,0.24030497744679452,0.4952851288020611,-0.13347953371703625,11.0,2.0,4.0,5.0
2026-03-02,UNH,-0.27231043421973783,6.0,1.0,4.0,1.0,0.768077070514361,0.22764404412979877,0.49995447834953666,0.27240148310859996,-0.22624710026300612,15.0,3.0,8.0,4.0
2026-03-03,UNH,-0.3651866336974005,3.0,1.0,2.0,0.0,0.8737230102221171,0.26123500118652976,0.6264216348839303,0.1123433789859215,-0.2044640538903574,14.0,3.0,7.0,4.0
2026-03-04,UNH,-0.8993479795753956,2.0,0.0,2.0,0.0,0.9365494847297668,0.0372015051543712,0.9365494847297668,0.0262489975430071,-0.5122816824975113,11.0,2.0,8.0,1.0
2026-03-05,UNH,-0.28819273846844834,3.0,1.0,2.0,0.0,0.9276519815127054,0.333099776878953,0.6212925153474013,0.04560770963629083,-0.5175757839137481,8.0,2.0,6.0,0.0
2026-03-06,UNH,-0.46957976487465203,4.0,0.0,2.0,2.0,0.8685992062091827,0.037435744423419196,0.5070155092980713,0.45554879074916244,-0.5523734943061653,9.0,1.0,6.0,2.0
2026-03-09,UNH,-0.089600043836981,2.0,1.0,1.0,0.0,0.8839689493179321,0.4027709057554602,0.4923709495924414,0.1048581423237919,-0.2824575157266938,9.0,2.0,5.0,2.0
2026-03-10,UNH,0.2030017701908946,2.0,1.0,1.0,0.0,0.6761041283607483,0.4755371659994125,0.2725353958085179,0.2519274055957794,-0.11872601284024616,8.0,2.0,4.0,2.0
2026-03-11,UNH,-0.6355607034638524,4.0,0.0,3.0,1.0,0.9075382053852081,0.0466614486649632,0.6822221521288155,0.27111638290807605,-0.17405299236997962,8.0,2.0,5.0,1.0
2026-03-12,UNH,0.13178895525634288,5.0,1.0,0.0,4.0,0.900946855545044,0.19171303287148472,0.059924077615141805,0.7483629230409861,-0.10025665933887166,11.0,2.0,4.0,5.0
2026-03-13,UNH,-0.601077896853288,3.0,0.0,2.0,1.0,0.9366191824277242,0.03344506025314326,0.6345229571064314,0.33203197146455443,-0.3682832150202659,12.0,1.0,5.0,6.0
2026-03-16,UNH,0.3583756107836962,3.0,1.0,0.0,2.0,0.7646040419737498,0.4288309675951798,0.07045535681148367,0.5007136911153793,-0.03697111027108302,11.0,2.0,2.0,7.0
2026-03-17,UNH,0.33011187038694817,6.0,2.0,0.0,4.0,0.8297067185242971,0.3916074347992738,0.061495564412325565,0.5468970195700725,0.029136528105785413,12.0,3.0,2.0,7.0
2026-03-18,UNH,-0.026071719825267778,4.0,0.0,0.0,4.0,0.8133053258061409,0.08031146647408599,0.10638318629935382,0.8133053258061409,0.22080525378179217,13.0,3.0,0.0,10.0
2026-03-19,UNH,-0.00986756593920296,4.0,2.0,1.0,1.0,0.7742820456624031,0.34379329741932446,0.3536608633585274,0.3025458222255111,0.09805752820749246,14.0,4.0,1.0,9.0
2026-03-20,UNH,0.4147529217104117,3.0,2.0,1.0,0.0,0.8091002901395162,0.6924874087174734,0.27773448700706166,0.029778083165486597,0.1262712119819803,11.0,4.0,2.0,5.0
2026-03-23,UNH,0.11612425868709879,3.0,1.0,1.0,1.0,0.8043132623036703,0.3609565521279971,0.2448322934408982,0.3942111593981584,0.1736698714861025,10.0,5.0,3.0,2.0
2026-03-24,UNH,-0.014007689298263617,7.0,2.0,2.0,3.0,0.8483526536396572,0.3122668479170118,0.3262745372152754,0.36145862458007677,0.17228983036641557,13.0,5.0,4.0,4.0
2026-03-25,UNH,0.12887788723622046,7.0,3.0,1.0,3.0,0.7391581194741386,0.3645155004092625,0.235637613173042,0.3998468763061932,0.07699815220835186,17.0,6.0,4.0,7.0
2026-03-26,UNH,0.30449394090101123,4.0,2.0,0.0,2.0,0.7415931820869446,0.3267326662316918,0.022238725330680574,0.6510286033153534,0.139788046279656,18.0,7.0,3.0,8.0
2026-03-27,UNH,-0.14515275676967576,8.0,2.0,3.0,3.0,0.8518878296017647,0.24285312771098683,0.38800588448066264,0.3691409779712558,0.0960730237891853,19.0,7.0,4.0,8.0
2026-03-30,UNH,0.0,0.0,0.0,0.0,0.0,0.0,0.0,0.0,0.0,0.05311372804377847,12.0,4.0,3.0,5.0
2026-03-31,UNH,-0.0046689752489328,1.0,0.0,0.0,1.0,0.9514237642288208,0.0219536870718002,0.026622662320733,0.9514237642288208,-0.04994057733953621,9.0,2.0,3.0,4.0
2026-04-01,UNH,0.38069386021899326,7.0,3.0,1.0,3.0,0.8455499240330288,0.4890638861273016,0.10837002590830834,0.4025660471192428,0.12534162832335347,8.0,3.0,1.0,4.0
2026-04-02,UNH,0.10533348737018447,7.0,2.0,1.0,4.0,0.7827816350119454,0.32322581378476956,0.21789232641458509,0.45888183798108784,0.16045279078008165,15.0,5.0,2.0,8.0
2026-04-06,UNH,-0.16761910021305085,5.0,1.0,2.0,2.0,0.8051041603088379,0.22506133988499638,0.39268044009804726,0.3822582297027111,0.10613608245870894,19.0,6.0,4.0,9.0
2026-04-07,UNH,0.1875313365299787,35.0,18.0,9.0,8.0,0.8458072364330291,0.47783239646149533,0.2903010599315166,0.23186653820531708,0.04174857456237075,47.0,21.0,12.0,14.0
2026-04-08,UNH,0.1768511744836966,33.0,18.0,9.0,6.0,0.8434402039556792,0.489615250407069,0.31276407592337235,0.19762068382944117,0.06558780360020813,73.0,37.0,20.0,16.0
2026-04-09,UNH,0.2461805569473654,8.0,4.0,2.0,2.0,0.8196054697036743,0.47680751234292984,0.2306269553955644,0.2925655338913202,0.20352102265368022,76.0,40.0,20.0,16.0
2026-04-10,UNH,0.24322766779611507,6.0,4.0,2.0,0.0,0.7908503810564677,0.5687652043998241,0.32553753660370904,0.10569725620249903,0.22208646640905902,47.0,26.0,13.0,8.0
2026-04-13,UNH,0.4607665240764618,2.0,1.0,0.0,1.0,0.8816276788711548,0.4981590770184993,0.03739255294203755,0.46444835886359215,0.31672491627331406,16.0,9.0,4.0,3.0
2026-04-14,UNH,0.5849270137026906,5.0,3.0,0.0,2.0,0.8275247931480407,0.6289985120296478,0.044071498326957184,0.3269299609586596,0.4296404018584225,13.0,8.0,2.0,3.0
2026-04-15,UNH,-0.08776559866964821,4.0,1.0,2.0,1.0,0.8012071028351784,0.27794719603843987,0.36571279470808804,0.35634001623839134,0.3193093130365014,11.0,5.0,2.0,4.0
2026-04-16,UNH,0.0871298499405384,1.0,0.0,0.0,1.0,0.8825722336769104,0.1022787988185882,0.0151489488780498,0.8825722336769104,0.1947637549911936,10.0,4.0,2.0,4.0
2026-04-17,UNH,-0.14477994960422316,6.0,3.0,3.0,0.0,0.7969210694233576,0.3843821392705043,0.5291620888747275,0.0864557779083649,-0.04847189944444432,11.0,4.0,5.0,2.0
2026-04-20,UNH,0.05910439180353512,13.0,4.0,3.0,6.0,0.8654138170755826,0.3306382090712968,0.27153381726776177,0.3978280042513059,0.0004847640466167924,20.0,7.0,6.0,7.0
2026-04-21,UNH,0.45054365594617346,55.0,36.0,7.0,12.0,0.8837288011204113,0.6097140277820554,0.15917037183588195,0.23111559906127774,0.12162269938182847,74.0,43.0,13.0,18.0
2026-04-22,UNH,0.13849689856898495,41.0,21.0,13.0,7.0,0.8903524730263687,0.47853012978122,0.34003323121223505,0.1814366356674127,0.21604831543956451,109.0,61.0,23.0,25.0
2026-04-23,UNH,0.3677329032992323,12.0,6.0,2.0,4.0,0.8210667918125788,0.5177523797998825,0.1500194765006502,0.33222814152638114,0.3189244859381302,108.0,63.0,22.0,23.0
2026-04-24,UNH,0.17702117934823033,11.0,5.0,2.0,4.0,0.8035332018678839,0.4263070202009244,0.2492858408526941,0.32440716104412615,0.22775032707214918,64.0,32.0,17.0,15.0
2026-04-27,UNH,0.7693853794286648,6.0,6.0,0.0,0.0,0.845906396706899,0.845906396706899,0.07652101727823413,0.07757256987194215,0.43804648735870916,29.0,17.0,4.0,8.0
2026-04-28,UNH,0.6377803242898413,7.0,5.0,0.0,2.0,0.876153792653765,0.682923360062497,0.04514303577265566,0.27193358620362623,0.5280622943555788,24.0,16.0,2.0,6.0
2026-04-29,UNH,0.391002461372409,8.0,4.0,1.0,3.0,0.8895818963646889,0.5122881717979908,0.12128571042558176,0.36642614775337273,0.5993893883636384,21.0,15.0,1.0,5.0
2026-04-30,UNH,0.46939144702628255,4.0,2.0,0.0,2.0,0.6752639189362526,0.5777984000742435,0.10840695304796097,0.31379465851932764,0.49939141089617767,19.0,11.0,1.0,7.0
2026-05-01,UNH,-0.004683807181815325,6.0,2.0,2.0,2.0,0.7992347280184428,0.3264784614245097,0.33116226860632497,0.3423592772645255,0.2852367004056254,18.0,8.0,3.0,7.0
2026-05-04,UNH,0.10317158959805965,5.0,3.0,2.0,0.0,0.8878482103347778,0.504611648991704,0.40144005939364436,0.09394826106727118,0.1892930764808423,15.0,7.0,4.0,4.0
2026-05-05,UNH,-0.20916872595747313,6.0,1.0,3.0,2.0,0.7120528121789297,0.22368251811712977,0.4328512440746029,0.3434662517781059,-0.03689364784707627,17.0,6.0,7.0,4.0
2026-05-06,UNH,0.458075731061399,9.0,5.0,0.0,4.0,0.8578580220540365,0.5078601692285802,0.04978443816718122,0.44235539788173306,0.11735953156732849,20.0,9.0,5.0,6.0
2026-05-07,UNH,0.9219036968424916,2.0,2.0,0.0,0.0,0.9434269070625304,0.9434269070625304,0.02152321022003885,0.0350499022752046,0.3902702339821391,17.0,8.0,3.0,6.0
2026-05-08,UNH,0.32128583639860153,2.0,1.0,0.0,1.0,0.6924626380205154,0.5316050052642822,0.2103191688656807,0.25807582773268223,0.567088421434164,13.0,8.0,0.0,5.0
2026-05-11,UNH,0.4752798685804009,2.0,1.0,0.0,1.0,0.9031846523284912,0.5076675787568092,0.03238771017640825,0.45994465611875057,0.572823133940498,6.0,4.0,0.0,2.0
2026-05-12,UNH,0.436071302741766,8.0,3.0,0.0,5.0,0.8024001121520996,0.4493737621232867,0.013302459381520713,0.5373237673193216,0.4108790025735895,12.0,5.0,0.0,7.0
2026-05-13,UNH,0.16969463031273332,8.0,5.0,2.0,1.0,0.8280110955238342,0.4857564008561894,0.316061770543456,0.19818182906601575,0.36034860054496676,18.0,9.0,2.0,7.0
2026-05-14,UNH,0.3408500010679875,7.0,3.0,1.0,3.0,0.8254129588603973,0.42819240050656454,0.08734239943857698,0.48446518262582167,0.3155386447074956,23.0,11.0,3.0,9.0
2026-05-15,UNH,0.6655358870048076,4.0,3.0,0.0,1.0,0.7167011052370071,0.6977744176983833,0.0322385306935757,0.2699870178475976,0.39202683946184286,19.0,11.0,3.0,5.0
2026-05-18,UNH,-0.250960808750242,25.0,7.0,13.0,5.0,0.8373834240436554,0.2874618682824075,0.5384226770326496,0.17411545857787128,0.2518083597741844,36.0,13.0,14.0,9.0
2026-05-19,UNH,-0.451734309762039,11.0,2.0,8.0,1.0,0.9006170684641058,0.20416893530637026,0.6559032450684092,0.1399278283457864,-0.012386410502491138,40.0,12.0,21.0,7.0
2026-05-20,UNH,0.513707147166133,5.0,3.0,0.0,2.0,0.7348022103309632,0.5879026234149933,0.0741954762488603,0.3379018768668175,-0.062995990448716,41.0,12.0,21.0,8.0
2026-05-21,UNH,0.22912783681281976,7.0,3.0,2.0,2.0,0.7655074213232312,0.4463770078229053,0.21724917101008548,0.3363738033388342,0.09703355807230458,23.0,8.0,10.0,5.0
2026-05-22,UNH,0.5598078450808922,3.0,2.0,0.0,1.0,0.7904293338457743,0.5790531684954962,0.019245323414603836,0.4017014925678571,0.43421427635328164,15.0,8.0,2.0,5.0
2026-05-26,UNH,-0.11794401585523571,7.0,0.0,2.0,5.0,0.8106381297111511,0.1407411952636071,0.25868521111884285,0.6005735972097942,0.22366388867949208,17.0,5.0,4.0,8.0
2026-05-27,UNH,0.29390528043732045,10.0,6.0,1.0,3.0,0.7654364168643951,0.4399706771597266,0.14606539672240612,0.4139639126136899,0.24525636988765898,20.0,8.0,3.0,9.0
2026-05-28,UNH,0.05619430132210253,10.0,1.0,1.0,8.0,0.8686275541782379,0.1869127552490681,0.13071845392696554,0.6823687888681889,0.07738518863472908,27.0,7.0,4.0,16.0
2026-05-29,UNH,-0.026866110786795627,10.0,3.0,4.0,3.0,0.8454944252967834,0.3353761874139309,0.36224229820072645,0.30238151345402003,0.10774449032420912,30.0,10.0,6.0,14.0
2026-06-01,UNH,0.07370389364659782,5.0,2.0,2.0,1.0,0.8550631880760193,0.41114322543144227,0.33743933178484437,0.2514174465090036,0.034344028060634905,25.0,6.0,7.0,12.0
2026-06-02,UNH,0.06325669086072593,8.0,3.0,2.0,3.0,0.8413080498576164,0.3286691352259367,0.2654124443652108,0.40591840515844524,0.03669815790684271,23.0,8.0,8.0,7.0
2026-06-03,UNH,0.21308148908428848,8.0,2.0,1.0,5.0,0.8177465349435806,0.32220105477608735,0.10911956569179887,0.5686793990898877,0.11668069119720408,21.0,7.0,5.0,9.0
2026-06-04,UNH,0.24940346862728663,19.0,8.0,5.0,6.0,0.8497683390190727,0.46969024341945587,0.2202867747921692,0.31002296281880454,0.175247216190767,35.0,13.0,8.0,14.0
2026-06-05,UNH,0.1894886700126032,24.0,13.0,7.0,4.0,0.9021875709295273,0.502244456942814,0.31275578693021083,0.1849997481331229,0.2173245425747261,51.0,23.0,13.0,15.0
2023-09-12,V,0.0,0.0,0.0,0.0,0.0,0.0,0.0,0.0,0.0,0.0,0.0,0.0,0.0,0.0
2023-09-13,V,0.0,0.0,0.0,0.0,0.0,0.0,0.0,0.0,0.0,0.0,0.0,0.0,0.0,0.0
2023-09-14,V,0.0,0.0,0.0,0.0,0.0,0.0,0.0,0.0,0.0,0.0,0.0,0.0,0.0,0.0
2023-09-15,V,0.0,0.0,0.0,0.0,0.0,0.0,0.0,0.0,0.0,0.0,0.0,0.0,0.0,0.0
2023-09-18,V,0.0,0.0,0.0,0.0,0.0,0.0,0.0,0.0,0.0,0.0,0.0,0.0,0.0,0.0
2023-09-19,V,0.0,0.0,0.0,0.0,0.0,0.0,0.0,0.0,0.0,0.0,0.0,0.0,0.0,0.0
2023-09-20,V,0.0,0.0,0.0,0.0,0.0,0.0,0.0,0.0,0.0,0.0,0.0,0.0,0.0,0.0
2023-09-21,V,0.0,0.0,0.0,0.0,0.0,0.0,0.0,0.0,0.0,0.0,0.0,0.0,0.0,0.0
2023-09-22,V,0.0,0.0,0.0,0.0,0.0,0.0,0.0,0.0,0.0,0.0,0.0,0.0,0.0,0.0
2023-09-25,V,0.0,0.0,0.0,0.0,0.0,0.0,0.0,0.0,0.0,0.0,0.0,0.0,0.0,0.0
2023-09-26,V,0.0,0.0,0.0,0.0,0.0,0.0,0.0,0.0,0.0,0.0,0.0,0.0,0.0,0.0
2023-09-27,V,0.0,0.0,0.0,0.0,0.0,0.0,0.0,0.0,0.0,0.0,0.0,0.0,0.0,0.0
2023-09-28,V,0.0,0.0,0.0,0.0,0.0,0.0,0.0,0.0,0.0,0.0,0.0,0.0,0.0,0.0
2023-09-29,V,0.0,0.0,0.0,0.0,0.0,0.0,0.0,0.0,0.0,0.0,0.0,0.0,0.0,0.0
2023-10-02,V,0.0,0.0,0.0,0.0,0.0,0.0,0.0,0.0,0.0,0.0,0.0,0.0,0.0,0.0
2023-10-03,V,0.0,0.0,0.0,0.0,0.0,0.0,0.0,0.0,0.0,0.0,0.0,0.0,0.0,0.0
2023-10-04,V,0.0,0.0,0.0,0.0,0.0,0.0,0.0,0.0,0.0,0.0,0.0,0.0,0.0,0.0
2023-10-05,V,0.0,0.0,0.0,0.0,0.0,0.0,0.0,0.0,0.0,0.0,0.0,0.0,0.0,0.0
2023-10-06,V,0.0,0.0,0.0,0.0,0.0,0.0,0.0,0.0,0.0,0.0,0.0,0.0,0.0,0.0
2023-10-09,V,0.0,0.0,0.0,0.0,0.0,0.0,0.0,0.0,0.0,0.0,0.0,0.0,0.0,0.0
2023-10-10,V,0.0,0.0,0.0,0.0,0.0,0.0,0.0,0.0,0.0,0.0,0.0,0.0,0.0,0.0
2023-10-11,V,0.0,0.0,0.0,0.0,0.0,0.0,0.0,0.0,0.0,0.0,0.0,0.0,0.0,0.0
2023-10-12,V,0.0,0.0,0.0,0.0,0.0,0.0,0.0,0.0,0.0,0.0,0.0,0.0,0.0,0.0
2023-10-13,V,0.0,0.0,0.0,0.0,0.0,0.0,0.0,0.0,0.0,0.0,0.0,0.0,0.0,0.0
2023-10-16,V,0.0,0.0,0.0,0.0,0.0,0.0,0.0,0.0,0.0,0.0,0.0,0.0,0.0,0.0
2023-10-17,V,0.0,0.0,0.0,0.0,0.0,0.0,0.0,0.0,0.0,0.0,0.0,0.0,0.0,0.0
2023-10-18,V,0.0,0.0,0.0,0.0,0.0,0.0,0.0,0.0,0.0,0.0,0.0,0.0,0.0,0.0
2023-10-19,V,0.0,0.0,0.0,0.0,0.0,0.0,0.0,0.0,0.0,0.0,0.0,0.0,0.0,0.0
2023-10-20,V,0.0,0.0,0.0,0.0,0.0,0.0,0.0,0.0,0.0,0.0,0.0,0.0,0.0,0.0
2023-10-23,V,0.0,0.0,0.0,0.0,0.0,0.0,0.0,0.0,0.0,0.0,0.0,0.0,0.0,0.0
2023-10-24,V,0.0,0.0,0.0,0.0,0.0,0.0,0.0,0.0,0.0,0.0,0.0,0.0,0.0,0.0
2023-10-25,V,0.0,0.0,0.0,0.0,0.0,0.0,0.0,0.0,0.0,0.0,0.0,0.0,0.0,0.0
2023-10-26,V,0.0,0.0,0.0,0.0,0.0,0.0,0.0,0.0,0.0,0.0,0.0,0.0,0.0,0.0
2023-10-27,V,0.0,0.0,0.0,0.0,0.0,0.0,0.0,0.0,0.0,0.0,0.0,0.0,0.0,0.0
2023-10-30,V,0.0,0.0,0.0,0.0,0.0,0.0,0.0,0.0,0.0,0.0,0.0,0.0,0.0,0.0
2023-10-31,V,0.0,0.0,0.0,0.0,0.0,0.0,0.0,0.0,0.0,0.0,0.0,0.0,0.0,0.0
2023-11-01,V,0.0,0.0,0.0,0.0,0.0,0.0,0.0,0.0,0.0,0.0,0.0,0.0,0.0,0.0
2023-11-02,V,0.0,0.0,0.0,0.0,0.0,0.0,0.0,0.0,0.0,0.0,0.0,0.0,0.0,0.0
2023-11-03,V,0.0,0.0,0.0,0.0,0.0,0.0,0.0,0.0,0.0,0.0,0.0,0.0,0.0,0.0
2023-11-06,V,0.0,0.0,0.0,0.0,0.0,0.0,0.0,0.0,0.0,0.0,0.0,0.0,0.0,0.0
2023-11-07,V,0.0,0.0,0.0,0.0,0.0,0.0,0.0,0.0,0.0,0.0,0.0,0.0,0.0,0.0
2023-11-08,V,0.0,0.0,0.0,0.0,0.0,0.0,0.0,0.0,0.0,0.0,0.0,0.0,0.0,0.0
2023-11-09,V,0.0,0.0,0.0,0.0,0.0,0.0,0.0,0.0,0.0,0.0,0.0,0.0,0.0,0.0
2023-11-10,V,0.0,0.0,0.0,0.0,0.0,0.0,0.0,0.0,0.0,0.0,0.0,0.0,0.0,0.0
2023-11-13,V,0.0,0.0,0.0,0.0,0.0,0.0,0.0,0.0,0.0,0.0,0.0,0.0,0.0,0.0
2023-11-14,V,0.0,0.0,0.0,0.0,0.0,0.0,0.0,0.0,0.0,0.0,0.0,0.0,0.0,0.0
2023-11-15,V,0.0,0.0,0.0,0.0,0.0,0.0,0.0,0.0,0.0,0.0,0.0,0.0,0.0,0.0
2023-11-16,V,0.0,0.0,0.0,0.0,0.0,0.0,0.0,0.0,0.0,0.0,0.0,0.0,0.0,0.0
2023-11-17,V,0.0,0.0,0.0,0.0,0.0,0.0,0.0,0.0,0.0,0.0,0.0,0.0,0.0,0.0
2023-11-20,V,0.0,0.0,0.0,0.0,0.0,0.0,0.0,0.0,0.0,0.0,0.0,0.0,0.0,0.0
2023-11-21,V,0.0,0.0,0.0,0.0,0.0,0.0,0.0,0.0,0.0,0.0,0.0,0.0,0.0,0.0
2023-11-22,V,0.0,0.0,0.0,0.0,0.0,0.0,0.0,0.0,0.0,0.0,0.0,0.0,0.0,0.0
2023-11-24,V,0.0,0.0,0.0,0.0,0.0,0.0,0.0,0.0,0.0,0.0,0.0,0.0,0.0,0.0
2023-11-27,V,0.0,0.0,0.0,0.0,0.0,0.0,0.0,0.0,0.0,0.0,0.0,0.0,0.0,0.0
2023-11-28,V,0.0,0.0,0.0,0.0,0.0,0.0,0.0,0.0,0.0,0.0,0.0,0.0,0.0,0.0
2023-11-29,V,0.0,0.0,0.0,0.0,0.0,0.0,0.0,0.0,0.0,0.0,0.0,0.0,0.0,0.0
2023-11-30,V,0.0,0.0,0.0,0.0,0.0,0.0,0.0,0.0,0.0,0.0,0.0,0.0,0.0,0.0
2023-12-01,V,0.0,0.0,0.0,0.0,0.0,0.0,0.0,0.0,0.0,0.0,0.0,0.0,0.0,0.0
2023-12-04,V,0.0,0.0,0.0,0.0,0.0,0.0,0.0,0.0,0.0,0.0,0.0,0.0,0.0,0.0
2023-12-05,V,0.0,0.0,0.0,0.0,0.0,0.0,0.0,0.0,0.0,0.0,0.0,0.0,0.0,0.0
2023-12-06,V,0.0,0.0,0.0,0.0,0.0,0.0,0.0,0.0,0.0,0.0,0.0,0.0,0.0,0.0
2023-12-07,V,0.0,0.0,0.0,0.0,0.0,0.0,0.0,0.0,0.0,0.0,0.0,0.0,0.0,0.0
2023-12-08,V,0.0,0.0,0.0,0.0,0.0,0.0,0.0,0.0,0.0,0.0,0.0,0.0,0.0,0.0
2023-12-11,V,0.0,0.0,0.0,0.0,0.0,0.0,0.0,0.0,0.0,0.0,0.0,0.0,0.0,0.0
2023-12-12,V,0.0,0.0,0.0,0.0,0.0,0.0,0.0,0.0,0.0,0.0,0.0,0.0,0.0,0.0
2023-12-13,V,0.0,0.0,0.0,0.0,0.0,0.0,0.0,0.0,0.0,0.0,0.0,0.0,0.0,0.0
2023-12-14,V,0.0,0.0,0.0,0.0,0.0,0.0,0.0,0.0,0.0,0.0,0.0,0.0,0.0,0.0
2023-12-15,V,0.0,0.0,0.0,0.0,0.0,0.0,0.0,0.0,0.0,0.0,0.0,0.0,0.0,0.0
2023-12-18,V,0.0,0.0,0.0,0.0,0.0,0.0,0.0,0.0,0.0,0.0,0.0,0.0,0.0,0.0
2023-12-19,V,0.0,0.0,0.0,0.0,0.0,0.0,0.0,0.0,0.0,0.0,0.0,0.0,0.0,0.0
2023-12-20,V,0.0,0.0,0.0,0.0,0.0,0.0,0.0,0.0,0.0,0.0,0.0,0.0,0.0,0.0
2023-12-21,V,0.0,0.0,0.0,0.0,0.0,0.0,0.0,0.0,0.0,0.0,0.0,0.0,0.0,0.0
2023-12-22,V,0.0,0.0,0.0,0.0,0.0,0.0,0.0,0.0,0.0,0.0,0.0,0.0,0.0,0.0
2023-12-26,V,0.0,0.0,0.0,0.0,0.0,0.0,0.0,0.0,0.0,0.0,0.0,0.0,0.0,0.0
2023-12-27,V,0.0,0.0,0.0,0.0,0.0,0.0,0.0,0.0,0.0,0.0,0.0,0.0,0.0,0.0
2023-12-28,V,0.0,0.0,0.0,0.0,0.0,0.0,0.0,0.0,0.0,0.0,0.0,0.0,0.0,0.0
2023-12-29,V,0.0,0.0,0.0,0.0,0.0,0.0,0.0,0.0,0.0,0.0,0.0,0.0,0.0,0.0
2024-01-02,V,0.0,0.0,0.0,0.0,0.0,0.0,0.0,0.0,0.0,0.0,0.0,0.0,0.0,0.0
2024-01-03,V,0.0,0.0,0.0,0.0,0.0,0.0,0.0,0.0,0.0,0.0,0.0,0.0,0.0,0.0
2024-01-04,V,0.0,0.0,0.0,0.0,0.0,0.0,0.0,0.0,0.0,0.0,0.0,0.0,0.0,0.0
2024-01-05,V,0.0,0.0,0.0,0.0,0.0,0.0,0.0,0.0,0.0,0.0,0.0,0.0,0.0,0.0
2024-01-08,V,0.0,0.0,0.0,0.0,0.0,0.0,0.0,0.0,0.0,0.0,0.0,0.0,0.0,0.0
2024-01-09,V,0.0,0.0,0.0,0.0,0.0,0.0,0.0,0.0,0.0,0.0,0.0,0.0,0.0,0.0
2024-01-10,V,0.0,0.0,0.0,0.0,0.0,0.0,0.0,0.0,0.0,0.0,0.0,0.0,0.0,0.0
2024-01-11,V,0.0,0.0,0.0,0.0,0.0,0.0,0.0,0.0,0.0,0.0,0.0,0.0,0.0,0.0
2024-01-12,V,0.0,0.0,0.0,0.0,0.0,0.0,0.0,0.0,0.0,0.0,0.0,0.0,0.0,0.0
2024-01-16,V,0.0,0.0,0.0,0.0,0.0,0.0,0.0,0.0,0.0,0.0,0.0,0.0,0.0,0.0
2024-01-17,V,0.0,0.0,0.0,0.0,0.0,0.0,0.0,0.0,0.0,0.0,0.0,0.0,0.0,0.0
2024-01-18,V,0.0,0.0,0.0,0.0,0.0,0.0,0.0,0.0,0.0,0.0,0.0,0.0,0.0,0.0
2024-01-19,V,0.0,0.0,0.0,0.0,0.0,0.0,0.0,0.0,0.0,0.0,0.0,0.0,0.0,0.0
2024-01-22,V,0.0,0.0,0.0,0.0,0.0,0.0,0.0,0.0,0.0,0.0,0.0,0.0,0.0,0.0
2024-01-23,V,0.0,0.0,0.0,0.0,0.0,0.0,0.0,0.0,0.0,0.0,0.0,0.0,0.0,0.0
2024-01-24,V,0.0,0.0,0.0,0.0,0.0,0.0,0.0,0.0,0.0,0.0,0.0,0.0,0.0,0.0
2024-01-25,V,0.0,0.0,0.0,0.0,0.0,0.0,0.0,0.0,0.0,0.0,0.0,0.0,0.0,0.0
2024-01-26,V,0.0,0.0,0.0,0.0,0.0,0.0,0.0,0.0,0.0,0.0,0.0,0.0,0.0,0.0
2024-01-29,V,0.0,0.0,0.0,0.0,0.0,0.0,0.0,0.0,0.0,0.0,0.0,0.0,0.0,0.0
2024-01-30,V,0.0,0.0,0.0,0.0,0.0,0.0,0.0,0.0,0.0,0.0,0.0,0.0,0.0,0.0
2024-01-31,V,0.0,0.0,0.0,0.0,0.0,0.0,0.0,0.0,0.0,0.0,0.0,0.0,0.0,0.0
2024-02-01,V,0.0,0.0,0.0,0.0,0.0,0.0,0.0,0.0,0.0,0.0,0.0,0.0,0.0,0.0
2024-02-02,V,0.0,0.0,0.0,0.0,0.0,0.0,0.0,0.0,0.0,0.0,0.0,0.0,0.0,0.0
2024-02-05,V,0.0,0.0,0.0,0.0,0.0,0.0,0.0,0.0,0.0,0.0,0.0,0.0,0.0,0.0
2024-02-06,V,0.0,0.0,0.0,0.0,0.0,0.0,0.0,0.0,0.0,0.0,0.0,0.0,0.0,0.0
2024-02-07,V,0.0,0.0,0.0,0.0,0.0,0.0,0.0,0.0,0.0,0.0,0.0,0.0,0.0,0.0
2024-02-08,V,0.0,0.0,0.0,0.0,0.0,0.0,0.0,0.0,0.0,0.0,0.0,0.0,0.0,0.0
2024-02-09,V,0.0,0.0,0.0,0.0,0.0,0.0,0.0,0.0,0.0,0.0,0.0,0.0,0.0,0.0
2024-02-12,V,0.0,0.0,0.0,0.0,0.0,0.0,0.0,0.0,0.0,0.0,0.0,0.0,0.0,0.0
2024-02-13,V,0.0,0.0,0.0,0.0,0.0,0.0,0.0,0.0,0.0,0.0,0.0,0.0,0.0,0.0
2024-02-14,V,0.0,0.0,0.0,0.0,0.0,0.0,0.0,0.0,0.0,0.0,0.0,0.0,0.0,0.0
2024-02-15,V,0.0,0.0,0.0,0.0,0.0,0.0,0.0,0.0,0.0,0.0,0.0,0.0,0.0,0.0
2024-02-16,V,0.0,0.0,0.0,0.0,0.0,0.0,0.0,0.0,0.0,0.0,0.0,0.0,0.0,0.0
2024-02-20,V,0.0,0.0,0.0,0.0,0.0,0.0,0.0,0.0,0.0,0.0,0.0,0.0,0.0,0.0
2024-02-21,V,0.0,0.0,0.0,0.0,0.0,0.0,0.0,0.0,0.0,0.0,0.0,0.0,0.0,0.0
2024-02-22,V,0.0,0.0,0.0,0.0,0.0,0.0,0.0,0.0,0.0,0.0,0.0,0.0,0.0,0.0
2024-02-23,V,0.0,0.0,0.0,0.0,0.0,0.0,0.0,0.0,0.0,0.0,0.0,0.0,0.0,0.0
2024-02-26,V,0.0,0.0,0.0,0.0,0.0,0.0,0.0,0.0,0.0,0.0,0.0,0.0,0.0,0.0
2024-02-27,V,0.0,0.0,0.0,0.0,0.0,0.0,0.0,0.0,0.0,0.0,0.0,0.0,0.0,0.0
2024-02-28,V,0.0,0.0,0.0,0.0,0.0,0.0,0.0,0.0,0.0,0.0,0.0,0.0,0.0,0.0
2024-02-29,V,0.0,0.0,0.0,0.0,0.0,0.0,0.0,0.0,0.0,0.0,0.0,0.0,0.0,0.0
2024-03-01,V,0.0,0.0,0.0,0.0,0.0,0.0,0.0,0.0,0.0,0.0,0.0,0.0,0.0,0.0
2024-03-04,V,0.0,0.0,0.0,0.0,0.0,0.0,0.0,0.0,0.0,0.0,0.0,0.0,0.0,0.0
2024-03-05,V,0.0,0.0,0.0,0.0,0.0,0.0,0.0,0.0,0.0,0.0,0.0,0.0,0.0,0.0
2024-03-06,V,0.0,0.0,0.0,0.0,0.0,0.0,0.0,0.0,0.0,0.0,0.0,0.0,0.0,0.0
2024-03-07,V,0.0,0.0,0.0,0.0,0.0,0.0,0.0,0.0,0.0,0.0,0.0,0.0,0.0,0.0
2024-03-08,V,0.0,0.0,0.0,0.0,0.0,0.0,0.0,0.0,0.0,0.0,0.0,0.0,0.0,0.0
2024-03-11,V,0.0,0.0,0.0,0.0,0.0,0.0,0.0,0.0,0.0,0.0,0.0,0.0,0.0,0.0
2024-03-12,V,0.0,0.0,0.0,0.0,0.0,0.0,0.0,0.0,0.0,0.0,0.0,0.0,0.0,0.0
2024-03-13,V,0.0,0.0,0.0,0.0,0.0,0.0,0.0,0.0,0.0,0.0,0.0,0.0,0.0,0.0
2024-03-14,V,0.0,0.0,0.0,0.0,0.0,0.0,0.0,0.0,0.0,0.0,0.0,0.0,0.0,0.0
2024-03-15,V,0.0,0.0,0.0,0.0,0.0,0.0,0.0,0.0,0.0,0.0,0.0,0.0,0.0,0.0
2024-03-18,V,0.0,0.0,0.0,0.0,0.0,0.0,0.0,0.0,0.0,0.0,0.0,0.0,0.0,0.0
2024-03-19,V,0.0,0.0,0.0,0.0,0.0,0.0,0.0,0.0,0.0,0.0,0.0,0.0,0.0,0.0
2024-03-20,V,0.0,0.0,0.0,0.0,0.0,0.0,0.0,0.0,0.0,0.0,0.0,0.0,0.0,0.0
2024-03-21,V,0.0,0.0,0.0,0.0,0.0,0.0,0.0,0.0,0.0,0.0,0.0,0.0,0.0,0.0
2024-03-22,V,0.0,0.0,0.0,0.0,0.0,0.0,0.0,0.0,0.0,0.0,0.0,0.0,0.0,0.0
2024-03-25,V,0.0,0.0,0.0,0.0,0.0,0.0,0.0,0.0,0.0,0.0,0.0,0.0,0.0,0.0
2024-03-26,V,0.0,0.0,0.0,0.0,0.0,0.0,0.0,0.0,0.0,0.0,0.0,0.0,0.0,0.0
2024-03-27,V,0.0,0.0,0.0,0.0,0.0,0.0,0.0,0.0,0.0,0.0,0.0,0.0,0.0,0.0
2024-03-28,V,0.0,0.0,0.0,0.0,0.0,0.0,0.0,0.0,0.0,0.0,0.0,0.0,0.0,0.0
2024-04-01,V,0.0,0.0,0.0,0.0,0.0,0.0,0.0,0.0,0.0,0.0,0.0,0.0,0.0,0.0
2024-04-02,V,0.0,0.0,0.0,0.0,0.0,0.0,0.0,0.0,0.0,0.0,0.0,0.0,0.0,0.0
2024-04-03,V,0.0,0.0,0.0,0.0,0.0,0.0,0.0,0.0,0.0,0.0,0.0,0.0,0.0,0.0
2024-04-04,V,0.0,0.0,0.0,0.0,0.0,0.0,0.0,0.0,0.0,0.0,0.0,0.0,0.0,0.0
2024-04-05,V,0.0,0.0,0.0,0.0,0.0,0.0,0.0,0.0,0.0,0.0,0.0,0.0,0.0,0.0
2024-04-08,V,0.0,0.0,0.0,0.0,0.0,0.0,0.0,0.0,0.0,0.0,0.0,0.0,0.0,0.0
2024-04-09,V,0.0,0.0,0.0,0.0,0.0,0.0,0.0,0.0,0.0,0.0,0.0,0.0,0.0,0.0
2024-04-10,V,0.0,0.0,0.0,0.0,0.0,0.0,0.0,0.0,0.0,0.0,0.0,0.0,0.0,0.0
2024-04-11,V,0.0,0.0,0.0,0.0,0.0,0.0,0.0,0.0,0.0,0.0,0.0,0.0,0.0,0.0
2024-04-12,V,0.0,0.0,0.0,0.0,0.0,0.0,0.0,0.0,0.0,0.0,0.0,0.0,0.0,0.0
2024-04-15,V,0.0,0.0,0.0,0.0,0.0,0.0,0.0,0.0,0.0,0.0,0.0,0.0,0.0,0.0
2024-04-16,V,0.0,0.0,0.0,0.0,0.0,0.0,0.0,0.0,0.0,0.0,0.0,0.0,0.0,0.0
2024-04-17,V,0.0,0.0,0.0,0.0,0.0,0.0,0.0,0.0,0.0,0.0,0.0,0.0,0.0,0.0
2024-04-18,V,0.0,0.0,0.0,0.0,0.0,0.0,0.0,0.0,0.0,0.0,0.0,0.0,0.0,0.0
2024-04-19,V,0.0,0.0,0.0,0.0,0.0,0.0,0.0,0.0,0.0,0.0,0.0,0.0,0.0,0.0
2024-04-22,V,0.0,0.0,0.0,0.0,0.0,0.0,0.0,0.0,0.0,0.0,0.0,0.0,0.0,0.0
2024-04-23,V,0.0,0.0,0.0,0.0,0.0,0.0,0.0,0.0,0.0,0.0,0.0,0.0,0.0,0.0
2024-04-24,V,0.0,0.0,0.0,0.0,0.0,0.0,0.0,0.0,0.0,0.0,0.0,0.0,0.0,0.0
2024-04-25,V,0.0,0.0,0.0,0.0,0.0,0.0,0.0,0.0,0.0,0.0,0.0,0.0,0.0,0.0
2024-04-26,V,0.0,0.0,0.0,0.0,0.0,0.0,0.0,0.0,0.0,0.0,0.0,0.0,0.0,0.0
2024-04-29,V,0.0,0.0,0.0,0.0,0.0,0.0,0.0,0.0,0.0,0.0,0.0,0.0,0.0,0.0
2024-04-30,V,0.0,0.0,0.0,0.0,0.0,0.0,0.0,0.0,0.0,0.0,0.0,0.0,0.0,0.0
2024-05-01,V,0.0,0.0,0.0,0.0,0.0,0.0,0.0,0.0,0.0,0.0,0.0,0.0,0.0,0.0
2024-05-02,V,0.0,0.0,0.0,0.0,0.0,0.0,0.0,0.0,0.0,0.0,0.0,0.0,0.0,0.0
2024-05-03,V,0.0,0.0,0.0,0.0,0.0,0.0,0.0,0.0,0.0,0.0,0.0,0.0,0.0,0.0
2024-05-06,V,0.0,0.0,0.0,0.0,0.0,0.0,0.0,0.0,0.0,0.0,0.0,0.0,0.0,0.0
2024-05-07,V,0.0,0.0,0.0,0.0,0.0,0.0,0.0,0.0,0.0,0.0,0.0,0.0,0.0,0.0
2024-05-08,V,0.0,0.0,0.0,0.0,0.0,0.0,0.0,0.0,0.0,0.0,0.0,0.0,0.0,0.0
2024-05-09,V,0.0,0.0,0.0,0.0,0.0,0.0,0.0,0.0,0.0,0.0,0.0,0.0,0.0,0.0
2024-05-10,V,0.0,0.0,0.0,0.0,0.0,0.0,0.0,0.0,0.0,0.0,0.0,0.0,0.0,0.0
2024-05-13,V,0.0,0.0,0.0,0.0,0.0,0.0,0.0,0.0,0.0,0.0,0.0,0.0,0.0,0.0
2024-05-14,V,0.0,0.0,0.0,0.0,0.0,0.0,0.0,0.0,0.0,0.0,0.0,0.0,0.0,0.0
2024-05-15,V,0.0,0.0,0.0,0.0,0.0,0.0,0.0,0.0,0.0,0.0,0.0,0.0,0.0,0.0
2024-05-16,V,0.0,0.0,0.0,0.0,0.0,0.0,0.0,0.0,0.0,0.0,0.0,0.0,0.0,0.0
2024-05-17,V,0.0,0.0,0.0,0.0,0.0,0.0,0.0,0.0,0.0,0.0,0.0,0.0,0.0,0.0
2024-05-20,V,0.0,0.0,0.0,0.0,0.0,0.0,0.0,0.0,0.0,0.0,0.0,0.0,0.0,0.0
2024-05-21,V,0.0,0.0,0.0,0.0,0.0,0.0,0.0,0.0,0.0,0.0,0.0,0.0,0.0,0.0
2024-05-22,V,0.0,0.0,0.0,0.0,0.0,0.0,0.0,0.0,0.0,0.0,0.0,0.0,0.0,0.0
2024-05-23,V,0.0,0.0,0.0,0.0,0.0,0.0,0.0,0.0,0.0,0.0,0.0,0.0,0.0,0.0
2024-05-24,V,0.0,0.0,0.0,0.0,0.0,0.0,0.0,0.0,0.0,0.0,0.0,0.0,0.0,0.0
2024-05-28,V,0.0,0.0,0.0,0.0,0.0,0.0,0.0,0.0,0.0,0.0,0.0,0.0,0.0,0.0
2024-05-29,V,0.0,0.0,0.0,0.0,0.0,0.0,0.0,0.0,0.0,0.0,0.0,0.0,0.0,0.0
2024-05-30,V,0.0,0.0,0.0,0.0,0.0,0.0,0.0,0.0,0.0,0.0,0.0,0.0,0.0,0.0
2024-05-31,V,0.0,0.0,0.0,0.0,0.0,0.0,0.0,0.0,0.0,0.0,0.0,0.0,0.0,0.0
2024-06-03,V,0.0,0.0,0.0,0.0,0.0,0.0,0.0,0.0,0.0,0.0,0.0,0.0,0.0,0.0
2024-06-04,V,0.0,0.0,0.0,0.0,0.0,0.0,0.0,0.0,0.0,0.0,0.0,0.0,0.0,0.0
2024-06-05,V,0.0,0.0,0.0,0.0,0.0,0.0,0.0,0.0,0.0,0.0,0.0,0.0,0.0,0.0
2024-06-06,V,0.0,0.0,0.0,0.0,0.0,0.0,0.0,0.0,0.0,0.0,0.0,0.0,0.0,0.0
2024-06-07,V,0.0,0.0,0.0,0.0,0.0,0.0,0.0,0.0,0.0,0.0,0.0,0.0,0.0,0.0
2024-06-10,V,0.0,0.0,0.0,0.0,0.0,0.0,0.0,0.0,0.0,0.0,0.0,0.0,0.0,0.0
2024-06-11,V,0.0,0.0,0.0,0.0,0.0,0.0,0.0,0.0,0.0,0.0,0.0,0.0,0.0,0.0
2024-06-12,V,0.0,0.0,0.0,0.0,0.0,0.0,0.0,0.0,0.0,0.0,0.0,0.0,0.0,0.0
2024-06-13,V,0.0,0.0,0.0,0.0,0.0,0.0,0.0,0.0,0.0,0.0,0.0,0.0,0.0,0.0
2024-06-14,V,0.0,0.0,0.0,0.0,0.0,0.0,0.0,0.0,0.0,0.0,0.0,0.0,0.0,0.0
2024-06-17,V,0.0,0.0,0.0,0.0,0.0,0.0,0.0,0.0,0.0,0.0,0.0,0.0,0.0,0.0
2024-06-18,V,0.0,0.0,0.0,0.0,0.0,0.0,0.0,0.0,0.0,0.0,0.0,0.0,0.0,0.0
2024-06-20,V,0.0,0.0,0.0,0.0,0.0,0.0,0.0,0.0,0.0,0.0,0.0,0.0,0.0,0.0
2024-06-21,V,0.0,0.0,0.0,0.0,0.0,0.0,0.0,0.0,0.0,0.0,0.0,0.0,0.0,0.0
2024-06-24,V,0.0,0.0,0.0,0.0,0.0,0.0,0.0,0.0,0.0,0.0,0.0,0.0,0.0,0.0
2024-06-25,V,0.0,0.0,0.0,0.0,0.0,0.0,0.0,0.0,0.0,0.0,0.0,0.0,0.0,0.0
2024-06-26,V,0.0,0.0,0.0,0.0,0.0,0.0,0.0,0.0,0.0,0.0,0.0,0.0,0.0,0.0
2024-06-27,V,0.0,0.0,0.0,0.0,0.0,0.0,0.0,0.0,0.0,0.0,0.0,0.0,0.0,0.0
2024-06-28,V,0.0,0.0,0.0,0.0,0.0,0.0,0.0,0.0,0.0,0.0,0.0,0.0,0.0,0.0
2024-07-01,V,0.0,0.0,0.0,0.0,0.0,0.0,0.0,0.0,0.0,0.0,0.0,0.0,0.0,0.0
2024-07-02,V,0.0,0.0,0.0,0.0,0.0,0.0,0.0,0.0,0.0,0.0,0.0,0.0,0.0,0.0
2024-07-03,V,0.0,0.0,0.0,0.0,0.0,0.0,0.0,0.0,0.0,0.0,0.0,0.0,0.0,0.0
2024-07-05,V,0.0,0.0,0.0,0.0,0.0,0.0,0.0,0.0,0.0,0.0,0.0,0.0,0.0,0.0
2024-07-08,V,0.0,0.0,0.0,0.0,0.0,0.0,0.0,0.0,0.0,0.0,0.0,0.0,0.0,0.0
2024-07-09,V,0.0,0.0,0.0,0.0,0.0,0.0,0.0,0.0,0.0,0.0,0.0,0.0,0.0,0.0
2024-07-10,V,0.0,0.0,0.0,0.0,0.0,0.0,0.0,0.0,0.0,0.0,0.0,0.0,0.0,0.0
2024-07-11,V,0.0,0.0,0.0,0.0,0.0,0.0,0.0,0.0,0.0,0.0,0.0,0.0,0.0,0.0
2024-07-12,V,0.0,0.0,0.0,0.0,0.0,0.0,0.0,0.0,0.0,0.0,0.0,0.0,0.0,0.0
2024-07-15,V,0.0,0.0,0.0,0.0,0.0,0.0,0.0,0.0,0.0,0.0,0.0,0.0,0.0,0.0
2024-07-16,V,0.0,0.0,0.0,0.0,0.0,0.0,0.0,0.0,0.0,0.0,0.0,0.0,0.0,0.0
2024-07-17,V,0.0,0.0,0.0,0.0,0.0,0.0,0.0,0.0,0.0,0.0,0.0,0.0,0.0,0.0
2024-07-18,V,0.0,0.0,0.0,0.0,0.0,0.0,0.0,0.0,0.0,0.0,0.0,0.0,0.0,0.0
2024-07-19,V,0.0,0.0,0.0,0.0,0.0,0.0,0.0,0.0,0.0,0.0,0.0,0.0,0.0,0.0
2024-07-22,V,0.0,0.0,0.0,0.0,0.0,0.0,0.0,0.0,0.0,0.0,0.0,0.0,0.0,0.0
2024-07-23,V,0.0,0.0,0.0,0.0,0.0,0.0,0.0,0.0,0.0,0.0,0.0,0.0,0.0,0.0
2024-07-24,V,0.0,0.0,0.0,0.0,0.0,0.0,0.0,0.0,0.0,0.0,0.0,0.0,0.0,0.0
2024-07-25,V,0.0,0.0,0.0,0.0,0.0,0.0,0.0,0.0,0.0,0.0,0.0,0.0,0.0,0.0
2024-07-26,V,0.0,0.0,0.0,0.0,0.0,0.0,0.0,0.0,0.0,0.0,0.0,0.0,0.0,0.0
2024-07-29,V,0.0,0.0,0.0,0.0,0.0,0.0,0.0,0.0,0.0,0.0,0.0,0.0,0.0,0.0
2024-07-30,V,0.0,0.0,0.0,0.0,0.0,0.0,0.0,0.0,0.0,0.0,0.0,0.0,0.0,0.0
2024-07-31,V,0.0,0.0,0.0,0.0,0.0,0.0,0.0,0.0,0.0,0.0,0.0,0.0,0.0,0.0
2024-08-01,V,0.0,0.0,0.0,0.0,0.0,0.0,0.0,0.0,0.0,0.0,0.0,0.0,0.0,0.0
2024-08-02,V,0.0,0.0,0.0,0.0,0.0,0.0,0.0,0.0,0.0,0.0,0.0,0.0,0.0,0.0
2024-08-05,V,0.0,0.0,0.0,0.0,0.0,0.0,0.0,0.0,0.0,0.0,0.0,0.0,0.0,0.0
2024-08-06,V,0.0,0.0,0.0,0.0,0.0,0.0,0.0,0.0,0.0,0.0,0.0,0.0,0.0,0.0
2024-08-07,V,0.0,0.0,0.0,0.0,0.0,0.0,0.0,0.0,0.0,0.0,0.0,0.0,0.0,0.0
2024-08-08,V,0.0,0.0,0.0,0.0,0.0,0.0,0.0,0.0,0.0,0.0,0.0,0.0,0.0,0.0
2024-08-09,V,0.0,0.0,0.0,0.0,0.0,0.0,0.0,0.0,0.0,0.0,0.0,0.0,0.0,0.0
2024-08-12,V,0.0,0.0,0.0,0.0,0.0,0.0,0.0,0.0,0.0,0.0,0.0,0.0,0.0,0.0
2024-08-13,V,0.0,0.0,0.0,0.0,0.0,0.0,0.0,0.0,0.0,0.0,0.0,0.0,0.0,0.0
2024-08-14,V,0.0,0.0,0.0,0.0,0.0,0.0,0.0,0.0,0.0,0.0,0.0,0.0,0.0,0.0
2024-08-15,V,0.0,0.0,0.0,0.0,0.0,0.0,0.0,0.0,0.0,0.0,0.0,0.0,0.0,0.0
2024-08-16,V,0.0,0.0,0.0,0.0,0.0,0.0,0.0,0.0,0.0,0.0,0.0,0.0,0.0,0.0
2024-08-19,V,0.0,0.0,0.0,0.0,0.0,0.0,0.0,0.0,0.0,0.0,0.0,0.0,0.0,0.0
2024-08-20,V,0.0,0.0,0.0,0.0,0.0,0.0,0.0,0.0,0.0,0.0,0.0,0.0,0.0,0.0
2024-08-21,V,0.0,0.0,0.0,0.0,0.0,0.0,0.0,0.0,0.0,0.0,0.0,0.0,0.0,0.0
2024-08-22,V,0.0,0.0,0.0,0.0,0.0,0.0,0.0,0.0,0.0,0.0,0.0,0.0,0.0,0.0
2024-08-23,V,0.0,0.0,0.0,0.0,0.0,0.0,0.0,0.0,0.0,0.0,0.0,0.0,0.0,0.0
2024-08-26,V,0.0,0.0,0.0,0.0,0.0,0.0,0.0,0.0,0.0,0.0,0.0,0.0,0.0,0.0
2024-08-27,V,0.0,0.0,0.0,0.0,0.0,0.0,0.0,0.0,0.0,0.0,0.0,0.0,0.0,0.0
2024-08-28,V,0.0,0.0,0.0,0.0,0.0,0.0,0.0,0.0,0.0,0.0,0.0,0.0,0.0,0.0
2024-08-29,V,0.0,0.0,0.0,0.0,0.0,0.0,0.0,0.0,0.0,0.0,0.0,0.0,0.0,0.0
2024-08-30,V,0.0,0.0,0.0,0.0,0.0,0.0,0.0,0.0,0.0,0.0,0.0,0.0,0.0,0.0
2024-09-03,V,0.0,0.0,0.0,0.0,0.0,0.0,0.0,0.0,0.0,0.0,0.0,0.0,0.0,0.0
2024-09-04,V,0.0,0.0,0.0,0.0,0.0,0.0,0.0,0.0,0.0,0.0,0.0,0.0,0.0,0.0
2024-09-05,V,0.0,0.0,0.0,0.0,0.0,0.0,0.0,0.0,0.0,0.0,0.0,0.0,0.0,0.0
2024-09-06,V,0.0,0.0,0.0,0.0,0.0,0.0,0.0,0.0,0.0,0.0,0.0,0.0,0.0,0.0
2024-09-09,V,0.0,0.0,0.0,0.0,0.0,0.0,0.0,0.0,0.0,0.0,0.0,0.0,0.0,0.0
2024-09-10,V,0.0,0.0,0.0,0.0,0.0,0.0,0.0,0.0,0.0,0.0,0.0,0.0,0.0,0.0
2024-09-11,V,0.0,0.0,0.0,0.0,0.0,0.0,0.0,0.0,0.0,0.0,0.0,0.0,0.0,0.0
2024-09-12,V,0.0,0.0,0.0,0.0,0.0,0.0,0.0,0.0,0.0,0.0,0.0,0.0,0.0,0.0
2024-09-13,V,0.0,0.0,0.0,0.0,0.0,0.0,0.0,0.0,0.0,0.0,0.0,0.0,0.0,0.0
2024-09-16,V,0.0,0.0,0.0,0.0,0.0,0.0,0.0,0.0,0.0,0.0,0.0,0.0,0.0,0.0
2024-09-17,V,0.0,0.0,0.0,0.0,0.0,0.0,0.0,0.0,0.0,0.0,0.0,0.0,0.0,0.0
2024-09-18,V,0.0,0.0,0.0,0.0,0.0,0.0,0.0,0.0,0.0,0.0,0.0,0.0,0.0,0.0
2024-09-19,V,0.0,0.0,0.0,0.0,0.0,0.0,0.0,0.0,0.0,0.0,0.0,0.0,0.0,0.0
2024-09-20,V,0.0,0.0,0.0,0.0,0.0,0.0,0.0,0.0,0.0,0.0,0.0,0.0,0.0,0.0
2024-09-23,V,0.0,0.0,0.0,0.0,0.0,0.0,0.0,0.0,0.0,0.0,0.0,0.0,0.0,0.0
2024-09-24,V,0.0,0.0,0.0,0.0,0.0,0.0,0.0,0.0,0.0,0.0,0.0,0.0,0.0,0.0
2024-09-25,V,0.0,0.0,0.0,0.0,0.0,0.0,0.0,0.0,0.0,0.0,0.0,0.0,0.0,0.0
2024-09-26,V,0.0,0.0,0.0,0.0,0.0,0.0,0.0,0.0,0.0,0.0,0.0,0.0,0.0,0.0
2024-09-27,V,0.0,0.0,0.0,0.0,0.0,0.0,0.0,0.0,0.0,0.0,0.0,0.0,0.0,0.0
2024-09-30,V,0.0,0.0,0.0,0.0,0.0,0.0,0.0,0.0,0.0,0.0,0.0,0.0,0.0,0.0
2024-10-01,V,0.0,0.0,0.0,0.0,0.0,0.0,0.0,0.0,0.0,0.0,0.0,0.0,0.0,0.0
2024-10-02,V,0.0,0.0,0.0,0.0,0.0,0.0,0.0,0.0,0.0,0.0,0.0,0.0,0.0,0.0
2024-10-03,V,0.0,0.0,0.0,0.0,0.0,0.0,0.0,0.0,0.0,0.0,0.0,0.0,0.0,0.0
2024-10-04,V,0.0,0.0,0.0,0.0,0.0,0.0,0.0,0.0,0.0,0.0,0.0,0.0,0.0,0.0
2024-10-07,V,0.0,0.0,0.0,0.0,0.0,0.0,0.0,0.0,0.0,0.0,0.0,0.0,0.0,0.0
2024-10-08,V,0.0,0.0,0.0,0.0,0.0,0.0,0.0,0.0,0.0,0.0,0.0,0.0,0.0,0.0
2024-10-09,V,0.0,0.0,0.0,0.0,0.0,0.0,0.0,0.0,0.0,0.0,0.0,0.0,0.0,0.0
2024-10-10,V,0.0,0.0,0.0,0.0,0.0,0.0,0.0,0.0,0.0,0.0,0.0,0.0,0.0,0.0
2024-10-11,V,0.0,0.0,0.0,0.0,0.0,0.0,0.0,0.0,0.0,0.0,0.0,0.0,0.0,0.0
2024-10-14,V,0.0,0.0,0.0,0.0,0.0,0.0,0.0,0.0,0.0,0.0,0.0,0.0,0.0,0.0
2024-10-15,V,0.0,0.0,0.0,0.0,0.0,0.0,0.0,0.0,0.0,0.0,0.0,0.0,0.0,0.0
2024-10-16,V,0.0,0.0,0.0,0.0,0.0,0.0,0.0,0.0,0.0,0.0,0.0,0.0,0.0,0.0
2024-10-17,V,0.0,0.0,0.0,0.0,0.0,0.0,0.0,0.0,0.0,0.0,0.0,0.0,0.0,0.0
2024-10-18,V,0.0,0.0,0.0,0.0,0.0,0.0,0.0,0.0,0.0,0.0,0.0,0.0,0.0,0.0
2024-10-21,V,0.0,0.0,0.0,0.0,0.0,0.0,0.0,0.0,0.0,0.0,0.0,0.0,0.0,0.0
2024-10-22,V,0.0,0.0,0.0,0.0,0.0,0.0,0.0,0.0,0.0,0.0,0.0,0.0,0.0,0.0
2024-10-23,V,0.0,0.0,0.0,0.0,0.0,0.0,0.0,0.0,0.0,0.0,0.0,0.0,0.0,0.0
2024-10-24,V,0.0,0.0,0.0,0.0,0.0,0.0,0.0,0.0,0.0,0.0,0.0,0.0,0.0,0.0
2024-10-25,V,0.0,0.0,0.0,0.0,0.0,0.0,0.0,0.0,0.0,0.0,0.0,0.0,0.0,0.0
2024-10-28,V,0.0,0.0,0.0,0.0,0.0,0.0,0.0,0.0,0.0,0.0,0.0,0.0,0.0,0.0
2024-10-29,V,0.0,0.0,0.0,0.0,0.0,0.0,0.0,0.0,0.0,0.0,0.0,0.0,0.0,0.0
2024-10-30,V,0.0,0.0,0.0,0.0,0.0,0.0,0.0,0.0,0.0,0.0,0.0,0.0,0.0,0.0
2024-10-31,V,0.0,0.0,0.0,0.0,0.0,0.0,0.0,0.0,0.0,0.0,0.0,0.0,0.0,0.0
2024-11-01,V,0.0,0.0,0.0,0.0,0.0,0.0,0.0,0.0,0.0,0.0,0.0,0.0,0.0,0.0
2024-11-04,V,0.0,0.0,0.0,0.0,0.0,0.0,0.0,0.0,0.0,0.0,0.0,0.0,0.0,0.0
2024-11-05,V,0.0,0.0,0.0,0.0,0.0,0.0,0.0,0.0,0.0,0.0,0.0,0.0,0.0,0.0
2024-11-06,V,0.0,0.0,0.0,0.0,0.0,0.0,0.0,0.0,0.0,0.0,0.0,0.0,0.0,0.0
2024-11-07,V,0.0,0.0,0.0,0.0,0.0,0.0,0.0,0.0,0.0,0.0,0.0,0.0,0.0,0.0
2024-11-08,V,0.0,0.0,0.0,0.0,0.0,0.0,0.0,0.0,0.0,0.0,0.0,0.0,0.0,0.0
2024-11-11,V,0.0,0.0,0.0,0.0,0.0,0.0,0.0,0.0,0.0,0.0,0.0,0.0,0.0,0.0
2024-11-12,V,0.0,0.0,0.0,0.0,0.0,0.0,0.0,0.0,0.0,0.0,0.0,0.0,0.0,0.0
2024-11-13,V,0.0,0.0,0.0,0.0,0.0,0.0,0.0,0.0,0.0,0.0,0.0,0.0,0.0,0.0
2024-11-14,V,0.0,0.0,0.0,0.0,0.0,0.0,0.0,0.0,0.0,0.0,0.0,0.0,0.0,0.0
2024-11-15,V,0.0,0.0,0.0,0.0,0.0,0.0,0.0,0.0,0.0,0.0,0.0,0.0,0.0,0.0
2024-11-18,V,0.0,0.0,0.0,0.0,0.0,0.0,0.0,0.0,0.0,0.0,0.0,0.0,0.0,0.0
2024-11-19,V,0.0,0.0,0.0,0.0,0.0,0.0,0.0,0.0,0.0,0.0,0.0,0.0,0.0,0.0
2024-11-20,V,0.0,0.0,0.0,0.0,0.0,0.0,0.0,0.0,0.0,0.0,0.0,0.0,0.0,0.0
2024-11-21,V,0.0,0.0,0.0,0.0,0.0,0.0,0.0,0.0,0.0,0.0,0.0,0.0,0.0,0.0
2024-11-22,V,0.0,0.0,0.0,0.0,0.0,0.0,0.0,0.0,0.0,0.0,0.0,0.0,0.0,0.0
2024-11-25,V,0.0,0.0,0.0,0.0,0.0,0.0,0.0,0.0,0.0,0.0,0.0,0.0,0.0,0.0
2024-11-26,V,0.0,0.0,0.0,0.0,0.0,0.0,0.0,0.0,0.0,0.0,0.0,0.0,0.0,0.0
2024-11-27,V,0.0,0.0,0.0,0.0,0.0,0.0,0.0,0.0,0.0,0.0,0.0,0.0,0.0,0.0
2024-11-29,V,0.0,0.0,0.0,0.0,0.0,0.0,0.0,0.0,0.0,0.0,0.0,0.0,0.0,0.0
2024-12-02,V,0.0,0.0,0.0,0.0,0.0,0.0,0.0,0.0,0.0,0.0,0.0,0.0,0.0,0.0
2024-12-03,V,0.0,0.0,0.0,0.0,0.0,0.0,0.0,0.0,0.0,0.0,0.0,0.0,0.0,0.0
2024-12-04,V,0.0,0.0,0.0,0.0,0.0,0.0,0.0,0.0,0.0,0.0,0.0,0.0,0.0,0.0
2024-12-05,V,0.0,0.0,0.0,0.0,0.0,0.0,0.0,0.0,0.0,0.0,0.0,0.0,0.0,0.0
2024-12-06,V,0.0,0.0,0.0,0.0,0.0,0.0,0.0,0.0,0.0,0.0,0.0,0.0,0.0,0.0
2024-12-09,V,0.0,0.0,0.0,0.0,0.0,0.0,0.0,0.0,0.0,0.0,0.0,0.0,0.0,0.0
2024-12-10,V,0.0,0.0,0.0,0.0,0.0,0.0,0.0,0.0,0.0,0.0,0.0,0.0,0.0,0.0
2024-12-11,V,0.0,0.0,0.0,0.0,0.0,0.0,0.0,0.0,0.0,0.0,0.0,0.0,0.0,0.0
2024-12-12,V,0.0,0.0,0.0,0.0,0.0,0.0,0.0,0.0,0.0,0.0,0.0,0.0,0.0,0.0
2024-12-13,V,0.0,0.0,0.0,0.0,0.0,0.0,0.0,0.0,0.0,0.0,0.0,0.0,0.0,0.0
2024-12-16,V,0.0,0.0,0.0,0.0,0.0,0.0,0.0,0.0,0.0,0.0,0.0,0.0,0.0,0.0
2024-12-17,V,0.0,0.0,0.0,0.0,0.0,0.0,0.0,0.0,0.0,0.0,0.0,0.0,0.0,0.0
2024-12-18,V,0.0,0.0,0.0,0.0,0.0,0.0,0.0,0.0,0.0,0.0,0.0,0.0,0.0,0.0
2024-12-19,V,0.0,0.0,0.0,0.0,0.0,0.0,0.0,0.0,0.0,0.0,0.0,0.0,0.0,0.0
2024-12-20,V,0.0,0.0,0.0,0.0,0.0,0.0,0.0,0.0,0.0,0.0,0.0,0.0,0.0,0.0
2024-12-23,V,0.0,0.0,0.0,0.0,0.0,0.0,0.0,0.0,0.0,0.0,0.0,0.0,0.0,0.0
2024-12-24,V,0.0,0.0,0.0,0.0,0.0,0.0,0.0,0.0,0.0,0.0,0.0,0.0,0.0,0.0
2024-12-26,V,0.0,0.0,0.0,0.0,0.0,0.0,0.0,0.0,0.0,0.0,0.0,0.0,0.0,0.0
2024-12-27,V,0.0,0.0,0.0,0.0,0.0,0.0,0.0,0.0,0.0,0.0,0.0,0.0,0.0,0.0
2024-12-30,V,0.0,0.0,0.0,0.0,0.0,0.0,0.0,0.0,0.0,0.0,0.0,0.0,0.0,0.0
2024-12-31,V,0.0,0.0,0.0,0.0,0.0,0.0,0.0,0.0,0.0,0.0,0.0,0.0,0.0,0.0
2025-01-02,V,0.0,0.0,0.0,0.0,0.0,0.0,0.0,0.0,0.0,0.0,0.0,0.0,0.0,0.0
2025-01-03,V,0.0,0.0,0.0,0.0,0.0,0.0,0.0,0.0,0.0,0.0,0.0,0.0,0.0,0.0
2025-01-06,V,0.0,0.0,0.0,0.0,0.0,0.0,0.0,0.0,0.0,0.0,0.0,0.0,0.0,0.0
2025-01-07,V,0.0,0.0,0.0,0.0,0.0,0.0,0.0,0.0,0.0,0.0,0.0,0.0,0.0,0.0
2025-01-08,V,0.0,0.0,0.0,0.0,0.0,0.0,0.0,0.0,0.0,0.0,0.0,0.0,0.0,0.0
2025-01-10,V,0.0,0.0,0.0,0.0,0.0,0.0,0.0,0.0,0.0,0.0,0.0,0.0,0.0,0.0
2025-01-13,V,0.0,0.0,0.0,0.0,0.0,0.0,0.0,0.0,0.0,0.0,0.0,0.0,0.0,0.0
2025-01-14,V,0.0,0.0,0.0,0.0,0.0,0.0,0.0,0.0,0.0,0.0,0.0,0.0,0.0,0.0
2025-01-15,V,0.0,0.0,0.0,0.0,0.0,0.0,0.0,0.0,0.0,0.0,0.0,0.0,0.0,0.0
2025-01-16,V,0.0,0.0,0.0,0.0,0.0,0.0,0.0,0.0,0.0,0.0,0.0,0.0,0.0,0.0
2025-01-17,V,0.0,0.0,0.0,0.0,0.0,0.0,0.0,0.0,0.0,0.0,0.0,0.0,0.0,0.0
2025-01-21,V,0.0,0.0,0.0,0.0,0.0,0.0,0.0,0.0,0.0,0.0,0.0,0.0,0.0,0.0
2025-01-22,V,0.0,0.0,0.0,0.0,0.0,0.0,0.0,0.0,0.0,0.0,0.0,0.0,0.0,0.0
2025-01-23,V,0.0,0.0,0.0,0.0,0.0,0.0,0.0,0.0,0.0,0.0,0.0,0.0,0.0,0.0
2025-01-24,V,0.0,0.0,0.0,0.0,0.0,0.0,0.0,0.0,0.0,0.0,0.0,0.0,0.0,0.0
2025-01-27,V,0.0,0.0,0.0,0.0,0.0,0.0,0.0,0.0,0.0,0.0,0.0,0.0,0.0,0.0
2025-01-28,V,0.0,0.0,0.0,0.0,0.0,0.0,0.0,0.0,0.0,0.0,0.0,0.0,0.0,0.0
2025-01-29,V,0.0,0.0,0.0,0.0,0.0,0.0,0.0,0.0,0.0,0.0,0.0,0.0,0.0,0.0
2025-01-30,V,0.0,0.0,0.0,0.0,0.0,0.0,0.0,0.0,0.0,0.0,0.0,0.0,0.0,0.0
2025-01-31,V,0.0,0.0,0.0,0.0,0.0,0.0,0.0,0.0,0.0,0.0,0.0,0.0,0.0,0.0
2025-02-03,V,0.0,0.0,0.0,0.0,0.0,0.0,0.0,0.0,0.0,0.0,0.0,0.0,0.0,0.0
2025-02-04,V,0.0,0.0,0.0,0.0,0.0,0.0,0.0,0.0,0.0,0.0,0.0,0.0,0.0,0.0
2025-02-05,V,0.0,0.0,0.0,0.0,0.0,0.0,0.0,0.0,0.0,0.0,0.0,0.0,0.0,0.0
2025-02-06,V,0.0,0.0,0.0,0.0,0.0,0.0,0.0,0.0,0.0,0.0,0.0,0.0,0.0,0.0
2025-02-07,V,0.0,0.0,0.0,0.0,0.0,0.0,0.0,0.0,0.0,0.0,0.0,0.0,0.0,0.0
2025-02-10,V,0.0,0.0,0.0,0.0,0.0,0.0,0.0,0.0,0.0,0.0,0.0,0.0,0.0,0.0
2025-02-11,V,0.0,0.0,0.0,0.0,0.0,0.0,0.0,0.0,0.0,0.0,0.0,0.0,0.0,0.0
2025-02-12,V,0.0,0.0,0.0,0.0,0.0,0.0,0.0,0.0,0.0,0.0,0.0,0.0,0.0,0.0
2025-02-13,V,0.0,0.0,0.0,0.0,0.0,0.0,0.0,0.0,0.0,0.0,0.0,0.0,0.0,0.0
2025-02-14,V,0.0,0.0,0.0,0.0,0.0,0.0,0.0,0.0,0.0,0.0,0.0,0.0,0.0,0.0
2025-02-18,V,0.0,0.0,0.0,0.0,0.0,0.0,0.0,0.0,0.0,0.0,0.0,0.0,0.0,0.0
2025-02-19,V,0.0,0.0,0.0,0.0,0.0,0.0,0.0,0.0,0.0,0.0,0.0,0.0,0.0,0.0
2025-02-20,V,0.0,0.0,0.0,0.0,0.0,0.0,0.0,0.0,0.0,0.0,0.0,0.0,0.0,0.0
2025-02-21,V,0.0,0.0,0.0,0.0,0.0,0.0,0.0,0.0,0.0,0.0,0.0,0.0,0.0,0.0
2025-02-24,V,0.0,0.0,0.0,0.0,0.0,0.0,0.0,0.0,0.0,0.0,0.0,0.0,0.0,0.0
2025-02-25,V,0.0,0.0,0.0,0.0,0.0,0.0,0.0,0.0,0.0,0.0,0.0,0.0,0.0,0.0
2025-02-26,V,0.0,0.0,0.0,0.0,0.0,0.0,0.0,0.0,0.0,0.0,0.0,0.0,0.0,0.0
2025-02-27,V,0.0,0.0,0.0,0.0,0.0,0.0,0.0,0.0,0.0,0.0,0.0,0.0,0.0,0.0
2025-02-28,V,0.0,0.0,0.0,0.0,0.0,0.0,0.0,0.0,0.0,0.0,0.0,0.0,0.0,0.0
2025-03-03,V,0.0,0.0,0.0,0.0,0.0,0.0,0.0,0.0,0.0,0.0,0.0,0.0,0.0,0.0
2025-03-04,V,0.0,0.0,0.0,0.0,0.0,0.0,0.0,0.0,0.0,0.0,0.0,0.0,0.0,0.0
2025-03-05,V,0.0,0.0,0.0,0.0,0.0,0.0,0.0,0.0,0.0,0.0,0.0,0.0,0.0,0.0
2025-03-06,V,0.0,0.0,0.0,0.0,0.0,0.0,0.0,0.0,0.0,0.0,0.0,0.0,0.0,0.0
2025-03-07,V,0.0,0.0,0.0,0.0,0.0,0.0,0.0,0.0,0.0,0.0,0.0,0.0,0.0,0.0
2025-03-10,V,0.0,0.0,0.0,0.0,0.0,0.0,0.0,0.0,0.0,0.0,0.0,0.0,0.0,0.0
2025-03-11,V,0.0,0.0,0.0,0.0,0.0,0.0,0.0,0.0,0.0,0.0,0.0,0.0,0.0,0.0
2025-03-12,V,0.0,0.0,0.0,0.0,0.0,0.0,0.0,0.0,0.0,0.0,0.0,0.0,0.0,0.0
2025-03-13,V,0.0,0.0,0.0,0.0,0.0,0.0,0.0,0.0,0.0,0.0,0.0,0.0,0.0,0.0
2025-03-14,V,0.0,0.0,0.0,0.0,0.0,0.0,0.0,0.0,0.0,0.0,0.0,0.0,0.0,0.0
2025-03-17,V,0.0,0.0,0.0,0.0,0.0,0.0,0.0,0.0,0.0,0.0,0.0,0.0,0.0,0.0
2025-03-18,V,0.0,0.0,0.0,0.0,0.0,0.0,0.0,0.0,0.0,0.0,0.0,0.0,0.0,0.0
2025-03-19,V,0.0,0.0,0.0,0.0,0.0,0.0,0.0,0.0,0.0,0.0,0.0,0.0,0.0,0.0
2025-03-20,V,0.0,0.0,0.0,0.0,0.0,0.0,0.0,0.0,0.0,0.0,0.0,0.0,0.0,0.0
2025-03-21,V,0.0,0.0,0.0,0.0,0.0,0.0,0.0,0.0,0.0,0.0,0.0,0.0,0.0,0.0
2025-03-24,V,0.0,0.0,0.0,0.0,0.0,0.0,0.0,0.0,0.0,0.0,0.0,0.0,0.0,0.0
2025-03-25,V,0.0,0.0,0.0,0.0,0.0,0.0,0.0,0.0,0.0,0.0,0.0,0.0,0.0,0.0
2025-03-26,V,0.0,0.0,0.0,0.0,0.0,0.0,0.0,0.0,0.0,0.0,0.0,0.0,0.0,0.0
2025-03-27,V,0.0,0.0,0.0,0.0,0.0,0.0,0.0,0.0,0.0,0.0,0.0,0.0,0.0,0.0
2025-03-28,V,0.0,0.0,0.0,0.0,0.0,0.0,0.0,0.0,0.0,0.0,0.0,0.0,0.0,0.0
2025-03-31,V,0.0,0.0,0.0,0.0,0.0,0.0,0.0,0.0,0.0,0.0,0.0,0.0,0.0,0.0
2025-04-01,V,0.0,0.0,0.0,0.0,0.0,0.0,0.0,0.0,0.0,0.0,0.0,0.0,0.0,0.0
2025-04-02,V,0.0,0.0,0.0,0.0,0.0,0.0,0.0,0.0,0.0,0.0,0.0,0.0,0.0,0.0
2025-04-03,V,0.0,0.0,0.0,0.0,0.0,0.0,0.0,0.0,0.0,0.0,0.0,0.0,0.0,0.0
2025-04-04,V,0.0,0.0,0.0,0.0,0.0,0.0,0.0,0.0,0.0,0.0,0.0,0.0,0.0,0.0
2025-04-07,V,0.0,0.0,0.0,0.0,0.0,0.0,0.0,0.0,0.0,0.0,0.0,0.0,0.0,0.0
2025-04-08,V,0.0,0.0,0.0,0.0,0.0,0.0,0.0,0.0,0.0,0.0,0.0,0.0,0.0,0.0
2025-04-09,V,0.0,0.0,0.0,0.0,0.0,0.0,0.0,0.0,0.0,0.0,0.0,0.0,0.0,0.0
2025-04-10,V,0.0,0.0,0.0,0.0,0.0,0.0,0.0,0.0,0.0,0.0,0.0,0.0,0.0,0.0
2025-04-11,V,0.0,0.0,0.0,0.0,0.0,0.0,0.0,0.0,0.0,0.0,0.0,0.0,0.0,0.0
2025-04-14,V,0.0,0.0,0.0,0.0,0.0,0.0,0.0,0.0,0.0,0.0,0.0,0.0,0.0,0.0
2025-04-15,V,0.0,0.0,0.0,0.0,0.0,0.0,0.0,0.0,0.0,0.0,0.0,0.0,0.0,0.0
2025-04-16,V,0.0,0.0,0.0,0.0,0.0,0.0,0.0,0.0,0.0,0.0,0.0,0.0,0.0,0.0
2025-04-17,V,0.0,0.0,0.0,0.0,0.0,0.0,0.0,0.0,0.0,0.0,0.0,0.0,0.0,0.0
2025-04-21,V,0.0,0.0,0.0,0.0,0.0,0.0,0.0,0.0,0.0,0.0,0.0,0.0,0.0,0.0
2025-04-22,V,0.0,0.0,0.0,0.0,0.0,0.0,0.0,0.0,0.0,0.0,0.0,0.0,0.0,0.0
2025-04-23,V,0.0,0.0,0.0,0.0,0.0,0.0,0.0,0.0,0.0,0.0,0.0,0.0,0.0,0.0
2025-04-24,V,0.0,0.0,0.0,0.0,0.0,0.0,0.0,0.0,0.0,0.0,0.0,0.0,0.0,0.0
2025-04-25,V,0.0,0.0,0.0,0.0,0.0,0.0,0.0,0.0,0.0,0.0,0.0,0.0,0.0,0.0
2025-04-28,V,0.0,0.0,0.0,0.0,0.0,0.0,0.0,0.0,0.0,0.0,0.0,0.0,0.0,0.0
2025-04-29,V,0.0,0.0,0.0,0.0,0.0,0.0,0.0,0.0,0.0,0.0,0.0,0.0,0.0,0.0
2025-04-30,V,0.0,0.0,0.0,0.0,0.0,0.0,0.0,0.0,0.0,0.0,0.0,0.0,0.0,0.0
2025-05-01,V,0.0,0.0,0.0,0.0,0.0,0.0,0.0,0.0,0.0,0.0,0.0,0.0,0.0,0.0
2025-05-02,V,0.0,0.0,0.0,0.0,0.0,0.0,0.0,0.0,0.0,0.0,0.0,0.0,0.0,0.0
2025-05-05,V,0.0,0.0,0.0,0.0,0.0,0.0,0.0,0.0,0.0,0.0,0.0,0.0,0.0,0.0
2025-05-06,V,0.0,0.0,0.0,0.0,0.0,0.0,0.0,0.0,0.0,0.0,0.0,0.0,0.0,0.0
2025-05-07,V,0.0,0.0,0.0,0.0,0.0,0.0,0.0,0.0,0.0,0.0,0.0,0.0,0.0,0.0
2025-05-08,V,0.0,0.0,0.0,0.0,0.0,0.0,0.0,0.0,0.0,0.0,0.0,0.0,0.0,0.0
2025-05-09,V,0.0,0.0,0.0,0.0,0.0,0.0,0.0,0.0,0.0,0.0,0.0,0.0,0.0,0.0
2025-05-12,V,0.0,0.0,0.0,0.0,0.0,0.0,0.0,0.0,0.0,0.0,0.0,0.0,0.0,0.0
2025-05-13,V,0.0,0.0,0.0,0.0,0.0,0.0,0.0,0.0,0.0,0.0,0.0,0.0,0.0,0.0
2025-05-14,V,0.0,0.0,0.0,0.0,0.0,0.0,0.0,0.0,0.0,0.0,0.0,0.0,0.0,0.0
2025-05-15,V,0.0,0.0,0.0,0.0,0.0,0.0,0.0,0.0,0.0,0.0,0.0,0.0,0.0,0.0
2025-05-16,V,0.0,0.0,0.0,0.0,0.0,0.0,0.0,0.0,0.0,0.0,0.0,0.0,0.0,0.0
2025-05-19,V,0.0,0.0,0.0,0.0,0.0,0.0,0.0,0.0,0.0,0.0,0.0,0.0,0.0,0.0
2025-05-20,V,0.0,0.0,0.0,0.0,0.0,0.0,0.0,0.0,0.0,0.0,0.0,0.0,0.0,0.0
2025-05-21,V,0.0,0.0,0.0,0.0,0.0,0.0,0.0,0.0,0.0,0.0,0.0,0.0,0.0,0.0
2025-05-22,V,0.0,0.0,0.0,0.0,0.0,0.0,0.0,0.0,0.0,0.0,0.0,0.0,0.0,0.0
2025-05-23,V,0.0,0.0,0.0,0.0,0.0,0.0,0.0,0.0,0.0,0.0,0.0,0.0,0.0,0.0
2025-05-27,V,0.0,0.0,0.0,0.0,0.0,0.0,0.0,0.0,0.0,0.0,0.0,0.0,0.0,0.0
2025-05-28,V,0.0,0.0,0.0,0.0,0.0,0.0,0.0,0.0,0.0,0.0,0.0,0.0,0.0,0.0
2025-05-29,V,0.0,0.0,0.0,0.0,0.0,0.0,0.0,0.0,0.0,0.0,0.0,0.0,0.0,0.0
2025-05-30,V,0.0,0.0,0.0,0.0,0.0,0.0,0.0,0.0,0.0,0.0,0.0,0.0,0.0,0.0
2025-06-02,V,0.0,0.0,0.0,0.0,0.0,0.0,0.0,0.0,0.0,0.0,0.0,0.0,0.0,0.0
2025-06-03,V,0.0,0.0,0.0,0.0,0.0,0.0,0.0,0.0,0.0,0.0,0.0,0.0,0.0,0.0
2025-06-04,V,0.0,0.0,0.0,0.0,0.0,0.0,0.0,0.0,0.0,0.0,0.0,0.0,0.0,0.0
2025-06-05,V,0.0,0.0,0.0,0.0,0.0,0.0,0.0,0.0,0.0,0.0,0.0,0.0,0.0,0.0
2025-06-06,V,0.0,0.0,0.0,0.0,0.0,0.0,0.0,0.0,0.0,0.0,0.0,0.0,0.0,0.0
2025-06-09,V,0.0,0.0,0.0,0.0,0.0,0.0,0.0,0.0,0.0,0.0,0.0,0.0,0.0,0.0
2025-06-10,V,0.0,0.0,0.0,0.0,0.0,0.0,0.0,0.0,0.0,0.0,0.0,0.0,0.0,0.0
2025-06-11,V,0.0,0.0,0.0,0.0,0.0,0.0,0.0,0.0,0.0,0.0,0.0,0.0,0.0,0.0
2025-06-12,V,0.0,0.0,0.0,0.0,0.0,0.0,0.0,0.0,0.0,0.0,0.0,0.0,0.0,0.0
2025-06-13,V,0.0,0.0,0.0,0.0,0.0,0.0,0.0,0.0,0.0,0.0,0.0,0.0,0.0,0.0
2025-06-16,V,0.44747012411244214,6.0,4.0,1.0,1.0,0.850936104853948,0.6342594350377718,0.1867893109253297,0.17895125597715375,0.1491567080374807,6.0,4.0,1.0,1.0
2025-06-17,V,0.5477707947914799,15.0,10.0,1.0,4.0,0.8285862267017364,0.6501565436522166,0.10238574886073666,0.24745772009094552,0.331746972967974,21.0,14.0,2.0,5.0
2025-06-18,V,0.9103671970777214,5.0,5.0,0.0,0.0,0.9258035778999328,0.9258035778999328,0.01543638082221146,0.05876002758741376,0.6352027053272145,26.0,19.0,2.0,5.0
2025-06-20,V,0.11274690693244335,10.0,4.0,3.0,3.0,0.8449849665164948,0.39680723659694195,0.2840603296644985,0.31913244090974324,0.5236282996005482,30.0,19.0,4.0,7.0
2025-06-23,V,0.3883964200504124,6.0,3.0,0.0,3.0,0.779025653998057,0.4405203213294347,0.05212390127902225,0.5073557632664839,0.4705035080201923,21.0,12.0,3.0,6.0
2025-06-24,V,0.04712847347504325,14.0,6.0,5.0,3.0,0.7964173981121608,0.3807452239229211,0.3336167504478778,0.2856380480474659,0.18275726681929969,30.0,13.0,8.0,9.0
2025-06-25,V,0.6729774838671662,13.0,12.0,1.0,0.0,0.8454042764810416,0.7772112067502278,0.10423372288306168,0.11855506710708139,0.36950079246420725,33.0,21.0,6.0,6.0
2025-06-26,V,0.47550573597916146,11.0,7.0,1.0,3.0,0.7935383211482655,0.5962614491581917,0.12075571317903017,0.28298280811445276,0.39853723110712364,38.0,25.0,7.0,6.0
2025-06-27,V,0.3278143730444404,13.0,6.0,3.0,4.0,0.8123320845457224,0.5085931517756902,0.1807787787312498,0.31062806254396064,0.492099197630256,37.0,25.0,5.0,7.0
2025-06-30,V,-0.23149405445226215,11.0,3.0,6.0,2.0,0.8736435391686179,0.29127763076262037,0.5227716852148826,0.1859506742859428,0.19060868485711324,35.0,16.0,10.0,9.0
2025-07-01,V,-0.056352411995508854,14.0,3.0,6.0,5.0,0.7897935318095344,0.29505425837955307,0.3514066703750619,0.35353906106735977,0.013322635532223128,38.0,12.0,15.0,11.0
2025-07-02,V,0.24286909049583805,9.0,3.0,1.0,5.0,0.8600834806760153,0.36078956723213196,0.11792047673629386,0.521289951271481,-0.014992458650644322,34.0,9.0,13.0,12.0
2025-07-03,V,0.5338311148807406,6.0,3.0,0.0,3.0,0.8697254459063212,0.5564625523984432,0.022631437517702534,0.4209060116360585,0.24011593112702326,29.0,9.0,7.0,13.0
2025-07-07,V,0.4307193751446903,7.0,4.0,0.0,3.0,0.8299013887132917,0.4535215204315525,0.022802145286862283,0.5236763283610344,0.4024731935070897,22.0,10.0,1.0,11.0
2025-07-08,V,0.7670070519670844,1.0,1.0,0.0,0.0,0.7753295302391052,0.7753295302391052,0.0083224782720208,0.2163480222225189,0.5771858473308384,14.0,8.0,0.0,6.0
2025-07-09,V,0.41599354551484186,9.0,4.0,1.0,4.0,0.76244389017423,0.496922867372632,0.08092932185779012,0.4221478048712015,0.5379066575422055,17.0,9.0,1.0,7.0
2025-07-10,V,0.33183689541848643,7.0,2.0,0.0,5.0,0.7460247193064008,0.37869124114513397,0.046854345726647484,0.5744543916412762,0.5049458309668042,17.0,7.0,1.0,9.0
2025-07-11,V,0.23066731024300677,8.0,4.0,1.0,3.0,0.7707008421421051,0.4654859625734389,0.23481865233043206,0.29969540564343333,0.32616591705877834,24.0,10.0,2.0,12.0
2025-07-14,V,0.10028169560246167,4.0,2.0,2.0,0.0,0.8474413156509399,0.4916792465373874,0.3913975509349257,0.1169232446700334,0.22092863375465166,19.0,8.0,3.0,8.0
2025-07-15,V,0.4737031454929993,21.0,13.0,1.0,7.0,0.8140238566058022,0.5711156662021365,0.09741252070913708,0.33147182124888613,0.2682173837794892,33.0,19.0,4.0,10.0
2025-07-16,V,0.4895597174246278,9.0,4.0,0.0,5.0,0.7729780541525947,0.5027585795356168,0.013198862110988911,0.48404256544179386,0.35451485284002954,34.0,19.0,3.0,12.0
2025-07-17,V,0.3959785721796964,7.0,4.0,1.0,2.0,0.8442192843982151,0.5581498060907636,0.16217123391106722,0.2796789232109274,0.4530804783657745,37.0,21.0,2.0,14.0
2025-07-18,V,0.5937391074063877,6.0,4.0,0.0,2.0,0.8683426976203918,0.6303989104926586,0.03665980308627085,0.3329412701229254,0.49309246567023735,22.0,12.0,1.0,9.0
2025-07-21,V,0.33022947143763304,9.0,4.0,1.0,4.0,0.7546025647057427,0.4017969144301282,0.0715674429924951,0.5266356534428067,0.4399823836745724,22.0,12.0,2.0,8.0
2025-07-22,V,0.43889830934090746,9.0,5.0,1.0,3.0,0.7554995881186591,0.5182932822240723,0.07939497288316483,0.40231175762083793,0.4542889627283094,24.0,13.0,2.0,9.0
2025-07-23,V,0.6887767664156854,6.0,5.0,0.0,1.0,0.8548072477181753,0.7051338702440262,0.016357103828340734,0.2785090406735738,0.4859681823980753,24.0,14.0,2.0,8.0
2025-07-24,V,0.3625877321852992,12.0,4.0,0.0,8.0,0.8585667659838995,0.3811965446608762,0.01860881247557695,0.600194662809372,0.496754269313964,27.0,14.0,1.0,12.0
2025-07-25,V,0.14266098426146942,11.0,3.0,2.0,6.0,0.8711182583462108,0.3367167484353889,0.19405576417391945,0.4692274887453426,0.39800849428748464,29.0,12.0,2.0,15.0
2025-07-28,V,0.2392884982077198,18.0,7.0,1.0,10.0,0.8216769794623057,0.3860770813189447,0.14678858311122486,0.4671343480133348,0.24817907155149613,41.0,14.0,3.0,24.0
2025-07-29,V,0.30810014562060434,18.0,11.0,3.0,4.0,0.8178948081201978,0.5252936708016528,0.2171935251810484,0.2575128002920084,0.23001654269659788,47.0,21.0,6.0,20.0
2025-07-30,V,0.27686582047205704,26.0,12.0,5.0,9.0,0.8978446538631732,0.46249861291681343,0.18563279244475636,0.35186859549811256,0.27475148810012706,62.0,30.0,9.0,23.0
2025-07-31,V,0.23157578124664724,18.0,8.0,5.0,5.0,0.8629574328660965,0.5031268573883507,0.27155107614170343,0.22532205935567612,0.2721805824464362,62.0,31.0,13.0,18.0
2025-08-01,V,0.07295607137493788,10.0,4.0,3.0,3.0,0.7637685477733612,0.3639301663264632,0.29097409495152526,0.3450957387685775,0.1937992243645474,54.0,24.0,13.0,17.0
2025-08-04,V,0.26767329922877253,10.0,5.0,2.0,3.0,0.8090683162212372,0.44424255657941103,0.17656925735063847,0.3791882004588842,0.1907350506167859,38.0,17.0,10.0,11.0
2025-08-05,V,0.34057082989337767,11.0,4.0,0.0,7.0,0.7984206622297113,0.3578288714316758,0.017258041538298092,0.624913094395941,0.22706673349902937,31.0,13.0,5.0,13.0
2025-08-06,V,0.23702194778403887,12.0,8.0,3.0,1.0,0.7218219091494879,0.49716769127796095,0.26014574349392205,0.24268656076552964,0.2817553589687297,33.0,17.0,5.0,11.0
2025-08-07,V,0.20113191474229092,5.0,1.0,0.0,4.0,0.7664112627506257,0.30741665512323374,0.10628474038094278,0.5862985983490944,0.2595748974732358,28.0,13.0,3.0,12.0
2025-08-08,V,-0.16206637996115855,7.0,1.0,2.0,4.0,0.8966153519494193,0.16504036289240626,0.32710674285356484,0.5078528942540288,0.0920291608550571,24.0,10.0,5.0,9.0
2025-08-11,V,0.12488210797309876,5.0,2.0,2.0,1.0,0.8008506417274475,0.45632350668311117,0.3314413987100124,0.21223507672548295,0.054649214251410394,17.0,4.0,4.0,9.0
2025-08-12,V,0.3131574378348887,5.0,1.0,0.0,4.0,0.8060441136360168,0.33133184015750883,0.0181744023226201,0.6504937499761582,0.09199105528227632,17.0,4.0,4.0,9.0
2025-08-13,V,0.3472667581268719,7.0,3.0,1.0,3.0,0.8555055601256234,0.49493640182273724,0.14766964369586533,0.35739392893654953,0.26176876797828647,17.0,6.0,3.0,8.0
2025-08-14,V,0.5703557668020949,8.0,5.0,0.0,3.0,0.7983754798769951,0.6045613884925842,0.0342056216904893,0.3612330039031803,0.41025998758795185,20.0,9.0,1.0,10.0
2025-08-15,V,0.2104606758803129,4.0,1.0,0.0,3.0,0.7562184855341911,0.2274225605651736,0.016961884684860675,0.7556155174970627,0.3760277336030933,19.0,9.0,1.0,9.0
2025-08-18,V,0.9200554890558124,2.0,2.0,0.0,0.0,0.9369426965713502,0.9369426965713502,0.01688720751553765,0.046170136891305405,0.5669573105794067,14.0,8.0,0.0,6.0
2025-08-19,V,0.28406593309376726,11.0,5.0,2.0,4.0,0.7872412204742432,0.4548729415559633,0.170807008462196,0.37432005002417346,0.47152736600996414,17.0,8.0,2.0,7.0
2025-08-20,V,0.23588436224963516,4.0,2.0,1.0,1.0,0.8814238458871841,0.4782397085800767,0.2423553463304415,0.27940494474023575,0.4800019281330716,17.0,9.0,3.0,5.0
2025-08-21,V,0.17066828049719335,5.0,1.0,1.0,3.0,0.8314250707626343,0.29295362606644626,0.12228534556925294,0.5847610309720038,0.23020619194686529,20.0,8.0,4.0,8.0
2025-08-22,V,-0.17318030062597248,4.0,1.0,2.0,1.0,0.8759178072214127,0.31492810032796115,0.48810840095393354,0.19696347229182717,0.07779078070695201,13.0,4.0,4.0,5.0
2025-08-25,V,0.27096955286106095,8.0,5.0,2.0,1.0,0.8215843737125397,0.5220956557895988,0.2511261029285379,0.22677824785932896,0.08948584424409393,17.0,7.0,5.0,5.0
2025-08-26,V,0.36449194089932874,11.0,4.0,1.0,6.0,0.8453424898060885,0.43281963365999127,0.06832769276066254,0.4988526715473695,0.15409373104480573,23.0,10.0,5.0,8.0
2025-08-27,V,0.2607699545333162,8.0,3.0,1.0,4.0,0.796199593693018,0.36947554256767035,0.10870558803435412,0.5218188441358507,0.29874381609790196,27.0,12.0,4.0,11.0
2025-08-28,V,0.37731063254177577,10.0,4.0,0.0,6.0,0.76515331864357,0.4460184661671519,0.06870783362537618,0.4852737423032522,0.3341908426581402,29.0,11.0,2.0,16.0
2025-08-29,V,0.05565003305673599,6.0,3.0,2.0,1.0,0.8743877112865448,0.4124489757232368,0.3567989426665008,0.2307520769536495,0.23124354004394262,24.0,10.0,3.0,11.0
2025-09-02,V,0.29844240906337893,3.0,2.0,1.0,0.0,0.8459117412567139,0.580474741756916,0.28203233269353706,0.13749296901126698,0.2438010248872969,19.0,9.0,3.0,7.0
2025-09-03,V,0.310672681313008,2.0,1.0,0.0,1.0,0.6761556267738342,0.3202985152602196,0.00962583394721145,0.6700756698846817,0.22158837447770763,11.0,6.0,3.0,2.0
2025-09-04,V,0.7043527740985155,5.0,4.0,0.0,1.0,0.868855881690979,0.7151232704520225,0.010770496353507,0.27410622537136076,0.43782262149163415,10.0,7.0,1.0,2.0
2025-09-05,V,0.48045960487797856,8.0,4.0,0.0,4.0,0.7284764498472214,0.4901505783200264,0.009690973442047788,0.5001584608107805,0.49849502009650076,15.0,9.0,0.0,6.0
2025-09-08,V,0.8108402866249284,3.0,3.0,0.0,0.0,0.8219826817512512,0.8219826817512512,0.011142395126322866,0.16687491784493128,0.6652175552004741,16.0,11.0,0.0,5.0
2025-09-09,V,0.22181571554392568,4.0,1.0,0.0,3.0,0.764973446726799,0.23814389295876026,0.016328177414834475,0.7455278858542442,0.5043718690156108,15.0,8.0,0.0,7.0
2025-09-10,V,0.6919128985351158,9.0,7.0,0.0,2.0,0.8352559407552084,0.7124395312534438,0.020526632718327935,0.2670338501532872,0.5748563002346566,16.0,11.0,0.0,5.0
2025-09-11,V,0.0352721065282822,7.0,3.0,2.0,2.0,0.8311868139675685,0.36571404550756725,0.33044193897928503,0.30384401072348866,0.3163335735357745,20.0,11.0,2.0,7.0
2025-09-12,V,0.2597032057819888,4.0,1.0,0.0,3.0,0.8660255670547485,0.2753728264942765,0.015669620712287675,0.7089575752615929,0.32896273694846223,20.0,11.0,2.0,7.0
2025-09-15,V,0.3230064747855067,5.0,1.0,0.0,4.0,0.8184137344360352,0.33746638819575303,0.014459913410246323,0.648073673248291,0.20599392903192584,16.0,5.0,2.0,9.0
2025-09-16,V,0.4364772873930633,5.0,3.0,2.0,0.0,0.7909023702144623,0.678602996468544,0.24212570907548064,0.07927130125463008,0.33972898932018625,14.0,5.0,2.0,7.0
2025-09-17,V,0.45885277003981173,8.0,5.0,1.0,2.0,0.8236070871353149,0.5743955601938069,0.11554279015399511,0.31006165873259306,0.4061121774061272,18.0,9.0,3.0,6.0
2025-09-18,V,0.3447048682719469,6.0,3.0,1.0,2.0,0.8951682845751444,0.5027021914720535,0.15799732320010657,0.3393004834651947,0.41334497523494057,19.0,11.0,4.0,4.0
2025-09-19,V,0.39224043581634754,8.0,3.0,0.0,5.0,0.8684250861406326,0.4133305624127388,0.021090126596391163,0.5655793091282248,0.398599358042702,22.0,11.0,2.0,9.0
2025-09-22,V,0.7080699432408437,4.0,3.0,0.0,1.0,0.8839933276176453,0.733441386371851,0.0253714431310072,0.24118718598037955,0.48167174910971267,18.0,9.0,1.0,8.0
2025-09-23,V,0.4373600293183699,8.0,4.0,0.0,4.0,0.7963451594114304,0.462785021867603,0.025424992549233087,0.5117899761535227,0.5125568027918537,20.0,10.0,0.0,10.0
2025-09-24,V,0.17981014248604577,15.0,6.0,3.0,6.0,0.8029439727465312,0.36963897030800574,0.18982882782196003,0.4405321980516116,0.44174670501508634,27.0,13.0,3.0,11.0
2025-09-25,V,0.19013692190249756,3.0,1.0,0.0,2.0,0.8263505895932516,0.2831631265580654,0.09302620465556777,0.6238106240828832,0.269102364568971,26.0,11.0,3.0,12.0
2025-09-26,V,0.12591366469860074,6.0,1.0,1.0,4.0,0.7453451702992121,0.2154354012260834,0.08952173652748263,0.6950428684552511,0.1652869096957146,24.0,8.0,4.0,12.0
2025-09-29,V,0.6699481280520558,8.0,6.0,0.0,2.0,0.8142586126923561,0.6844012788496912,0.014453150797635261,0.30114556243643165,0.32866623821771795,17.0,8.0,1.0,8.0
2025-09-30,V,0.5082291546898584,15.0,8.0,0.0,7.0,0.8247014999389648,0.5211240217089653,0.012894867019106887,0.46598112309972445,0.43469698248017163,29.0,15.0,1.0,13.0
2025-10-01,V,0.6553814416285604,10.0,8.0,0.0,2.0,0.8380435109138489,0.6710752189159394,0.01569377728737886,0.31323097422719,0.6111862414568248,33.0,22.0,0.0,11.0
2025-10-02,V,0.21655884059146047,8.0,4.0,2.0,2.0,0.8625533878803253,0.4630679105175659,0.24650906992610538,0.2904230155982077,0.46005647896995966,33.0,20.0,2.0,11.0
2025-10-03,V,0.7822942641098052,10.0,9.0,0.0,1.0,0.8806733191013336,0.8005143500864506,0.0182200859766453,0.18126555420458312,0.5514115154432753,28.0,21.0,2.0,5.0
2025-10-06,V,0.44318770058453083,7.0,3.0,0.0,4.0,0.7838325841086251,0.461023354104587,0.017835653520056113,0.5211409968989236,0.48068026842859873,25.0,16.0,2.0,7.0
2025-10-07,V,0.5368867761201479,11.0,7.0,0.0,4.0,0.8010936325246637,0.5475208068435843,0.010634030723436274,0.4418451745401729,0.5874562469381612,28.0,19.0,0.0,9.0
2025-10-08,V,0.5165484357470026,12.0,7.0,0.0,5.0,0.8127233733733495,0.5299290612650415,0.013380625518038826,0.4566903083274762,0.4988743041505604,30.0,17.0,0.0,13.0
2025-10-09,V,0.5205103183927183,11.0,7.0,0.0,4.0,0.7899000536311757,0.5418459908528761,0.0213356724601577,0.4368183175948533,0.5246485100866228,34.0,21.0,0.0,13.0
2025-10-10,V,0.4727916496805847,5.0,3.0,0.0,2.0,0.8118595123291016,0.5144707977771759,0.0416791480965912,0.44385003931820394,0.5032834679401018,28.0,17.0,0.0,11.0
2025-10-13,V,0.5309230059385299,5.0,3.0,0.0,2.0,0.8163349747657775,0.5411919400095939,0.01026893407106394,0.44853912517428396,0.5080749913372776,21.0,13.0,0.0,8.0
2025-10-14,V,0.3664094635571998,13.0,8.0,2.0,3.0,0.8136141575299777,0.5202848376849523,0.15387537412775248,0.32583982325517213,0.4567080397254381,23.0,14.0,2.0,7.0
2025-10-15,V,0.6068230639928236,13.0,10.0,0.0,3.0,0.7705057996969956,0.6308841625085244,0.024061098515700784,0.34505472590143865,0.5013851778295176,31.0,21.0,2.0,8.0
2025-10-16,V,0.29665383968788844,13.0,5.0,2.0,6.0,0.8066760439139146,0.43736908291108334,0.14071524322319487,0.4219156803133396,0.4232954557459705,39.0,23.0,4.0,12.0
2025-10-17,V,0.21986904662723342,9.0,4.0,3.0,2.0,0.7829263806343079,0.4783325443665187,0.25846349773928523,0.26320396653479994,0.37444865010264844,35.0,19.0,5.0,11.0
2025-10-20,V,0.6617532528471202,6.0,4.0,0.0,2.0,0.8222282727559408,0.6739891078323126,0.012235854985192368,0.31377505200604594,0.3927587130540806,28.0,13.0,5.0,10.0
2025-10-21,V,0.24517331006271498,7.0,3.0,1.0,3.0,0.834994878087725,0.38543887276734623,0.14026556270463122,0.4742955693176814,0.37559853651235614,22.0,11.0,4.0,7.0
2025-10-22,V,0.45592876244336367,13.0,8.0,2.0,3.0,0.7543684335855337,0.5997798126190901,0.14385105017572636,0.2563691440110023,0.4542851084510662,26.0,15.0,3.0,8.0
2025-10-23,V,0.4259184064486852,13.0,6.0,1.0,6.0,0.8189544081687927,0.4961034512290588,0.07018504478037352,0.4337115151664385,0.37567349298492125,33.0,17.0,4.0,12.0
2025-10-24,V,0.7023733486421406,4.0,3.0,0.0,1.0,0.9364235997200012,0.71855753287673,0.0161841842345893,0.2652582726441324,0.5280735058447298,30.0,17.0,3.0,10.0
2025-10-27,V,0.24413127452135083,8.0,2.0,0.0,6.0,0.8616142123937607,0.29454585025087,0.05041457572951907,0.6550395658705384,0.45747434320405883,25.0,11.0,1.0,13.0
2025-10-28,V,0.29536818948231247,19.0,6.0,2.0,11.0,0.8389545145787691,0.40455123233167745,0.10918304284936499,0.4862657310931306,0.41395760421526795,31.0,11.0,2.0,18.0
2025-10-29,V,0.4859348251343225,33.0,17.0,2.0,14.0,0.8441708087921143,0.5697163486796798,0.08378152354535726,0.34650213420955517,0.34181142971266193,60.0,25.0,4.0,31.0
2025-10-30,V,0.5192473593496663,17.0,10.0,0.0,7.0,0.883573963361628,0.5677566271932686,0.04850926784360227,0.38373410898972954,0.4335167913221003,69.0,33.0,4.0,32.0
2025-10-31,V,0.44689261979039974,17.0,9.0,2.0,6.0,0.8531533444628996,0.5398884613943451,0.09299584160394525,0.36711570248007774,0.4840249347581295,67.0,36.0,4.0,27.0
2025-11-03,V,0.5330778958741575,8.0,6.0,0.0,2.0,0.7712597027420998,0.5471701789647341,0.014092283090576476,0.43873755261301994,0.4997392916714078,42.0,25.0,2.0,15.0
2025-11-04,V,0.8497301269736555,9.0,9.0,0.0,0.0,0.8701080414983962,0.8701080414983962,0.020377914524740588,0.10951404521862662,0.6099002142127375,34.0,24.0,2.0,8.0
2025-11-05,V,0.37122968677431345,6.0,4.0,1.0,1.0,0.8483563462893168,0.5556138502433895,0.18438416346907607,0.2600020030513405,0.5846792365407087,23.0,19.0,1.0,3.0
2025-11-06,V,0.25596566335298115,4.0,1.0,0.0,3.0,0.910093143582344,0.2701616310514509,0.0141959676984697,0.7156423795968294,0.4923084923669833,19.0,14.0,1.0,4.0
2025-11-07,V,0.6158259769901633,5.0,3.0,0.0,2.0,0.75248703956604,0.6298769354820252,0.014050958491861781,0.35607207864522933,0.4143404423724859,15.0,8.0,1.0,6.0
2025-11-10,V,0.031086864777737193,9.0,4.0,4.0,1.0,0.8394058015611436,0.4549142418222295,0.4238273770444923,0.12125838899777992,0.30095950170696045,18.0,8.0,4.0,6.0
2025-11-11,V,0.3480443906866842,18.0,10.0,2.0,6.0,0.8387084106604258,0.48382434693889487,0.13577995625221062,0.3803956973262959,0.3316524108181948,32.0,17.0,6.0,9.0
2025-11-12,V,0.36410030004519384,19.0,11.0,2.0,6.0,0.8000743122477281,0.49253236541622564,0.12843206537103177,0.37903557472715255,0.24774385183653833,46.0,25.0,8.0,13.0
2025-11-13,V,0.3590285057046761,12.0,7.0,1.0,4.0,0.7524171421925226,0.49458494658271474,0.13555644087803856,0.36985860648564994,0.357057732145518,49.0,28.0,5.0,16.0
2025-11-14,V,-0.0038755217877527504,6.0,0.0,1.0,5.0,0.8199003239472707,0.11662409454584116,0.12049961633359386,0.7628762970368067,0.239751094654039,37.0,18.0,4.0,15.0
2025-11-17,V,0.4824016062276704,7.0,4.0,0.0,3.0,0.8726412228175572,0.5169652689780507,0.03456366275038034,0.44847105496696055,0.2791848633815312,25.0,11.0,2.0,12.0
2025-11-18,V,0.39534607203677297,4.0,1.0,0.0,3.0,0.7644035667181015,0.42603261303156614,0.030686540994793125,0.543280822224915,0.2912907188255635,17.0,5.0,1.0,11.0
2025-11-19,V,0.44231360938606984,9.0,4.0,0.0,5.0,0.8300884895854526,0.4539282868305842,0.011614677444514256,0.5344570742713081,0.4400204292168377,20.0,9.0,0.0,11.0
2025-11-20,V,0.3141890392289497,8.0,4.0,1.0,3.0,0.858104832470417,0.47326573613099754,0.15907669690204781,0.3676575613208115,0.3839495735505974,21.0,9.0,1.0,11.0
2025-11-21,V,0.5406254193124672,6.0,3.0,0.0,3.0,0.8775815467039744,0.557956309368213,0.017330890055745802,0.42471275664865965,0.4323760226424955,23.0,11.0,1.0,11.0
2025-11-24,V,0.5112778884358704,8.0,5.0,0.0,3.0,0.8134872987866402,0.542133261449635,0.030855373013764575,0.4270113930106163,0.4553641156590957,22.0,12.0,1.0,9.0
2025-11-25,V,0.48826460959389806,12.0,8.0,0.0,4.0,0.7779495269060135,0.5786837184180816,0.09041910882418351,0.3308971875036756,0.5133893057807452,26.0,16.0,0.0,10.0
2025-11-26,V,0.11430924497544766,5.0,2.0,1.0,2.0,0.8224964082241059,0.3912830498069525,0.27697380483150474,0.331743149459362,0.37128391433507196,25.0,15.0,1.0,9.0
2025-11-28,V,0.40244096944419044,6.0,4.0,1.0,1.0,0.8720837434132894,0.6116725184644262,0.2092315490202357,0.17909593476603425,0.3350049413378453,23.0,14.0,2.0,7.0
2025-12-01,V,0.34493447206914424,5.0,2.0,1.0,2.0,0.7629798650741577,0.5281195774674415,0.1831851053982973,0.2886953178793192,0.28722822882959403,16.0,8.0,3.0,5.0
2025-12-02,V,0.47386605171486734,10.0,5.0,0.0,5.0,0.8176971912384033,0.4861639175564051,0.01229786584153766,0.5015382319688797,0.40708049774273397,21.0,11.0,2.0,8.0
2025-12-03,V,0.40776681799131137,6.0,4.0,1.0,1.0,0.6950810253620148,0.5089373666172227,0.10117054862591124,0.3898920776943366,0.40885578059177424,21.0,11.0,2.0,8.0
2025-12-04,V,0.15712437639012933,10.0,4.0,3.0,3.0,0.8031037330627442,0.40955169443041084,0.2524273180402815,0.3380209773778915,0.3462524153654359,26.0,13.0,4.0,9.0
2025-12-05,V,0.07220378820784389,10.0,4.0,3.0,3.0,0.874928092956543,0.37356070345267656,0.3013569152448326,0.3250824004411697,0.2123649941964281,26.0,12.0,7.0,7.0
2025-12-08,V,0.40500452016879407,7.0,3.0,1.0,3.0,0.803414557661329,0.5056070030799933,0.10060248291119929,0.3937905026333673,0.21144422825558903,27.0,11.0,7.0,9.0
2025-12-09,V,0.30780940502882004,11.0,6.0,2.0,3.0,0.8446407643231478,0.48868351243436337,0.18087410740554327,0.3304424083537676,0.2616725711351526,28.0,13.0,6.0,9.0
2025-12-10,V,0.672193288395647,8.0,6.0,0.0,2.0,0.8928878679871559,0.6958862338215113,0.02369294542586425,0.28042084700427944,0.4616690711977536,26.0,15.0,3.0,8.0
2025-12-11,V,0.27130215748080183,14.0,8.0,4.0,2.0,0.8635941318103245,0.5246668521181813,0.25336469463737943,0.22196843408580333,0.4171016169684229,33.0,20.0,6.0,7.0
2025-12-12,V,-0.019874798726629138,22.0,7.0,8.0,7.0,0.8323577087033879,0.34187791703946213,0.36175271576609125,0.29636936918409035,0.3078735490499398,44.0,21.0,12.0,11.0
2025-12-15,V,0.3377476613037288,10.0,5.0,1.0,4.0,0.7850254237651825,0.4737644847482443,0.13601682344451543,0.39021867103874686,0.19639167335263377,46.0,20.0,13.0,13.0
2025-12-16,V,0.32420738142294186,12.0,6.0,2.0,4.0,0.8015227268139521,0.4854442358482629,0.16123685442532099,0.35331890592351556,0.21402674800001376,44.0,18.0,11.0,15.0
2025-12-17,V,0.5352411847561598,10.0,5.0,0.0,5.0,0.7998308598995209,0.5504589971154928,0.015217812359332988,0.434323188662529,0.3990654091609434,32.0,16.0,3.0,13.0
2025-12-18,V,0.5202948153018951,12.0,8.0,1.0,3.0,0.8194072817762693,0.6130815353244543,0.09278672002255912,0.29413174015159405,0.4599144604936655,34.0,19.0,3.0,12.0
2025-12-19,V,0.4647766401991248,5.0,2.0,0.0,3.0,0.8323909640312195,0.4768244683742523,0.012047828175127461,0.5111276537179947,0.5067708800857265,27.0,15.0,1.0,11.0
2025-12-22,V,0.5910870386804972,9.0,6.0,0.0,3.0,0.8525246381759644,0.6046373897956477,0.013550351115150534,0.3818122707307338,0.5253861647271724,26.0,16.0,1.0,9.0
2025-12-23,V,0.5116596401462125,9.0,7.0,1.0,1.0,0.7386530604627397,0.6659858789708879,0.15432623882467544,0.17968789984782532,0.5225077730086114,23.0,15.0,1.0,7.0
2025-12-24,V,0.33958200766937807,8.0,4.0,1.0,3.0,0.8357379138469696,0.4741942977998405,0.13461229013046241,0.3911933999042958,0.48077622883202914,26.0,17.0,2.0,7.0
2025-12-26,V,-0.019700421641270328,3.0,0.0,1.0,2.0,0.7817085981369019,0.16363076617320374,0.18333118781447402,0.6530380547046661,0.27718040872477334,20.0,11.0,3.0,6.0
2025-12-29,V,0.5864178854972123,3.0,2.0,0.0,1.0,0.9014752507209778,0.6084484147528807,0.022030529255668268,0.369521057854096,0.3020998238417733,14.0,6.0,2.0,6.0
2025-12-30,V,0.34645035948293906,6.0,4.0,2.0,0.0,0.8433717687924703,0.612543008600672,0.26609264911773306,0.12136434763669966,0.30438927444629366,12.0,6.0,3.0,3.0
2025-12-31,V,0.3338191233575344,5.0,3.0,1.0,1.0,0.8689168095588684,0.535006875358522,0.20118775200098749,0.26380535736680033,0.4222291227792285,14.0,9.0,3.0,2.0
2026-01-02,V,0.520289764739573,2.0,1.0,0.0,1.0,0.892806738615036,0.5315990149974823,0.01130925025790925,0.457091735675931,0.40018641586001547,13.0,8.0,3.0,2.0
2026-01-05,V,0.546366129629314,5.0,3.0,0.0,2.0,0.8331746578216552,0.5604610458016395,0.01409491617232556,0.42544402666389936,0.46682500590880704,12.0,7.0,1.0,4.0
2026-01-06,V,0.42892122629564255,12.0,8.0,2.0,2.0,0.8125744263331095,0.6063936590993156,0.177472432803673,0.21613391519834593,0.4985257068881765,19.0,12.0,2.0,5.0
2026-01-07,V,0.19834420449721316,12.0,4.0,1.0,7.0,0.8434371749560038,0.32561377560098964,0.12726957110377646,0.5471166577190161,0.3912105201407232,29.0,15.0,3.0,11.0
2026-01-08,V,0.25295823176080984,6.0,3.0,1.0,2.0,0.7885751922925314,0.4290022434045871,0.17604401164377728,0.39495373237878084,0.2934078875178885,30.0,15.0,4.0,11.0
2026-01-09,V,0.12131158795885065,11.0,3.0,3.0,5.0,0.8335210843519731,0.35088536778295576,0.22957377982410512,0.41954084240238776,0.19087134140562453,29.0,10.0,5.0,14.0
2026-01-12,V,-0.3368608887041254,14.0,3.0,8.0,3.0,0.8582250475883484,0.1969792134394603,0.5338401021435857,0.26918069033750464,0.012469643671845018,31.0,9.0,12.0,10.0
2026-01-13,V,-0.07111736175803733,28.0,10.0,12.0,6.0,0.8349800301449639,0.3458555829212336,0.4169729446792709,0.23717147005455833,-0.09555555416777073,53.0,16.0,23.0,14.0
2026-01-14,V,-0.10506501933559777,29.0,9.0,12.0,8.0,0.7823530908288627,0.3120565937253935,0.41712161306099127,0.27082179814320184,-0.1710144232659202,71.0,22.0,32.0,17.0
2026-01-15,V,0.05197730853867071,13.0,5.0,4.0,4.0,0.7597105846955226,0.362797151462963,0.3108198429242922,0.32638300482470256,-0.04140169085165483,70.0,24.0,28.0,18.0
2026-01-16,V,0.15305093921382318,11.0,3.0,2.0,6.0,0.8375761806964874,0.31434331512586633,0.16129237591204315,0.5243643198839643,0.03332107613896534,53.0,17.0,18.0,18.0
2026-01-20,V,0.3190197248011828,5.0,1.0,1.0,3.0,0.6904005646705628,0.4550511155277491,0.13603139072656628,0.408917510509491,0.17468265751789222,29.0,9.0,7.0,13.0
2026-01-21,V,0.17409631811703244,6.0,3.0,1.0,2.0,0.8166552682717642,0.3812963093320529,0.2071999912150204,0.41150370457520086,0.21538899404401277,22.0,7.0,4.0,11.0
2026-01-22,V,0.4711502928286791,5.0,3.0,0.0,2.0,0.8314348101615906,0.5174774289131164,0.04632713608443732,0.43619542345404627,0.3214221119156314,16.0,7.0,2.0,7.0
2026-01-23,V,0.06865970562729569,9.0,2.0,1.0,6.0,0.754126681221856,0.2556180072327454,0.18695830160544974,0.5574236818485789,0.2379687721910024,20.0,8.0,2.0,10.0
2026-01-26,V,-0.08374485753787063,12.0,3.0,5.0,4.0,0.8513733098904291,0.31654626332844293,0.4002911208663136,0.2831626224021117,0.15202171363936803,26.0,8.0,6.0,12.0
2026-01-27,V,0.3499151293809215,15.0,7.0,2.0,6.0,0.7993187785148621,0.46171591157714525,0.1118007821962237,0.4264833077788353,0.1116099924901155,36.0,12.0,8.0,16.0
2026-01-28,V,0.02388997655361889,13.0,3.0,3.0,7.0,0.7718366613754859,0.26422651190883834,0.24033653535521943,0.4954369687117063,0.09668674946555657,40.0,13.0,10.0,17.0
2026-01-29,V,0.24915923117933905,17.0,8.0,2.0,7.0,0.8345379934591406,0.40502884710098014,0.15586961592164106,0.43910154053831796,0.20765477903795979,45.0,18.0,7.0,20.0
2026-01-30,V,0.0073205676778931765,34.0,11.0,11.0,12.0,0.8855229370734271,0.3229667153620325,0.3156461476841393,0.3613871390766957,0.093456591803617,64.0,22.0,16.0,26.0
2026-02-02,V,0.4457074190334727,12.0,8.0,2.0,2.0,0.8274995535612106,0.5834148141245047,0.13770739509103194,0.2788777908620735,0.23406240596356828,63.0,27.0,15.0,21.0
2026-02-03,V,0.3919193049130792,11.0,7.0,1.0,3.0,0.7874227545478127,0.5122597309845415,0.12034042607146227,0.3673998520455577,0.2816490972081483,57.0,26.0,14.0,17.0
2026-02-04,V,0.5285398716276343,11.0,5.0,0.0,6.0,0.8149444460868835,0.5499461753801866,0.021406303752552338,0.4286475228992375,0.4553888651913954,34.0,20.0,3.0,11.0
2026-02-05,V,0.3160144957364537,8.0,4.0,1.0,3.0,0.845215730369091,0.4490309392567724,0.13301644352031866,0.41795262647792697,0.4121578907590557,30.0,16.0,2.0,12.0
2026-02-06,V,0.4108688645064831,5.0,3.0,0.0,2.0,0.7900791168212891,0.4607756339013577,0.04990676939487454,0.48931759893894194,0.4184744106235237,24.0,12.0,1.0,11.0
2026-02-09,V,0.34929348388686776,2.0,1.0,0.0,1.0,0.7079796493053436,0.3610254153609275,0.01173193147405975,0.6272426545619965,0.35872561470993486,15.0,8.0,1.0,6.0
2026-02-10,V,0.1148152460477182,7.0,2.0,2.0,3.0,0.7271557748317719,0.3728163178477968,0.25800107180007864,0.3691826319055898,0.29165919814702296,14.0,6.0,2.0,6.0
2026-02-11,V,0.4432771373540163,4.0,3.0,1.0,0.0,0.794688880443573,0.6273352922871709,0.18405815493315453,0.18860654160380358,0.3024619557628674,13.0,6.0,3.0,4.0
2026-02-12,V,0.2611478706433748,12.0,6.0,2.0,4.0,0.875415712594986,0.4398784124447654,0.1787305418013905,0.3813910569685201,0.27308008468170303,23.0,11.0,5.0,7.0
2026-02-13,V,0.7735630832612514,3.0,3.0,0.0,0.0,0.8084140022595724,0.8084140022595724,0.03485091899832087,0.156735082467397,0.4926626970862141,19.0,12.0,3.0,4.0
2026-02-17,V,-0.1867187256924808,5.0,1.0,2.0,2.0,0.9119282245635987,0.19880294371396298,0.3855216694064437,0.4156754098832606,0.2826640760707151,20.0,10.0,4.0,6.0
2026-02-18,V,0.14743611705489454,8.0,4.0,2.0,2.0,0.7916863858699799,0.40739836776629085,0.25996225071139634,0.3326393954921513,0.24476015820788835,16.0,8.0,4.0,4.0
2026-02-19,V,0.3708261729417635,14.0,7.0,2.0,5.0,0.8022156655788422,0.5027103945612907,0.1318842216195272,0.3654053766014321,0.11051452143472572,27.0,12.0,6.0,9.0
2026-02-20,V,0.6671020600479096,4.0,2.0,0.0,2.0,0.7240449637174606,0.6909759864211082,0.023873926373198576,0.2851500799879432,0.3951214500148558,26.0,13.0,4.0,9.0
2026-02-23,V,-0.12913549136227143,13.0,3.0,6.0,4.0,0.8624845101283147,0.28140879390188134,0.41054428526415276,0.3080469146370887,0.3029309138758005,31.0,12.0,8.0,11.0
2026-02-24,V,-0.3128729577176273,20.0,4.0,11.0,5.0,0.8492435306310654,0.1963724250439554,0.5092453827615827,0.2943821972701698,0.07503120365600359,37.0,9.0,17.0,11.0
2026-02-25,V,0.07969988342374562,10.0,5.0,4.0,1.0,0.8109947264194488,0.45142782805487514,0.37172794463112946,0.17684421269223088,-0.12076952188538441,43.0,12.0,21.0,10.0
2026-02-26,V,0.15608042744653566,7.0,3.0,2.0,2.0,0.8443878037588937,0.41613681122128454,0.2600563837747489,0.323806774935552,-0.025697548949115374,37.0,12.0,17.0,8.0
2026-02-27,V,0.35430909429366386,9.0,4.0,1.0,4.0,0.8271669215626187,0.4996496722516086,0.1453405779579447,0.3550097257312801,0.1966964683879817,26.0,12.0,7.0,7.0
2026-03-02,V,0.34899957170709967,5.0,1.0,0.0,4.0,0.7768640995025635,0.3602026894688606,0.0112031177617609,0.6285941928625107,0.2864630311490997,21.0,8.0,3.0,10.0
2026-03-03,V,0.3285166246350854,10.0,6.0,2.0,2.0,0.8528935551643372,0.5642797213047743,0.23576309666968878,0.1999571857973933,0.3439417635452829,24.0,11.0,3.0,10.0
2026-03-04,V,0.46226188230017823,9.0,7.0,1.0,1.0,0.7832679284943475,0.59605622674442,0.13379434444424174,0.2701494629598326,0.3799260262141211,24.0,14.0,3.0,7.0
2026-03-05,V,0.19222756975796074,12.0,4.0,3.0,5.0,0.7766439815362295,0.4293416423412661,0.2371140725833053,0.3335442558551827,0.32766869223107475,31.0,17.0,6.0,8.0
2026-03-06,V,0.3951039603403346,11.0,6.0,0.0,5.0,0.7631848454475403,0.4484315826134248,0.05332762227309015,0.49824080243706703,0.3498644707994911,32.0,17.0,4.0,11.0
2026-03-09,V,-0.016920332331210382,4.0,1.0,1.0,2.0,0.8382109254598618,0.2284218110144138,0.24534214334562413,0.5262360502965748,0.1901370659223616,27.0,11.0,4.0,12.0
2026-03-10,V,0.6047410635277629,5.0,4.0,0.0,1.0,0.7527362942695618,0.6241989672183991,0.01945790369063612,0.3563431046903133,0.327641563845629,20.0,11.0,1.0,8.0
2026-03-11,V,-0.02464398052543404,10.0,4.0,3.0,3.0,0.7758858978748322,0.2866182656493038,0.31126224617473774,0.40211949571967126,0.1877255835570395,19.0,9.0,4.0,6.0
2026-03-12,V,0.35640816980351997,18.0,7.0,0.0,11.0,0.8080848289860619,0.4056480928427643,0.04923992303924423,0.5451119948799411,0.31216841760194963,33.0,15.0,3.0,15.0
2026-03-13,V,0.17161685104171434,6.0,2.0,1.0,3.0,0.8420307338237762,0.3111298071841399,0.1395129561424255,0.5493572503328323,0.1677936801066001,34.0,13.0,4.0,17.0
2026-03-16,V,0.5157501061912626,6.0,3.0,0.0,3.0,0.8021773993968964,0.5480949760725101,0.03234486988124743,0.41956015303730965,0.347925042345499,30.0,12.0,1.0,17.0
2026-03-17,V,0.6317472794714073,15.0,12.0,1.0,2.0,0.8253199815750122,0.7005228638648987,0.06877558439349132,0.23070155406991635,0.43970474556812805,27.0,17.0,2.0,8.0
2026-03-18,V,0.5792996336572936,14.0,10.0,1.0,3.0,0.8395412947450366,0.6479857675731182,0.06868613391582451,0.2833281052964074,0.5755990064399877,35.0,25.0,2.0,8.0
2026-03-19,V,0.27004511980339885,10.0,5.0,2.0,3.0,0.8374798417091369,0.4653369914740324,0.1952918716706335,0.3393711399286985,0.49369734431069984,39.0,27.0,4.0,8.0
2026-03-20,V,0.31117625361574547,7.0,4.0,1.0,2.0,0.812372761113303,0.4656293617029275,0.15445310808718202,0.3799175332699503,0.386840335692146,31.0,19.0,4.0,8.0
2026-03-23,V,0.6184496501460671,5.0,4.0,0.0,1.0,0.759521758556366,0.6461672514677048,0.02771760132163758,0.3261151574552059,0.39989034118840383,22.0,13.0,3.0,6.0
2026-03-24,V,-0.05044411040014692,9.0,1.0,3.0,5.0,0.7803933487998115,0.2433935360362132,0.2938376464363601,0.4627688142160575,0.2930605977872219,21.0,9.0,4.0,8.0
2026-03-25,V,0.3432887789482872,3.0,2.0,0.0,1.0,0.6627519130706787,0.4376761006812255,0.09438732173293822,0.46793655057748157,0.3037647728980691,17.0,7.0,3.0,7.0
2026-03-26,V,0.22546393663755485,14.0,6.0,3.0,5.0,0.7484998234680721,0.4047245496019189,0.17926061296436396,0.4160148382985166,0.17276953506189838,26.0,9.0,6.0,11.0
2026-03-27,V,-0.3708672961737547,9.0,2.0,6.0,1.0,0.8128520846366882,0.19463143311440942,0.5654987292881641,0.2398698261628548,0.06596180647069579,26.0,10.0,9.0,7.0
2026-03-30,V,0.15781966700322098,9.0,4.0,3.0,2.0,0.7967138489087423,0.4348120085067219,0.2769923415035009,0.28819561501344043,0.004138769155673701,32.0,12.0,12.0,8.0
2026-03-31,V,0.27672190012942466,14.0,6.0,1.0,7.0,0.8425496007714953,0.3834284408284085,0.10670654069898379,0.5098650253244809,0.021224756986296972,32.0,12.0,10.0,10.0
2026-04-01,V,0.3268125198612159,11.0,5.0,1.0,5.0,0.7873066555369984,0.42974090694703837,0.10292838708582246,0.467330694029277,0.25378469566462053,34.0,15.0,5.0,14.0
2026-04-02,V,0.4494315665215254,15.0,6.0,0.0,9.0,0.8234992504119873,0.47544847975174587,0.026016913230220422,0.4985346128543218,0.35098866217072194,40.0,17.0,2.0,21.0
2026-04-06,V,0.16478460846054885,9.0,3.0,3.0,3.0,0.819742222627004,0.3960516746673319,0.231267066206783,0.3726812654899226,0.31367623161443003,35.0,14.0,4.0,17.0
2026-04-07,V,0.19066161010414356,9.0,3.0,2.0,4.0,0.7405945857365926,0.35732131927377647,0.16665970916963282,0.47601896503733265,0.26829259502873926,33.0,12.0,5.0,16.0
2026-04-08,V,-0.05257175557522308,9.0,2.0,3.0,4.0,0.8251730998357137,0.2671568188816309,0.319728574456854,0.4131146056784524,0.1009581543298231,27.0,8.0,8.0,11.0
2026-04-09,V,0.1521893043748357,11.0,2.0,2.0,7.0,0.8014487786726519,0.32047059539366846,0.16828129101883277,0.5112481283193285,0.09675971963458536,29.0,7.0,7.0,15.0
2026-04-10,V,0.5030725173419341,8.0,5.0,0.0,3.0,0.819694347679615,0.5282592959702015,0.02518677862826729,0.44655392970889807,0.2008966887138489,28.0,9.0,5.0,14.0
2026-04-13,V,0.2609944720752537,10.0,4.0,1.0,5.0,0.7775318264961243,0.41918650455772877,0.158192032482475,0.4226214662194252,0.30541876459734113,29.0,11.0,3.0,15.0
2026-04-14,V,0.677471365313977,10.0,8.0,0.0,2.0,0.7759020388126373,0.7049881488084793,0.02751678349450226,0.26749505754560227,0.4805127849103883,28.0,17.0,1.0,10.0
2026-04-15,V,0.4213672361026208,6.0,2.0,0.0,4.0,0.7664688527584076,0.43323936127126217,0.011872125168641367,0.5548885216315588,0.45327769116395045,26.0,14.0,1.0,11.0
2026-04-16,V,0.29452207086918253,12.0,5.0,2.0,5.0,0.7482073307037354,0.478406115124623,0.1838840442554404,0.33770981741448236,0.46445355742859346,28.0,15.0,2.0,11.0
2026-04-17,V,0.2783266074423279,7.0,2.0,0.0,5.0,0.8975020902497428,0.31088837821568754,0.032561770773359644,0.6565498379724366,0.33140530480471037,25.0,9.0,2.0,14.0
2026-04-20,V,0.3389193984330632,8.0,5.0,2.0,1.0,0.7891754731535912,0.5397320163901895,0.20081261795712632,0.25945533392950887,0.3039226922481912,27.0,12.0,4.0,11.0
2026-04-21,V,0.4622595543559227,9.0,6.0,1.0,2.0,0.8597562776671516,0.5807747669104073,0.11851521255448455,0.30071002576086253,0.35983518674377124,24.0,13.0,3.0,8.0
2026-04-22,V,-0.20933176577091217,8.0,1.0,3.0,4.0,0.7274786606431007,0.16948253940790886,0.3788143051788211,0.45170318242162466,0.19728239567269124,25.0,12.0,6.0,7.0
2026-04-23,V,-0.053616567747667467,10.0,2.0,3.0,5.0,0.856977128982544,0.24369637481868262,0.29731294256635005,0.45899068284779787,0.06643707361244765,27.0,9.0,7.0,11.0
2026-04-24,V,0.33722794614732265,4.0,1.0,0.0,3.0,0.855891153216362,0.3551278933882713,0.01789994724094865,0.6269721304997802,0.024759870876247647,22.0,4.0,6.0,12.0
2026-04-27,V,0.01564990288831971,11.0,4.0,3.0,4.0,0.8179667104374279,0.3106535735794089,0.2950036706910892,0.39434274743226444,0.09975376042932493,25.0,7.0,6.0,12.0
2026-04-28,V,0.08454796319584486,23.0,6.0,3.0,14.0,0.8948054780130801,0.2643861477870656,0.17983818459122072,0.5557756646657768,0.14580860407716237,38.0,11.0,6.0,21.0
2026-04-29,V,0.3536165459446755,51.0,29.0,7.0,15.0,0.8927320510733361,0.5295518092062398,0.1759352632615642,0.29451291664850476,0.15127147067628,85.0,39.0,13.0,33.0
2026-04-30,V,0.17199575408559403,33.0,12.0,7.0,14.0,0.8658735553423563,0.40189291864182003,0.22989716455622602,0.3682099211340149,0.20338675440870477,107.0,47.0,17.0,43.0
2026-05-01,V,0.02379946273408436,19.0,4.0,6.0,9.0,0.7851023077964783,0.29242163073075444,0.26862216799667005,0.4389561945082326,0.18313725425478458,103.0,45.0,20.0,38.0
2026-05-04,V,0.41820867285132407,5.0,2.0,0.0,3.0,0.8539448261260987,0.4316112920641899,0.01340261921286578,0.5549861043691635,0.20466796322366743,57.0,18.0,13.0,26.0
2026-05-05,V,0.28609541614423506,16.0,6.0,3.0,7.0,0.7919550240039825,0.4517469369166065,0.16565152077237144,0.38260154612362385,0.24270118390988113,40.0,12.0,9.0,19.0
2026-05-06,V,0.4766652737123271,15.0,9.0,1.0,5.0,0.8293933629989624,0.5679457967480024,0.09128052303567524,0.34077366168300305,0.393656454235962,36.0,17.0,4.0,15.0
2026-05-07,V,0.238890514191654,9.0,5.0,3.0,1.0,0.7297679450776842,0.501092366874218,0.26220185268256396,0.23670579865574837,0.33388373468273863,40.0,20.0,7.0,13.0
2026-05-08,V,0.5250282028379539,9.0,5.0,0.0,4.0,0.8400575187471178,0.561231081891391,0.036202879053436984,0.40256605483591557,0.4135279969139783,33.0,19.0,4.0,10.0
2026-05-11,V,0.4413832075272997,9.0,4.0,0.0,5.0,0.7624637318982018,0.4631065150929822,0.021723307565682432,0.5151701718568802,0.40176730818563583,27.0,14.0,3.0,10.0
2026-05-12,V,0.1326102356293372,21.0,6.0,5.0,10.0,0.737868572984423,0.337052683700763,0.20444244807142586,0.45850486326075734,0.3663405486648636,39.0,15.0,5.0,19.0
2026-05-13,V,0.39208830685608764,11.0,4.0,0.0,7.0,0.8169194839217446,0.4115679230202328,0.01947961616414509,0.5689524813470516,0.3220272500042415,41.0,14.0,5.0,22.0
2026-05-14,V,0.22376181504556109,7.0,2.0,0.0,5.0,0.7841773799487523,0.26869716708149227,0.04493535203593113,0.686367501105581,0.24948678584366193,39.0,12.0,5.0,22.0
2026-05-15,V,0.3185016190400347,16.0,6.0,1.0,9.0,0.7990158721804619,0.4173724480206147,0.09887082898057993,0.4837567120557651,0.31145058031389444,34.0,12.0,1.0,21.0
2026-05-18,V,0.06597032269033101,13.0,5.0,4.0,4.0,0.8026076188454261,0.34497123075505864,0.27900090806472755,0.37602786433238244,0.20274458559197558,36.0,13.0,5.0,18.0
2026-05-19,V,0.30754988252495724,15.0,6.0,1.0,8.0,0.7908148646354676,0.3876501883069674,0.08010030578201012,0.5322495313982168,0.23067394141844097,44.0,17.0,6.0,21.0
2026-05-20,V,0.306877785983185,15.0,7.0,1.0,7.0,0.7738439321517945,0.39763476078708965,0.09075697480390463,0.511608249694109,0.22679933039949104,43.0,18.0,6.0,19.0
2026-05-21,V,0.14064408983621332,9.0,3.0,2.0,4.0,0.7285367151101431,0.36593986292266184,0.22529577308644846,0.4087643546776639,0.2516905861147852,39.0,16.0,4.0,19.0
2026-05-22,V,0.09800608755488481,14.0,3.0,3.0,8.0,0.7637746589524406,0.2922019423650843,0.19419585481019955,0.5136022165949855,0.18184265445809433,38.0,13.0,6.0,19.0
2026-05-26,V,0.021245339885354,2.0,0.0,0.0,2.0,0.925310879945755,0.0479672066867351,0.02672186680138105,0.925310879945755,0.08663183909215066,25.0,6.0,5.0,14.0
2026-05-27,V,0.34558350418228656,12.0,6.0,2.0,4.0,0.847502609093984,0.4997523904312402,0.15416888624895358,0.3460787177706757,0.1549449772075084,28.0,9.0,5.0,14.0
2026-05-28,V,0.3691133890533819,16.0,6.0,1.0,9.0,0.7516858652234077,0.44151084538316354,0.0723974563297815,0.48609169153496623,0.24531407770700744,30.0,12.0,3.0,15.0
2026-05-29,V,0.25433662766590714,11.0,5.0,1.0,5.0,0.8304394808682528,0.39546387045728887,0.1411272427913817,0.4634088890796358,0.3230111736338585,39.0,17.0,4.0,18.0
2026-06-01,V,-0.014093093806877774,8.0,1.0,2.0,5.0,0.7830245643854141,0.19189942930825052,0.20599252311512825,0.6021080445498228,0.20311897430413703,35.0,12.0,4.0,19.0
2026-06-02,V,-0.17596418038010597,18.0,3.0,7.0,8.0,0.8303802775012122,0.2078478785179969,0.3838120588981029,0.40834006211823887,0.021426451159641074,37.0,9.0,10.0,18.0
2026-06-03,V,0.0966295623220503,20.0,7.0,5.0,8.0,0.7837518289685249,0.33452806910499927,0.23789850678294894,0.42757342802360654,-0.03114257062164454,46.0,11.0,14.0,21.0
2026-06-04,V,0.09909599383051194,18.0,4.0,4.0,10.0,0.8274283177322812,0.3264449969865381,0.22734900315602616,0.44620597755743396,0.006587125257485366,56.0,14.0,16.0,26.0
2026-06-05,V,0.21944548127551874,9.0,3.0,2.0,4.0,0.802308009730445,0.4062048375813497,0.18675935630583096,0.40703582308358616,0.13839034580936027,47.0,14.0,11.0,22.0
2023-09-12,XOM,0.0,0.0,0.0,0.0,0.0,0.0,0.0,0.0,0.0,0.0,0.0,0.0,0.0,0.0
2023-09-13,XOM,0.0,0.0,0.0,0.0,0.0,0.0,0.0,0.0,0.0,0.0,0.0,0.0,0.0,0.0
2023-09-14,XOM,0.0,0.0,0.0,0.0,0.0,0.0,0.0,0.0,0.0,0.0,0.0,0.0,0.0,0.0
2023-09-15,XOM,0.0,0.0,0.0,0.0,0.0,0.0,0.0,0.0,0.0,0.0,0.0,0.0,0.0,0.0
2023-09-18,XOM,0.0,0.0,0.0,0.0,0.0,0.0,0.0,0.0,0.0,0.0,0.0,0.0,0.0,0.0
2023-09-19,XOM,0.0,0.0,0.0,0.0,0.0,0.0,0.0,0.0,0.0,0.0,0.0,0.0,0.0,0.0
2023-09-20,XOM,0.0,0.0,0.0,0.0,0.0,0.0,0.0,0.0,0.0,0.0,0.0,0.0,0.0,0.0
2023-09-21,XOM,0.0,0.0,0.0,0.0,0.0,0.0,0.0,0.0,0.0,0.0,0.0,0.0,0.0,0.0
2023-09-22,XOM,0.0,0.0,0.0,0.0,0.0,0.0,0.0,0.0,0.0,0.0,0.0,0.0,0.0,0.0
2023-09-25,XOM,0.0,0.0,0.0,0.0,0.0,0.0,0.0,0.0,0.0,0.0,0.0,0.0,0.0,0.0
2023-09-26,XOM,0.0,0.0,0.0,0.0,0.0,0.0,0.0,0.0,0.0,0.0,0.0,0.0,0.0,0.0
2023-09-27,XOM,0.0,0.0,0.0,0.0,0.0,0.0,0.0,0.0,0.0,0.0,0.0,0.0,0.0,0.0
2023-09-28,XOM,0.0,0.0,0.0,0.0,0.0,0.0,0.0,0.0,0.0,0.0,0.0,0.0,0.0,0.0
2023-09-29,XOM,0.0,0.0,0.0,0.0,0.0,0.0,0.0,0.0,0.0,0.0,0.0,0.0,0.0,0.0
2023-10-02,XOM,0.0,0.0,0.0,0.0,0.0,0.0,0.0,0.0,0.0,0.0,0.0,0.0,0.0,0.0
2023-10-03,XOM,0.0,0.0,0.0,0.0,0.0,0.0,0.0,0.0,0.0,0.0,0.0,0.0,0.0,0.0
2023-10-04,XOM,0.0,0.0,0.0,0.0,0.0,0.0,0.0,0.0,0.0,0.0,0.0,0.0,0.0,0.0
2023-10-05,XOM,0.0,0.0,0.0,0.0,0.0,0.0,0.0,0.0,0.0,0.0,0.0,0.0,0.0,0.0
2023-10-06,XOM,0.0,0.0,0.0,0.0,0.0,0.0,0.0,0.0,0.0,0.0,0.0,0.0,0.0,0.0
2023-10-09,XOM,0.0,0.0,0.0,0.0,0.0,0.0,0.0,0.0,0.0,0.0,0.0,0.0,0.0,0.0
2023-10-10,XOM,0.0,0.0,0.0,0.0,0.0,0.0,0.0,0.0,0.0,0.0,0.0,0.0,0.0,0.0
2023-10-11,XOM,0.0,0.0,0.0,0.0,0.0,0.0,0.0,0.0,0.0,0.0,0.0,0.0,0.0,0.0
2023-10-12,XOM,0.0,0.0,0.0,0.0,0.0,0.0,0.0,0.0,0.0,0.0,0.0,0.0,0.0,0.0
2023-10-13,XOM,0.0,0.0,0.0,0.0,0.0,0.0,0.0,0.0,0.0,0.0,0.0,0.0,0.0,0.0
2023-10-16,XOM,0.0,0.0,0.0,0.0,0.0,0.0,0.0,0.0,0.0,0.0,0.0,0.0,0.0,0.0
2023-10-17,XOM,0.0,0.0,0.0,0.0,0.0,0.0,0.0,0.0,0.0,0.0,0.0,0.0,0.0,0.0
2023-10-18,XOM,0.0,0.0,0.0,0.0,0.0,0.0,0.0,0.0,0.0,0.0,0.0,0.0,0.0,0.0
2023-10-19,XOM,0.0,0.0,0.0,0.0,0.0,0.0,0.0,0.0,0.0,0.0,0.0,0.0,0.0,0.0
2023-10-20,XOM,0.0,0.0,0.0,0.0,0.0,0.0,0.0,0.0,0.0,0.0,0.0,0.0,0.0,0.0
2023-10-23,XOM,0.0,0.0,0.0,0.0,0.0,0.0,0.0,0.0,0.0,0.0,0.0,0.0,0.0,0.0
2023-10-24,XOM,0.0,0.0,0.0,0.0,0.0,0.0,0.0,0.0,0.0,0.0,0.0,0.0,0.0,0.0
2023-10-25,XOM,0.0,0.0,0.0,0.0,0.0,0.0,0.0,0.0,0.0,0.0,0.0,0.0,0.0,0.0
2023-10-26,XOM,0.0,0.0,0.0,0.0,0.0,0.0,0.0,0.0,0.0,0.0,0.0,0.0,0.0,0.0
2023-10-27,XOM,0.0,0.0,0.0,0.0,0.0,0.0,0.0,0.0,0.0,0.0,0.0,0.0,0.0,0.0
2023-10-30,XOM,0.0,0.0,0.0,0.0,0.0,0.0,0.0,0.0,0.0,0.0,0.0,0.0,0.0,0.0
2023-10-31,XOM,0.0,0.0,0.0,0.0,0.0,0.0,0.0,0.0,0.0,0.0,0.0,0.0,0.0,0.0
2023-11-01,XOM,0.0,0.0,0.0,0.0,0.0,0.0,0.0,0.0,0.0,0.0,0.0,0.0,0.0,0.0
2023-11-02,XOM,0.0,0.0,0.0,0.0,0.0,0.0,0.0,0.0,0.0,0.0,0.0,0.0,0.0,0.0
2023-11-03,XOM,0.0,0.0,0.0,0.0,0.0,0.0,0.0,0.0,0.0,0.0,0.0,0.0,0.0,0.0
2023-11-06,XOM,0.0,0.0,0.0,0.0,0.0,0.0,0.0,0.0,0.0,0.0,0.0,0.0,0.0,0.0
2023-11-07,XOM,0.0,0.0,0.0,0.0,0.0,0.0,0.0,0.0,0.0,0.0,0.0,0.0,0.0,0.0
2023-11-08,XOM,0.0,0.0,0.0,0.0,0.0,0.0,0.0,0.0,0.0,0.0,0.0,0.0,0.0,0.0
2023-11-09,XOM,0.0,0.0,0.0,0.0,0.0,0.0,0.0,0.0,0.0,0.0,0.0,0.0,0.0,0.0
2023-11-10,XOM,0.0,0.0,0.0,0.0,0.0,0.0,0.0,0.0,0.0,0.0,0.0,0.0,0.0,0.0
2023-11-13,XOM,0.0,0.0,0.0,0.0,0.0,0.0,0.0,0.0,0.0,0.0,0.0,0.0,0.0,0.0
2023-11-14,XOM,0.0,0.0,0.0,0.0,0.0,0.0,0.0,0.0,0.0,0.0,0.0,0.0,0.0,0.0
2023-11-15,XOM,0.0,0.0,0.0,0.0,0.0,0.0,0.0,0.0,0.0,0.0,0.0,0.0,0.0,0.0
2023-11-16,XOM,0.0,0.0,0.0,0.0,0.0,0.0,0.0,0.0,0.0,0.0,0.0,0.0,0.0,0.0
2023-11-17,XOM,0.0,0.0,0.0,0.0,0.0,0.0,0.0,0.0,0.0,0.0,0.0,0.0,0.0,0.0
2023-11-20,XOM,0.0,0.0,0.0,0.0,0.0,0.0,0.0,0.0,0.0,0.0,0.0,0.0,0.0,0.0
2023-11-21,XOM,0.0,0.0,0.0,0.0,0.0,0.0,0.0,0.0,0.0,0.0,0.0,0.0,0.0,0.0
2023-11-22,XOM,0.0,0.0,0.0,0.0,0.0,0.0,0.0,0.0,0.0,0.0,0.0,0.0,0.0,0.0
2023-11-24,XOM,0.0,0.0,0.0,0.0,0.0,0.0,0.0,0.0,0.0,0.0,0.0,0.0,0.0,0.0
2023-11-27,XOM,0.0,0.0,0.0,0.0,0.0,0.0,0.0,0.0,0.0,0.0,0.0,0.0,0.0,0.0
2023-11-28,XOM,0.0,0.0,0.0,0.0,0.0,0.0,0.0,0.0,0.0,0.0,0.0,0.0,0.0,0.0
2023-11-29,XOM,0.0,0.0,0.0,0.0,0.0,0.0,0.0,0.0,0.0,0.0,0.0,0.0,0.0,0.0
2023-11-30,XOM,0.0,0.0,0.0,0.0,0.0,0.0,0.0,0.0,0.0,0.0,0.0,0.0,0.0,0.0
2023-12-01,XOM,0.0,0.0,0.0,0.0,0.0,0.0,0.0,0.0,0.0,0.0,0.0,0.0,0.0,0.0
2023-12-04,XOM,0.0,0.0,0.0,0.0,0.0,0.0,0.0,0.0,0.0,0.0,0.0,0.0,0.0,0.0
2023-12-05,XOM,0.0,0.0,0.0,0.0,0.0,0.0,0.0,0.0,0.0,0.0,0.0,0.0,0.0,0.0
2023-12-06,XOM,0.0,0.0,0.0,0.0,0.0,0.0,0.0,0.0,0.0,0.0,0.0,0.0,0.0,0.0
2023-12-07,XOM,0.0,0.0,0.0,0.0,0.0,0.0,0.0,0.0,0.0,0.0,0.0,0.0,0.0,0.0
2023-12-08,XOM,0.0,0.0,0.0,0.0,0.0,0.0,0.0,0.0,0.0,0.0,0.0,0.0,0.0,0.0
2023-12-11,XOM,0.0,0.0,0.0,0.0,0.0,0.0,0.0,0.0,0.0,0.0,0.0,0.0,0.0,0.0
2023-12-12,XOM,0.0,0.0,0.0,0.0,0.0,0.0,0.0,0.0,0.0,0.0,0.0,0.0,0.0,0.0
2023-12-13,XOM,0.0,0.0,0.0,0.0,0.0,0.0,0.0,0.0,0.0,0.0,0.0,0.0,0.0,0.0
2023-12-14,XOM,0.0,0.0,0.0,0.0,0.0,0.0,0.0,0.0,0.0,0.0,0.0,0.0,0.0,0.0
2023-12-15,XOM,0.0,0.0,0.0,0.0,0.0,0.0,0.0,0.0,0.0,0.0,0.0,0.0,0.0,0.0
2023-12-18,XOM,0.0,0.0,0.0,0.0,0.0,0.0,0.0,0.0,0.0,0.0,0.0,0.0,0.0,0.0
2023-12-19,XOM,0.0,0.0,0.0,0.0,0.0,0.0,0.0,0.0,0.0,0.0,0.0,0.0,0.0,0.0
2023-12-20,XOM,0.0,0.0,0.0,0.0,0.0,0.0,0.0,0.0,0.0,0.0,0.0,0.0,0.0,0.0
2023-12-21,XOM,0.0,0.0,0.0,0.0,0.0,0.0,0.0,0.0,0.0,0.0,0.0,0.0,0.0,0.0
2023-12-22,XOM,0.0,0.0,0.0,0.0,0.0,0.0,0.0,0.0,0.0,0.0,0.0,0.0,0.0,0.0
2023-12-26,XOM,0.0,0.0,0.0,0.0,0.0,0.0,0.0,0.0,0.0,0.0,0.0,0.0,0.0,0.0
2023-12-27,XOM,0.0,0.0,0.0,0.0,0.0,0.0,0.0,0.0,0.0,0.0,0.0,0.0,0.0,0.0
2023-12-28,XOM,0.0,0.0,0.0,0.0,0.0,0.0,0.0,0.0,0.0,0.0,0.0,0.0,0.0,0.0
2023-12-29,XOM,0.0,0.0,0.0,0.0,0.0,0.0,0.0,0.0,0.0,0.0,0.0,0.0,0.0,0.0
2024-01-02,XOM,0.0,0.0,0.0,0.0,0.0,0.0,0.0,0.0,0.0,0.0,0.0,0.0,0.0,0.0
2024-01-03,XOM,0.0,0.0,0.0,0.0,0.0,0.0,0.0,0.0,0.0,0.0,0.0,0.0,0.0,0.0
2024-01-04,XOM,0.0,0.0,0.0,0.0,0.0,0.0,0.0,0.0,0.0,0.0,0.0,0.0,0.0,0.0
2024-01-05,XOM,0.0,0.0,0.0,0.0,0.0,0.0,0.0,0.0,0.0,0.0,0.0,0.0,0.0,0.0
2024-01-08,XOM,0.0,0.0,0.0,0.0,0.0,0.0,0.0,0.0,0.0,0.0,0.0,0.0,0.0,0.0
2024-01-09,XOM,0.0,0.0,0.0,0.0,0.0,0.0,0.0,0.0,0.0,0.0,0.0,0.0,0.0,0.0
2024-01-10,XOM,0.0,0.0,0.0,0.0,0.0,0.0,0.0,0.0,0.0,0.0,0.0,0.0,0.0,0.0
2024-01-11,XOM,0.0,0.0,0.0,0.0,0.0,0.0,0.0,0.0,0.0,0.0,0.0,0.0,0.0,0.0
2024-01-12,XOM,0.0,0.0,0.0,0.0,0.0,0.0,0.0,0.0,0.0,0.0,0.0,0.0,0.0,0.0
2024-01-16,XOM,0.0,0.0,0.0,0.0,0.0,0.0,0.0,0.0,0.0,0.0,0.0,0.0,0.0,0.0
2024-01-17,XOM,0.0,0.0,0.0,0.0,0.0,0.0,0.0,0.0,0.0,0.0,0.0,0.0,0.0,0.0
2024-01-18,XOM,0.0,0.0,0.0,0.0,0.0,0.0,0.0,0.0,0.0,0.0,0.0,0.0,0.0,0.0
2024-01-19,XOM,0.0,0.0,0.0,0.0,0.0,0.0,0.0,0.0,0.0,0.0,0.0,0.0,0.0,0.0
2024-01-22,XOM,0.0,0.0,0.0,0.0,0.0,0.0,0.0,0.0,0.0,0.0,0.0,0.0,0.0,0.0
2024-01-23,XOM,0.0,0.0,0.0,0.0,0.0,0.0,0.0,0.0,0.0,0.0,0.0,0.0,0.0,0.0
2024-01-24,XOM,0.0,0.0,0.0,0.0,0.0,0.0,0.0,0.0,0.0,0.0,0.0,0.0,0.0,0.0
2024-01-25,XOM,0.0,0.0,0.0,0.0,0.0,0.0,0.0,0.0,0.0,0.0,0.0,0.0,0.0,0.0
2024-01-26,XOM,0.0,0.0,0.0,0.0,0.0,0.0,0.0,0.0,0.0,0.0,0.0,0.0,0.0,0.0
2024-01-29,XOM,0.0,0.0,0.0,0.0,0.0,0.0,0.0,0.0,0.0,0.0,0.0,0.0,0.0,0.0
2024-01-30,XOM,0.0,0.0,0.0,0.0,0.0,0.0,0.0,0.0,0.0,0.0,0.0,0.0,0.0,0.0
2024-01-31,XOM,0.0,0.0,0.0,0.0,0.0,0.0,0.0,0.0,0.0,0.0,0.0,0.0,0.0,0.0
2024-02-01,XOM,0.0,0.0,0.0,0.0,0.0,0.0,0.0,0.0,0.0,0.0,0.0,0.0,0.0,0.0
2024-02-02,XOM,0.0,0.0,0.0,0.0,0.0,0.0,0.0,0.0,0.0,0.0,0.0,0.0,0.0,0.0
2024-02-05,XOM,0.0,0.0,0.0,0.0,0.0,0.0,0.0,0.0,0.0,0.0,0.0,0.0,0.0,0.0
2024-02-06,XOM,0.0,0.0,0.0,0.0,0.0,0.0,0.0,0.0,0.0,0.0,0.0,0.0,0.0,0.0
2024-02-07,XOM,0.0,0.0,0.0,0.0,0.0,0.0,0.0,0.0,0.0,0.0,0.0,0.0,0.0,0.0
2024-02-08,XOM,0.0,0.0,0.0,0.0,0.0,0.0,0.0,0.0,0.0,0.0,0.0,0.0,0.0,0.0
2024-02-09,XOM,0.0,0.0,0.0,0.0,0.0,0.0,0.0,0.0,0.0,0.0,0.0,0.0,0.0,0.0
2024-02-12,XOM,0.0,0.0,0.0,0.0,0.0,0.0,0.0,0.0,0.0,0.0,0.0,0.0,0.0,0.0
2024-02-13,XOM,0.0,0.0,0.0,0.0,0.0,0.0,0.0,0.0,0.0,0.0,0.0,0.0,0.0,0.0
2024-02-14,XOM,0.0,0.0,0.0,0.0,0.0,0.0,0.0,0.0,0.0,0.0,0.0,0.0,0.0,0.0
2024-02-15,XOM,0.0,0.0,0.0,0.0,0.0,0.0,0.0,0.0,0.0,0.0,0.0,0.0,0.0,0.0
2024-02-16,XOM,0.0,0.0,0.0,0.0,0.0,0.0,0.0,0.0,0.0,0.0,0.0,0.0,0.0,0.0
2024-02-20,XOM,0.0,0.0,0.0,0.0,0.0,0.0,0.0,0.0,0.0,0.0,0.0,0.0,0.0,0.0
2024-02-21,XOM,0.0,0.0,0.0,0.0,0.0,0.0,0.0,0.0,0.0,0.0,0.0,0.0,0.0,0.0
2024-02-22,XOM,0.0,0.0,0.0,0.0,0.0,0.0,0.0,0.0,0.0,0.0,0.0,0.0,0.0,0.0
2024-02-23,XOM,0.0,0.0,0.0,0.0,0.0,0.0,0.0,0.0,0.0,0.0,0.0,0.0,0.0,0.0
2024-02-26,XOM,0.0,0.0,0.0,0.0,0.0,0.0,0.0,0.0,0.0,0.0,0.0,0.0,0.0,0.0
2024-02-27,XOM,0.0,0.0,0.0,0.0,0.0,0.0,0.0,0.0,0.0,0.0,0.0,0.0,0.0,0.0
2024-02-28,XOM,0.0,0.0,0.0,0.0,0.0,0.0,0.0,0.0,0.0,0.0,0.0,0.0,0.0,0.0
2024-02-29,XOM,0.0,0.0,0.0,0.0,0.0,0.0,0.0,0.0,0.0,0.0,0.0,0.0,0.0,0.0
2024-03-01,XOM,0.0,0.0,0.0,0.0,0.0,0.0,0.0,0.0,0.0,0.0,0.0,0.0,0.0,0.0
2024-03-04,XOM,0.0,0.0,0.0,0.0,0.0,0.0,0.0,0.0,0.0,0.0,0.0,0.0,0.0,0.0
2024-03-05,XOM,0.0,0.0,0.0,0.0,0.0,0.0,0.0,0.0,0.0,0.0,0.0,0.0,0.0,0.0
2024-03-06,XOM,0.0,0.0,0.0,0.0,0.0,0.0,0.0,0.0,0.0,0.0,0.0,0.0,0.0,0.0
2024-03-07,XOM,0.0,0.0,0.0,0.0,0.0,0.0,0.0,0.0,0.0,0.0,0.0,0.0,0.0,0.0
2024-03-08,XOM,0.0,0.0,0.0,0.0,0.0,0.0,0.0,0.0,0.0,0.0,0.0,0.0,0.0,0.0
2024-03-11,XOM,0.0,0.0,0.0,0.0,0.0,0.0,0.0,0.0,0.0,0.0,0.0,0.0,0.0,0.0
2024-03-12,XOM,0.0,0.0,0.0,0.0,0.0,0.0,0.0,0.0,0.0,0.0,0.0,0.0,0.0,0.0
2024-03-13,XOM,0.0,0.0,0.0,0.0,0.0,0.0,0.0,0.0,0.0,0.0,0.0,0.0,0.0,0.0
2024-03-14,XOM,0.0,0.0,0.0,0.0,0.0,0.0,0.0,0.0,0.0,0.0,0.0,0.0,0.0,0.0
2024-03-15,XOM,0.0,0.0,0.0,0.0,0.0,0.0,0.0,0.0,0.0,0.0,0.0,0.0,0.0,0.0
2024-03-18,XOM,0.0,0.0,0.0,0.0,0.0,0.0,0.0,0.0,0.0,0.0,0.0,0.0,0.0,0.0
2024-03-19,XOM,0.0,0.0,0.0,0.0,0.0,0.0,0.0,0.0,0.0,0.0,0.0,0.0,0.0,0.0
2024-03-20,XOM,0.0,0.0,0.0,0.0,0.0,0.0,0.0,0.0,0.0,0.0,0.0,0.0,0.0,0.0
2024-03-21,XOM,0.0,0.0,0.0,0.0,0.0,0.0,0.0,0.0,0.0,0.0,0.0,0.0,0.0,0.0
2024-03-22,XOM,0.0,0.0,0.0,0.0,0.0,0.0,0.0,0.0,0.0,0.0,0.0,0.0,0.0,0.0
2024-03-25,XOM,0.0,0.0,0.0,0.0,0.0,0.0,0.0,0.0,0.0,0.0,0.0,0.0,0.0,0.0
2024-03-26,XOM,0.0,0.0,0.0,0.0,0.0,0.0,0.0,0.0,0.0,0.0,0.0,0.0,0.0,0.0
2024-03-27,XOM,0.0,0.0,0.0,0.0,0.0,0.0,0.0,0.0,0.0,0.0,0.0,0.0,0.0,0.0
2024-03-28,XOM,0.0,0.0,0.0,0.0,0.0,0.0,0.0,0.0,0.0,0.0,0.0,0.0,0.0,0.0
2024-04-01,XOM,0.0,0.0,0.0,0.0,0.0,0.0,0.0,0.0,0.0,0.0,0.0,0.0,0.0,0.0
2024-04-02,XOM,0.0,0.0,0.0,0.0,0.0,0.0,0.0,0.0,0.0,0.0,0.0,0.0,0.0,0.0
2024-04-03,XOM,0.0,0.0,0.0,0.0,0.0,0.0,0.0,0.0,0.0,0.0,0.0,0.0,0.0,0.0
2024-04-04,XOM,0.0,0.0,0.0,0.0,0.0,0.0,0.0,0.0,0.0,0.0,0.0,0.0,0.0,0.0
2024-04-05,XOM,0.0,0.0,0.0,0.0,0.0,0.0,0.0,0.0,0.0,0.0,0.0,0.0,0.0,0.0
2024-04-08,XOM,0.0,0.0,0.0,0.0,0.0,0.0,0.0,0.0,0.0,0.0,0.0,0.0,0.0,0.0
2024-04-09,XOM,0.0,0.0,0.0,0.0,0.0,0.0,0.0,0.0,0.0,0.0,0.0,0.0,0.0,0.0
2024-04-10,XOM,0.0,0.0,0.0,0.0,0.0,0.0,0.0,0.0,0.0,0.0,0.0,0.0,0.0,0.0
2024-04-11,XOM,0.0,0.0,0.0,0.0,0.0,0.0,0.0,0.0,0.0,0.0,0.0,0.0,0.0,0.0
2024-04-12,XOM,0.0,0.0,0.0,0.0,0.0,0.0,0.0,0.0,0.0,0.0,0.0,0.0,0.0,0.0
2024-04-15,XOM,0.0,0.0,0.0,0.0,0.0,0.0,0.0,0.0,0.0,0.0,0.0,0.0,0.0,0.0
2024-04-16,XOM,0.0,0.0,0.0,0.0,0.0,0.0,0.0,0.0,0.0,0.0,0.0,0.0,0.0,0.0
2024-04-17,XOM,0.0,0.0,0.0,0.0,0.0,0.0,0.0,0.0,0.0,0.0,0.0,0.0,0.0,0.0
2024-04-18,XOM,0.0,0.0,0.0,0.0,0.0,0.0,0.0,0.0,0.0,0.0,0.0,0.0,0.0,0.0
2024-04-19,XOM,0.0,0.0,0.0,0.0,0.0,0.0,0.0,0.0,0.0,0.0,0.0,0.0,0.0,0.0
2024-04-22,XOM,0.0,0.0,0.0,0.0,0.0,0.0,0.0,0.0,0.0,0.0,0.0,0.0,0.0,0.0
2024-04-23,XOM,0.0,0.0,0.0,0.0,0.0,0.0,0.0,0.0,0.0,0.0,0.0,0.0,0.0,0.0
2024-04-24,XOM,0.0,0.0,0.0,0.0,0.0,0.0,0.0,0.0,0.0,0.0,0.0,0.0,0.0,0.0
2024-04-25,XOM,0.0,0.0,0.0,0.0,0.0,0.0,0.0,0.0,0.0,0.0,0.0,0.0,0.0,0.0
2024-04-26,XOM,0.0,0.0,0.0,0.0,0.0,0.0,0.0,0.0,0.0,0.0,0.0,0.0,0.0,0.0
2024-04-29,XOM,0.0,0.0,0.0,0.0,0.0,0.0,0.0,0.0,0.0,0.0,0.0,0.0,0.0,0.0
2024-04-30,XOM,0.0,0.0,0.0,0.0,0.0,0.0,0.0,0.0,0.0,0.0,0.0,0.0,0.0,0.0
2024-05-01,XOM,0.0,0.0,0.0,0.0,0.0,0.0,0.0,0.0,0.0,0.0,0.0,0.0,0.0,0.0
2024-05-02,XOM,0.0,0.0,0.0,0.0,0.0,0.0,0.0,0.0,0.0,0.0,0.0,0.0,0.0,0.0
2024-05-03,XOM,0.0,0.0,0.0,0.0,0.0,0.0,0.0,0.0,0.0,0.0,0.0,0.0,0.0,0.0
2024-05-06,XOM,0.0,0.0,0.0,0.0,0.0,0.0,0.0,0.0,0.0,0.0,0.0,0.0,0.0,0.0
2024-05-07,XOM,0.0,0.0,0.0,0.0,0.0,0.0,0.0,0.0,0.0,0.0,0.0,0.0,0.0,0.0
2024-05-08,XOM,0.0,0.0,0.0,0.0,0.0,0.0,0.0,0.0,0.0,0.0,0.0,0.0,0.0,0.0
2024-05-09,XOM,0.0,0.0,0.0,0.0,0.0,0.0,0.0,0.0,0.0,0.0,0.0,0.0,0.0,0.0
2024-05-10,XOM,0.0,0.0,0.0,0.0,0.0,0.0,0.0,0.0,0.0,0.0,0.0,0.0,0.0,0.0
2024-05-13,XOM,0.0,0.0,0.0,0.0,0.0,0.0,0.0,0.0,0.0,0.0,0.0,0.0,0.0,0.0
2024-05-14,XOM,0.0,0.0,0.0,0.0,0.0,0.0,0.0,0.0,0.0,0.0,0.0,0.0,0.0,0.0
2024-05-15,XOM,0.0,0.0,0.0,0.0,0.0,0.0,0.0,0.0,0.0,0.0,0.0,0.0,0.0,0.0
2024-05-16,XOM,0.0,0.0,0.0,0.0,0.0,0.0,0.0,0.0,0.0,0.0,0.0,0.0,0.0,0.0
2024-05-17,XOM,0.0,0.0,0.0,0.0,0.0,0.0,0.0,0.0,0.0,0.0,0.0,0.0,0.0,0.0
2024-05-20,XOM,0.0,0.0,0.0,0.0,0.0,0.0,0.0,0.0,0.0,0.0,0.0,0.0,0.0,0.0
2024-05-21,XOM,0.0,0.0,0.0,0.0,0.0,0.0,0.0,0.0,0.0,0.0,0.0,0.0,0.0,0.0
2024-05-22,XOM,0.0,0.0,0.0,0.0,0.0,0.0,0.0,0.0,0.0,0.0,0.0,0.0,0.0,0.0
2024-05-23,XOM,0.0,0.0,0.0,0.0,0.0,0.0,0.0,0.0,0.0,0.0,0.0,0.0,0.0,0.0
2024-05-24,XOM,0.0,0.0,0.0,0.0,0.0,0.0,0.0,0.0,0.0,0.0,0.0,0.0,0.0,0.0
2024-05-28,XOM,0.0,0.0,0.0,0.0,0.0,0.0,0.0,0.0,0.0,0.0,0.0,0.0,0.0,0.0
2024-05-29,XOM,0.0,0.0,0.0,0.0,0.0,0.0,0.0,0.0,0.0,0.0,0.0,0.0,0.0,0.0
2024-05-30,XOM,0.0,0.0,0.0,0.0,0.0,0.0,0.0,0.0,0.0,0.0,0.0,0.0,0.0,0.0
2024-05-31,XOM,0.0,0.0,0.0,0.0,0.0,0.0,0.0,0.0,0.0,0.0,0.0,0.0,0.0,0.0
2024-06-03,XOM,0.0,0.0,0.0,0.0,0.0,0.0,0.0,0.0,0.0,0.0,0.0,0.0,0.0,0.0
2024-06-04,XOM,0.0,0.0,0.0,0.0,0.0,0.0,0.0,0.0,0.0,0.0,0.0,0.0,0.0,0.0
2024-06-05,XOM,0.0,0.0,0.0,0.0,0.0,0.0,0.0,0.0,0.0,0.0,0.0,0.0,0.0,0.0
2024-06-06,XOM,0.0,0.0,0.0,0.0,0.0,0.0,0.0,0.0,0.0,0.0,0.0,0.0,0.0,0.0
2024-06-07,XOM,0.0,0.0,0.0,0.0,0.0,0.0,0.0,0.0,0.0,0.0,0.0,0.0,0.0,0.0
2024-06-10,XOM,0.0,0.0,0.0,0.0,0.0,0.0,0.0,0.0,0.0,0.0,0.0,0.0,0.0,0.0
2024-06-11,XOM,0.0,0.0,0.0,0.0,0.0,0.0,0.0,0.0,0.0,0.0,0.0,0.0,0.0,0.0
2024-06-12,XOM,0.0,0.0,0.0,0.0,0.0,0.0,0.0,0.0,0.0,0.0,0.0,0.0,0.0,0.0
2024-06-13,XOM,0.0,0.0,0.0,0.0,0.0,0.0,0.0,0.0,0.0,0.0,0.0,0.0,0.0,0.0
2024-06-14,XOM,0.0,0.0,0.0,0.0,0.0,0.0,0.0,0.0,0.0,0.0,0.0,0.0,0.0,0.0
2024-06-17,XOM,0.0,0.0,0.0,0.0,0.0,0.0,0.0,0.0,0.0,0.0,0.0,0.0,0.0,0.0
2024-06-18,XOM,0.0,0.0,0.0,0.0,0.0,0.0,0.0,0.0,0.0,0.0,0.0,0.0,0.0,0.0
2024-06-20,XOM,0.0,0.0,0.0,0.0,0.0,0.0,0.0,0.0,0.0,0.0,0.0,0.0,0.0,0.0
2024-06-21,XOM,0.0,0.0,0.0,0.0,0.0,0.0,0.0,0.0,0.0,0.0,0.0,0.0,0.0,0.0
2024-06-24,XOM,0.0,0.0,0.0,0.0,0.0,0.0,0.0,0.0,0.0,0.0,0.0,0.0,0.0,0.0
2024-06-25,XOM,0.0,0.0,0.0,0.0,0.0,0.0,0.0,0.0,0.0,0.0,0.0,0.0,0.0,0.0
2024-06-26,XOM,0.0,0.0,0.0,0.0,0.0,0.0,0.0,0.0,0.0,0.0,0.0,0.0,0.0,0.0
2024-06-27,XOM,0.0,0.0,0.0,0.0,0.0,0.0,0.0,0.0,0.0,0.0,0.0,0.0,0.0,0.0
2024-06-28,XOM,0.0,0.0,0.0,0.0,0.0,0.0,0.0,0.0,0.0,0.0,0.0,0.0,0.0,0.0
2024-07-01,XOM,0.0,0.0,0.0,0.0,0.0,0.0,0.0,0.0,0.0,0.0,0.0,0.0,0.0,0.0
2024-07-02,XOM,0.0,0.0,0.0,0.0,0.0,0.0,0.0,0.0,0.0,0.0,0.0,0.0,0.0,0.0
2024-07-03,XOM,0.0,0.0,0.0,0.0,0.0,0.0,0.0,0.0,0.0,0.0,0.0,0.0,0.0,0.0
2024-07-05,XOM,0.0,0.0,0.0,0.0,0.0,0.0,0.0,0.0,0.0,0.0,0.0,0.0,0.0,0.0
2024-07-08,XOM,0.0,0.0,0.0,0.0,0.0,0.0,0.0,0.0,0.0,0.0,0.0,0.0,0.0,0.0
2024-07-09,XOM,0.0,0.0,0.0,0.0,0.0,0.0,0.0,0.0,0.0,0.0,0.0,0.0,0.0,0.0
2024-07-10,XOM,0.0,0.0,0.0,0.0,0.0,0.0,0.0,0.0,0.0,0.0,0.0,0.0,0.0,0.0
2024-07-11,XOM,0.0,0.0,0.0,0.0,0.0,0.0,0.0,0.0,0.0,0.0,0.0,0.0,0.0,0.0
2024-07-12,XOM,0.0,0.0,0.0,0.0,0.0,0.0,0.0,0.0,0.0,0.0,0.0,0.0,0.0,0.0
2024-07-15,XOM,0.0,0.0,0.0,0.0,0.0,0.0,0.0,0.0,0.0,0.0,0.0,0.0,0.0,0.0
2024-07-16,XOM,0.0,0.0,0.0,0.0,0.0,0.0,0.0,0.0,0.0,0.0,0.0,0.0,0.0,0.0
2024-07-17,XOM,0.0,0.0,0.0,0.0,0.0,0.0,0.0,0.0,0.0,0.0,0.0,0.0,0.0,0.0
2024-07-18,XOM,0.0,0.0,0.0,0.0,0.0,0.0,0.0,0.0,0.0,0.0,0.0,0.0,0.0,0.0
2024-07-19,XOM,0.0,0.0,0.0,0.0,0.0,0.0,0.0,0.0,0.0,0.0,0.0,0.0,0.0,0.0
2024-07-22,XOM,0.0,0.0,0.0,0.0,0.0,0.0,0.0,0.0,0.0,0.0,0.0,0.0,0.0,0.0
2024-07-23,XOM,0.0,0.0,0.0,0.0,0.0,0.0,0.0,0.0,0.0,0.0,0.0,0.0,0.0,0.0
2024-07-24,XOM,0.0,0.0,0.0,0.0,0.0,0.0,0.0,0.0,0.0,0.0,0.0,0.0,0.0,0.0
2024-07-25,XOM,0.0,0.0,0.0,0.0,0.0,0.0,0.0,0.0,0.0,0.0,0.0,0.0,0.0,0.0
2024-07-26,XOM,0.0,0.0,0.0,0.0,0.0,0.0,0.0,0.0,0.0,0.0,0.0,0.0,0.0,0.0
2024-07-29,XOM,0.0,0.0,0.0,0.0,0.0,0.0,0.0,0.0,0.0,0.0,0.0,0.0,0.0,0.0
2024-07-30,XOM,0.0,0.0,0.0,0.0,0.0,0.0,0.0,0.0,0.0,0.0,0.0,0.0,0.0,0.0
2024-07-31,XOM,0.0,0.0,0.0,0.0,0.0,0.0,0.0,0.0,0.0,0.0,0.0,0.0,0.0,0.0
2024-08-01,XOM,0.0,0.0,0.0,0.0,0.0,0.0,0.0,0.0,0.0,0.0,0.0,0.0,0.0,0.0
2024-08-02,XOM,0.0,0.0,0.0,0.0,0.0,0.0,0.0,0.0,0.0,0.0,0.0,0.0,0.0,0.0
2024-08-05,XOM,0.0,0.0,0.0,0.0,0.0,0.0,0.0,0.0,0.0,0.0,0.0,0.0,0.0,0.0
2024-08-06,XOM,0.0,0.0,0.0,0.0,0.0,0.0,0.0,0.0,0.0,0.0,0.0,0.0,0.0,0.0
2024-08-07,XOM,0.0,0.0,0.0,0.0,0.0,0.0,0.0,0.0,0.0,0.0,0.0,0.0,0.0,0.0
2024-08-08,XOM,0.0,0.0,0.0,0.0,0.0,0.0,0.0,0.0,0.0,0.0,0.0,0.0,0.0,0.0
2024-08-09,XOM,0.0,0.0,0.0,0.0,0.0,0.0,0.0,0.0,0.0,0.0,0.0,0.0,0.0,0.0
2024-08-12,XOM,0.0,0.0,0.0,0.0,0.0,0.0,0.0,0.0,0.0,0.0,0.0,0.0,0.0,0.0
2024-08-13,XOM,0.0,0.0,0.0,0.0,0.0,0.0,0.0,0.0,0.0,0.0,0.0,0.0,0.0,0.0
2024-08-14,XOM,0.0,0.0,0.0,0.0,0.0,0.0,0.0,0.0,0.0,0.0,0.0,0.0,0.0,0.0
2024-08-15,XOM,0.0,0.0,0.0,0.0,0.0,0.0,0.0,0.0,0.0,0.0,0.0,0.0,0.0,0.0
2024-08-16,XOM,0.0,0.0,0.0,0.0,0.0,0.0,0.0,0.0,0.0,0.0,0.0,0.0,0.0,0.0
2024-08-19,XOM,0.0,0.0,0.0,0.0,0.0,0.0,0.0,0.0,0.0,0.0,0.0,0.0,0.0,0.0
2024-08-20,XOM,0.0,0.0,0.0,0.0,0.0,0.0,0.0,0.0,0.0,0.0,0.0,0.0,0.0,0.0
2024-08-21,XOM,0.0,0.0,0.0,0.0,0.0,0.0,0.0,0.0,0.0,0.0,0.0,0.0,0.0,0.0
2024-08-22,XOM,0.0,0.0,0.0,0.0,0.0,0.0,0.0,0.0,0.0,0.0,0.0,0.0,0.0,0.0
2024-08-23,XOM,0.0,0.0,0.0,0.0,0.0,0.0,0.0,0.0,0.0,0.0,0.0,0.0,0.0,0.0
2024-08-26,XOM,0.0,0.0,0.0,0.0,0.0,0.0,0.0,0.0,0.0,0.0,0.0,0.0,0.0,0.0
2024-08-27,XOM,0.0,0.0,0.0,0.0,0.0,0.0,0.0,0.0,0.0,0.0,0.0,0.0,0.0,0.0
2024-08-28,XOM,0.0,0.0,0.0,0.0,0.0,0.0,0.0,0.0,0.0,0.0,0.0,0.0,0.0,0.0
2024-08-29,XOM,0.0,0.0,0.0,0.0,0.0,0.0,0.0,0.0,0.0,0.0,0.0,0.0,0.0,0.0
2024-08-30,XOM,0.0,0.0,0.0,0.0,0.0,0.0,0.0,0.0,0.0,0.0,0.0,0.0,0.0,0.0
2024-09-03,XOM,0.0,0.0,0.0,0.0,0.0,0.0,0.0,0.0,0.0,0.0,0.0,0.0,0.0,0.0
2024-09-04,XOM,0.0,0.0,0.0,0.0,0.0,0.0,0.0,0.0,0.0,0.0,0.0,0.0,0.0,0.0
2024-09-05,XOM,0.0,0.0,0.0,0.0,0.0,0.0,0.0,0.0,0.0,0.0,0.0,0.0,0.0,0.0
2024-09-06,XOM,0.0,0.0,0.0,0.0,0.0,0.0,0.0,0.0,0.0,0.0,0.0,0.0,0.0,0.0
2024-09-09,XOM,0.0,0.0,0.0,0.0,0.0,0.0,0.0,0.0,0.0,0.0,0.0,0.0,0.0,0.0
2024-09-10,XOM,0.0,0.0,0.0,0.0,0.0,0.0,0.0,0.0,0.0,0.0,0.0,0.0,0.0,0.0
2024-09-11,XOM,0.0,0.0,0.0,0.0,0.0,0.0,0.0,0.0,0.0,0.0,0.0,0.0,0.0,0.0
2024-09-12,XOM,0.0,0.0,0.0,0.0,0.0,0.0,0.0,0.0,0.0,0.0,0.0,0.0,0.0,0.0
2024-09-13,XOM,0.0,0.0,0.0,0.0,0.0,0.0,0.0,0.0,0.0,0.0,0.0,0.0,0.0,0.0
2024-09-16,XOM,0.0,0.0,0.0,0.0,0.0,0.0,0.0,0.0,0.0,0.0,0.0,0.0,0.0,0.0
2024-09-17,XOM,0.0,0.0,0.0,0.0,0.0,0.0,0.0,0.0,0.0,0.0,0.0,0.0,0.0,0.0
2024-09-18,XOM,0.0,0.0,0.0,0.0,0.0,0.0,0.0,0.0,0.0,0.0,0.0,0.0,0.0,0.0
2024-09-19,XOM,0.0,0.0,0.0,0.0,0.0,0.0,0.0,0.0,0.0,0.0,0.0,0.0,0.0,0.0
2024-09-20,XOM,0.0,0.0,0.0,0.0,0.0,0.0,0.0,0.0,0.0,0.0,0.0,0.0,0.0,0.0
2024-09-23,XOM,0.0,0.0,0.0,0.0,0.0,0.0,0.0,0.0,0.0,0.0,0.0,0.0,0.0,0.0
2024-09-24,XOM,0.0,0.0,0.0,0.0,0.0,0.0,0.0,0.0,0.0,0.0,0.0,0.0,0.0,0.0
2024-09-25,XOM,0.0,0.0,0.0,0.0,0.0,0.0,0.0,0.0,0.0,0.0,0.0,0.0,0.0,0.0
2024-09-26,XOM,0.0,0.0,0.0,0.0,0.0,0.0,0.0,0.0,0.0,0.0,0.0,0.0,0.0,0.0
2024-09-27,XOM,0.0,0.0,0.0,0.0,0.0,0.0,0.0,0.0,0.0,0.0,0.0,0.0,0.0,0.0
2024-09-30,XOM,0.0,0.0,0.0,0.0,0.0,0.0,0.0,0.0,0.0,0.0,0.0,0.0,0.0,0.0
2024-10-01,XOM,0.0,0.0,0.0,0.0,0.0,0.0,0.0,0.0,0.0,0.0,0.0,0.0,0.0,0.0
2024-10-02,XOM,0.0,0.0,0.0,0.0,0.0,0.0,0.0,0.0,0.0,0.0,0.0,0.0,0.0,0.0
2024-10-03,XOM,0.0,0.0,0.0,0.0,0.0,0.0,0.0,0.0,0.0,0.0,0.0,0.0,0.0,0.0
2024-10-04,XOM,0.0,0.0,0.0,0.0,0.0,0.0,0.0,0.0,0.0,0.0,0.0,0.0,0.0,0.0
2024-10-07,XOM,0.0,0.0,0.0,0.0,0.0,0.0,0.0,0.0,0.0,0.0,0.0,0.0,0.0,0.0
2024-10-08,XOM,0.0,0.0,0.0,0.0,0.0,0.0,0.0,0.0,0.0,0.0,0.0,0.0,0.0,0.0
2024-10-09,XOM,0.0,0.0,0.0,0.0,0.0,0.0,0.0,0.0,0.0,0.0,0.0,0.0,0.0,0.0
2024-10-10,XOM,0.0,0.0,0.0,0.0,0.0,0.0,0.0,0.0,0.0,0.0,0.0,0.0,0.0,0.0
2024-10-11,XOM,0.0,0.0,0.0,0.0,0.0,0.0,0.0,0.0,0.0,0.0,0.0,0.0,0.0,0.0
2024-10-14,XOM,0.0,0.0,0.0,0.0,0.0,0.0,0.0,0.0,0.0,0.0,0.0,0.0,0.0,0.0
2024-10-15,XOM,0.0,0.0,0.0,0.0,0.0,0.0,0.0,0.0,0.0,0.0,0.0,0.0,0.0,0.0
2024-10-16,XOM,0.0,0.0,0.0,0.0,0.0,0.0,0.0,0.0,0.0,0.0,0.0,0.0,0.0,0.0
2024-10-17,XOM,0.0,0.0,0.0,0.0,0.0,0.0,0.0,0.0,0.0,0.0,0.0,0.0,0.0,0.0
2024-10-18,XOM,0.0,0.0,0.0,0.0,0.0,0.0,0.0,0.0,0.0,0.0,0.0,0.0,0.0,0.0
2024-10-21,XOM,0.0,0.0,0.0,0.0,0.0,0.0,0.0,0.0,0.0,0.0,0.0,0.0,0.0,0.0
2024-10-22,XOM,0.0,0.0,0.0,0.0,0.0,0.0,0.0,0.0,0.0,0.0,0.0,0.0,0.0,0.0
2024-10-23,XOM,0.0,0.0,0.0,0.0,0.0,0.0,0.0,0.0,0.0,0.0,0.0,0.0,0.0,0.0
2024-10-24,XOM,0.0,0.0,0.0,0.0,0.0,0.0,0.0,0.0,0.0,0.0,0.0,0.0,0.0,0.0
2024-10-25,XOM,0.0,0.0,0.0,0.0,0.0,0.0,0.0,0.0,0.0,0.0,0.0,0.0,0.0,0.0
2024-10-28,XOM,0.0,0.0,0.0,0.0,0.0,0.0,0.0,0.0,0.0,0.0,0.0,0.0,0.0,0.0
2024-10-29,XOM,0.0,0.0,0.0,0.0,0.0,0.0,0.0,0.0,0.0,0.0,0.0,0.0,0.0,0.0
2024-10-30,XOM,0.0,0.0,0.0,0.0,0.0,0.0,0.0,0.0,0.0,0.0,0.0,0.0,0.0,0.0
2024-10-31,XOM,0.0,0.0,0.0,0.0,0.0,0.0,0.0,0.0,0.0,0.0,0.0,0.0,0.0,0.0
2024-11-01,XOM,0.0,0.0,0.0,0.0,0.0,0.0,0.0,0.0,0.0,0.0,0.0,0.0,0.0,0.0
2024-11-04,XOM,0.0,0.0,0.0,0.0,0.0,0.0,0.0,0.0,0.0,0.0,0.0,0.0,0.0,0.0
2024-11-05,XOM,0.0,0.0,0.0,0.0,0.0,0.0,0.0,0.0,0.0,0.0,0.0,0.0,0.0,0.0
2024-11-06,XOM,0.0,0.0,0.0,0.0,0.0,0.0,0.0,0.0,0.0,0.0,0.0,0.0,0.0,0.0
2024-11-07,XOM,0.0,0.0,0.0,0.0,0.0,0.0,0.0,0.0,0.0,0.0,0.0,0.0,0.0,0.0
2024-11-08,XOM,0.0,0.0,0.0,0.0,0.0,0.0,0.0,0.0,0.0,0.0,0.0,0.0,0.0,0.0
2024-11-11,XOM,0.0,0.0,0.0,0.0,0.0,0.0,0.0,0.0,0.0,0.0,0.0,0.0,0.0,0.0
2024-11-12,XOM,0.0,0.0,0.0,0.0,0.0,0.0,0.0,0.0,0.0,0.0,0.0,0.0,0.0,0.0
2024-11-13,XOM,0.0,0.0,0.0,0.0,0.0,0.0,0.0,0.0,0.0,0.0,0.0,0.0,0.0,0.0
2024-11-14,XOM,0.0,0.0,0.0,0.0,0.0,0.0,0.0,0.0,0.0,0.0,0.0,0.0,0.0,0.0
2024-11-15,XOM,0.0,0.0,0.0,0.0,0.0,0.0,0.0,0.0,0.0,0.0,0.0,0.0,0.0,0.0
2024-11-18,XOM,0.0,0.0,0.0,0.0,0.0,0.0,0.0,0.0,0.0,0.0,0.0,0.0,0.0,0.0
2024-11-19,XOM,0.0,0.0,0.0,0.0,0.0,0.0,0.0,0.0,0.0,0.0,0.0,0.0,0.0,0.0
2024-11-20,XOM,0.0,0.0,0.0,0.0,0.0,0.0,0.0,0.0,0.0,0.0,0.0,0.0,0.0,0.0
2024-11-21,XOM,0.0,0.0,0.0,0.0,0.0,0.0,0.0,0.0,0.0,0.0,0.0,0.0,0.0,0.0
2024-11-22,XOM,0.0,0.0,0.0,0.0,0.0,0.0,0.0,0.0,0.0,0.0,0.0,0.0,0.0,0.0
2024-11-25,XOM,0.0,0.0,0.0,0.0,0.0,0.0,0.0,0.0,0.0,0.0,0.0,0.0,0.0,0.0
2024-11-26,XOM,0.0,0.0,0.0,0.0,0.0,0.0,0.0,0.0,0.0,0.0,0.0,0.0,0.0,0.0
2024-11-27,XOM,0.0,0.0,0.0,0.0,0.0,0.0,0.0,0.0,0.0,0.0,0.0,0.0,0.0,0.0
2024-11-29,XOM,0.0,0.0,0.0,0.0,0.0,0.0,0.0,0.0,0.0,0.0,0.0,0.0,0.0,0.0
2024-12-02,XOM,0.0,0.0,0.0,0.0,0.0,0.0,0.0,0.0,0.0,0.0,0.0,0.0,0.0,0.0
2024-12-03,XOM,0.0,0.0,0.0,0.0,0.0,0.0,0.0,0.0,0.0,0.0,0.0,0.0,0.0,0.0
2024-12-04,XOM,0.0,0.0,0.0,0.0,0.0,0.0,0.0,0.0,0.0,0.0,0.0,0.0,0.0,0.0
2024-12-05,XOM,0.0,0.0,0.0,0.0,0.0,0.0,0.0,0.0,0.0,0.0,0.0,0.0,0.0,0.0
2024-12-06,XOM,0.0,0.0,0.0,0.0,0.0,0.0,0.0,0.0,0.0,0.0,0.0,0.0,0.0,0.0
2024-12-09,XOM,0.0,0.0,0.0,0.0,0.0,0.0,0.0,0.0,0.0,0.0,0.0,0.0,0.0,0.0
2024-12-10,XOM,0.0,0.0,0.0,0.0,0.0,0.0,0.0,0.0,0.0,0.0,0.0,0.0,0.0,0.0
2024-12-11,XOM,0.0,0.0,0.0,0.0,0.0,0.0,0.0,0.0,0.0,0.0,0.0,0.0,0.0,0.0
2024-12-12,XOM,0.0,0.0,0.0,0.0,0.0,0.0,0.0,0.0,0.0,0.0,0.0,0.0,0.0,0.0
2024-12-13,XOM,0.0,0.0,0.0,0.0,0.0,0.0,0.0,0.0,0.0,0.0,0.0,0.0,0.0,0.0
2024-12-16,XOM,0.0,0.0,0.0,0.0,0.0,0.0,0.0,0.0,0.0,0.0,0.0,0.0,0.0,0.0
2024-12-17,XOM,0.0,0.0,0.0,0.0,0.0,0.0,0.0,0.0,0.0,0.0,0.0,0.0,0.0,0.0
2024-12-18,XOM,0.0,0.0,0.0,0.0,0.0,0.0,0.0,0.0,0.0,0.0,0.0,0.0,0.0,0.0
2024-12-19,XOM,0.0,0.0,0.0,0.0,0.0,0.0,0.0,0.0,0.0,0.0,0.0,0.0,0.0,0.0
2024-12-20,XOM,0.0,0.0,0.0,0.0,0.0,0.0,0.0,0.0,0.0,0.0,0.0,0.0,0.0,0.0
2024-12-23,XOM,0.0,0.0,0.0,0.0,0.0,0.0,0.0,0.0,0.0,0.0,0.0,0.0,0.0,0.0
2024-12-24,XOM,0.0,0.0,0.0,0.0,0.0,0.0,0.0,0.0,0.0,0.0,0.0,0.0,0.0,0.0
2024-12-26,XOM,0.0,0.0,0.0,0.0,0.0,0.0,0.0,0.0,0.0,0.0,0.0,0.0,0.0,0.0
2024-12-27,XOM,0.0,0.0,0.0,0.0,0.0,0.0,0.0,0.0,0.0,0.0,0.0,0.0,0.0,0.0
2024-12-30,XOM,0.0,0.0,0.0,0.0,0.0,0.0,0.0,0.0,0.0,0.0,0.0,0.0,0.0,0.0
2024-12-31,XOM,0.0,0.0,0.0,0.0,0.0,0.0,0.0,0.0,0.0,0.0,0.0,0.0,0.0,0.0
2025-01-02,XOM,0.0,0.0,0.0,0.0,0.0,0.0,0.0,0.0,0.0,0.0,0.0,0.0,0.0,0.0
2025-01-03,XOM,0.0,0.0,0.0,0.0,0.0,0.0,0.0,0.0,0.0,0.0,0.0,0.0,0.0,0.0
2025-01-06,XOM,0.0,0.0,0.0,0.0,0.0,0.0,0.0,0.0,0.0,0.0,0.0,0.0,0.0,0.0
2025-01-07,XOM,0.0,0.0,0.0,0.0,0.0,0.0,0.0,0.0,0.0,0.0,0.0,0.0,0.0,0.0
2025-01-08,XOM,0.0,0.0,0.0,0.0,0.0,0.0,0.0,0.0,0.0,0.0,0.0,0.0,0.0,0.0
2025-01-10,XOM,0.0,0.0,0.0,0.0,0.0,0.0,0.0,0.0,0.0,0.0,0.0,0.0,0.0,0.0
2025-01-13,XOM,0.0,0.0,0.0,0.0,0.0,0.0,0.0,0.0,0.0,0.0,0.0,0.0,0.0,0.0
2025-01-14,XOM,0.0,0.0,0.0,0.0,0.0,0.0,0.0,0.0,0.0,0.0,0.0,0.0,0.0,0.0
2025-01-15,XOM,0.0,0.0,0.0,0.0,0.0,0.0,0.0,0.0,0.0,0.0,0.0,0.0,0.0,0.0
2025-01-16,XOM,0.0,0.0,0.0,0.0,0.0,0.0,0.0,0.0,0.0,0.0,0.0,0.0,0.0,0.0
2025-01-17,XOM,0.0,0.0,0.0,0.0,0.0,0.0,0.0,0.0,0.0,0.0,0.0,0.0,0.0,0.0
2025-01-21,XOM,0.0,0.0,0.0,0.0,0.0,0.0,0.0,0.0,0.0,0.0,0.0,0.0,0.0,0.0
2025-01-22,XOM,0.0,0.0,0.0,0.0,0.0,0.0,0.0,0.0,0.0,0.0,0.0,0.0,0.0,0.0
2025-01-23,XOM,0.0,0.0,0.0,0.0,0.0,0.0,0.0,0.0,0.0,0.0,0.0,0.0,0.0,0.0
2025-01-24,XOM,0.0,0.0,0.0,0.0,0.0,0.0,0.0,0.0,0.0,0.0,0.0,0.0,0.0,0.0
2025-01-27,XOM,0.0,0.0,0.0,0.0,0.0,0.0,0.0,0.0,0.0,0.0,0.0,0.0,0.0,0.0
2025-01-28,XOM,0.0,0.0,0.0,0.0,0.0,0.0,0.0,0.0,0.0,0.0,0.0,0.0,0.0,0.0
2025-01-29,XOM,0.0,0.0,0.0,0.0,0.0,0.0,0.0,0.0,0.0,0.0,0.0,0.0,0.0,0.0
2025-01-30,XOM,0.0,0.0,0.0,0.0,0.0,0.0,0.0,0.0,0.0,0.0,0.0,0.0,0.0,0.0
2025-01-31,XOM,0.0,0.0,0.0,0.0,0.0,0.0,0.0,0.0,0.0,0.0,0.0,0.0,0.0,0.0
2025-02-03,XOM,0.0,0.0,0.0,0.0,0.0,0.0,0.0,0.0,0.0,0.0,0.0,0.0,0.0,0.0
2025-02-04,XOM,0.0,0.0,0.0,0.0,0.0,0.0,0.0,0.0,0.0,0.0,0.0,0.0,0.0,0.0
2025-02-05,XOM,0.0,0.0,0.0,0.0,0.0,0.0,0.0,0.0,0.0,0.0,0.0,0.0,0.0,0.0
2025-02-06,XOM,0.0,0.0,0.0,0.0,0.0,0.0,0.0,0.0,0.0,0.0,0.0,0.0,0.0,0.0
2025-02-07,XOM,0.0,0.0,0.0,0.0,0.0,0.0,0.0,0.0,0.0,0.0,0.0,0.0,0.0,0.0
2025-02-10,XOM,0.0,0.0,0.0,0.0,0.0,0.0,0.0,0.0,0.0,0.0,0.0,0.0,0.0,0.0
2025-02-11,XOM,0.0,0.0,0.0,0.0,0.0,0.0,0.0,0.0,0.0,0.0,0.0,0.0,0.0,0.0
2025-02-12,XOM,0.0,0.0,0.0,0.0,0.0,0.0,0.0,0.0,0.0,0.0,0.0,0.0,0.0,0.0
2025-02-13,XOM,0.0,0.0,0.0,0.0,0.0,0.0,0.0,0.0,0.0,0.0,0.0,0.0,0.0,0.0
2025-02-14,XOM,0.0,0.0,0.0,0.0,0.0,0.0,0.0,0.0,0.0,0.0,0.0,0.0,0.0,0.0
2025-02-18,XOM,0.0,0.0,0.0,0.0,0.0,0.0,0.0,0.0,0.0,0.0,0.0,0.0,0.0,0.0
2025-02-19,XOM,0.0,0.0,0.0,0.0,0.0,0.0,0.0,0.0,0.0,0.0,0.0,0.0,0.0,0.0
2025-02-20,XOM,0.0,0.0,0.0,0.0,0.0,0.0,0.0,0.0,0.0,0.0,0.0,0.0,0.0,0.0
2025-02-21,XOM,0.0,0.0,0.0,0.0,0.0,0.0,0.0,0.0,0.0,0.0,0.0,0.0,0.0,0.0
2025-02-24,XOM,0.0,0.0,0.0,0.0,0.0,0.0,0.0,0.0,0.0,0.0,0.0,0.0,0.0,0.0
2025-02-25,XOM,0.0,0.0,0.0,0.0,0.0,0.0,0.0,0.0,0.0,0.0,0.0,0.0,0.0,0.0
2025-02-26,XOM,0.0,0.0,0.0,0.0,0.0,0.0,0.0,0.0,0.0,0.0,0.0,0.0,0.0,0.0
2025-02-27,XOM,0.0,0.0,0.0,0.0,0.0,0.0,0.0,0.0,0.0,0.0,0.0,0.0,0.0,0.0
2025-02-28,XOM,0.0,0.0,0.0,0.0,0.0,0.0,0.0,0.0,0.0,0.0,0.0,0.0,0.0,0.0
2025-03-03,XOM,0.0,0.0,0.0,0.0,0.0,0.0,0.0,0.0,0.0,0.0,0.0,0.0,0.0,0.0
2025-03-04,XOM,0.0,0.0,0.0,0.0,0.0,0.0,0.0,0.0,0.0,0.0,0.0,0.0,0.0,0.0
2025-03-05,XOM,0.0,0.0,0.0,0.0,0.0,0.0,0.0,0.0,0.0,0.0,0.0,0.0,0.0,0.0
2025-03-06,XOM,0.0,0.0,0.0,0.0,0.0,0.0,0.0,0.0,0.0,0.0,0.0,0.0,0.0,0.0
2025-03-07,XOM,0.0,0.0,0.0,0.0,0.0,0.0,0.0,0.0,0.0,0.0,0.0,0.0,0.0,0.0
2025-03-10,XOM,0.0,0.0,0.0,0.0,0.0,0.0,0.0,0.0,0.0,0.0,0.0,0.0,0.0,0.0
2025-03-11,XOM,0.0,0.0,0.0,0.0,0.0,0.0,0.0,0.0,0.0,0.0,0.0,0.0,0.0,0.0
2025-03-12,XOM,0.0,0.0,0.0,0.0,0.0,0.0,0.0,0.0,0.0,0.0,0.0,0.0,0.0,0.0
2025-03-13,XOM,0.0,0.0,0.0,0.0,0.0,0.0,0.0,0.0,0.0,0.0,0.0,0.0,0.0,0.0
2025-03-14,XOM,0.0,0.0,0.0,0.0,0.0,0.0,0.0,0.0,0.0,0.0,0.0,0.0,0.0,0.0
2025-03-17,XOM,0.0,0.0,0.0,0.0,0.0,0.0,0.0,0.0,0.0,0.0,0.0,0.0,0.0,0.0
2025-03-18,XOM,0.0,0.0,0.0,0.0,0.0,0.0,0.0,0.0,0.0,0.0,0.0,0.0,0.0,0.0
2025-03-19,XOM,0.0,0.0,0.0,0.0,0.0,0.0,0.0,0.0,0.0,0.0,0.0,0.0,0.0,0.0
2025-03-20,XOM,0.0,0.0,0.0,0.0,0.0,0.0,0.0,0.0,0.0,0.0,0.0,0.0,0.0,0.0
2025-03-21,XOM,0.0,0.0,0.0,0.0,0.0,0.0,0.0,0.0,0.0,0.0,0.0,0.0,0.0,0.0
2025-03-24,XOM,0.0,0.0,0.0,0.0,0.0,0.0,0.0,0.0,0.0,0.0,0.0,0.0,0.0,0.0
2025-03-25,XOM,0.0,0.0,0.0,0.0,0.0,0.0,0.0,0.0,0.0,0.0,0.0,0.0,0.0,0.0
2025-03-26,XOM,0.0,0.0,0.0,0.0,0.0,0.0,0.0,0.0,0.0,0.0,0.0,0.0,0.0,0.0
2025-03-27,XOM,0.0,0.0,0.0,0.0,0.0,0.0,0.0,0.0,0.0,0.0,0.0,0.0,0.0,0.0
2025-03-28,XOM,0.0,0.0,0.0,0.0,0.0,0.0,0.0,0.0,0.0,0.0,0.0,0.0,0.0,0.0
2025-03-31,XOM,0.0,0.0,0.0,0.0,0.0,0.0,0.0,0.0,0.0,0.0,0.0,0.0,0.0,0.0
2025-04-01,XOM,0.0,0.0,0.0,0.0,0.0,0.0,0.0,0.0,0.0,0.0,0.0,0.0,0.0,0.0
2025-04-02,XOM,0.0,0.0,0.0,0.0,0.0,0.0,0.0,0.0,0.0,0.0,0.0,0.0,0.0,0.0
2025-04-03,XOM,0.0,0.0,0.0,0.0,0.0,0.0,0.0,0.0,0.0,0.0,0.0,0.0,0.0,0.0
2025-04-04,XOM,0.0,0.0,0.0,0.0,0.0,0.0,0.0,0.0,0.0,0.0,0.0,0.0,0.0,0.0
2025-04-07,XOM,0.0,0.0,0.0,0.0,0.0,0.0,0.0,0.0,0.0,0.0,0.0,0.0,0.0,0.0
2025-04-08,XOM,0.0,0.0,0.0,0.0,0.0,0.0,0.0,0.0,0.0,0.0,0.0,0.0,0.0,0.0
2025-04-09,XOM,0.0,0.0,0.0,0.0,0.0,0.0,0.0,0.0,0.0,0.0,0.0,0.0,0.0,0.0
2025-04-10,XOM,0.0,0.0,0.0,0.0,0.0,0.0,0.0,0.0,0.0,0.0,0.0,0.0,0.0,0.0
2025-04-11,XOM,0.0,0.0,0.0,0.0,0.0,0.0,0.0,0.0,0.0,0.0,0.0,0.0,0.0,0.0
2025-04-14,XOM,0.0,0.0,0.0,0.0,0.0,0.0,0.0,0.0,0.0,0.0,0.0,0.0,0.0,0.0
2025-04-15,XOM,0.0,0.0,0.0,0.0,0.0,0.0,0.0,0.0,0.0,0.0,0.0,0.0,0.0,0.0
2025-04-16,XOM,0.0,0.0,0.0,0.0,0.0,0.0,0.0,0.0,0.0,0.0,0.0,0.0,0.0,0.0
2025-04-17,XOM,0.0,0.0,0.0,0.0,0.0,0.0,0.0,0.0,0.0,0.0,0.0,0.0,0.0,0.0
2025-04-21,XOM,0.0,0.0,0.0,0.0,0.0,0.0,0.0,0.0,0.0,0.0,0.0,0.0,0.0,0.0
2025-04-22,XOM,0.0,0.0,0.0,0.0,0.0,0.0,0.0,0.0,0.0,0.0,0.0,0.0,0.0,0.0
2025-04-23,XOM,0.0,0.0,0.0,0.0,0.0,0.0,0.0,0.0,0.0,0.0,0.0,0.0,0.0,0.0
2025-04-24,XOM,0.0,0.0,0.0,0.0,0.0,0.0,0.0,0.0,0.0,0.0,0.0,0.0,0.0,0.0
2025-04-25,XOM,0.0,0.0,0.0,0.0,0.0,0.0,0.0,0.0,0.0,0.0,0.0,0.0,0.0,0.0
2025-04-28,XOM,0.0,0.0,0.0,0.0,0.0,0.0,0.0,0.0,0.0,0.0,0.0,0.0,0.0,0.0
2025-04-29,XOM,0.0,0.0,0.0,0.0,0.0,0.0,0.0,0.0,0.0,0.0,0.0,0.0,0.0,0.0
2025-04-30,XOM,0.0,0.0,0.0,0.0,0.0,0.0,0.0,0.0,0.0,0.0,0.0,0.0,0.0,0.0
2025-05-01,XOM,0.0,0.0,0.0,0.0,0.0,0.0,0.0,0.0,0.0,0.0,0.0,0.0,0.0,0.0
2025-05-02,XOM,0.0,0.0,0.0,0.0,0.0,0.0,0.0,0.0,0.0,0.0,0.0,0.0,0.0,0.0
2025-05-05,XOM,0.0,0.0,0.0,0.0,0.0,0.0,0.0,0.0,0.0,0.0,0.0,0.0,0.0,0.0
2025-05-06,XOM,0.0,0.0,0.0,0.0,0.0,0.0,0.0,0.0,0.0,0.0,0.0,0.0,0.0,0.0
2025-05-07,XOM,0.0,0.0,0.0,0.0,0.0,0.0,0.0,0.0,0.0,0.0,0.0,0.0,0.0,0.0
2025-05-08,XOM,0.0,0.0,0.0,0.0,0.0,0.0,0.0,0.0,0.0,0.0,0.0,0.0,0.0,0.0
2025-05-09,XOM,0.0,0.0,0.0,0.0,0.0,0.0,0.0,0.0,0.0,0.0,0.0,0.0,0.0,0.0
2025-05-12,XOM,0.0,0.0,0.0,0.0,0.0,0.0,0.0,0.0,0.0,0.0,0.0,0.0,0.0,0.0
2025-05-13,XOM,0.0,0.0,0.0,0.0,0.0,0.0,0.0,0.0,0.0,0.0,0.0,0.0,0.0,0.0
2025-05-14,XOM,0.0,0.0,0.0,0.0,0.0,0.0,0.0,0.0,0.0,0.0,0.0,0.0,0.0,0.0
2025-05-15,XOM,0.0,0.0,0.0,0.0,0.0,0.0,0.0,0.0,0.0,0.0,0.0,0.0,0.0,0.0
2025-05-16,XOM,0.0,0.0,0.0,0.0,0.0,0.0,0.0,0.0,0.0,0.0,0.0,0.0,0.0,0.0
2025-05-19,XOM,0.0,0.0,0.0,0.0,0.0,0.0,0.0,0.0,0.0,0.0,0.0,0.0,0.0,0.0
2025-05-20,XOM,0.0,0.0,0.0,0.0,0.0,0.0,0.0,0.0,0.0,0.0,0.0,0.0,0.0,0.0
2025-05-21,XOM,0.0,0.0,0.0,0.0,0.0,0.0,0.0,0.0,0.0,0.0,0.0,0.0,0.0,0.0
2025-05-22,XOM,0.0,0.0,0.0,0.0,0.0,0.0,0.0,0.0,0.0,0.0,0.0,0.0,0.0,0.0
2025-05-23,XOM,0.0,0.0,0.0,0.0,0.0,0.0,0.0,0.0,0.0,0.0,0.0,0.0,0.0,0.0
2025-05-27,XOM,0.0,0.0,0.0,0.0,0.0,0.0,0.0,0.0,0.0,0.0,0.0,0.0,0.0,0.0
2025-05-28,XOM,0.0,0.0,0.0,0.0,0.0,0.0,0.0,0.0,0.0,0.0,0.0,0.0,0.0,0.0
2025-05-29,XOM,0.0,0.0,0.0,0.0,0.0,0.0,0.0,0.0,0.0,0.0,0.0,0.0,0.0,0.0
2025-05-30,XOM,0.0,0.0,0.0,0.0,0.0,0.0,0.0,0.0,0.0,0.0,0.0,0.0,0.0,0.0
2025-06-02,XOM,0.0,0.0,0.0,0.0,0.0,0.0,0.0,0.0,0.0,0.0,0.0,0.0,0.0,0.0
2025-06-03,XOM,0.0,0.0,0.0,0.0,0.0,0.0,0.0,0.0,0.0,0.0,0.0,0.0,0.0,0.0
2025-06-04,XOM,0.0,0.0,0.0,0.0,0.0,0.0,0.0,0.0,0.0,0.0,0.0,0.0,0.0,0.0
2025-06-05,XOM,0.0,0.0,0.0,0.0,0.0,0.0,0.0,0.0,0.0,0.0,0.0,0.0,0.0,0.0
2025-06-06,XOM,0.0,0.0,0.0,0.0,0.0,0.0,0.0,0.0,0.0,0.0,0.0,0.0,0.0,0.0
2025-06-09,XOM,0.0,0.0,0.0,0.0,0.0,0.0,0.0,0.0,0.0,0.0,0.0,0.0,0.0,0.0
2025-06-10,XOM,0.0,0.0,0.0,0.0,0.0,0.0,0.0,0.0,0.0,0.0,0.0,0.0,0.0,0.0
2025-06-11,XOM,0.0,0.0,0.0,0.0,0.0,0.0,0.0,0.0,0.0,0.0,0.0,0.0,0.0,0.0
2025-06-12,XOM,0.0,0.0,0.0,0.0,0.0,0.0,0.0,0.0,0.0,0.0,0.0,0.0,0.0,0.0
2025-06-13,XOM,0.0,0.0,0.0,0.0,0.0,0.0,0.0,0.0,0.0,0.0,0.0,0.0,0.0,0.0
2025-06-16,XOM,0.29159867123235017,8.0,5.0,2.0,1.0,0.886974386870861,0.5762030464829877,0.28460437525063753,0.13919258629903195,0.09719955707745005,8.0,5.0,2.0,1.0
2025-06-17,XOM,0.17653079299877086,6.0,4.0,2.0,0.0,0.7846838335196177,0.48664720946302015,0.31011641646424926,0.20323636444906393,0.156043154743707,14.0,9.0,4.0,1.0
2025-06-18,XOM,0.5109443153358169,9.0,7.0,1.0,1.0,0.8439172903696696,0.6546762636345294,0.1437319482987125,0.2015917998635106,0.3263579265223126,23.0,16.0,5.0,2.0
2025-06-20,XOM,0.14641689943770567,6.0,2.0,2.0,2.0,0.8342000047365824,0.4027339604993661,0.2563170610616604,0.34094897905985505,0.2779640025907644,21.0,13.0,5.0,3.0
2025-06-23,XOM,0.5943762141872536,11.0,8.0,0.0,3.0,0.8476066101681102,0.6455245143310591,0.05114830014380536,0.3033271438696168,0.41724580965359204,26.0,17.0,3.0,6.0
2025-06-24,XOM,0.11029753202040278,14.0,6.0,5.0,3.0,0.8164440819195339,0.43154855857470203,0.32125102655429927,0.24720042731080732,0.2836968818817874,31.0,16.0,7.0,8.0
2025-06-25,XOM,0.09627798006736807,14.0,6.0,4.0,4.0,0.8280464325632367,0.3772885754172291,0.281010595349861,0.3417008257071887,0.2669839087583415,39.0,20.0,9.0,10.0
2025-06-26,XOM,0.27224149437000356,15.0,8.0,3.0,4.0,0.8131295800209045,0.5004523406426111,0.22821084627260763,0.2713368304694692,0.15960566881925814,43.0,20.0,12.0,11.0
2025-06-27,XOM,0.5367322569945827,8.0,5.0,1.0,2.0,0.8402590379118919,0.6627786513417959,0.12604639434721315,0.21117497188970444,0.3017505771439848,37.0,19.0,8.0,10.0
2025-06-30,XOM,0.3184888983766238,6.0,3.0,1.0,2.0,0.670963337024053,0.48379334186514217,0.16530444348851836,0.3509022326519092,0.37582088324707,29.0,16.0,5.0,8.0
2025-07-01,XOM,0.14774595366113566,11.0,5.0,3.0,3.0,0.8491729172793302,0.44868930814449076,0.30094335448335513,0.2503673366524956,0.3343223696774474,25.0,13.0,5.0,7.0
2025-07-02,XOM,0.25670190192759035,5.0,2.0,1.0,2.0,0.8801681399345398,0.46389157362282274,0.2071896716952324,0.3289187278598547,0.24097891798844995,22.0,10.0,5.0,7.0
2025-07-03,XOM,0.4414459716528654,5.0,2.0,0.0,3.0,0.6463443756103515,0.5209256649017334,0.07947969324886797,0.39959463477134705,0.2819646090805305,21.0,9.0,4.0,8.0
2025-07-07,XOM,0.21748256031423807,10.0,5.0,2.0,3.0,0.8374037563800811,0.44214929761365057,0.2246667372994125,0.33318395372480153,0.30521014463156465,20.0,9.0,3.0,8.0
2025-07-08,XOM,-0.23942354621572626,18.0,4.0,9.0,5.0,0.8612952066792382,0.23269140466840726,0.4721149508841336,0.2951936507597565,0.1398349952504591,33.0,11.0,11.0,11.0
2025-07-09,XOM,0.09284289496449324,13.0,6.0,4.0,3.0,0.901994567651015,0.43135812713836247,0.3385152321738692,0.23012664054448784,0.02363396968766837,41.0,15.0,15.0,11.0
2025-07-10,XOM,0.006702110404148698,14.0,4.0,5.0,5.0,0.8478735727923257,0.3271892896321203,0.3204871792279716,0.35232351573982407,-0.04662618028236142,45.0,14.0,18.0,13.0
2025-07-11,XOM,0.13289265893399713,11.0,6.0,2.0,3.0,0.7039754932576959,0.4095889939503236,0.27669633501632646,0.3137146817012266,0.07747922143421304,38.0,16.0,11.0,11.0
2025-07-14,XOM,-0.08231649878952241,9.0,2.0,3.0,4.0,0.9028067853715684,0.25383581707461006,0.3361523158641325,0.4100118674751785,0.01909275684954116,34.0,12.0,10.0,12.0
2025-07-15,XOM,0.22881310643709224,23.0,8.0,4.0,11.0,0.7854884266853333,0.42407240860326134,0.19525930216616907,0.38066828987844614,0.09312975552718901,43.0,16.0,9.0,18.0
2025-07-16,XOM,-0.002986716789503907,15.0,5.0,6.0,4.0,0.8665478785832723,0.36694311040143174,0.36992982719093553,0.2631270787368218,0.047836630286021996,47.0,15.0,13.0,19.0
2025-07-17,XOM,0.35993293493187856,7.0,4.0,1.0,2.0,0.8553420645850045,0.5144091776039984,0.1544762426721198,0.3311145614300455,0.19525310819315567,45.0,17.0,11.0,17.0
2025-07-18,XOM,0.03940727546190221,21.0,8.0,6.0,7.0,0.7542034529504322,0.3520294677776595,0.3126221923157572,0.3353483536768527,0.13211783120142565,43.0,17.0,13.0,13.0
2025-07-21,XOM,0.2828686528839171,10.0,4.0,1.0,5.0,0.8284925043582916,0.3936728868633509,0.11080423397943373,0.4955228781327605,0.2274029544258993,38.0,16.0,8.0,14.0
2025-07-22,XOM,0.4319531285824875,6.0,2.0,0.0,4.0,0.7231731315453848,0.44321224217613536,0.011259113593647833,0.545528651525577,0.25140968564276894,37.0,14.0,7.0,16.0
2025-07-23,XOM,0.406229532789439,8.0,5.0,2.0,1.0,0.9003418013453484,0.6258000638335943,0.2195705310441553,0.15462942956946787,0.37368377141861453,24.0,11.0,3.0,10.0
2025-07-24,XOM,0.25865185802103946,8.0,3.0,2.0,3.0,0.8084621205925941,0.4866766883060336,0.22802483028499404,0.2852984981145709,0.365611506464322,22.0,10.0,4.0,8.0
2025-07-25,XOM,0.24154420915458882,7.0,4.0,2.0,1.0,0.8956760168075562,0.5164616123906204,0.2749174032360315,0.20862097692276743,0.30214186665502246,23.0,12.0,6.0,5.0
2025-07-28,XOM,0.16286149019883436,11.0,4.0,2.0,5.0,0.8295619867064736,0.370906807905571,0.20804531770673662,0.4210478694770824,0.22101918579148758,26.0,11.0,6.0,9.0
2025-07-29,XOM,0.0017575318078425798,11.0,3.0,3.0,5.0,0.8975044272162698,0.2764687367122281,0.27471120490438555,0.4488200548697602,0.13538774372042195,29.0,11.0,7.0,11.0
2025-07-30,XOM,0.4467557121145849,12.0,7.0,1.0,4.0,0.8372547874848048,0.5307701310763756,0.08401441896179064,0.3852154379710555,0.20379157804042067,34.0,14.0,6.0,14.0
2025-07-31,XOM,-0.31693957352333446,11.0,2.0,6.0,3.0,0.9235673763535239,0.20075909687544807,0.5176986703987826,0.2815422361547296,0.04385789013303104,34.0,12.0,10.0,12.0
2025-08-01,XOM,-0.027152278606081395,32.0,11.0,14.0,7.0,0.870262511074543,0.3763784857292194,0.4035307643353008,0.22009076058748175,0.03422128666172304,55.0,20.0,21.0,14.0
2025-08-04,XOM,0.8089067843846149,9.0,8.0,0.0,1.0,0.9108922415309482,0.8299351897504594,0.02102840536584451,0.14903640084796477,0.15493831075173306,52.0,21.0,20.0,11.0
2025-08-05,XOM,0.1627586193693181,12.0,4.0,2.0,6.0,0.8375070045391718,0.3532440639100969,0.19048544454077873,0.4562704955848555,0.3148377083826172,53.0,23.0,16.0,14.0
2025-08-06,XOM,0.34274487756192684,9.0,6.0,2.0,1.0,0.8388770090209113,0.5900194411062532,0.2472745635443263,0.162706007146173,0.43813676043862,30.0,18.0,4.0,8.0
2025-08-07,XOM,0.3012948158429936,8.0,3.0,3.0,2.0,0.7336544468998909,0.5399927034741268,0.23869788763113317,0.2213094050530344,0.2689327709247462,29.0,13.0,7.0,9.0
2025-08-08,XOM,0.5346741237444803,8.0,6.0,2.0,0.0,0.8162273988127708,0.7163750119507313,0.18170088820625094,0.10192411113530393,0.3929046057164669,25.0,15.0,7.0,3.0
2025-08-11,XOM,0.24310264748055488,8.0,3.0,2.0,3.0,0.8326578140258789,0.47463564632926136,0.23153299884870646,0.2938313640188425,0.35969052902267623,24.0,12.0,7.0,5.0
2025-08-12,XOM,0.5717557264336696,6.0,4.0,0.0,2.0,0.8960432906945547,0.607627971097827,0.035872244664157386,0.3564997852469484,0.44984416588623494,22.0,13.0,4.0,5.0
2025-08-13,XOM,0.3939424220880028,16.0,9.0,3.0,4.0,0.8447744138538837,0.5724398820893839,0.17849746000138106,0.24906264629680658,0.40293359866740913,30.0,16.0,5.0,9.0
2025-08-14,XOM,0.3884094092063605,7.0,4.0,1.0,2.0,0.7778837851115635,0.5275234352531177,0.13911402604675713,0.3333625303847449,0.45136918590934433,29.0,17.0,4.0,8.0
2025-08-15,XOM,0.7127622221596539,4.0,3.0,0.0,1.0,0.9296476393938065,0.7295147553086281,0.0167525331489741,0.253732725046575,0.49837135115133907,27.0,16.0,4.0,7.0
2025-08-18,XOM,0.6836169946731793,9.0,7.0,0.0,2.0,0.8286769456333585,0.7149817169540458,0.03136472228086652,0.2536535705957148,0.5949295420130646,20.0,14.0,1.0,5.0
2025-08-19,XOM,0.03342989479036382,12.0,5.0,4.0,3.0,0.8526137967904409,0.35628674334536,0.32285684855499613,0.3208564094578226,0.47660303720773234,25.0,15.0,4.0,6.0
2025-08-20,XOM,0.5205179752471546,6.0,3.0,0.0,3.0,0.873733252286911,0.5382810154308876,0.01776304018373285,0.443955938021342,0.4125216215702326,27.0,15.0,4.0,8.0
2025-08-21,XOM,0.8552258787676692,2.0,2.0,0.0,0.0,0.9030659794807434,0.9030659794807434,0.04784010071307415,0.0490939244627952,0.46972458293506253,20.0,10.0,4.0,6.0
2025-08-22,XOM,0.6254776400746778,8.0,5.0,0.0,3.0,0.7968325540423393,0.6384218549355865,0.012944214860908649,0.34863393870182335,0.6670738313631673,16.0,10.0,0.0,6.0
2025-08-25,XOM,0.7541324235498905,2.0,2.0,0.0,0.0,0.7647148668766022,0.7647148668766022,0.0105824433267116,0.2247026767581701,0.7449453141307458,12.0,9.0,0.0,3.0
2025-08-26,XOM,0.1656183598873516,6.0,2.0,1.0,3.0,0.8917495508988699,0.3403677837923169,0.17474942390496528,0.484882806117336,0.51507614117064,16.0,9.0,1.0,6.0
2025-08-27,XOM,0.48304945484481077,11.0,7.0,1.0,3.0,0.8278324766592546,0.5894088643518361,0.10635940950702533,0.3042317181825637,0.467600079427351,19.0,11.0,2.0,6.0
2025-08-28,XOM,0.5147301778197289,8.0,5.0,1.0,2.0,0.8426060527563095,0.6016044761054218,0.0868742982856929,0.3115211983677,0.38779933085063045,25.0,14.0,3.0,8.0
2025-08-29,XOM,0.5207734696567059,5.0,3.0,0.0,2.0,0.8741776943206787,0.5768459364771843,0.056072466820478395,0.36708162724971766,0.5061843674404152,24.0,15.0,2.0,7.0
2025-09-02,XOM,0.4453541017137468,4.0,1.0,0.0,3.0,0.747830867767334,0.4619845673441887,0.01663046563044185,0.5213849823921919,0.4936192497300606,17.0,9.0,1.0,7.0
2025-09-03,XOM,0.29208541036184343,7.0,5.0,1.0,1.0,0.6749652794429234,0.5119028016924858,0.2198173913306423,0.2682798041829041,0.41940432724409876,16.0,9.0,1.0,6.0
2025-09-04,XOM,-0.27617140739623985,7.0,2.0,4.0,1.0,0.9199687668255397,0.27364722306707073,0.5498186304633107,0.17653416416474746,0.15375603489311682,18.0,8.0,5.0,5.0
2025-09-05,XOM,0.363286635838449,5.0,3.0,2.0,0.0,0.8553189039230347,0.6632286667823791,0.2999420309439301,0.036829291284084235,0.12640021293468423,19.0,10.0,7.0,2.0
2025-09-08,XOM,0.12270406247781858,7.0,2.0,1.0,4.0,0.8471212557383946,0.28554490714200903,0.16284084466419046,0.551614268549851,0.06993976364000927,19.0,7.0,7.0,5.0
2025-09-09,XOM,0.46033483270245296,6.0,3.0,0.0,3.0,0.9255819121996561,0.48160940657059353,0.021274573868140533,0.49711601218829554,0.3154418436729069,18.0,8.0,3.0,7.0
2025-09-10,XOM,0.241253059823066,6.0,2.0,1.0,3.0,0.879702240228653,0.40479423354069394,0.16354117371762786,0.4316645826523502,0.27476398500111254,19.0,7.0,2.0,10.0
2025-09-11,XOM,0.4794662449508905,5.0,4.0,1.0,0.0,0.8622085690498352,0.6880263783037662,0.20856013335287565,0.1034134648740291,0.3936847124921365,17.0,9.0,2.0,6.0
2025-09-12,XOM,0.3152209669351577,6.0,2.0,0.0,4.0,0.9230609436829885,0.341510026405255,0.02628905947009717,0.6322009135037661,0.34531342390303815,17.0,8.0,2.0,7.0
2025-09-15,XOM,0.059407591447234155,5.0,2.0,2.0,1.0,0.8435839176177978,0.3734926430508494,0.3140850516036152,0.312422314286232,0.2846982677777608,16.0,8.0,3.0,5.0
2025-09-16,XOM,0.4812387783940022,13.0,7.0,1.0,5.0,0.8125698841535128,0.5582588423903172,0.07702006399631495,0.36472109046119905,0.2852891122587981,24.0,11.0,3.0,10.0
2025-09-17,XOM,0.2458940492425528,9.0,4.0,1.0,4.0,0.8259174757533603,0.3842648514029052,0.1383708021603524,0.47736436107920277,0.2621801396945964,27.0,13.0,4.0,10.0
2025-09-18,XOM,0.10124571794982659,11.0,5.0,4.0,2.0,0.8230278329415754,0.3985705570825799,0.29732483913275326,0.304104612970894,0.27612618186212723,33.0,16.0,6.0,11.0
2025-09-19,XOM,-0.08661488858474926,11.0,4.0,5.0,2.0,0.8784412091428583,0.35067542244426225,0.43729031102901156,0.21203427152200174,0.08684162620254342,31.0,13.0,10.0,8.0
2025-09-22,XOM,0.7260783825069665,5.0,4.0,0.0,1.0,0.7999716758728027,0.7368008077144623,0.01072242520749566,0.2524767696857452,0.24690307062401465,27.0,13.0,9.0,5.0
2025-09-23,XOM,0.4897218504920602,17.0,10.0,1.0,6.0,0.862345253720003,0.5784720668897909,0.08875021639773069,0.3327777086592772,0.37639511480475923,33.0,18.0,6.0,9.0
2025-09-24,XOM,0.502156235743314,12.0,8.0,1.0,3.0,0.8019912590583166,0.5877881022170186,0.08563186647370452,0.3265800266526639,0.572652156247447,34.0,22.0,2.0,10.0
2025-09-25,XOM,0.36849284237250685,10.0,6.0,2.0,2.0,0.880797666311264,0.5702561247162521,0.2017632823437452,0.22798057869076724,0.45345697620262704,39.0,24.0,4.0,11.0
2025-09-26,XOM,0.21764711206778883,10.0,6.0,4.0,0.0,0.9027880609035492,0.5731834710575641,0.3555363589897752,0.07128014229238029,0.36276539672786995,32.0,20.0,7.0,5.0
2025-09-29,XOM,0.3762815914648984,7.0,4.0,1.0,2.0,0.8010801843234471,0.4990103638597897,0.12272877239489124,0.3782608583569526,0.3208071819683981,27.0,16.0,7.0,4.0
2025-09-30,XOM,-0.3967152806220665,21.0,4.0,13.0,4.0,0.874280632961364,0.18947998041819245,0.586195261040259,0.22432476166813142,0.06573780763687365,38.0,14.0,18.0,6.0
2025-10-01,XOM,-0.1165085196878542,17.0,6.0,8.0,3.0,0.8350293408421909,0.32868054632426186,0.44518906601211605,0.2261303711463423,-0.045647402948340715,45.0,14.0,22.0,9.0
2025-10-02,XOM,0.36811614761245437,16.0,9.0,3.0,4.0,0.8803362064063549,0.5594766646099743,0.19136051699751983,0.24916282109916207,-0.048369217565822055,54.0,19.0,24.0,11.0
2025-10-03,XOM,-0.4283834676154786,9.0,1.0,6.0,2.0,0.8147998385959201,0.14178885674724973,0.5701723243627284,0.2880388080245918,-0.05892527989695943,42.0,16.0,17.0,9.0
2025-10-06,XOM,0.4578111030989223,9.0,4.0,1.0,4.0,0.7876190212037828,0.5423012855980132,0.08449018249909077,0.3732085269358423,0.13251459436529942,34.0,14.0,10.0,10.0
2025-10-07,XOM,0.12253652685987095,7.0,3.0,2.0,2.0,0.8318316766193935,0.41392191286597935,0.2913853860061083,0.29469272441097666,0.050654720781104924,25.0,8.0,9.0,8.0
2025-10-08,XOM,0.39296893710986924,13.0,8.0,2.0,3.0,0.8465013733276954,0.537532357355723,0.14456342024585372,0.3179042097181082,0.32443885568955416,29.0,15.0,5.0,9.0
2025-10-09,XOM,0.28559658416391664,12.0,7.0,3.0,2.0,0.8801076114177704,0.5556449564173818,0.2700483722534651,0.17430667315299309,0.2670340160445523,32.0,18.0,7.0,7.0
2025-10-10,XOM,0.8571745380759239,2.0,2.0,0.0,0.0,0.8919450044631958,0.8919450044631958,0.0347704663872718,0.0732845282182097,0.5119133531165699,27.0,17.0,5.0,5.0
2025-10-13,XOM,0.9198693875223398,1.0,1.0,0.0,0.0,0.9477123022079468,0.9477123022079468,0.0278429146856069,0.0244447793811559,0.6875468365873935,15.0,10.0,3.0,2.0
2025-10-14,XOM,0.44585144449956715,8.0,4.0,1.0,3.0,0.8029734715819359,0.5463690501637757,0.10051760566420849,0.3531133446376771,0.7409651233659437,11.0,7.0,1.0,3.0
2025-10-15,XOM,0.34931589119757217,3.0,1.0,0.0,2.0,0.7022759318351746,0.35931411385536194,0.0099982226577897,0.6306876639525095,0.5716789077398264,12.0,6.0,1.0,5.0
2025-10-16,XOM,0.3398846632076634,9.0,6.0,1.0,2.0,0.7489383949173821,0.4892059957815541,0.1493213325738906,0.3614726772324906,0.37835066630160097,20.0,11.0,2.0,7.0
2025-10-17,XOM,0.41958565125241876,2.0,1.0,0.0,1.0,0.8697415590286255,0.4332898929715156,0.01370424171909685,0.5530059039592743,0.36959540188588486,14.0,8.0,1.0,5.0
2025-10-20,XOM,0.18055575210601088,5.0,2.0,1.0,2.0,0.8677226185798645,0.38377004656940694,0.20321429446339603,0.41301568001508715,0.3133420221886977,16.0,9.0,2.0,5.0
2025-10-21,XOM,0.3470546610963841,6.0,4.0,1.0,1.0,0.7581245998541514,0.501260650344193,0.15420598924780882,0.3445333664615949,0.31573202148493795,13.0,7.0,2.0,4.0
2025-10-22,XOM,-0.6095940185089906,3.0,0.0,2.0,1.0,0.9374733169873556,0.022268728042642235,0.6318627465516329,0.34586853720247746,-0.02732786843553181,14.0,6.0,4.0,4.0
2025-10-23,XOM,0.6496590860705409,9.0,7.0,0.0,2.0,0.8523409167925516,0.6758659192257457,0.0262068331552048,0.2979272440489795,0.12903990955264485,18.0,11.0,3.0,4.0
2025-10-24,XOM,0.25361276024745577,9.0,6.0,3.0,0.0,0.9031839105818007,0.600386719736788,0.3467739594893323,0.05283932201564306,0.09789260926966874,21.0,13.0,5.0,3.0
2025-10-27,XOM,-0.07505070259794595,10.0,3.0,4.0,3.0,0.835554701089859,0.2853354339487851,0.36038613654673096,0.3542784376069903,0.2760737145733503,28.0,16.0,7.0,5.0
2025-10-28,XOM,0.46305935056163716,13.0,8.0,1.0,4.0,0.826994409927955,0.5706534119179616,0.10759406135632438,0.32175253145396704,0.21387380273704903,32.0,17.0,8.0,7.0
2025-10-29,XOM,0.17920247865840794,10.0,3.0,1.0,6.0,0.8193294107913971,0.3170794103294611,0.13787693167105314,0.5450436582788825,0.1890703755406998,33.0,14.0,6.0,13.0
2025-10-30,XOM,0.20515917629624406,12.0,4.0,1.0,7.0,0.8325221786896387,0.34914253070019186,0.14398335440394774,0.5068741203285754,0.2824736685054298,35.0,15.0,3.0,17.0
2025-10-31,XOM,0.16499404937332107,43.0,20.0,13.0,10.0,0.9009267784828363,0.467013236254367,0.3020191868810459,0.23096758248501043,0.1831185681093244,65.0,27.0,15.0,23.0
2025-11-03,XOM,-0.11336854789406062,5.0,2.0,2.0,1.0,0.8423520743846893,0.2877251870930194,0.4010937349870801,0.3111810617148876,0.08559489259183489,60.0,26.0,16.0,18.0
2025-11-04,XOM,0.3173420578906579,14.0,9.0,3.0,2.0,0.8211409768887928,0.5550163331042443,0.2376742752135864,0.207309378311038,0.12298918645663952,62.0,31.0,18.0,13.0
2025-11-05,XOM,0.3843704365193844,5.0,2.0,0.0,3.0,0.850796377658844,0.4405915070325136,0.056221070513129176,0.5031874366104603,0.19611464883866062,24.0,13.0,5.0,6.0
2025-11-06,XOM,0.41163111037828704,11.0,6.0,1.0,4.0,0.8838347738439386,0.5442971149459481,0.13266600456766103,0.3230368964035402,0.37111453492944313,30.0,17.0,4.0,9.0
2025-11-07,XOM,0.5565619751190146,9.0,5.0,0.0,4.0,0.8671298954221938,0.589473734713263,0.03291175959424835,0.37761450248459977,0.4508545073388954,25.0,13.0,1.0,11.0
2025-11-10,XOM,-0.08777993991971014,5.0,1.0,2.0,2.0,0.8440180778503418,0.22409580834209913,0.3118757482618093,0.4640284471213817,0.2934710485258639,25.0,12.0,3.0,10.0
2025-11-11,XOM,0.5563220079638995,8.0,5.0,0.0,3.0,0.8301893956959248,0.57312947884202,0.016807470878120463,0.410063048126176,0.34170134772106814,22.0,11.0,2.0,9.0
2025-11-12,XOM,0.24679598507160938,6.0,3.0,1.0,2.0,0.8675464888413748,0.43695693587263423,0.1901609508010248,0.3728821113084753,0.23844601770526633,19.0,9.0,3.0,7.0
2025-11-13,XOM,-0.011984483471938565,7.0,3.0,3.0,1.0,0.874626874923706,0.38527957376624855,0.39726405723818703,0.217456374982638,0.26371116985452353,21.0,11.0,4.0,6.0
2025-11-14,XOM,-0.07789992610923951,4.0,0.0,1.0,3.0,0.8178272247314453,0.1495692767202854,0.22746920282952485,0.6229614987969398,0.05230385849681051,17.0,6.0,5.0,6.0
2025-11-17,XOM,0.45763536673039196,5.0,3.0,0.0,2.0,0.7220531940460205,0.48652705177664757,0.028891685046255538,0.48458128422498703,0.12258365238307138,16.0,6.0,4.0,6.0
2025-11-18,XOM,-0.43217565359858173,6.0,1.0,4.0,1.0,0.7973079880078634,0.13187227157565448,0.5640479251742363,0.3040798207124074,-0.017480070992476338,15.0,4.0,5.0,6.0
2025-11-19,XOM,-0.16957258137076028,14.0,4.0,7.0,3.0,0.8661983736923763,0.30781870371928166,0.47739128509004203,0.21479002918515883,-0.0480376227463166,25.0,8.0,11.0,6.0
2025-11-20,XOM,0.2731081978417933,8.0,4.0,1.0,3.0,0.7694997936487198,0.44605514709837735,0.17294694925658402,0.3809978966601193,-0.10954667904251614,28.0,9.0,12.0,7.0
2025-11-21,XOM,-0.11409404102180684,7.0,3.0,4.0,0.0,0.8967337097440448,0.4032406958618334,0.5173347368836403,0.07942455607865531,-0.0035194748502578588,29.0,11.0,12.0,6.0
2025-11-24,XOM,0.31777287810109556,6.0,3.0,1.0,2.0,0.7425201038519541,0.4849333396802346,0.167160461579139,0.347906194627285,0.15892901164036075,21.0,10.0,6.0,5.0
2025-11-25,XOM,-0.1503809405490756,5.0,1.0,2.0,2.0,0.8542734503746032,0.23988333344459528,0.3902642739936709,0.36985241733491414,0.01776596551007112,18.0,7.0,7.0,4.0
2025-11-26,XOM,0.23837975332174785,11.0,4.0,2.0,5.0,0.830190284685655,0.4146490570750426,0.17626930375329466,0.4090816532684998,0.13525723029125603,22.0,8.0,5.0,9.0
2025-11-28,XOM,0.2940635427034327,7.0,3.0,0.0,4.0,0.7537591883114406,0.3873663901218346,0.09330284741840189,0.5193307655198234,0.12735411849203507,23.0,8.0,4.0,11.0
2025-12-01,XOM,0.5776911833090708,4.0,2.0,0.0,2.0,0.7804834246635437,0.589135155081749,0.01144397177267815,0.3994208564981818,0.3700448264447505,22.0,9.0,2.0,11.0
2025-12-02,XOM,0.35259951022453606,8.0,5.0,1.0,2.0,0.8088311851024628,0.5505425519077107,0.19794304168317467,0.2515144060598686,0.40811807874567996,19.0,10.0,1.0,8.0
2025-12-03,XOM,-0.03695469512604177,4.0,2.0,2.0,0.0,0.9539137482643127,0.4704535866621882,0.5074082817882299,0.022138126892968974,0.2977786661358551,16.0,9.0,3.0,4.0
2025-12-04,XOM,0.10292518378368447,7.0,3.0,3.0,1.0,0.8517106175422668,0.45356093400291025,0.3506357502192259,0.19580331098820478,0.13952333296072633,19.0,10.0,6.0,3.0
2025-12-05,XOM,0.6330730179324746,5.0,3.0,0.0,2.0,0.878762674331665,0.6546182200312615,0.0215452020987868,0.32383656650781634,0.23301450219670583,16.0,8.0,5.0,3.0
2025-12-08,XOM,0.16311207879334685,2.0,0.0,0.0,2.0,0.8081810474395752,0.17746550962328905,0.01435343082994215,0.8081810474395752,0.29970342683650203,14.0,6.0,3.0,5.0
2025-12-09,XOM,0.08660790527937932,16.0,6.0,4.0,6.0,0.8419784605503082,0.3518770123482682,0.26526910706888884,0.38285390508826816,0.2942643340017337,23.0,9.0,4.0,10.0
2025-12-10,XOM,0.3269636374898255,14.0,7.0,2.0,5.0,0.8333516120910645,0.5227287753618189,0.19576513787199337,0.281506077652531,0.19222787385418397,32.0,13.0,6.0,13.0
2025-12-11,XOM,0.7133004024831785,9.0,8.0,1.0,0.0,0.9370176924599541,0.8349068098598056,0.12160640737662708,0.04348679424987892,0.3756239817507945,39.0,21.0,7.0,11.0
2025-12-12,XOM,0.15742913337255066,11.0,4.0,3.0,4.0,0.7957821921868757,0.3681541173295541,0.21072498395700343,0.42112089913677087,0.3992310577818516,34.0,19.0,6.0,9.0
2025-12-15,XOM,0.269829930178821,5.0,1.0,0.0,4.0,0.8396049499511719,0.3032401964068413,0.03341026622802014,0.6633495531976223,0.3801864886781834,25.0,13.0,4.0,8.0
2025-12-16,XOM,0.1857327225485018,7.0,2.0,2.0,3.0,0.7952117536749158,0.3981425038405827,0.21240978129208085,0.3894477497254099,0.20433059536662457,23.0,7.0,5.0,11.0
2025-12-17,XOM,-0.2589778695255518,9.0,2.0,4.0,3.0,0.8532005416022407,0.22658979313241107,0.4855676626579629,0.2878425152351458,0.06552826106725708,21.0,5.0,6.0,10.0
2025-12-18,XOM,0.10355366130962093,17.0,3.0,2.0,12.0,0.8189567993668949,0.2475159064154414,0.14396224510582048,0.6085218396037817,0.010102838110857057,33.0,7.0,8.0,18.0
2025-12-19,XOM,-0.0215569728985429,10.0,2.0,3.0,5.0,0.8762832581996918,0.25121673457324506,0.27277370747178786,0.47600955963134767,-0.05899372703815784,36.0,7.0,9.0,20.0
2025-12-22,XOM,0.5196899727785161,7.0,4.0,0.0,3.0,0.866990693977901,0.5321451936449323,0.012455220866416128,0.4553995787033013,0.20056222039653146,34.0,9.0,5.0,20.0
2025-12-23,XOM,0.4599343500513997,9.0,4.0,0.0,5.0,0.8429930342568291,0.4948681866129239,0.03493383656152417,0.4701979547325108,0.3193557833104577,26.0,10.0,3.0,13.0
2025-12-24,XOM,0.3836237390059978,4.0,3.0,1.0,0.0,0.7783067524433136,0.595539447851479,0.21191570884548125,0.19254484213888642,0.45441602061197134,20.0,11.0,1.0,8.0
2025-12-26,XOM,0.9249430131167173,2.0,2.0,0.0,0.0,0.9471645951271056,0.9471645951271056,0.02222158201038835,0.03061381913721555,0.5895003673913717,15.0,9.0,1.0,5.0
2025-12-29,XOM,-0.2686957627135728,7.0,3.0,4.0,0.0,0.7254073023796082,0.3026089433447591,0.571304706058332,0.12608634095106802,0.3466236631363809,13.0,8.0,5.0,0.0
2025-12-30,XOM,0.0036143308389000282,8.0,1.0,2.0,5.0,0.8551956191658974,0.2164603023556992,0.21284597151679913,0.5706937448121607,0.21995386041401496,17.0,6.0,6.0,5.0
2025-12-31,XOM,0.663284023758024,4.0,3.0,0.0,1.0,0.8785805106163025,0.690542871132493,0.027258847374469,0.2821982903406024,0.1327341972944505,19.0,7.0,6.0,6.0
2026-01-02,XOM,-0.9556595524773002,1.0,0.0,1.0,0.0,0.970382571220398,0.0147230187430977,0.970382571220398,0.0148943606764078,-0.09625373262679197,13.0,4.0,3.0,6.0
2026-01-05,XOM,0.4174846746669761,29.0,17.0,1.0,11.0,0.7816367858442766,0.5057612140502395,0.0882765393832634,0.4059622402078119,0.04170304864923341,34.0,20.0,2.0,12.0
2026-01-06,XOM,0.2761127823032439,38.0,25.0,8.0,5.0,0.780340429983641,0.5404315639140183,0.2643187816107743,0.19524966876365635,-0.08735403183569328,68.0,42.0,10.0,16.0
2026-01-07,XOM,0.005287043750286087,14.0,2.0,3.0,9.0,0.8080691822937557,0.21409178225855738,0.20880473850827128,0.5771034814949546,0.23296150024016882,81.0,44.0,12.0,25.0
2026-01-08,XOM,0.00952110869721289,21.0,7.0,6.0,8.0,0.8672521738778978,0.32781616261317614,0.3182950539159633,0.35388879140927676,0.09697364491691442,73.0,34.0,17.0,22.0
2026-01-09,XOM,0.29676270883773326,23.0,9.0,1.0,13.0,0.801034012566442,0.39056438280512457,0.09380167396739121,0.5156339453938215,0.10385695376174421,58.0,18.0,10.0,30.0
2026-01-12,XOM,-0.2542968682552639,19.0,4.0,9.0,6.0,0.7812425619677493,0.2135462974639315,0.46784316571919543,0.31861055142393235,0.017328983093227557,63.0,20.0,16.0,27.0
2026-01-13,XOM,-0.11282068029554053,33.0,10.0,14.0,9.0,0.8371171409433539,0.2772361829905121,0.39005686328605266,0.33270695359643654,-0.023451613237690242,75.0,23.0,24.0,28.0
2026-01-14,XOM,-0.0891020087680469,12.0,3.0,5.0,4.0,0.8969438076019287,0.2994765543068449,0.3885785630748917,0.3119448684155941,-0.1520731857729503,64.0,17.0,28.0,19.0
2026-01-15,XOM,-0.4948322500567884,12.0,0.0,7.0,5.0,0.8562713712453842,0.08724109448182082,0.5820733445386091,0.33068556757643813,-0.23225164637345844,57.0,13.0,26.0,18.0
2026-01-16,XOM,-0.16464388219173998,8.0,1.0,4.0,3.0,0.7982327416539192,0.26288018189370627,0.4275240640854463,0.3095957498298958,-0.24952604700552494,32.0,4.0,16.0,12.0
2026-01-20,XOM,0.6463368413969874,3.0,2.0,0.0,1.0,0.928800642490387,0.6618727073073386,0.015535865910351233,0.3225914115707079,-0.0043797636171801395,23.0,3.0,11.0,9.0
2026-01-21,XOM,-0.1524846100417728,11.0,2.0,5.0,4.0,0.8064287088134072,0.25482349584556435,0.40730810588733707,0.3378684046593579,0.10973611638782503,22.0,5.0,9.0,8.0
2026-01-22,XOM,0.23636812723886505,13.0,5.0,1.0,7.0,0.807293719970263,0.3694668055440371,0.13309867830517194,0.49743451593587024,0.2434067861980267,27.0,9.0,6.0,12.0
2026-01-23,XOM,0.3378323398960324,13.0,6.0,1.0,6.0,0.8006392877835494,0.48747067984480125,0.14963833994876874,0.36289097597965825,0.14057195236437503,37.0,13.0,7.0,17.0
2026-01-26,XOM,-0.08721669909233849,15.0,4.0,6.0,5.0,0.8658005475997925,0.31295438610638177,0.4001710851987203,0.2868745218962431,0.16232792268085314,41.0,15.0,8.0,18.0
2026-01-27,XOM,0.19001581869088113,12.0,3.0,2.0,7.0,0.76693078627189,0.3500903241802007,0.16007450548931954,0.4898351593874395,0.1468771531648585,40.0,13.0,9.0,18.0
2026-01-28,XOM,0.12032417885281822,11.0,5.0,2.0,4.0,0.7478420571847395,0.4092376950112256,0.2889135161584073,0.3018487989902496,0.07437443281712043,38.0,12.0,10.0,16.0
2026-01-29,XOM,0.12994199277212218,12.0,6.0,3.0,3.0,0.8004014839728674,0.40056219790130854,0.27062020512918633,0.32881758858760196,0.14676066343860733,35.0,14.0,7.0,14.0
2026-01-30,XOM,-0.15239441611275478,37.0,10.0,17.0,10.0,0.8786320380262427,0.28857712428765114,0.440971540400406,0.27045133956582157,0.03262391850406202,60.0,21.0,22.0,17.0
2026-02-02,XOM,0.1780460086883977,8.0,4.0,2.0,2.0,0.8692738935351372,0.4506818958325311,0.2726358871441334,0.2766822199337184,0.05186452844925519,57.0,20.0,22.0,15.0
2026-02-03,XOM,0.2876974404207431,16.0,9.0,3.0,4.0,0.792633056640625,0.5069744820939377,0.2192770416731946,0.27374848863109946,0.10444967766546216,61.0,23.0,22.0,16.0
2026-02-04,XOM,0.08860227920942834,9.0,3.0,2.0,4.0,0.808457718955146,0.3461323110386729,0.2575300318292445,0.3963376354012224,0.18478190943952322,33.0,16.0,7.0,10.0
2026-02-05,XOM,0.17111024877522138,16.0,6.0,4.0,6.0,0.8537792079150677,0.4090548304375261,0.23794458166230464,0.3530006053624674,0.1824699894684644,41.0,18.0,9.0,14.0
2026-02-06,XOM,0.11919836699962616,9.0,3.0,2.0,4.0,0.7609053221013811,0.3866302153716485,0.2674318483720223,0.34593793315192056,0.12630363166142547,34.0,12.0,8.0,14.0
2026-02-09,XOM,0.42134026996791357,2.0,1.0,0.0,1.0,0.9144739210605621,0.47149657830595965,0.050156308338046046,0.4783471319824456,0.23721629524758722,27.0,10.0,6.0,11.0
2026-02-10,XOM,0.029660344374581003,13.0,5.0,4.0,4.0,0.7886397242546082,0.36659979290114,0.336939448526559,0.29646076090060747,0.1900663271140404,24.0,9.0,6.0,9.0
2026-02-11,XOM,0.010088477791710302,11.0,3.0,4.0,4.0,0.8483392162756487,0.3478664446791464,0.3377779668874361,0.3143555970693176,0.15369636404473513,26.0,9.0,8.0,9.0
2026-02-12,XOM,-0.13289778409525752,10.0,4.0,5.0,1.0,0.879713636636734,0.35240576826035974,0.4853035523556173,0.16229068506509062,-0.031049653976321905,34.0,12.0,13.0,9.0
2026-02-13,XOM,0.2851657441351563,8.0,5.0,2.0,1.0,0.8696007952094078,0.553154163993895,0.2679884198587387,0.17885741731151933,0.05411881261053652,29.0,12.0,11.0,6.0
2026-02-17,XOM,0.2146156105445698,8.0,4.0,2.0,2.0,0.7673785164952278,0.42894603777676815,0.2143304272321984,0.35672355606220657,0.12229452352815635,26.0,13.0,9.0,4.0
2026-02-18,XOM,0.5021942655245463,3.0,1.0,0.0,2.0,0.7589199741681417,0.5224084655443827,0.020214200019836367,0.4573773344357808,0.3339918734014243,19.0,10.0,4.0,5.0
2026-02-19,XOM,0.6521160634648469,9.0,8.0,1.0,0.0,0.879341098997328,0.7770057252297798,0.12488966176493295,0.09810460069113303,0.45630864651132114,20.0,13.0,3.0,4.0
2026-02-20,XOM,0.49426000136882065,5.0,3.0,1.0,1.0,0.761464637517929,0.6100035712122918,0.11574356984347103,0.27425284981727593,0.5495234434527382,17.0,12.0,2.0,3.0
2026-02-23,XOM,0.25363848901664215,9.0,5.0,2.0,2.0,0.7939473986625671,0.5086257975651987,0.2549873085485564,0.23638688234819302,0.4666715179501035,23.0,16.0,4.0,3.0
2026-02-24,XOM,0.152395771505932,9.0,4.0,3.0,2.0,0.8164127767086029,0.4775865475336711,0.325190776027739,0.19722266857408813,0.3000980872971318,23.0,12.0,6.0,5.0
2026-02-25,XOM,0.15515646956522355,11.0,5.0,3.0,3.0,0.9063838720321655,0.43625949433242733,0.2811030247672038,0.28263747810640116,0.18706357669593277,29.0,14.0,8.0,7.0
2026-02-26,XOM,-0.059432163568479676,21.0,3.0,7.0,11.0,0.8094010807219005,0.2642183309154851,0.32365049448396477,0.4121311663960417,0.08270669250089215,41.0,12.0,13.0,16.0
2026-02-27,XOM,0.24349826042141234,7.0,3.0,2.0,2.0,0.7931840675217765,0.4503631591796875,0.2068648987582751,0.34277193674019407,0.11307418880605224,39.0,11.0,12.0,16.0
2026-03-02,XOM,-0.06022444543869872,19.0,8.0,8.0,3.0,0.8909277633616799,0.37661547782389737,0.43683992326259613,0.18654459067865417,0.0412805504714115,47.0,14.0,17.0,16.0
2026-03-03,XOM,0.334151683957316,16.0,10.0,4.0,2.0,0.8076614085584879,0.5716143167810515,0.23746263282373545,0.19092304678633804,0.1724751663133434,42.0,21.0,14.0,7.0
2026-03-04,XOM,0.25757277077063917,10.0,4.0,1.0,5.0,0.8102644264698029,0.4057727360166609,0.14819996524602172,0.44602729473263025,0.17716666976308568,45.0,22.0,13.0,10.0
2026-03-05,XOM,-0.1539985936667238,7.0,1.0,3.0,3.0,0.7888913835797992,0.24969335858310968,0.4036919522498335,0.346614696085453,0.14590862035374394,33.0,15.0,8.0,10.0
2026-03-06,XOM,0.08199091736848153,18.0,8.0,5.0,5.0,0.7872019774383969,0.39209533731142676,0.31010441994294524,0.29780023224237895,0.06185503149079915,35.0,13.0,9.0,13.0
2026-03-09,XOM,0.32935261835033697,18.0,9.0,3.0,6.0,0.784252342250612,0.512185570007811,0.182832951657474,0.3049814827326271,0.08578164735069842,43.0,18.0,11.0,14.0
2026-03-10,XOM,0.22102757900332412,27.0,13.0,6.0,8.0,0.7983915507793427,0.4586593668942374,0.23763178789091324,0.3037088427830625,0.2107903715740477,63.0,30.0,14.0,19.0
2026-03-11,XOM,-0.32901421590941027,16.0,3.0,9.0,4.0,0.8525651581585407,0.21448791184229773,0.543502127751708,0.2420099439332261,0.07378866048141712,61.0,25.0,18.0,18.0
2026-03-12,XOM,0.21152389887720344,17.0,8.0,4.0,5.0,0.8201411909916821,0.4393674252993044,0.22784352642210084,0.3327890333226498,0.03451242065703927,60.0,24.0,19.0,17.0
2026-03-13,XOM,0.13644144484507187,14.0,6.0,4.0,4.0,0.8056535678250449,0.3976197797538978,0.26117833490882597,0.3412018793502024,0.006317042604288521,47.0,17.0,17.0,13.0
2026-03-16,XOM,0.07617899992813666,12.0,6.0,4.0,2.0,0.8072522580623627,0.4425218353668849,0.3663428354387482,0.1911353296600282,0.14138144788347082,43.0,20.0,12.0,11.0
2026-03-17,XOM,0.2541135781444609,20.0,9.0,3.0,8.0,0.8143084213137627,0.42853422365151345,0.1744206455070525,0.3970451419241726,0.15557800763922333,46.0,21.0,11.0,14.0
2026-03-18,XOM,0.4906927932364245,6.0,3.0,0.0,3.0,0.8426929116249084,0.5500671528279781,0.05937435959155355,0.3905584715927641,0.27366179043634087,38.0,18.0,7.0,13.0
2026-03-19,XOM,0.238016325669984,18.0,8.0,3.0,7.0,0.8228969607088301,0.41750220861285925,0.17948588294287518,0.40301190627117944,0.3276075656836233,44.0,20.0,6.0,18.0
2026-03-20,XOM,0.17442745441156957,18.0,10.0,6.0,2.0,0.8343767043617036,0.5270725038006074,0.35264504938903785,0.1202824623841378,0.3010455244393262,42.0,21.0,9.0,12.0
2026-03-23,XOM,0.22929745705120938,11.0,6.0,2.0,3.0,0.7783499441363595,0.4364056952975013,0.20710823824629185,0.3564860571853139,0.21391374571092117,47.0,24.0,11.0,12.0
2026-03-24,XOM,0.31510165044003063,9.0,5.0,2.0,2.0,0.8544653455416361,0.5711888411185808,0.25608719067855007,0.17272397689521307,0.23960885396760337,38.0,21.0,10.0,7.0
2026-03-25,XOM,0.42658353826174367,13.0,8.0,2.0,3.0,0.7407195155437176,0.5787127636946164,0.15212922543287274,0.2691580171768482,0.3236608819176614,33.0,19.0,6.0,8.0
2026-03-26,XOM,0.13450423115864393,12.0,5.0,3.0,4.0,0.8280397951602936,0.3864384298212826,0.2519341986626386,0.36162737927710015,0.29206313995347294,34.0,18.0,7.0,9.0
2026-03-27,XOM,-0.1765695931389928,12.0,2.0,6.0,4.0,0.7956602027018865,0.22980939953898386,0.4063789926779766,0.36381159878025454,0.1281727254271318,37.0,15.0,11.0,11.0
2026-03-30,XOM,0.22548614499660638,13.0,6.0,3.0,4.0,0.8629215909884527,0.4503696665454369,0.2248835215488305,0.32474681075948936,0.06114026100541936,37.0,13.0,12.0,12.0
2026-03-31,XOM,0.16764135739455624,15.0,8.0,5.0,2.0,0.9100386540095011,0.5018192835773031,0.33417792618274683,0.16400282246371106,0.07218596975072346,40.0,16.0,14.0,10.0
2026-04-01,XOM,0.10004620575346053,30.0,13.0,9.0,8.0,0.8204047381877899,0.39951397298524777,0.29946776723178725,0.30101825327922893,0.1643912360482079,58.0,27.0,17.0,14.0
2026-04-02,XOM,0.08948713028803466,22.0,8.0,6.0,8.0,0.8324885883114554,0.3807804847390137,0.291293354450979,0.3279261449351906,0.11905823114535068,67.0,29.0,20.0,18.0
2026-04-06,XOM,0.22826470187662737,23.0,8.0,1.0,14.0,0.8162742412608602,0.3530175764842526,0.12475287460762517,0.5222295634448528,0.13926601263937435,75.0,29.0,16.0,30.0
2026-04-07,XOM,0.4055715194592873,15.0,9.0,2.0,4.0,0.8867621660232544,0.5601863006750742,0.15461478121578687,0.2851989119624098,0.24110778387464996,60.0,25.0,9.0,26.0
2026-04-08,XOM,-0.21244224875762657,37.0,11.0,19.0,7.0,0.8566827862649351,0.30295780874990125,0.5154000575075278,0.18164213605829183,0.14046465752609624,75.0,28.0,22.0,25.0
2026-04-09,XOM,0.025932135339826353,30.0,15.0,11.0,4.0,0.8494315832853317,0.4330093168963989,0.4070771815565725,0.15991351306438442,0.0730204686804959,82.0,35.0,32.0,15.0
2026-04-10,XOM,0.3150600448537331,13.0,5.0,2.0,6.0,0.8043517539134393,0.47206051747959393,0.15700047262586075,0.3709390139780365,0.04284997714531116,80.0,31.0,32.0,17.0
2026-04-13,XOM,0.2522399283479899,8.0,5.0,2.0,1.0,0.8554348051548004,0.54238558083307,0.29014565248508006,0.1674687899649143,0.19774403618051664,51.0,25.0,15.0,11.0
2026-04-14,XOM,-0.1316495698876679,10.0,2.0,4.0,4.0,0.8531055569648742,0.22167968610301608,0.353329255990684,0.4249910579994321,0.14521680110468524,31.0,12.0,8.0,11.0
2026-04-15,XOM,-0.09122164572278658,15.0,3.0,6.0,6.0,0.8164308985074361,0.2622066955392559,0.3534283412620425,0.3843649526437123,0.009789570912512013,33.0,10.0,12.0,11.0
2026-04-16,XOM,0.2286843497616549,12.0,4.0,2.0,6.0,0.7754745930433273,0.3706320913818975,0.14194774162024257,0.48742016560087603,0.001937711383733674,37.0,9.0,12.0,16.0
2026-04-17,XOM,-0.20490821579559929,21.0,8.0,12.0,1.0,0.8685022039072854,0.33159453257740956,0.5365027483730089,0.13190270986940175,-0.022481837252243453,48.0,15.0,20.0,13.0
2026-04-20,XOM,0.004646996734663862,12.0,3.0,3.0,6.0,0.7952753553787867,0.2856564546624819,0.28100945792781806,0.4333340853142242,0.00947437690024003,45.0,15.0,17.0,13.0
2026-04-21,XOM,0.04985705500637943,11.0,3.0,3.0,5.0,0.8500142151659186,0.3164454540237784,0.26658839901739895,0.4169661385769194,-0.05013472135151845,44.0,14.0,18.0,12.0
2026-04-22,XOM,0.18132275727111843,12.0,5.0,3.0,4.0,0.8473339925209681,0.4228577686784168,0.24153501140729836,0.3356072089324394,0.07860893633738746,35.0,11.0,9.0,15.0
2026-04-23,XOM,0.5226433433459273,14.0,8.0,0.0,6.0,0.8083535177367074,0.5690944365092686,0.046451093163341235,0.3844544673338532,0.2512743852078086,37.0,16.0,6.0,15.0
2026-04-24,XOM,0.30271989324440557,3.0,2.0,1.0,0.0,0.8817015687624613,0.6022400508324305,0.2995201575880249,0.0982398117582003,0.33556199795381736,29.0,15.0,4.0,10.0
2026-04-27,XOM,0.2784594027325511,11.0,4.0,2.0,5.0,0.8161291100762107,0.4561914156445048,0.17773201291195367,0.36607654816047713,0.3679408797742949,28.0,14.0,3.0,11.0
2026-04-28,XOM,0.29682040560874157,16.0,9.0,3.0,4.0,0.7933869734406471,0.5114023238420486,0.21458191823330705,0.2740157422958873,0.29266656719523293,30.0,15.0,6.0,9.0
2026-04-29,XOM,-0.05208541040441826,7.0,2.0,3.0,2.0,0.8868416632924762,0.3310014477797917,0.3830868581842099,0.2859117029500859,0.17439813264562506,34.0,15.0,8.0,11.0
2026-04-30,XOM,0.1370125132213746,14.0,6.0,4.0,4.0,0.7964703227792468,0.42437634869877777,0.2873638354774032,0.28825981209852863,0.12724916947523285,37.0,17.0,10.0,10.0
2026-05-01,XOM,-0.09717203303408184,61.0,17.0,22.0,22.0,0.8656176709737934,0.2811122292988613,0.3782842623329431,0.34060350973464426,-0.004081643405708287,82.0,25.0,29.0,28.0
2026-05-04,XOM,0.06473459131442585,13.0,4.0,3.0,6.0,0.8244404311363513,0.3319769908602421,0.26724239954581624,0.4007806105969044,0.03485835716723975,88.0,27.0,29.0,32.0
2026-05-05,XOM,0.047443745399100914,18.0,5.0,4.0,9.0,0.8401601049635146,0.28864470413989485,0.24120095874079395,0.4701543586432106,0.00500210122648186,92.0,26.0,29.0,37.0
2026-05-06,XOM,0.30939861000515523,20.0,9.0,2.0,9.0,0.8517365843057633,0.43590584709309044,0.12650723708793515,0.43758691307157277,0.14052564890622754,51.0,18.0,9.0,24.0
2026-05-07,XOM,0.0685763205675518,17.0,6.0,4.0,7.0,0.8065258580095628,0.34185871229890513,0.2732823917313534,0.3848588764119674,0.1418062253239362,55.0,20.0,10.0,25.0
2026-05-08,XOM,-0.21993282364888322,9.0,1.0,3.0,5.0,0.7890430688858032,0.11378283871130807,0.33371566236019135,0.5525015141401026,0.052680702307941474,46.0,16.0,9.0,21.0
2026-05-11,XOM,0.013998591552742502,11.0,4.0,5.0,2.0,0.833161402832378,0.37556849166073575,0.36156990010799334,0.26286161369220773,-0.045785970509529435,37.0,11.0,12.0,14.0
2026-05-12,XOM,0.24935238729589265,13.0,7.0,2.0,4.0,0.778982563660695,0.43916639699958837,0.18981400970369575,0.37101958161936355,0.01447271839991752,33.0,12.0,10.0,11.0
2026-05-13,XOM,0.34741606128712493,12.0,6.0,1.0,5.0,0.856403723359108,0.4753316049464047,0.1279155436592797,0.3967528462720414,0.20358901337858692,36.0,17.0,8.0,11.0
2026-05-14,XOM,0.18955468593372238,9.0,3.0,1.0,5.0,0.8216514322492812,0.3387930420123868,0.14923835607866442,0.5119686068760024,0.26210771150558015,34.0,16.0,4.0,14.0
2026-05-15,XOM,0.011118010651054135,14.0,4.0,5.0,5.0,0.8480397633143834,0.34153244754166473,0.3304144368906106,0.32805312358375105,0.18269625262396738,35.0,13.0,7.0,15.0
2026-05-18,XOM,0.6425304028671235,8.0,6.0,0.0,2.0,0.8791609033942223,0.6714131417684257,0.028882738901302173,0.29970409302040935,0.28106769981730023,31.0,13.0,6.0,12.0
2026-05-19,XOM,0.44811872294586563,9.0,5.0,1.0,3.0,0.7662359707885318,0.5602212101221085,0.11210248717624273,0.3276763016151057,0.3672557121546813,31.0,15.0,6.0,10.0
2026-05-20,XOM,0.4389427248388529,13.0,7.0,1.0,5.0,0.8495108714470496,0.5632401841620986,0.1242974593232457,0.3124623749978267,0.5098639502172809,30.0,18.0,2.0,10.0
2026-05-21,XOM,0.60190653745085,20.0,14.0,1.0,5.0,0.8842123299837112,0.67230339711532,0.07039685966446993,0.2572997299954295,0.49632266174518974,42.0,26.0,3.0,13.0
2026-05-22,XOM,-0.12463027343619618,8.0,3.0,4.0,1.0,0.9269488379359245,0.3542388492496684,0.4788691226858645,0.16689203598070887,0.3054063296178358,41.0,24.0,6.0,11.0
2026-05-26,XOM,0.28867549014588195,9.0,4.0,2.0,3.0,0.8598949180708991,0.5048445736368498,0.21616908349096772,0.27898633687032587,0.25531725138684547,37.0,21.0,7.0,9.0
2026-05-27,XOM,0.09497785717248916,15.0,7.0,5.0,3.0,0.8522270441055297,0.4305842983846863,0.33560644121219707,0.23380925878882405,0.08634102462739186,32.0,14.0,11.0,7.0
2026-05-28,XOM,0.294951972623284,13.0,5.0,2.0,6.0,0.7891829632795774,0.4360800538785182,0.14112808125523418,0.4227918660124907,0.22620177331388525,37.0,16.0,9.0,12.0
2026-05-29,XOM,0.3027996779419482,16.0,9.0,3.0,4.0,0.8327555060386658,0.5039717700565234,0.2011720921145752,0.29485615005251015,0.230909835912574,44.0,21.0,10.0,13.0
2026-06-01,XOM,0.07932482114327806,7.0,3.0,2.0,2.0,0.8378200275557381,0.4028609073055642,0.3235360861622861,0.2736030082617487,0.2256921572361703,36.0,17.0,7.0,12.0
2026-06-02,XOM,0.3791893438901752,12.0,7.0,2.0,3.0,0.8190375963846842,0.5239586252719163,0.14476928138174114,0.33127209544181824,0.2537712809918007,35.0,19.0,7.0,9.0
2026-06-03,XOM,-0.08484342516484586,11.0,3.0,4.0,4.0,0.8020945462313566,0.2734867975285107,0.35833022269335657,0.36818299459462817,0.12455691328953604,30.0,13.0,8.0,9.0
2026-06-04,XOM,-0.35609074203031404,7.0,0.0,3.0,4.0,0.8967037115778241,0.06563313278768738,0.4217238748180015,0.5126430035701819,-0.020581607768328014,30.0,10.0,9.0,11.0
2026-06-05,XOM,0.2031053988676932,9.0,4.0,2.0,3.0,0.867436581187778,0.44307732323391563,0.2399719243662225,0.3169507415344317,-0.07927625610915535,27.0,7.0,9.0,11.0
