date,sector,sector_etf,etf_return_1d,etf_return_5d,etf_rsi,etf_macd_diff,etf_volatility,fund_flow_norm,sector_pe_median
2024-01-17,Energy,XLE,-0.008301,-0.028169,27.553408,-0.226585,0.0115,-0.596408,
2024-01-18,Energy,XLE,-0.001624,-0.02011,28.109768,-0.239676,0.011248,0.084869,
2024-01-19,Energy,XLE,0.003254,-0.019447,32.980552,-0.226427,0.010814,0.600449,
2024-01-22,Energy,XLE,0.003742,-0.026729,35.283865,-0.195658,0.010807,0.499129,
2024-01-23,Energy,XLE,0.002112,-0.000867,30.876895,-0.158936,0.01076,0.353161,
2024-01-24,Energy,XLE,0.014261,0.021864,29.361297,-0.090946,0.011339,1.329091,
2024-01-25,Energy,XLE,0.022496,0.046552,45.471264,0.013771,0.01239,1.927549,
2024-01-26,Energy,XLE,0.007414,0.050892,48.109019,0.099764,0.012508,0.622823,
2024-01-29,Energy,XLE,-0.001424,0.045483,52.045636,0.147313,0.012027,-0.094028,
2024-01-30,Energy,XLE,0.010341,0.054067,63.14739,0.197334,0.012224,0.747265,
2024-01-31,Energy,XLE,-0.018706,0.019807,58.595239,0.172789,0.012722,-1.432715,
2024-02-01,Energy,XLE,-0.00012,-0.00275,57.721238,0.149313,0.012081,0.134156,
2024-02-02,Energy,XLE,0.001439,-0.008665,54.276967,0.131258,0.011489,0.193014,
2024-02-05,Energy,XLE,-0.002514,-0.009747,66.128922,0.10745,0.011491,-0.109674,
2024-02-06,Energy,XLE,0.003241,-0.016706,73.106868,0.095291,0.011232,0.224681,
2024-02-07,Energy,XLE,0.002034,0.004076,74.935101,0.087886,0.010585,0.066657,
2024-02-08,Energy,XLE,0.010269,0.014509,76.747009,0.104135,0.010467,0.797328,
2024-02-09,Energy,XLE,-0.015365,-0.002514,65.268651,0.069984,0.011152,-1.490227,
2024-02-12,Energy,XLE,0.011043,0.011043,67.86063,0.071793,0.011142,0.650246,
2024-02-13,Energy,XLE,-0.010092,-0.002393,58.153764,0.043327,0.009884,-1.257693,
2024-02-14,Energy,XLE,-0.000959,-0.005373,47.935045,0.020141,0.009627,-0.274939,
2024-02-15,Energy,XLE,0.027851,0.011937,57.069148,0.072695,0.011169,2.484732,
2024-02-16,Energy,XLE,-0.000584,0.027128,57.484425,0.099432,0.011206,-0.297345,
2024-02-20,Energy,XLE,-0.009115,0.006649,48.898268,0.086682,0.011545,-0.806714,
2024-02-21,Energy,XLE,0.018752,0.03598,65.582285,0.120024,0.012088,0.917145,
2024-02-22,Energy,XLE,0.001737,0.038775,66.184059,0.137478,0.011824,-0.084215,
2024-02-23,Energy,XLE,-0.006587,0.003971,62.055349,0.122366,0.011048,-0.570551,
2024-02-26,Energy,XLE,0.00349,0.008064,64.446698,0.113189,0.010971,0.106184,
2024-02-27,Energy,XLE,-0.00429,0.012973,61.202669,0.08806,0.011026,-0.354573,
2024-02-28,Energy,XLE,-0.001979,-0.007641,59.553807,0.059989,0.010825,-0.162001,
2024-02-29,Energy,XLE,0.0049,-0.004507,57.750721,0.048926,0.009868,0.210932,
2024-03-01,Energy,XLE,0.011609,0.013727,70.010555,0.066214,0.010102,0.802438,
2024-03-04,Energy,XLE,-0.010673,-0.00058,60.334017,0.042908,0.010508,-1.053996,
2024-03-05,Energy,XLE,0.007424,0.011177,68.51661,0.0419,0.010536,0.432745,
2024-03-06,Energy,XLE,0.003109,0.016332,69.979065,0.043839,0.010535,0.042847,
2024-03-07,Energy,XLE,0.008494,0.019968,64.035167,0.061378,0.010631,0.334851,
2024-03-08,Energy,XLE,0.003528,0.01182,65.776659,0.074869,0.010476,0.091617,
2024-03-11,Energy,XLE,0.010321,0.033291,75.627164,0.10276,0.009771,0.427221,
2024-03-12,Energy,XLE,-0.001571,0.024065,68.497168,0.106803,0.009658,-0.362523,
2024-03-13,Energy,XLE,0.015966,0.03719,73.382187,0.141764,0.009589,1.511144,
2024-03-14,Energy,XLE,0.010292,0.039039,81.169599,0.179397,0.009608,0.573753,
2024-03-15,Energy,XLE,0.002958,0.038448,81.103259,0.196728,0.007904,0.002485,
2024-03-18,Energy,XLE,0.003457,0.031394,85.354278,0.201358,0.007848,-0.045455,
2024-03-19,Energy,XLE,0.011411,0.044805,88.550021,0.219057,0.00743,0.735791,
2024-03-20,Energy,XLE,-0.00141,0.026935,86.737405,0.208499,0.006748,-0.714873,
2024-03-21,Energy,XLE,0.005975,0.022547,86.051122,0.200663,0.006753,0.079694,
2024-03-22,Energy,XLE,-0.00216,0.01733,94.003237,0.172037,0.00646,-0.763036,
2024-03-25,Energy,XLE,0.009307,0.023261,94.171074,0.163216,0.006564,0.828822,
2024-03-26,Energy,XLE,-0.00772,0.003905,86.006885,0.119608,0.00684,-1.722659,
2024-03-27,Energy,XLE,0.009293,0.014666,86.211255,0.1035,0.006771,0.698718,
2024-03-28,Energy,XLE,0.010814,0.019547,87.250062,0.109729,0.006907,0.878277,
2024-04-01,Energy,XLE,0.007414,0.029329,86.966725,0.120101,0.006759,0.662808,
2024-04-02,Energy,XLE,0.013984,0.034098,89.818559,0.151111,0.005991,1.53087,
2024-04-03,Energy,XLE,0.006844,0.049276,89.021659,0.173031,0.005985,-0.017666,
2024-04-04,Energy,XLE,-0.000618,0.038972,87.244045,0.166159,0.006136,-0.98788,
2024-04-05,Energy,XLE,0.010717,0.038873,88.283702,0.174148,0.006207,0.577375,
2024-04-08,Energy,XLE,-0.006321,0.024708,82.310793,0.140949,0.006773,-1.657823,
2024-04-09,Energy,XLE,0.000308,0.010888,80.273598,0.102808,0.006764,-0.671548,
2024-04-10,Energy,XLE,0.003077,0.007106,82.10301,0.071416,0.006606,-0.262486,
2024-04-11,Energy,XLE,-0.000716,0.007007,80.260205,0.034664,0.006214,-0.82141,
2024-04-12,Energy,XLE,-0.016271,-0.019882,68.934029,-0.049099,0.007568,-2.941603,
2024-04-15,Energy,XLE,-0.009362,-0.022881,59.959572,-0.13717,0.008058,-1.656238,
2024-04-16,Energy,XLE,-0.008716,-0.031696,59.300007,-0.220917,0.008426,-1.110183,
2024-04-17,Energy,XLE,-0.00286,-0.037427,53.878792,-0.280299,0.008169,-0.315955,
2024-04-18,Energy,XLE,-0.003081,-0.039706,46.720233,-0.321255,0.008204,-0.31135,
2024-04-19,Energy,XLE,0.012042,-0.012067,49.232521,-0.305279,0.008504,1.183512,
2024-04-22,Energy,XLE,0.006528,0.00378,44.946501,-0.269028,0.00854,0.452864,
2024-04-23,Energy,XLE,0.005544,0.01822,44.082074,-0.224048,0.008405,0.368044,
2024-04-24,Energy,XLE,0.000728,0.021885,44.873362,-0.189214,0.008122,-0.117162,
2024-04-25,Energy,XLE,0.004574,0.029732,40.572261,-0.151058,0.007965,0.248951,
2024-04-26,Energy,XLE,-0.00921,0.008108,39.196085,-0.152287,0.008022,-0.985583,
2024-04-29,Energy,XLE,0.006789,0.008369,43.589724,-0.131695,0.007996,0.490013,
2024-04-30,Energy,XLE,-0.029775,-0.027049,30.852044,-0.203565,0.009924,-2.705423,
2024-05-01,Energy,XLE,-0.015932,-0.043248,27.366759,-0.287852,0.01022,-1.753448,
2024-05-02,Energy,XLE,0.005759,-0.042119,34.491857,-0.314383,0.010384,0.802244,
2024-05-03,Energy,XLE,0.000108,-0.033111,37.476431,-0.318172,0.009945,0.36248,
2024-05-06,Energy,XLE,0.007886,-0.032057,44.771885,-0.285231,0.010188,0.955015,
2024-05-07,Energy,XLE,-0.000965,-0.003315,45.551294,-0.25489,0.010176,0.234756,
2024-05-08,Energy,XLE,-0.00118,0.011627,46.358395,-0.227786,0.010104,0.247048,
2024-05-09,Energy,XLE,0.013426,0.019339,46.984421,-0.162905,0.010705,1.013829,
2024-05-10,Energy,XLE,-0.005511,0.013611,41.35564,-0.130357,0.010192,-0.116109,
2024-05-13,Energy,XLE,-0.002664,0.003001,37.171848,-0.111401,0.010017,-0.014853,
2024-05-14,Energy,XLE,0.001282,0.005257,37.487381,-0.09063,0.009851,0.184834,
2024-05-15,Energy,XLE,0.002241,0.0087,36.00823,-0.066909,0.009848,0.31693,
2024-05-16,Energy,XLE,-0.002769,-0.007419,38.503846,-0.056499,0.009843,-0.124153,
2024-05-17,Energy,XLE,0.013988,0.012043,42.666677,-0.007854,0.009978,1.227439,
2024-05-20,Energy,XLE,-0.006529,0.008121,55.466657,0.004453,0.009958,-0.25778,
2024-05-21,Energy,XLE,-0.004876,0.001921,64.296884,-0.001881,0.009892,-0.157559,
2024-05-22,Energy,XLE,-0.019173,-0.019487,46.899175,-0.059672,0.010665,-1.563247,
2024-05-23,Energy,XLE,-0.009122,-0.025734,42.240461,-0.117815,0.010652,-0.374216,
2024-05-24,Energy,XLE,0.001425,-0.037805,37.892094,-0.143828,0.010581,0.32333,
2024-05-28,Energy,XLE,0.010288,-0.021518,44.897961,-0.123765,0.010766,1.021825,
2024-05-29,Energy,XLE,-0.017658,-0.034086,38.297827,-0.152519,0.009379,-1.497056,
2024-05-30,Energy,XLE,0.002867,-0.012381,31.76459,-0.153444,0.008779,0.303005,
2024-05-31,Energy,XLE,0.024852,0.021482,47.159565,-0.076663,0.010392,2.493596,
2024-06-03,Energy,XLE,-0.02618,-0.006676,39.382438,-0.095709,0.011973,-2.580002,
2024-06-04,Energy,XLE,-0.009586,-0.026216,36.421928,-0.126607,0.011934,-0.667263,
2024-06-05,Energy,XLE,-0.000111,-0.008822,35.430131,-0.137284,0.011938,0.160589,
2024-06-06,Energy,XLE,0.005229,-0.006488,38.247825,-0.120047,0.01204,0.47881,
2024-06-07,Energy,XLE,-0.003985,-0.034442,31.016023,-0.110788,0.011528,-0.006365,
2024-06-10,Energy,XLE,0.007556,-0.000992,36.045618,-0.075632,0.011705,0.591207,
2024-06-11,Energy,XLE,-0.001985,0.006675,36.829786,-0.051658,0.011703,0.064532,
2024-06-12,Energy,XLE,-0.010719,-0.004005,39.368692,-0.059476,0.011854,-0.669341,
2024-06-13,Energy,XLE,-0.00916,-0.018262,39.434222,-0.082187,0.011902,-0.405776,
2024-06-14,Energy,XLE,-0.007441,-0.021669,36.733033,-0.108065,0.011948,-0.217437,
2024-06-17,Energy,XLE,0.002612,-0.02647,32.939175,-0.107685,0.011352,0.516846,
2024-06-18,Energy,XLE,0.004192,-0.020444,40.359167,-0.086432,0.011458,0.596361,
2024-06-20,Energy,XLE,0.018389,0.008378,47.196669,-0.015298,0.012404,1.656777,
2024-06-21,Energy,XLE,-0.00576,0.011838,33.104871,0.019052,0.011767,-0.450693,
2024-06-24,Energy,XLE,0.025215,0.045128,56.244538,0.111804,0.012993,1.791808,
2024-06-25,Energy,XLE,0.002301,0.044802,62.452143,0.174644,0.012998,0.137561,
2024-06-26,Energy,XLE,-0.009837,0.030206,56.997191,0.181551,0.012983,-0.469996,
2024-06-27,Energy,XLE,0.002318,0.013949,55.887895,0.186117,0.012343,0.07348,
2024-06-28,Energy,XLE,0.003855,0.023755,59.453897,0.192775,0.012355,0.219037,
2024-07-01,Energy,XLE,0.000548,-0.000876,56.731425,0.190905,0.010959,0.12292,
2024-07-02,Energy,XLE,-0.000768,-0.003935,57.401378,0.179731,0.009167,-0.137984,
2024-07-03,Energy,XLE,0.004389,0.010376,65.775098,0.177084,0.008875,0.115262,
2024-07-05,Energy,XLE,-0.015623,-0.007709,61.390015,0.124301,0.009652,-1.353392,
2024-07-08,Energy,XLE,-0.006104,-0.017553,62.093251,0.069128,0.009696,-0.448538,
2024-07-09,Energy,XLE,-0.008822,-0.026754,56.147419,0.00795,0.00986,-0.598515,
2024-07-10,Energy,XLE,0.00676,-0.019423,57.175356,-0.011861,0.009828,0.443113,
2024-07-11,Energy,XLE,0.010407,-0.013547,53.995015,0.005277,0.010102,0.750038,
2024-07-12,Energy,XLE,0.002547,0.004661,58.282154,0.023543,0.009768,0.035374,
2024-07-15,Energy,XLE,0.015135,0.02613,53.770058,0.075901,0.009947,1.373859,
2024-07-16,Energy,XLE,0.004462,0.039883,54.885417,0.117745,0.009692,0.071816,
2024-07-17,Energy,XLE,0.009967,0.043196,65.824292,0.165925,0.009822,0.688359,
2024-07-18,Energy,XLE,0.001824,0.034334,65.658946,0.192542,0.009824,-0.124643,
2024-07-19,Energy,XLE,-0.010922,0.020437,56.823203,0.167905,0.0096,-1.271768,
2024-07-22,Energy,XLE,-0.006279,-0.001088,53.115149,0.125328,0.009622,-0.722745,
2024-07-23,Energy,XLE,-0.015906,-0.021343,46.316843,0.0469,0.008647,-2.223699,
2024-07-24,Energy,XLE,0.00011,-0.030895,44.317043,-0.00564,0.008624,0.076614,
2024-07-25,Energy,XLE,0.017268,-0.015955,58.49054,0.007581,0.009206,2.25729,
2024-07-26,Energy,XLE,0.003155,-0.001949,62.765871,0.022989,0.009215,0.167325,
2024-07-29,Energy,XLE,-0.008569,-0.004249,62.766018,0.006323,0.009415,-0.905559,
2024-07-30,Energy,XLE,0.015536,0.027565,65.501829,0.037093,0.010023,1.281761,
2024-07-31,Energy,XLE,0.004202,0.031769,63.747672,0.06482,0.01004,0.385631,
2024-08-01,Energy,XLE,-0.026499,-0.012623,50.855371,0.002745,0.01175,-2.863123,
2024-08-02,Energy,XLE,-0.025788,-0.041111,37.38254,-0.108446,0.012631,-2.431355,
2024-08-05,Energy,XLE,-0.022059,-0.054158,30.969397,-0.232579,0.013456,-1.922951,
2024-08-06,Energy,XLE,0.006131,-0.062917,29.172266,-0.282957,0.013453,0.542353,
2024-08-07,Energy,XLE,0.004024,-0.063083,30.013146,-0.289254,0.013385,0.377473,
2024-08-08,Energy,XLE,0.021528,-0.016861,40.137334,-0.220768,0.014098,1.026198,
2024-08-09,Energy,XLE,0.002242,0.011425,42.391315,-0.159185,0.014095,0.24485,
2024-08-12,Energy,XLE,0.004921,0.039329,48.358392,-0.097554,0.013676,0.45874,
2024-08-13,Energy,XLE,-0.009683,0.022994,45.607304,-0.078427,0.013743,-0.361171,
2024-08-14,Energy,XLE,0.005844,0.024848,41.689687,-0.044825,0.013588,0.491078,
2024-08-15,Energy,XLE,0.011955,0.015245,44.67805,0.012785,0.013921,0.650909,
2024-08-16,Energy,XLE,-0.001104,0.011855,46.79973,0.047093,0.013741,0.163051,
2024-08-19,Energy,XLE,0.006742,0.013689,43.658844,0.086311,0.013783,0.455757,
2024-08-20,Energy,XLE,-0.026351,-0.003372,35.600682,0.035534,0.014581,-1.451044,
2024-08-21,Energy,XLE,0.001692,-0.007486,42.878459,0.007873,0.01459,0.26715,
2024-08-22,Energy,XLE,0.002589,-0.016672,52.920302,-0.001455,0.013994,0.361003,
2024-08-23,Energy,XLE,0.014934,-0.000884,68.445749,0.034391,0.01444,0.829026,
2024-08-26,Energy,XLE,0.008961,0.001318,69.251807,0.080902,0.014481,0.52843,
2024-08-27,Energy,XLE,-0.00932,0.018832,63.176285,0.081391,0.014139,-0.047588,
2024-08-28,Energy,XLE,-0.006419,0.010582,52.755895,0.060968,0.014123,0.067361,
2024-08-29,Energy,XLE,0.013033,0.021109,56.873319,0.081172,0.013219,0.794947,
2024-08-30,Energy,XLE,0.003739,0.009846,56.482324,0.100553,0.011729,0.298138,
2024-09-03,Energy,XLE,-0.024869,-0.024013,50.120637,0.039422,0.012041,-2.655858,
2024-09-04,Energy,XLE,-0.013819,-0.028445,43.455098,-0.037678,0.012459,-1.052493,
2024-09-05,Energy,XLE,-0.007747,-0.029743,36.392159,-0.104064,0.012563,-0.403249,
2024-09-06,Energy,XLE,-0.012514,-0.054212,33.77001,-0.172388,0.011765,-1.005018,
2024-09-09,Energy,XLE,0.007208,-0.050942,33.818201,-0.186358,0.011906,0.880395,
2024-09-10,Energy,XLE,-0.0172,-0.043478,36.214984,-0.228767,0.012298,-1.808999,
2024-09-11,Energy,XLE,-0.009279,-0.039075,33.382733,-0.265135,0.012286,-0.767755,
2024-09-12,Energy,XLE,0.00901,-0.022847,35.902903,-0.248439,0.01242,1.023138,
2024-09-13,Energy,XLE,0.00564,-0.004883,31.76281,-0.20724,0.012111,0.697354,
2024-09-16,Energy,XLE,0.01145,-0.000692,32.633224,-0.137284,0.01252,1.023462,
2024-09-17,Energy,XLE,0.013515,0.030538,40.439548,-0.046926,0.012859,1.052418,
2024-09-18,Energy,XLE,0.001938,0.042205,42.975853,0.021418,0.011499,0.302264,
2024-09-19,Energy,XLE,0.011944,0.045236,42.454214,0.098883,0.01182,1.230645,
2024-09-20,Energy,XLE,-0.002248,0.037037,40.292726,0.140064,0.011817,-0.041518,
2024-09-23,Energy,XLE,0.012348,0.037957,53.582817,0.195129,0.011657,0.934694,
2024-09-24,Energy,XLE,-0.002468,0.021588,58.585884,0.215802,0.011461,-0.068359,
2024-09-25,Energy,XLE,-0.019573,-0.000344,53.284139,0.167102,0.012075,-1.126957,
2024-09-26,Energy,XLE,-0.019619,-0.031523,50.582343,0.078006,0.012712,-1.773167,
2024-09-27,Energy,XLE,0.020363,-0.009576,54.692017,0.073038,0.013262,1.526594,
2024-09-30,Energy,XLE,0.006996,-0.014811,63.258485,0.086517,0.01335,0.544709,
2024-10-01,Energy,XLE,0.022779,0.010124,72.125155,0.152941,0.013201,2.675063,
2024-10-02,Energy,XLE,0.010245,0.040844,72.455069,0.215863,0.012878,0.659671,
2024-10-03,Energy,XLE,0.017637,0.080398,74.496167,0.293488,0.013102,1.181619,
2024-10-04,Energy,XLE,0.009315,0.0687,74.306443,0.353076,0.012605,0.324598,
2024-10-07,Energy,XLE,0.003542,0.065034,72.806621,0.381309,0.01259,-0.059566,
2024-10-08,Energy,XLE,-0.026094,0.014143,61.759992,0.303271,0.013514,-2.046097,
2024-10-09,Energy,XLE,0.006039,0.009921,60.585943,0.252985,0.013158,0.035263,
2024-10-10,Energy,XLE,0.006767,-0.000867,62.805141,0.224282,0.013129,0.019893,
2024-10-11,Energy,XLE,0.00618,-0.003971,61.596509,0.208581,0.013132,-0.004873,
2024-10-14,Energy,XLE,-0.000431,-0.007914,62.301284,0.182817,0.013072,-0.286245,
2024-10-15,Energy,XLE,-0.03223,-0.014165,57.714942,0.061938,0.015149,-2.03843,
2024-10-16,Energy,XLE,0.004789,-0.01539,65.159208,-0.008321,0.015165,0.033108,
2024-10-17,Energy,XLE,0.004767,-0.017346,61.987454,-0.04315,0.014997,0.072376,
2024-10-18,Energy,XLE,-0.00331,-0.026614,59.019843,-0.076055,0.015012,-0.215707,
2024-10-21,Energy,XLE,-0.002989,-0.029104,51.093076,-0.104944,0.014814,-0.15933,
2024-10-22,Energy,XLE,0.002332,0.005569,48.109972,-0.11496,0.0148,-0.001304,
2024-10-23,Energy,XLE,-0.005206,-0.004434,38.058999,-0.133046,0.014087,-0.27486,
2024-10-24,Energy,XLE,-0.000111,-0.009267,32.505298,-0.140944,0.013187,-0.198857,
2024-10-25,Energy,XLE,-0.000334,-0.006309,30.021382,-0.142331,0.012512,-0.154734,
2024-10-28,Energy,XLE,-0.00635,-0.009659,37.51668,-0.155667,0.012561,-0.391803,
2024-10-29,Energy,XLE,-0.015247,-0.027027,27.229026,-0.199471,0.011932,-0.74706,
2024-10-30,Energy,XLE,0.002277,-0.019708,23.350364,-0.212164,0.011666,0.215788,
2024-10-31,Energy,XLE,0.006247,-0.013474,23.155114,-0.193561,0.010942,0.707766,
2024-11-01,Energy,XLE,-0.006321,-0.019383,21.718305,-0.189643,0.010645,-0.164863,
2024-11-04,Energy,XLE,0.017494,0.004148,48.484813,-0.130818,0.011504,1.360925,
2024-11-05,Energy,XLE,0.006699,0.026526,49.718398,-0.068959,0.010161,0.510974,
2024-11-06,Energy,XLE,0.037596,0.062699,64.512937,0.076592,0.013213,3.389004,
2024-11-07,Energy,XLE,-0.004596,0.051247,63.689922,0.150584,0.013202,-0.299836,
2024-11-08,Energy,XLE,0.006657,0.064978,67.457306,0.207444,0.013213,0.200121,
2024-11-11,Energy,XLE,0.005653,0.052585,68.416197,0.247376,0.013258,0.131669,
2024-11-12,Energy,XLE,-0.005303,0.040035,68.227769,0.242705,0.01087,-0.445821,
2024-11-13,Energy,XLE,0.007784,0.010154,70.284223,0.24719,0.010927,0.169346,
2024-11-14,Energy,XLE,0.003809,0.018684,71.356773,0.245358,0.010918,-0.082833,
2024-11-15,Energy,XLE,-0.001476,0.010453,74.022551,0.223892,0.010876,-0.330949,
2024-11-18,Energy,XLE,0.013301,0.018137,85.714165,0.233326,0.011057,0.42218,
2024-11-19,Energy,XLE,-0.006355,0.017061,81.049007,0.204212,0.011264,-0.589202,
2024-11-20,Energy,XLE,0.010065,0.019363,81.68432,0.19976,0.011209,0.107726,
2024-11-21,Energy,XLE,0.008097,0.023717,86.505995,0.205069,0.011217,0.278986,
2024-11-22,Energy,XLE,0.001544,0.026813,84.810072,0.196583,0.011187,-0.251834,
2024-11-25,Energy,XLE,-0.019739,-0.006667,70.920804,0.116475,0.012199,-1.602182,
2024-11-26,Energy,XLE,-0.001363,-0.001678,59.100792,0.049864,0.011454,-0.367359,
2024-11-27,Energy,XLE,-0.00105,-0.012663,61.319758,-0.003995,0.011506,-0.322901,
2024-11-29,Energy,XLE,0.00431,-0.016372,60.373014,-0.031515,0.011493,-0.148669,
2024-12-02,Energy,XLE,-0.010573,-0.028272,51.324493,-0.084211,0.011728,-0.759931,
2024-12-03,Energy,XLE,-0.000106,-0.00881,54.259129,-0.119309,0.011285,-0.223518,
2024-12-04,Energy,XLE,-0.024125,-0.031401,38.735076,-0.210324,0.012729,-1.654855,
2024-12-05,Energy,XLE,0.003903,-0.026598,38.735027,-0.250823,0.009473,0.445381,
2024-12-06,Energy,XLE,-0.016956,-0.04721,33.939296,-0.315678,0.010136,-1.373204,
2024-12-09,Energy,XLE,-0.001648,-0.038616,25.478877,-0.34848,0.00997,0.069707,
2024-12-10,Energy,XLE,-0.006823,-0.045075,25.454469,-0.372977,0.009888,-0.306817,
2024-12-11,Energy,XLE,0.001662,-0.019842,19.190799,-0.36671,0.009893,0.36885,
2024-12-12,Energy,XLE,-0.008075,-0.031537,11.157163,-0.367425,0.00972,-0.331357,
2024-12-13,Energy,XLE,-0.005018,-0.019776,9.302168,-0.363121,0.009614,-0.070376,
2024-12-16,Energy,XLE,-0.021968,-0.039727,9.264693,-0.401008,0.010493,-1.47437,
2024-12-17,Energy,XLE,-0.007449,-0.040332,8.803673,-0.422586,0.009682,-0.335918,
2024-12-18,Energy,XLE,-0.029558,-0.070243,7.126112,-0.489954,0.011125,-2.702053,
2024-12-19,Energy,XLE,-0.008685,-0.070815,3.854792,-0.525702,0.010448,-0.59329,
2024-12-20,Energy,XLE,0.009841,-0.056938,10.199194,-0.491405,0.010588,1.617753,
2024-12-23,Energy,XLE,0.005873,-0.030093,13.487761,-0.423796,0.010816,1.147245,
2024-12-24,Energy,XLE,0.008459,-0.014547,21.237814,-0.331139,0.010889,0.851121,
2024-12-26,Energy,XLE,-0.000827,0.014628,18.679859,-0.250812,0.0109,0.454722,
2024-12-27,Energy,XLE,-0.000118,0.023396,21.561838,-0.180012,0.010922,0.481247,
2024-12-30,Energy,XLE,-0.000118,0.013303,21.864416,-0.118483,0.010758,0.491387,
2024-12-31,Energy,XLE,0.013128,0.020613,31.512308,-0.031364,0.011466,1.164423,
2025-01-02,Energy,XLE,0.011674,0.023866,36.701727,0.063925,0.01199,1.386281,
2025-01-03,Energy,XLE,0.009347,0.034291,43.578001,0.153365,0.011328,0.794206,
2025-01-06,Energy,XLE,-0.004573,0.029683,43.756709,0.196982,0.011247,-0.0367,
2025-01-07,Energy,XLE,0.009992,0.040094,56.891634,0.248102,0.011048,0.855412,
2025-01-08,Energy,XLE,0.001024,0.027667,61.095777,0.276752,0.011059,0.229028,
2025-01-10,Energy,XLE,0.004089,0.019963,83.743172,0.297468,0.011031,0.492335,
2025-01-13,Energy,XLE,0.021043,0.031782,94.30459,0.357463,0.012042,2.353081,
2025-01-14,Energy,XLE,0.010748,0.047663,94.406557,0.410814,0.01208,0.683972,
2025-01-15,Energy,XLE,0.014799,0.05265,94.906586,0.467926,0.012341,0.99519,
2025-01-16,Energy,XLE,0.007238,0.059184,94.885321,0.502474,0.010965,0.183978,
2025-01-17,Energy,XLE,0.007722,0.063016,95.894584,0.521458,0.010666,0.141089,
2025-01-21,Energy,XLE,-0.005109,0.035789,91.682297,0.491689,0.007474,-1.404025,
2025-01-22,Energy,XLE,-0.018186,0.006139,79.176669,0.394378,0.008651,-2.483298,
2025-01-23,Energy,XLE,0.004576,-0.003997,77.948618,0.323969,0.008586,-0.046963,
2025-01-24,Energy,XLE,-0.009653,-0.020699,70.060336,0.233188,0.009187,-1.204038,
2025-01-27,Energy,XLE,-0.010404,-0.038314,62.318816,0.132026,0.009688,-1.232717,
2025-01-28,Energy,XLE,-0.009517,-0.042576,59.967189,0.032119,0.010071,-1.202045,
2025-01-29,Energy,XLE,0.002235,-0.022663,57.63887,-0.029319,0.010048,-0.113073,
2025-01-30,Energy,XLE,0.005128,-0.022126,58.957129,-0.055381,0.010031,0.279886,
2025-01-31,Energy,XLE,-0.02795,-0.040193,47.331,-0.149197,0.011931,-2.690513,
2025-02-03,Energy,XLE,0.006276,-0.024015,41.91525,-0.186042,0.011741,0.507377,
2025-02-04,Energy,XLE,0.020977,0.006034,45.668188,-0.144943,0.012446,1.599191,
2025-02-05,Energy,XLE,0.00211,0.005909,40.610069,-0.107739,0.012363,-0.014661,
2025-02-06,Energy,XLE,-0.018398,-0.017635,32.639515,-0.131433,0.012994,-1.445036,
2025-02-07,Energy,XLE,-0.000113,0.010497,28.806946,-0.141138,0.012994,-0.007026,
2025-02-10,Energy,XLE,0.022019,0.026307,39.54968,-0.081118,0.013853,1.008642,
2025-02-11,Energy,XLE,0.008065,0.013327,47.960748,-0.017783,0.013165,0.468024,
2025-02-12,Energy,XLE,-0.024112,-0.013189,39.480733,-0.045533,0.014034,-1.629944,
2025-02-13,Energy,XLE,0.007525,0.012871,44.594651,-0.040772,0.01369,0.651706,
2025-02-14,Energy,XLE,0.004013,0.01705,48.979553,-0.025301,0.013601,0.399528,
2025-02-18,Energy,XLE,0.013656,0.008728,56.17282,0.02282,0.013877,0.951217,
2025-02-19,Energy,XLE,0.007886,0.008549,57.682088,0.073184,0.013996,0.499552,
2025-02-20,Energy,XLE,0.009129,0.042902,58.720862,0.125829,0.013524,0.552573,
2025-02-21,Energy,XLE,-0.020784,0.013599,61.047698,0.091882,0.014305,-1.128706,
2025-02-24,Energy,XLE,0.00022,0.00977,59.61001,0.06505,0.014145,0.098546,
2025-02-25,Energy,XLE,-0.014403,-0.018182,48.552817,0.003137,0.014325,-0.642205,
2025-02-26,Energy,XLE,-0.005689,-0.031406,46.110304,-0.052985,0.014221,-0.195452,
2025-02-27,Energy,XLE,0.005385,-0.034999,54.012368,-0.072045,0.014266,0.372129,
2025-02-28,Energy,XLE,0.015512,0.00077,58.507701,-0.038794,0.014644,0.824275,
2025-03-03,Energy,XLE,-0.034945,-0.034415,41.361536,-0.114606,0.015424,-2.84314,
2025-03-04,Energy,XLE,-0.009679,-0.029786,36.392572,-0.183062,0.015506,-0.685014,
2025-03-05,Energy,XLE,-0.014603,-0.038483,38.685599,-0.255788,0.014933,-1.144734,
2025-03-06,Energy,XLE,0.003034,-0.040732,36.933754,-0.279857,0.014949,0.524692,
2025-03-07,Energy,XLE,0.017101,-0.039231,41.461852,-0.234411,0.015046,1.428764,
2025-03-10,Energy,XLE,0.007435,0.002961,39.180056,-0.172397,0.015152,0.609935,
2025-03-11,Energy,XLE,-0.007947,0.004714,34.387625,-0.144271,0.014301,-0.223588,
2025-03-12,Energy,XLE,0.004578,0.024271,32.385518,-0.104786,0.014197,0.44791,
2025-03-13,Energy,XLE,-0.006835,0.014193,35.676032,-0.09069,0.013265,-0.24277,
2025-03-14,Energy,XLE,0.029594,0.02665,46.198087,0.004515,0.014834,1.669962,
2025-03-17,Energy,XLE,0.015931,0.035309,54.914382,0.110276,0.015232,0.824436,
2025-03-18,Energy,XLE,0.001645,0.045319,57.170636,0.177592,0.014929,0.153091,
2025-03-19,Energy,XLE,0.016313,0.05753,59.805144,0.257985,0.015275,0.894844,
2025-03-20,Energy,XLE,0.003663,0.068708,57.059207,0.306494,0.015162,0.252818,
2025-03-21,Energy,XLE,-0.006977,0.030749,68.302211,0.301406,0.01445,-0.419305,
2025-03-24,Energy,XLE,0.011394,0.026145,75.314652,0.314583,0.014634,0.455774,
2025-03-25,Energy,XLE,0.004093,0.028653,83.960108,0.317211,0.014151,0.112235,
2025-03-26,Energy,XLE,0.005899,0.018113,84.339202,0.317621,0.014037,0.189643,
2025-03-27,Energy,XLE,-0.009704,0.004554,75.903823,0.270759,0.014307,-0.356201,
2025-03-28,Energy,XLE,-0.004738,0.006819,71.685405,0.210636,0.014035,-0.176611,
2025-03-31,Energy,XLE,0.011035,0.006462,78.281598,0.190012,0.011289,0.527254,64.8888
2025-04-01,Energy,XLE,0.005885,0.008259,78.556855,0.180262,0.010856,0.071472,64.8888
2025-04-02,Energy,XLE,0.001383,0.003732,82.823582,0.164443,0.009938,-0.399404,64.8888
2025-04-03,Energy,XLE,-0.078509,-0.066006,42.929714,-0.087215,0.021196,-4.136049,64.8888
2025-04-04,Energy,XLE,-0.091999,-0.147896,24.518697,-0.491542,0.02933,-3.508075,64.8888
2025-04-07,Energy,XLE,-0.006475,-0.162654,23.50279,-0.738299,0.029199,-0.022487,64.8888
2025-04-08,Energy,XLE,-0.023131,-0.186808,16.935243,-0.911867,0.029473,-0.534025,64.8888
2025-04-09,Energy,XLE,0.077446,-0.12504,32.772163,-0.789402,0.034845,2.863057,64.8888
2025-04-10,Energy,XLE,-0.065323,-0.11252,28.210276,-0.835364,0.037599,-1.31205,64.8888
2025-04-11,Energy,XLE,0.024812,0.001651,29.988559,-0.757199,0.037381,0.458081,64.8888
2025-04-14,Energy,XLE,0.003549,0.011757,29.787253,-0.653999,0.037111,0.199785,64.8888
2025-04-15,Energy,XLE,-0.001516,0.034145,28.558978,-0.551393,0.037084,0.158201,64.8888
2025-04-16,Energy,XLE,0.008222,-0.032297,30.68348,-0.429477,0.03687,0.236525,64.8888
2025-04-17,Energy,XLE,0.022585,0.058717,34.583927,-0.265316,0.037385,0.465873,64.8888
2025-04-21,Energy,XLE,-0.026135,0.006084,30.744001,-0.204178,0.037666,-0.065296,64.8888
2025-04-22,Energy,XLE,0.02545,0.028041,33.420994,-0.08205,0.038147,0.321227,64.8888
2025-04-23,Energy,XLE,-0.001843,0.027704,33.06175,0.005002,0.038088,0.141061,64.8888
2025-04-24,Energy,XLE,0.016002,0.035634,43.429278,0.110322,0.038323,0.257515,64.8888
2025-04-25,Energy,XLE,-0.001817,0.01092,57.521754,0.176492,0.03832,0.149577,64.8888
2025-04-28,Energy,XLE,0.00704,0.045357,59.752069,0.236821,0.038418,0.188365,64.8888
2025-04-29,Energy,XLE,-0.002893,0.016464,63.897508,0.264436,0.038245,0.14466,64.8888
2025-04-30,Energy,XLE,-0.026955,-0.009109,45.089746,0.207971,0.038441,-0.11233,64.8888
2025-05-01,Energy,XLE,0.003727,-0.021081,63.78068,0.179512,0.038471,0.215129,64.8888
2025-05-02,Energy,XLE,0.014604,-0.004976,61.766946,0.196896,0.034807,0.233606,64.8888
2025-05-05,Energy,XLE,-0.018053,-0.02977,54.640583,0.159414,0.02804,-0.265363,64.8888
2025-05-06,Energy,XLE,0.000248,-0.026714,55.165079,0.135521,0.02798,-0.066863,64.8888
2025-05-07,Energy,XLE,0.000373,0.000621,53.122711,0.121397,0.027364,-0.110055,64.8888
2025-05-08,Energy,XLE,0.01316,0.010025,50.427367,0.145705,0.021249,0.439224,64.8888
2025-05-09,Energy,XLE,0.010048,0.005489,63.235297,0.185074,0.014805,0.184118,64.8888
2025-05-12,Energy,XLE,0.026083,0.050683,63.644159,0.272516,0.014903,1.523423,64.8888
2025-05-13,Energy,XLE,0.014069,0.065201,67.792578,0.355204,0.015086,0.593883,64.8888
2025-05-14,Energy,XLE,-0.006063,0.058349,61.33894,0.376903,0.015209,-0.471719,64.8888
2025-05-15,Energy,XLE,0.004223,0.049014,63.240145,0.385583,0.015176,0.04665,64.8888
2025-05-16,Energy,XLE,-0.001518,0.037001,60.717338,0.369622,0.01454,-0.178584,64.8888
2025-05-19,Energy,XLE,-0.012986,-0.002483,56.518231,0.307912,0.013433,-0.965203,64.8888
2025-05-20,Energy,XLE,-0.009245,-0.025417,63.881405,0.230262,0.012616,-0.6159,64.8888
2025-05-21,Energy,XLE,-0.018423,-0.037537,55.052568,0.122672,0.013364,-1.18624,64.8888
2025-05-22,Energy,XLE,-0.0039,-0.045322,48.91401,0.039394,0.012888,-0.207164,64.8888
2025-05-23,Energy,XLE,0.003181,-0.040828,57.240054,-0.006439,0.012907,0.194801,64.8888
2025-05-27,Energy,XLE,0.00866,-0.019794,59.92718,-0.012472,0.01296,0.410949,64.8888
2025-05-28,Energy,XLE,-0.012696,-0.023208,54.583377,-0.047627,0.013254,-0.867666,64.8888
2025-05-29,Energy,XLE,0.007471,0.002559,52.813879,-0.047763,0.011803,0.397296,64.8888
2025-05-30,Energy,XLE,-0.008874,-0.002447,46.073258,-0.067261,0.011993,-0.858783,64.8888
2025-06-02,Energy,XLE,0.013124,0.00744,40.462373,-0.042071,0.011906,1.166577,64.8888
2025-06-03,Energy,XLE,0.011865,0.010641,39.233113,0.007122,0.011325,0.90891,64.8888
2025-06-04,Energy,XLE,-0.019502,0.003674,35.372307,-0.011927,0.012299,-2.313692,64.8888
2025-06-05,Energy,XLE,-0.000976,-0.004741,33.00001,-0.024802,0.012306,-0.11741,64.8888
2025-06-06,Energy,XLE,0.01881,0.023059,41.65992,0.017007,0.012663,1.293203,64.8888
2025-06-09,Energy,XLE,0.001918,0.011743,46.509587,0.048197,0.012492,0.094053,64.8888
2025-06-10,Energy,XLE,0.017829,0.017707,56.03944,0.112105,0.011724,2.061584,64.8888
2025-06-11,Energy,XLE,0.014461,0.052959,67.875216,0.184876,0.011749,1.644569,64.8888
2025-06-12,Energy,XLE,0.003477,0.057652,70.52363,0.230214,0.011667,0.181285,64.8888
2025-06-13,Energy,XLE,0.017438,0.056228,73.338435,0.292864,0.012229,2.611889,64.8888
2025-06-16,Energy,XLE,-0.002951,0.051095,70.332279,0.307692,0.012252,-0.586993,64.8888
2025-06-17,Energy,XLE,0.009335,0.042323,78.243285,0.324458,0.01188,0.918515,64.8888
2025-06-18,Energy,XLE,-0.006542,0.020744,73.50555,0.297536,0.011754,-1.112447,64.8888
2025-06-20,Energy,XLE,0.010218,0.027601,79.6812,0.289721,0.010749,0.739381,64.8888
2025-06-23,Energy,XLE,-0.025288,-0.015552,65.039251,0.19624,0.012508,-3.29836,64.8888
2025-06-24,Energy,XLE,-0.013019,-0.025493,57.279619,0.088177,0.013013,-1.014506,64.8888
2025-06-25,Energy,XLE,-0.004358,-0.038713,62.983908,-0.000186,0.013001,-0.219973,64.8888
2025-06-26,Energy,XLE,0.014313,-0.018534,66.630982,-0.022324,0.012841,0.514477,64.8888
2025-06-27,Energy,XLE,-0.005248,-0.033559,60.192252,-0.05348,0.012919,-0.242561,64.8888
2025-06-30,Energy,XLE,-0.005744,-0.014181,57.417153,-0.089781,0.012795,-0.209357,63.7012
2025-07-01,Energy,XLE,0.007664,0.006477,54.497747,-0.091666,0.012613,0.339841,63.7012
2025-07-02,Energy,XLE,0.017201,0.028271,55.420293,-0.046116,0.012882,0.797555,63.7012
2025-07-03,Energy,XLE,0.00115,0.014927,54.69407,-0.015817,0.011813,-0.072642,63.7012
2025-07-07,Energy,XLE,-0.009652,0.010434,44.773514,-0.025926,0.01214,-0.492626,63.7012
2025-07-08,Energy,XLE,0.026917,0.043627,55.094049,0.037716,0.01281,1.33109,63.7012
2025-07-09,Energy,XLE,-0.005084,0.030424,50.438132,0.057827,0.01295,-0.276186,63.7012
2025-07-10,Energy,XLE,0.007609,0.020706,55.129171,0.084376,0.012533,0.175604,63.7012
2025-07-11,Energy,XLE,0.004508,0.02413,53.398052,0.104961,0.012231,0.114116,63.7012
2025-07-14,Energy,XLE,-0.010995,0.02274,59.201386,0.077477,0.012569,-0.446152,63.7012
2025-07-15,Energy,XLE,-0.014407,-0.018416,58.440411,0.01209,0.012443,-0.511339,63.7012
2025-07-16,Energy,XLE,-0.008633,-0.021917,56.5975,-0.057445,0.012573,-0.275264,63.7012
2025-07-17,Energy,XLE,0.006154,-0.023329,54.001778,-0.085911,0.012461,0.425688,63.7012
2025-07-18,Energy,XLE,-0.008078,-0.035566,52.839949,-0.125283,0.012504,-0.490688,63.7012
2025-07-21,Energy,XLE,-0.010354,-0.03494,51.081555,-0.175063,0.012401,-0.209648,63.7012
2025-07-22,Energy,XLE,0.004702,-0.016229,50.042505,-0.188152,0.011158,0.346315,63.7012
2025-07-23,Energy,XLE,0.015678,0.007895,49.484514,-0.147831,0.011277,0.868106,63.7012
2025-07-24,Energy,XLE,0.007142,0.008885,51.644763,-0.098251,0.011273,0.2312,63.7012
2025-07-25,Energy,XLE,-0.003774,0.013262,53.905561,-0.074852,0.010932,-0.268116,63.7012
2025-07-28,Energy,XLE,0.011366,0.0355,47.965148,-0.027778,0.011076,0.473319,63.7012
2025-07-29,Energy,XLE,0.009763,0.040716,54.147285,0.02768,0.011072,0.3612,63.7012
2025-07-30,Energy,XLE,-0.014278,0.010022,45.366266,0.019034,0.011602,-0.96757,63.7012
2025-07-31,Energy,XLE,-0.00536,-0.002516,41.578944,-0.004447,0.011064,-0.336681,63.7012
2025-08-01,Energy,XLE,-0.018576,-0.017336,39.368792,-0.071827,0.011829,-1.671677,63.7012
2025-08-04,Energy,XLE,-0.00222,-0.030537,43.248191,-0.118457,0.011651,-0.085214,63.7012
2025-08-05,Energy,XLE,0.001288,-0.038673,46.996142,-0.140017,0.009741,0.3827,63.7012
2025-08-06,Energy,XLE,-0.009239,-0.033759,40.831752,-0.172464,0.009861,-0.793188,63.7012
2025-08-07,Energy,XLE,-0.003895,-0.032336,42.311503,-0.195305,0.009611,-0.079442,63.7012
2025-08-08,Energy,XLE,0.006399,-0.007711,49.290058,-0.183366,0.009692,1.12199,63.7012
2025-08-11,Energy,XLE,-0.008007,-0.013466,43.984184,-0.18786,0.009574,-0.413185,63.7012
2025-08-12,Energy,XLE,0.004867,-0.00994,38.327966,-0.168017,0.009247,0.745509,63.7012
2025-08-13,Energy,XLE,0.011576,0.010859,40.647863,-0.115813,0.009499,1.044223,63.7012
2025-08-14,Energy,XLE,-0.000934,0.013864,41.738203,-0.078835,0.009379,0.077214,63.7012
2025-08-15,Energy,XLE,0.0,0.007418,34.813915,-0.050666,0.009212,0.077459,63.7012
2025-08-18,Energy,XLE,-0.005961,0.009496,25.563909,-0.045275,0.009007,-0.496551,63.7012
2025-08-19,Energy,XLE,0.000353,0.004961,30.712277,-0.03751,0.008941,0.10923,63.7012
2025-08-20,Energy,XLE,0.008345,0.001752,39.82805,-0.007385,0.008389,0.982451,63.7012
2025-08-21,Energy,XLE,0.006877,0.009584,56.638596,0.031454,0.008377,0.686736,63.7012
2025-08-22,Energy,XLE,0.020375,0.030154,68.218129,0.110112,0.009549,2.043701,63.7012
2025-08-25,Energy,XLE,0.00261,0.039036,68.71731,0.161667,0.009226,0.230692,63.7012
2025-08-26,Energy,XLE,-0.001584,0.037024,75.107413,0.181632,0.008952,-0.047289,63.7012
2025-08-27,Energy,XLE,0.011221,0.039981,81.568635,0.215555,0.008679,0.993738,63.7012
2025-08-28,Energy,XLE,0.007622,0.04075,81.899918,0.246295,0.008671,0.534102,63.7012
2025-08-29,Energy,XLE,0.00545,0.025528,90.394774,0.266946,0.007289,0.253651,63.7012
2025-09-02,Energy,XLE,0.001438,0.02433,90.027348,0.268362,0.007203,-0.187226,63.7012
2025-09-03,Energy,XLE,-0.022426,0.002947,67.025042,0.189712,0.009172,-2.85781,63.7012
2025-09-04,Energy,XLE,0.006667,-0.001569,69.819771,0.14623,0.008853,0.392068,63.7012
2025-09-05,Energy,XLE,-0.019308,-0.028254,58.490587,0.05474,0.010035,-2.668036,63.7012
2025-09-08,Energy,XLE,-0.002289,-0.035734,60.252708,-0.014796,0.010013,-0.241781,63.7012
2025-09-09,Energy,XLE,0.004819,-0.032479,61.704073,-0.047569,0.00979,0.488594,63.7012
2025-09-10,Energy,XLE,0.01747,0.007007,64.434794,-0.020875,0.010374,1.302161,63.7012
2025-09-11,Energy,XLE,0.000224,0.000561,62.580091,-0.005325,0.010166,-0.067487,63.7012
2025-09-12,Energy,XLE,-0.005946,0.014194,52.37114,-0.014705,0.010304,-0.431763,63.7012
2025-09-15,Energy,XLE,-0.003386,0.013079,49.641758,-0.032016,0.010363,-0.272849,63.7012
2025-09-16,Energy,XLE,0.016761,0.02512,56.975694,0.002161,0.010726,1.616711,63.7012
2025-09-17,Energy,XLE,0.002339,0.009875,53.727029,0.027229,0.010712,-0.013059,63.7012
2025-09-18,Energy,XLE,-0.003111,0.006507,49.043275,0.02994,0.01071,-0.355976,63.7012
2025-09-19,Energy,XLE,-0.013265,-0.000903,41.204112,-0.009935,0.011192,-1.043097,63.7012
2025-09-22,Energy,XLE,-0.001151,0.001338,40.087259,-0.040474,0.010255,-0.041181,63.7012
2025-09-23,Energy,XLE,0.017224,0.001793,57.187049,-0.012829,0.010934,1.779226,63.7012
2025-09-24,Energy,XLE,0.013007,0.012456,59.512853,0.038863,0.011239,0.967039,63.7012
2025-09-25,Energy,XLE,0.008966,0.024722,73.373103,0.091828,0.011149,0.558677,63.7012
2025-09-26,Energy,XLE,0.009216,0.048068,76.94664,0.143547,0.011201,0.72624,63.7012
2025-09-29,Energy,XLE,-0.018372,0.029999,64.913027,0.111919,0.012011,-1.539081,63.7012
2025-09-30,Energy,XLE,-0.010631,0.001794,54.453609,0.052401,0.012259,-1.042202,66.8918
2025-10-01,Energy,XLE,0.0,-0.011069,54.371687,0.008579,0.011084,-0.069128,66.8918
2025-10-02,Energy,XLE,-0.010074,-0.029731,52.585933,-0.051418,0.011261,-0.737096,66.8918
2025-10-03,Energy,XLE,0.005314,-0.033482,55.862761,-0.075226,0.010333,0.180821,66.8918
2025-10-06,Energy,XLE,0.004949,-0.010521,51.562851,-0.075876,0.010325,0.100925,66.8918
2025-10-07,Energy,XLE,0.001567,0.001679,51.247454,-0.071234,0.010299,-0.052844,66.8918
2025-10-08,Energy,XLE,-0.005811,-0.004141,50.088963,-0.084101,0.009704,-0.393205,66.8918
2025-10-09,Energy,XLE,-0.0136,-0.007689,49.948854,-0.128767,0.010197,-0.880054,66.8918
2025-10-10,Energy,XLE,-0.028943,-0.041503,40.712655,-0.232535,0.012003,-2.633299,66.8918
2025-10-13,Energy,XLE,0.013612,-0.03324,39.096534,-0.251073,0.012452,0.702366,66.8918
2025-10-14,Energy,XLE,-0.000116,-0.034864,33.019635,-0.251423,0.011767,0.13129,66.8918
2025-10-15,Energy,XLE,-0.000579,-0.029785,27.90477,-0.24104,0.011736,0.115092,66.8918
2025-10-16,Energy,XLE,-0.012048,-0.028259,19.856142,-0.255044,0.011965,-0.599245,66.8918
2025-10-17,Energy,XLE,0.008208,0.008918,28.698216,-0.228322,0.011867,0.5454,66.8918
2025-10-20,Energy,XLE,0.010584,0.005904,37.859278,-0.170354,0.012144,0.661075,66.8918
2025-10-21,Energy,XLE,-0.002302,0.003705,37.123432,-0.130344,0.011418,0.03833,66.8918
2025-10-22,Energy,XLE,0.012804,0.017145,46.952341,-0.062212,0.011405,1.19813,66.8918
2025-10-23,Energy,XLE,0.013326,0.043269,50.26785,0.022004,0.011651,1.577702,66.8918
2025-10-24,Energy,XLE,-0.010116,0.024308,44.511153,0.046767,0.011548,-0.292134,66.8918
2025-10-27,Energy,XLE,0.002384,0.015997,44.84231,0.067754,0.010926,0.246407,66.8918
2025-10-28,Energy,XLE,-0.010421,0.007729,43.363563,0.049598,0.010916,-0.497942,66.8918
2025-10-29,Energy,XLE,0.00744,0.002392,51.08041,0.057099,0.01108,0.578204,66.8918
2025-10-30,Energy,XLE,-0.005908,-0.016635,61.884843,0.04338,0.010932,-0.263628,66.8918
2025-10-31,Energy,XLE,0.007315,0.000681,59.689972,0.053444,0.010997,0.544003,66.8918
2025-11-03,Energy,XLE,0.000113,-0.001586,59.800645,0.057962,0.010927,0.060051,66.8918
2025-11-04,Energy,XLE,-0.010778,-0.001946,54.38067,0.028459,0.011143,-0.704237,66.8918
2025-11-05,Energy,XLE,0.002638,-0.006704,61.732504,0.016205,0.011121,0.234182,66.8918
2025-11-06,Energy,XLE,0.009723,0.008915,62.351622,0.034858,0.010931,0.78294,66.8918
2025-11-07,Energy,XLE,0.014388,0.015999,63.759089,0.085027,0.008932,1.54031,66.8918
2025-11-10,Energy,XLE,0.009046,0.025074,67.871105,0.137666,0.008688,0.710889,66.8918
2025-11-11,Energy,XLE,0.01306,0.049776,68.089259,0.200411,0.008991,1.370458,66.8918
2025-11-12,Energy,XLE,-0.013984,0.032372,56.142033,0.188418,0.009736,-1.669599,66.8918
2025-11-13,Energy,XLE,0.002549,0.025037,62.359016,0.177243,0.009135,-0.122853,66.8918
2025-11-14,Energy,XLE,0.01702,0.027697,66.877293,0.207942,0.009599,1.449293,66.8918
2025-11-17,Energy,XLE,-0.018257,-0.000111,62.58443,0.161587,0.010586,-2.174554,66.8918
2025-11-18,Energy,XLE,0.00797,-0.005135,62.80435,0.144438,0.010615,0.481708,66.8918
2025-11-19,Energy,XLE,-0.012958,-0.0041,59.506766,0.086441,0.010861,-1.57511,66.8918
2025-11-20,Energy,XLE,-0.011348,-0.017905,52.818535,0.010714,0.010816,-1.294851,66.8918
2025-11-21,Energy,XLE,0.006302,-0.028255,54.740736,-0.022516,0.01063,0.6019,66.8918
2025-11-24,Energy,XLE,-0.002796,-0.012951,57.734359,-0.052777,0.010653,-0.308339,66.8918
2025-11-25,Energy,XLE,-0.00628,-0.026905,54.531598,-0.089214,0.010467,-0.561419,66.8918
2025-11-26,Energy,XLE,0.007561,-0.006676,53.899624,-0.088747,0.010471,0.488204,66.8918
2025-11-28,Energy,XLE,0.013105,0.017893,53.540867,-0.049254,0.010693,0.487553,66.8918
2025-12-01,Energy,XLE,0.009619,0.021248,53.756755,0.003312,0.010769,0.688793,66.8918
2025-12-02,Energy,XLE,-0.012922,0.010878,44.616556,-0.00313,0.011262,-1.174247,66.8918
2025-12-03,Energy,XLE,0.018749,0.036339,55.930923,0.044002,0.011543,1.262764,66.8918
2025-12-04,Energy,XLE,0.004247,0.03293,56.453992,0.081278,0.011549,0.08207,66.8918
2025-12-05,Energy,XLE,-0.004121,0.015368,49.269471,0.086033,0.011523,-0.356183,66.8918
2025-12-08,Energy,XLE,-0.010889,-0.005256,52.147759,0.050471,0.011484,-0.810801,66.8918
2025-12-09,Energy,XLE,0.006165,0.013978,51.480838,0.040425,0.011393,0.339341,66.8918
2025-12-10,Energy,XLE,0.010503,0.005772,61.012438,0.059379,0.01126,0.782718,66.8918
2025-12-11,Energy,XLE,-0.004764,-0.003253,64.325852,0.051374,0.010815,-0.355249,66.8918
2025-12-12,Energy,XLE,-0.009791,-0.008929,57.25953,0.012314,0.011069,-0.848904,66.8918
2025-12-15,Energy,XLE,-0.007031,-0.005064,55.302369,-0.036017,0.010453,-0.410487,66.8918
2025-12-16,Energy,XLE,-0.030538,-0.041357,46.362952,-0.154184,0.011803,-3.145541,66.8918
2025-12-17,Energy,XLE,0.022141,-0.030316,50.940866,-0.161838,0.012784,2.042894,66.8918
2025-12-18,Energy,XLE,-0.014515,-0.039817,42.704866,-0.201299,0.012866,-0.758075,66.8918
2025-12-19,Energy,XLE,0.0,-0.030323,39.179665,-0.217306,0.012626,0.070458,66.8918
2025-12-22,Energy,XLE,0.010353,-0.013347,46.517609,-0.188556,0.012768,0.57488,66.8918
2025-12-23,Energy,XLE,0.00656,0.024408,41.888994,-0.143165,0.012834,0.305352,66.8918
2025-12-24,Energy,XLE,-0.002921,-0.00071,39.227226,-0.116026,0.012764,-0.03517,66.8918
2025-12-26,Energy,XLE,-0.003831,0.010124,39.342709,-0.104022,0.01269,-0.080921,66.8918
2025-12-29,Energy,XLE,0.009502,0.019722,46.629628,-0.064488,0.012518,0.664876,66.8918
2025-12-30,Energy,XLE,0.00762,0.016965,47.163458,-0.014697,0.012444,0.363947,66.8918
2025-12-31,Energy,XLE,-0.005561,0.004719,41.016594,0.001538,0.012156,-0.16456,78.8051
2026-01-02,Energy,XLE,0.021024,0.028848,50.582863,0.071337,0.012349,1.420406,78.8051
2026-01-05,Energy,XLE,0.027163,0.06086,61.725442,0.189908,0.013729,3.274848,78.8051
2026-01-06,Energy,XLE,-0.026658,0.02286,54.918381,0.174526,0.015062,-2.154553,78.8051
2026-01-07,Energy,XLE,-0.011174,0.003781,61.121404,0.122511,0.015073,-0.563011,78.8051
2026-01-08,Energy,XLE,0.031465,0.041154,63.332274,0.172351,0.016585,1.613953,78.8051
2026-01-09,Energy,XLE,0.002578,0.022344,69.334934,0.200603,0.016452,0.019588,78.8051
2026-01-12,Energy,XLE,-0.007071,-0.01173,66.425032,0.184853,0.016503,-0.293114,78.8051
2026-01-13,Energy,XLE,0.014243,0.029798,67.286256,0.204698,0.016554,0.61826,78.8051
2026-01-14,Energy,XLE,0.022553,0.064924,70.135764,0.270708,0.017004,1.55844,78.8051
2026-01-15,Energy,XLE,-0.009363,0.022771,67.685592,0.265836,0.015342,-0.78275,78.8051
2026-01-16,Energy,XLE,0.00168,0.021856,69.239242,0.24979,0.01479,-0.197746,78.8051
2026-01-20,Energy,XLE,-0.001887,0.02719,67.048052,0.216234,0.014231,-0.375694,78.8051
2026-01-21,Energy,XLE,0.02416,0.037234,69.842925,0.251589,0.014858,1.142197,78.8051
2026-01-22,Energy,XLE,0.003282,0.017686,72.19874,0.264941,0.014821,-0.160701,78.8051
2026-01-23,Energy,XLE,0.005725,0.033186,70.113644,0.270805,0.014818,-0.03717,78.8051
2026-01-26,Energy,XLE,0.00061,0.032082,65.349155,0.255201,0.014738,-0.321084,78.8051
2026-01-27,Energy,XLE,0.009143,0.043487,79.676013,0.253007,0.014599,0.009969,78.8051
2026-01-28,Energy,XLE,0.00765,0.026667,86.936928,0.254319,0.014581,-0.036967,78.8051
2026-01-29,Energy,XLE,0.009191,0.032713,84.736828,0.262251,0.014596,0.342433,78.8051
2026-01-30,Energy,XLE,0.010691,0.037813,85.784302,0.278391,0.014372,0.379851,78.8051
2026-02-02,Energy,XLE,-0.019589,0.016863,77.319593,0.200555,0.0151,-1.508741,78.8051
2026-02-03,Energy,XLE,0.032368,0.040266,80.129031,0.233556,0.015546,2.287813,78.8051
2026-02-04,Energy,XLE,0.02245,0.055544,80.382172,0.3046,0.014096,1.306789,78.8051
2026-02-05,Energy,XLE,-0.011736,0.033657,78.678318,0.282212,0.014136,-1.207544,78.8051
2026-02-06,Energy,XLE,0.01992,0.043095,80.957699,0.307043,0.013313,0.386315,78.8051
2026-02-09,Energy,XLE,0.007324,0.071728,82.543121,0.318255,0.013276,-0.217533,78.8051
2026-02-10,Energy,XLE,-0.001119,0.036965,79.487216,0.291087,0.013006,-0.579043,78.8051
2026-02-11,Energy,XLE,0.026129,0.040697,82.184547,0.333194,0.013595,1.031467,78.8051
2026-02-12,Energy,XLE,-0.018188,0.033902,73.596087,0.263584,0.014326,-1.663772,78.8051
2026-02-13,Energy,XLE,0.006854,0.020657,74.451883,0.213865,0.013867,-0.091582,78.8051
2026-02-17,Energy,XLE,-0.01104,0.002051,69.172961,0.11723,0.014393,-0.978123,78.8051
2026-02-18,Energy,XLE,0.019163,0.022396,70.947765,0.099334,0.014547,0.704118,78.8051
2026-02-19,Energy,XLE,0.007302,0.003638,70.792559,0.09156,0.013987,0.058946,78.8051
2026-02-20,Energy,XLE,-0.005437,0.016673,67.42496,0.045945,0.01422,-0.684652,78.8051
2026-02-23,Energy,XLE,0.00492,0.014719,74.853834,0.015039,0.014222,-0.165214,78.8051
2026-02-24,Energy,XLE,-0.000907,0.025116,69.735344,-0.025351,0.014255,-0.428213,78.8051
2026-02-25,Energy,XLE,-0.004174,0.001643,63.144324,-0.080923,0.014399,-0.5146,78.8051
2026-02-26,Energy,XLE,0.003281,-0.002356,69.3989,-0.116917,0.014391,-0.189477,78.8051
2026-02-27,Energy,XLE,0.015804,0.01895,68.671308,-0.094739,0.01457,0.601777,78.8051
2026-03-02,Energy,XLE,0.020029,0.03427,71.573615,-0.021196,0.014901,2.056543,78.8051
2026-03-03,Energy,XLE,-0.009116,0.025771,67.625865,-0.023246,0.014131,-1.645056,78.8051
2026-03-04,Energy,XLE,-0.005839,0.024057,58.321851,-0.06047,0.012939,-0.691981,78.8051
2026-03-05,Energy,XLE,0.005161,0.025976,69.054817,-0.078341,0.012218,0.242174,78.8051
2026-03-06,Energy,XLE,0.001593,0.011624,67.675115,-0.095646,0.011701,-0.153761,78.8051
2026-03-09,Energy,XLE,-0.004419,-0.012623,71.669428,-0.13303,0.011223,-0.633326,78.8051
2026-03-10,Energy,XLE,-0.012784,-0.016277,57.295358,-0.210535,0.011693,-1.30114,78.8051
2026-03-11,Energy,XLE,0.02482,0.014059,63.636321,-0.175497,0.012737,1.037757,78.8051
2026-03-12,Energy,XLE,0.009301,0.018237,69.253243,-0.125249,0.011649,0.534505,78.8051
2026-03-13,Energy,XLE,0.003304,0.019975,68.888827,-0.089373,0.010603,-0.069791,78.8051
2026-03-16,Energy,XLE,0.003466,0.028054,70.289835,-0.063549,0.010571,-0.066162,78.8051
2026-03-17,Energy,XLE,0.010535,0.052338,74.999974,-0.019238,0.010131,0.202731,78.8051
2026-03-18,Energy,XLE,-0.001367,0.025447,73.537589,-0.009368,0.009571,-0.285755,78.8051
2026-03-19,Energy,XLE,0.015917,0.032168,73.756911,0.042458,0.009948,1.008767,78.8051
2026-03-20,Energy,XLE,-0.000842,0.027903,68.39545,0.055631,0.009777,-0.332579,78.8051
2026-03-23,Energy,XLE,0.011964,0.036608,77.514354,0.091921,0.00994,0.668268,78.8051
2026-03-24,Energy,XLE,0.020292,0.046616,84.8224,0.172817,0.010473,0.809223,78.8051
2026-03-25,Energy,XLE,-0.004438,0.043398,81.024894,0.182587,0.010486,-0.558876,78.8051
2026-03-26,Energy,XLE,0.015684,0.04316,83.055209,0.224705,0.010722,0.569014,78.8051
2026-03-27,Energy,XLE,0.016905,0.061689,87.38496,0.290122,0.010778,0.722733,78.8051
2026-03-30,Energy,XLE,-0.009591,0.039074,88.540767,0.26139,0.010785,-0.91159,78.8051
2026-03-31,Energy,XLE,-0.011298,0.006903,78.887697,0.168177,0.010941,-1.834303,168.5162
2026-04-01,Energy,XLE,-0.037382,-0.026416,59.342573,-0.062418,0.014265,-3.331965,168.5162
2026-04-02,Energy,XLE,0.004748,-0.036899,59.717139,-0.202881,0.014262,0.224374,168.5162
2026-04-06,Energy,XLE,0.007257,-0.046036,60.636534,-0.269452,0.014293,0.127915,168.5162
2026-04-07,Energy,XLE,0.008043,-0.029051,60.140808,-0.282414,0.014219,0.212514,168.5162
2026-04-08,Energy,XLE,-0.035073,-0.0524,49.997037,-0.42574,0.016302,-2.399898,168.5162
2026-04-09,Energy,XLE,-0.012403,-0.027811,43.051449,-0.553585,0.015749,-0.455494,168.5162
2026-04-10,Energy,XLE,-0.006803,-0.038987,41.848031,-0.642703,0.0157,-0.105047,168.5162
2026-04-13,Energy,XLE,0.002986,-0.043063,39.175259,-0.665674,0.015697,0.232641,168.5162
2026-04-14,Energy,XLE,-0.020312,-0.06998,28.904238,-0.729341,0.016303,-0.76894,168.5162
2026-04-15,Energy,XLE,-0.003396,-0.039449,29.105131,-0.751612,0.016069,0.096016,168.5162
2026-04-16,Energy,XLE,0.014706,-0.013082,28.295277,-0.680601,0.016496,0.546392,168.5162
2026-04-17,Energy,XLE,-0.027572,-0.03372,18.319348,-0.705181,0.016987,-1.593299,168.5162
2026-04-20,Energy,XLE,0.000909,-0.035721,19.647596,-0.684031,0.017005,0.330891,168.5162
2026-04-21,Energy,XLE,0.014527,-0.00143,26.462894,-0.585907,0.017134,0.778027,168.5162
2026-04-22,Energy,XLE,0.011992,0.013989,37.639888,-0.45164,0.016631,0.727255,168.5162
2026-04-23,Energy,XLE,0.007782,0.00707,38.638647,-0.315408,0.016819,0.536508,168.5162
2026-04-24,Energy,XLE,-0.001931,0.033624,35.470535,-0.219466,0.016245,0.316506,168.5162
2026-04-27,Energy,XLE,-0.001758,0.03087,31.754595,-0.152668,0.015513,0.381949,168.5162
2026-04-28,Energy,XLE,0.016558,0.032934,47.906405,-0.040921,0.01617,0.897523,168.5162
2026-04-29,Energy,XLE,0.022873,0.04404,59.747679,0.117486,0.017074,1.019543,168.5162
2026-04-30,Energy,XLE,0.010503,0.046859,65.139667,0.251895,0.015046,0.531279,168.5162
2026-05-01,Energy,XLE,-0.013412,0.034816,59.0814,0.27302,0.015332,-0.271908,168.5162
2026-05-04,Energy,XLE,0.009176,0.046151,69.196398,0.306928,0.015388,0.52344,168.5162
2026-05-05,Energy,XLE,0.00101,0.030151,70.894669,0.315738,0.015271,0.23401,168.5162
2026-05-06,Energy,XLE,-0.041211,-0.034389,52.007638,0.147453,0.016045,-2.406571,168.5162
2026-05-07,Energy,XLE,-0.018421,-0.062029,54.673366,-0.034001,0.016328,-0.844266,168.5162
2026-05-08,Energy,XLE,-0.004468,-0.053526,53.103452,-0.163065,0.016293,0.049129,168.5162
2026-05-11,Energy,XLE,0.026391,-0.03738,56.007388,-0.142389,0.017396,1.035974,168.5162
2026-05-12,Energy,XLE,0.006997,-0.031623,54.881509,-0.096902,0.016762,0.357963,168.5162
2026-05-13,Energy,XLE,0.001042,0.011053,53.195679,-0.059727,0.016722,0.096834,168.5162
2026-05-14,Energy,XLE,0.007635,0.037891,55.714287,-0.005322,0.016508,0.281957,168.5162
2026-05-15,Energy,XLE,0.023592,0.067145,61.342384,0.116391,0.015722,0.955308,168.5162
2026-05-18,Energy,XLE,0.019179,0.059647,61.988307,0.25897,0.016061,0.889536,168.5162
2026-05-19,Energy,XLE,0.01172,0.064617,59.947185,0.379119,0.015985,0.337399,168.5162
2026-05-20,Energy,XLE,-0.024311,0.037654,50.613236,0.337649,0.01714,-1.831914,168.5162
2026-05-21,Energy,XLE,-0.011204,0.018254,51.157035,0.248615,0.017382,-0.58465,168.5162
2026-05-22,Energy,XLE,0.006088,0.000841,50.419473,0.1996,0.017379,0.322624,168.5162
2026-05-26,Energy,XLE,-0.027568,-0.045064,44.074067,0.050148,0.018618,-1.162929,168.5162
2026-05-27,Energy,XLE,-0.014866,-0.070158,49.958026,-0.104757,0.018572,-0.682632,168.5162
2026-05-28,Energy,XLE,-0.000702,-0.047659,54.587155,-0.202392,0.017742,0.175737,168.5162
2026-05-29,Energy,XLE,-0.011589,-0.04803,52.608312,-0.298117,0.017634,-0.195734,168.5162
2026-06-01,Energy,XLE,0.017943,-0.036813,50.599083,-0.280373,0.018025,1.333737,168.5162
2026-06-02,Energy,XLE,0.011518,0.001901,51.755173,-0.214136,0.018103,0.489697,168.5162
2026-06-03,Energy,XLE,0.01294,0.030181,54.576263,-0.114745,0.01837,0.820755,168.5162
2026-06-04,Energy,XLE,0.000681,0.031607,52.982457,-0.044832,0.015669,0.017572,168.5162
2026-06-05,Energy,XLE,-0.018383,0.024516,42.034205,-0.068435,0.015666,-0.825226,168.5162
2026-06-08,Energy,XLE,0.011444,0.017976,39.41675,-0.038216,0.015744,0.370927,168.5162
2024-01-17,Financials,XLF,-0.001875,-0.012715,45.045072,-0.14694,0.00651,-0.157419,
2024-01-18,Financials,XLF,0.00161,-0.012695,43.51832,-0.151927,0.006477,0.348959,
2024-01-19,Financials,XLF,0.016073,0.006902,53.96214,-0.114614,0.007234,2.672538,
2024-01-22,Financials,XLF,0.004746,0.013564,59.409761,-0.078375,0.005851,0.650518,
2024-01-23,Financials,XLF,0.001574,0.022228,57.854429,-0.05193,0.005531,0.068541,
2024-01-24,Financials,XLF,0.00393,0.028173,68.032645,-0.027343,0.005561,0.409351,
2024-01-25,Financials,XLF,0.004958,0.03161,68.548305,-0.00268,0.005589,0.652335,
2024-01-26,Financials,XLF,0.003635,0.018982,68.292648,0.01766,0.005597,0.250302,
2024-01-29,Financials,XLF,0.002587,0.016793,66.379307,0.031719,0.005593,0.150189,
2024-01-30,Financials,XLF,0.012645,0.028033,78.988295,0.065075,0.006019,1.488358,
2024-01-31,Financials,XLF,-0.012233,0.011482,65.886034,0.048828,0.006795,-2.395499,
2024-02-01,Financials,XLF,0.001548,0.00805,69.759426,0.035522,0.006392,0.046976,
2024-02-02,Financials,XLF,0.004122,0.008538,72.999938,0.030842,0.006394,0.483984,
2024-02-05,Financials,XLF,-0.0059,0.0,73.737371,0.0077,0.006592,-0.817966,
2024-02-06,Financials,XLF,0.002064,-0.010448,76.174518,-0.006707,0.006489,0.074816,
2024-02-07,Financials,XLF,0.007469,0.009288,77.881683,-0.001921,0.006389,0.598438,
2024-02-08,Financials,XLF,-0.003834,0.003864,68.840662,-0.012479,0.006513,-0.725254,
2024-02-09,Financials,XLF,0.002823,0.002566,68.029693,-0.016043,0.006399,0.156625,
2024-02-12,Financials,XLF,0.004606,0.013161,69.394999,-0.010685,0.006365,0.238557,
2024-02-13,Financials,XLF,-0.0135,-0.002575,56.426371,-0.043763,0.006999,-2.337222,
2024-02-14,Financials,XLF,0.009553,-0.000511,58.753694,-0.043611,0.007143,1.113417,
2024-02-15,Financials,XLF,0.017136,0.020529,64.359012,-0.004046,0.007858,1.857235,
2024-02-16,Financials,XLF,-0.00352,0.014074,61.16757,0.008221,0.007375,-0.556752,
2024-02-20,Financials,XLF,-0.002776,0.006623,53.932723,0.004566,0.007431,-0.458714,
2024-02-21,Financials,XLF,0.003036,0.023496,63.750339,0.005291,0.007436,0.093913,
2024-02-22,Financials,XLF,0.011604,0.025575,67.77792,0.029674,0.007737,1.22656,
2024-02-23,Financials,XLF,0.004988,0.013326,68.13202,0.051509,0.007737,0.244034,
2024-02-26,Financials,XLF,-0.004963,0.011859,68.698042,0.045825,0.007897,-0.63287,
2024-02-27,Financials,XLF,0.002743,0.017459,68.95615,0.042199,0.007898,0.065858,
2024-02-28,Financials,XLF,0.00373,0.018163,67.714331,0.042422,0.0075,0.190627,
2024-02-29,Financials,XLF,-0.000496,0.005985,70.326482,0.034469,0.0068,-0.335975,
2024-03-01,Financials,XLF,-0.001239,-0.000248,68.27819,0.019879,0.006839,-0.399449,
2024-03-04,Financials,XLF,0.002482,0.007232,67.492488,0.011097,0.006821,0.103322,
2024-03-05,Financials,XLF,0.000248,0.004725,80.812193,0.000843,0.00659,-0.252158,
2024-03-06,Financials,XLF,0.005198,0.006195,79.608251,0.002531,0.006626,0.505398,
2024-03-07,Financials,XLF,-0.001478,0.005206,70.103177,-0.005037,0.006558,-0.40957,
2024-03-08,Financials,XLF,0.001726,0.008191,76.470588,-0.009982,0.006422,-0.084424,
2024-03-11,Financials,XLF,0.001723,0.007428,81.967089,-0.013002,0.00642,-0.125939,
2024-03-12,Financials,XLF,0.004178,0.011386,82.446865,-0.008462,0.006412,0.306853,
2024-03-13,Financials,XLF,0.007342,0.013543,80.81399,0.008612,0.005365,0.520725,
2024-03-14,Financials,XLF,-0.008017,0.006905,64.324668,-0.006211,0.005676,-2.048109,
2024-03-15,Financials,XLF,-0.00098,0.004185,70.414713,-0.022359,0.004484,-0.540983,
2024-03-18,Financials,XLF,0.005733,0.008205,72.434962,-0.021554,0.004441,0.621673,
2024-03-19,Financials,XLF,0.004894,0.008924,73.185318,-0.012158,0.004361,0.374133,
2024-03-20,Financials,XLF,0.011931,0.01352,79.456581,0.020104,0.004881,1.948905,
2024-03-21,Financials,XLF,0.008181,0.03007,83.63623,0.055677,0.004599,1.240387,
2024-03-22,Financials,XLF,-0.011456,0.019268,69.703093,0.040591,0.005494,-1.716445,
2024-03-25,Financials,XLF,-0.003863,0.009542,66.064721,0.014253,0.005431,-0.797605,
2024-03-26,Financials,XLF,0.003393,0.008035,65.301904,0.000776,0.00544,0.084399,
2024-03-27,Financials,XLF,0.011836,0.00794,71.25922,0.017723,0.005886,1.267487,
2024-03-28,Financials,XLF,0.005491,0.005251,72.514355,0.036722,0.005901,0.450414,
2024-04-01,Financials,XLF,-0.005461,0.011347,67.659164,0.027461,0.006108,-1.108532,
2024-04-02,Financials,XLF,-0.005252,0.009937,62.411586,0.001528,0.006327,-0.972476,
2024-04-03,Financials,XLF,-0.00048,0.006039,58.945974,-0.021121,0.006339,-0.356733,
2024-04-04,Financials,XLF,-0.011285,-0.016949,56.721458,-0.068325,0.00691,-2.004001,
2024-04-05,Financials,XLF,0.009471,-0.013058,61.39744,-0.075069,0.007141,1.1866,
2024-04-08,Financials,XLF,0.00433,-0.003342,60.891153,-0.068923,0.00717,0.264709,
2024-04-09,Financials,XLF,-0.005749,-0.00384,55.392135,-0.080856,0.007354,-1.024625,
2024-04-10,Financials,XLF,-0.014936,-0.018247,42.042657,-0.126826,0.008148,-2.23388,
2024-04-11,Financials,XLF,-0.007092,-0.014084,34.375038,-0.171008,0.008126,-0.907548,
2024-04-12,Financials,XLF,-0.013301,-0.036324,33.886259,-0.226836,0.008464,-2.254651,
2024-04-15,Financials,XLF,-0.004993,-0.045269,33.568076,-0.265478,0.008517,-0.601717,
2024-04-16,Financials,XLF,-0.006774,-0.046254,29.384945,-0.295051,0.008461,-0.73287,
2024-04-17,Financials,XLF,0.002526,-0.029347,22.499936,-0.293819,0.008383,0.508771,
2024-04-18,Financials,XLF,0.003527,-0.018966,20.716196,-0.270198,0.007859,0.757569,
2024-04-19,Financials,XLF,0.013809,0.007988,32.151453,-0.207795,0.008333,1.97607,
2024-04-22,Financials,XLF,0.012134,0.025339,41.111116,-0.127595,0.008562,1.452332,
2024-04-23,Financials,XLF,0.006362,0.038899,44.514704,-0.054387,0.008664,0.608036,
2024-04-24,Financials,XLF,-0.000243,0.036029,49.299062,-0.005983,0.008624,0.122287,
2024-04-25,Financials,XLF,-0.005836,0.026362,41.646576,0.010118,0.008211,-0.405694,
2024-04-26,Financials,XLF,-0.001468,0.010896,38.403997,0.016243,0.008059,0.140488,
2024-04-29,Financials,XLF,-0.00147,-0.002691,40.208858,0.015756,0.008006,0.121514,
2024-04-30,Financials,XLF,-0.009813,-0.018721,42.659278,-0.009924,0.008186,-0.474966,
2024-05-01,Financials,XLF,0.0,-0.018482,46.385462,-0.025273,0.00819,0.250156,
2024-05-02,Financials,XLF,0.002478,-0.010274,56.944424,-0.027097,0.007901,0.383691,
2024-05-03,Financials,XLF,0.002224,-0.006615,62.454838,-0.020904,0.007562,0.45564,
2024-05-06,Financials,XLF,0.012824,0.007606,74.503373,0.016646,0.008108,1.358835,
2024-05-07,Financials,XLF,0.003409,0.02106,74.836697,0.048329,0.008072,0.443444,
2024-05-08,Financials,XLF,0.00364,0.024777,74.918598,0.075181,0.007339,0.268993,
2024-05-09,Financials,XLF,0.007495,0.029906,72.791495,0.107328,0.007259,0.5228,
2024-05-10,Financials,XLF,0.00384,0.031566,69.200072,0.131582,0.006402,0.150936,
2024-05-13,Financials,XLF,-0.004064,0.014366,60.996022,0.128895,0.00635,-0.719244,
2024-05-14,Financials,XLF,0.005041,0.016016,64.367903,0.132686,0.006009,0.102661,
2024-05-15,Financials,XLF,0.007404,0.019826,74.253618,0.146223,0.006095,0.485775,
2024-05-16,Financials,XLF,0.0,0.012239,75.95409,0.145643,0.006132,-0.458278,
2024-05-17,Financials,XLF,0.007349,0.015778,80.139511,0.155096,0.00568,0.519669,
2024-05-20,Financials,XLF,-0.01365,0.006001,75.409935,0.114913,0.006287,-2.273748,
2024-05-21,Financials,XLF,0.006442,0.007404,77.409715,0.098064,0.006291,0.740996,
2024-05-22,Financials,XLF,-0.00569,-0.00569,71.387397,0.06494,0.006475,-1.050153,
2024-05-23,Financials,XLF,-0.013829,-0.019441,60.253166,0.002163,0.007133,-2.554123,
2024-05-24,Financials,XLF,0.006045,-0.020711,57.336942,-0.024551,0.007215,0.424256,
2024-05-28,Financials,XLF,-0.011055,-0.018134,49.250044,-0.071142,0.00769,-1.176352,
2024-05-29,Financials,XLF,-0.008019,-0.032243,43.540768,-0.119542,0.007573,-1.124041,
2024-05-30,Financials,XLF,0.005389,-0.021459,42.298325,-0.13223,0.007646,0.539197,
2024-05-31,Financials,XLF,0.01462,0.00677,47.902897,-0.098053,0.00824,1.630504,
2024-06-03,Financials,XLF,-0.006244,-0.005528,46.969636,-0.08929,0.008415,-0.789706,
2024-06-04,Financials,XLF,-0.004592,0.000972,42.608609,-0.09238,0.008024,-0.379074,
2024-06-05,Financials,XLF,0.002914,0.012004,40.136108,-0.083341,0.008014,0.276743,
2024-06-06,Financials,XLF,-0.000484,0.006092,39.954871,-0.075649,0.007973,0.006267,
2024-06-07,Financials,XLF,0.004602,-0.003843,38.28302,-0.056037,0.007854,0.722863,
2024-06-10,Financials,XLF,-0.003857,-0.00145,42.416379,-0.051512,0.007834,-0.288525,
2024-06-11,Financials,XLF,-0.011374,-0.008254,33.740865,-0.075748,0.008168,-1.71623,
2024-06-12,Financials,XLF,-0.000979,-0.012104,35.475585,-0.089957,0.008046,0.07811,
2024-06-13,Financials,XLF,-0.000735,-0.012352,41.317393,-0.096313,0.007787,0.18034,
2024-06-14,Financials,XLF,-0.003188,-0.02001,35.093174,-0.103382,0.007784,-0.008387,
2024-06-17,Financials,XLF,0.008856,-0.007502,47.756344,-0.07997,0.007884,1.271518,
2024-06-18,Financials,XLF,0.00634,0.010281,57.37692,-0.044685,0.007555,0.946735,
2024-06-20,Financials,XLF,0.005331,0.016663,57.376975,-0.006182,0.007503,0.8848,
2024-06-21,Financials,XLF,-0.003856,0.013487,44.061321,0.008817,0.007451,-0.383224,
2024-06-24,Financials,XLF,0.010275,0.027175,56.751729,0.044461,0.007161,1.565625,
2024-06-25,Financials,XLF,-0.007454,0.010569,54.376082,0.045534,0.007246,-0.820959,
2024-06-26,Financials,XLF,-0.006299,-0.002122,47.899444,0.027885,0.006942,-0.835024,
2024-06-27,Financials,XLF,-0.001219,-0.008623,47.42786,0.012411,0.006687,-0.165679,
2024-06-28,Financials,XLF,0.003417,-0.001385,46.566522,0.010886,0.006624,0.497691,
2024-07-01,Financials,XLF,0.002189,-0.009377,50.731463,0.015053,0.005733,0.369055,
2024-07-02,Financials,XLF,0.011651,0.00969,66.808166,0.046766,0.006142,1.202109,
2024-07-03,Financials,XLF,-0.003119,0.01292,64.825702,0.056076,0.006085,-0.346916,
2024-07-05,Financials,XLF,-0.00024,0.013913,65.252937,0.058184,0.006064,-0.085773,
2024-07-08,Financials,XLF,-0.002648,0.007784,65.677001,0.049323,0.006102,-0.351276,
2024-07-09,Financials,XLF,0.007724,0.01335,65.229614,0.060652,0.006253,0.95905,
2024-07-10,Financials,XLF,0.003832,0.005518,64.027004,0.073965,0.006205,0.326559,
2024-07-11,Financials,XLF,0.007874,0.016607,65.368776,0.098216,0.005666,1.371096,
2024-07-12,Financials,XLF,0.003314,0.020221,70.538468,0.116023,0.005633,0.212769,
2024-07-15,Financials,XLF,0.01463,0.037895,72.38097,0.158415,0.00624,2.309039,
2024-07-16,Financials,XLF,0.011395,0.041677,83.183167,0.205557,0.006346,1.698952,
2024-07-17,Financials,XLF,0.007588,0.045574,91.176528,0.242795,0.006297,0.970776,
2024-07-18,Financials,XLF,-0.012095,0.024858,79.89699,0.21789,0.007156,-2.525074,
2024-07-19,Financials,XLF,-0.010164,0.01109,70.813409,0.160435,0.007667,-1.59066,
2024-07-22,Financials,XLF,0.005601,0.002093,71.824524,0.127472,0.007588,0.200393,
2024-07-23,Financials,XLF,0.001857,-0.007358,68.956826,0.101358,0.007353,-0.084402,
2024-07-24,Financials,XLF,-0.013667,-0.028298,61.731258,0.039047,0.007881,-1.925772,
2024-07-25,Financials,XLF,0.003758,-0.012705,63.215767,0.003823,0.00767,0.266772,
2024-07-26,Financials,XLF,0.015676,0.013069,69.411695,0.019101,0.008199,1.10642,
2024-07-29,Financials,XLF,-0.001382,0.006034,66.528875,0.019833,0.008254,-0.369998,
2024-07-30,Financials,XLF,0.011534,0.015752,68.725765,0.046156,0.008486,0.683137,
2024-07-31,Financials,XLF,-0.002509,0.027243,65.12085,0.049136,0.008329,-0.477212,
2024-08-01,Financials,XLF,-0.014175,0.008891,56.801397,0.005532,0.009053,-1.745931,
2024-08-02,Financials,XLF,-0.024582,-0.031099,42.006844,-0.092334,0.010819,-3.115349,
2024-08-05,Financials,XLF,-0.029006,-0.057901,29.954716,-0.22881,0.01269,-3.192742,
2024-08-06,Financials,XLF,0.016161,-0.053592,33.28536,-0.265009,0.013115,1.153723,
2024-08-07,Financials,XLF,0.001205,-0.050069,36.532476,-0.273753,0.013086,0.230014,
2024-08-08,Financials,XLF,0.016125,-0.020872,45.2915,-0.225686,0.013483,0.850095,
2024-08-09,Financials,XLF,0.004263,0.008084,44.796444,-0.17446,0.013496,0.263822,
2024-08-12,Financials,XLF,-0.005189,0.032811,42.688293,-0.148393,0.013096,0.089728,
2024-08-13,Financials,XLF,0.008298,0.024819,49.61716,-0.10371,0.012961,0.450496,
2024-08-14,Financials,XLF,0.012226,0.036101,52.249618,-0.038904,0.013163,0.635455,
2024-08-15,Financials,XLF,0.009292,0.029133,50.302108,0.027753,0.013066,0.509977,
2024-08-16,Financials,XLF,0.007365,0.032311,53.052293,0.08704,0.012916,0.34058,
2024-08-19,Financials,XLF,0.005483,0.043386,51.208464,0.133432,0.012914,0.2854,
2024-08-20,Financials,XLF,-0.003181,0.031507,50.977453,0.145397,0.012949,0.078221,
2024-08-21,Financials,XLF,-0.001596,0.017422,55.573856,0.139175,0.012508,0.078437,
2024-08-22,Financials,XLF,0.005708,0.013809,68.809156,0.141442,0.012535,0.269332,
2024-08-23,Financials,XLF,0.008626,0.015079,90.33709,0.156666,0.012213,0.439925,
2024-08-26,Financials,XLF,0.003151,0.012724,89.058543,0.163945,0.012203,0.203642,
2024-08-27,Financials,XLF,0.00516,0.021199,89.537762,0.171081,0.012008,0.259322,
2024-08-28,Financials,XLF,0.002455,0.025342,87.887344,0.169908,0.01198,0.194234,
2024-08-29,Financials,XLF,0.008907,0.028604,88.59417,0.181218,0.011504,0.408369,
2024-08-30,Financials,XLF,0.00949,0.029485,94.723722,0.20121,0.009649,0.294067,
2024-09-03,Financials,XLF,-0.007433,0.018622,86.146172,0.177299,0.006392,-1.80316,
2024-09-04,Financials,XLF,0.001101,0.014509,84.285807,0.150949,0.005918,-0.519634,
2024-09-05,Financials,XLF,-0.011001,0.000891,70.833451,0.089938,0.006841,-2.295275,
2024-09-06,Financials,XLF,-0.014683,-0.022511,56.599066,0.000254,0.007404,-2.891967,
2024-09-09,Financials,XLF,0.014902,-0.017272,60.779892,-0.020691,0.007908,1.777519,
2024-09-10,Financials,XLF,-0.010234,-0.020044,56.623977,-0.066991,0.008254,-1.927266,
2024-09-11,Financials,XLF,-0.00472,-0.025743,54.979193,-0.11107,0.008303,-0.880317,
2024-09-12,Financials,XLF,0.002258,-0.012681,53.533197,-0.131934,0.007952,0.234123,
2024-09-13,Financials,XLF,0.002929,0.004967,50.904958,-0.13499,0.00775,0.305945,
2024-09-16,Financials,XLF,0.013031,0.003114,55.349763,-0.098457,0.008083,1.379235,
2024-09-17,Financials,XLF,0.005323,0.018881,55.441481,-0.059925,0.008079,0.398629,
2024-09-18,Financials,XLF,-0.003089,0.020551,52.857154,-0.045632,0.008076,-0.401251,
2024-09-19,Financials,XLF,0.011064,0.029518,53.799953,-0.007416,0.008312,1.323519,
2024-09-20,Financials,XLF,-0.000657,0.025837,49.130326,0.010881,0.00829,-0.164495,
2024-09-23,Financials,XLF,-0.001209,0.011417,52.372962,0.014143,0.008156,-0.13919,
2024-09-24,Financials,XLF,-0.008363,-0.002351,47.561961,-0.012485,0.008424,-0.90193,
2024-09-25,Financials,XLF,-0.005992,-0.005257,50.027586,-0.049567,0.008486,-0.467079,
2024-09-26,Financials,XLF,0.005135,-0.01109,61.198435,-0.059965,0.008544,0.493695,
2024-09-27,Financials,XLF,0.002888,-0.007583,55.258167,-0.059193,0.00833,0.273358,
2024-09-30,Financials,XLF,0.003765,-0.002641,65.686533,-0.048832,0.008083,0.365822,
2024-10-01,Financials,XLF,-0.005296,0.000444,65.053028,-0.058456,0.007996,-0.396486,
2024-10-02,Financials,XLF,0.001109,0.007591,64.50033,-0.061887,0.007997,0.21673,
2024-10-03,Financials,XLF,-0.005318,-0.002888,58.321669,-0.079198,0.007685,-0.315376,
2024-10-04,Financials,XLF,0.01693,0.011074,60.533262,-0.041766,0.007727,1.934527,
2024-10-07,Financials,XLF,-0.012267,-0.005075,48.984758,-0.054197,0.007676,-1.077596,
2024-10-08,Financials,XLF,0.005766,0.005989,54.173731,-0.045976,0.007339,0.439977,
2024-10-09,Financials,XLF,0.009261,0.014181,53.22947,-0.01516,0.007415,0.711105,
2024-10-10,Financials,XLF,-0.003059,0.016485,51.728678,-0.006681,0.007495,-0.617687,
2024-10-11,Financials,XLF,0.019285,0.018839,61.310828,0.05097,0.008476,2.639357,
2024-10-14,Financials,XLF,0.006235,0.037924,68.749979,0.099512,0.008158,0.381374,
2024-10-15,Financials,XLF,0.002137,0.034179,73.60191,0.127728,0.008123,-0.007233,
2024-10-16,Financials,XLF,0.012367,0.037361,75.518774,0.171363,0.008353,1.241231,
2024-10-17,Financials,XLF,0.002738,0.043392,75.518774,0.193925,0.008118,0.053087,
2024-10-18,Financials,XLF,0.00021,0.023866,74.678212,0.194172,0.008104,-0.308171,
2024-10-21,Financials,XLF,-0.00798,0.009402,72.500167,0.155659,0.008395,-0.915836,
2024-10-22,Financials,XLF,-0.001905,0.005331,70.867869,0.112598,0.008095,-0.529979,
2024-10-23,Financials,XLF,-0.000848,-0.007793,73.922643,0.071805,0.007897,-0.444349,
2024-10-24,Financials,XLF,0.000849,-0.009662,69.13284,0.039397,0.007882,-0.313545,
2024-10-25,Financials,XLF,-0.011029,-0.02079,69.845469,-0.021066,0.008427,-1.148752,
2024-10-28,Financials,XLF,0.012438,-0.000635,72.143001,-0.027304,0.008758,0.817653,
2024-10-29,Financials,XLF,-0.006143,-0.004878,64.127872,-0.053415,0.008798,-0.847011,
2024-10-30,Financials,XLF,0.004476,0.000424,68.115954,-0.059314,0.008811,0.02839,
2024-10-31,Financials,XLF,-0.013792,-0.01421,49.616366,-0.105726,0.009377,-2.142807,
2024-11-01,Financials,XLF,0.003442,0.000214,47.883604,-0.124348,0.008691,0.214959,
2024-11-04,Financials,XLF,-0.007719,-0.019699,42.326675,-0.156717,0.008376,-1.067969,
2024-11-05,Financials,XLF,0.009291,-0.004476,40.102815,-0.146389,0.00851,0.710599,
2024-11-06,Financials,XLF,0.060801,0.051347,64.696877,0.040765,0.015725,4.185841,
2024-11-07,Financials,XLF,-0.016145,0.048838,57.645458,0.10188,0.0163,-0.755214,
2024-11-08,Financials,XLF,0.009026,0.054674,63.087183,0.157878,0.015932,0.045882,
2024-11-11,Financials,XLF,0.01423,0.078004,66.997478,0.223586,0.016119,0.199188,
2024-11-12,Financials,XLF,-0.003007,0.064868,66.095414,0.238425,0.01618,-0.301693,
2024-11-13,Financials,XLF,0.000603,0.00444,66.053902,0.231282,0.016037,-0.197482,
2024-11-14,Financials,XLF,-0.002612,0.018256,69.369267,0.200232,0.016077,-0.247703,
2024-11-15,Financials,XLF,0.004634,0.013824,67.924441,0.177816,0.016078,-0.11706,
2024-11-18,Financials,XLF,0.003008,0.002606,71.291134,0.156594,0.01589,-0.174284,
2024-11-19,Financials,XLF,-0.006597,-0.001005,67.297184,0.106946,0.016001,-0.292995,
2024-11-20,Financials,XLF,-0.003019,-0.004621,72.173878,0.053063,0.016034,-0.255389,
2024-11-21,Financials,XLF,0.012717,0.010677,73.948382,0.047865,0.016183,0.080716,
2024-11-22,Financials,XLF,0.011162,0.017245,79.39233,0.068982,0.015912,-0.020178,
2024-11-25,Financials,XLF,0.006505,0.020792,79.116459,0.090986,0.015808,-0.093661,
2024-11-26,Financials,XLF,0.001958,0.029583,67.019039,0.097844,0.015636,-0.218383,
2024-11-27,Financials,XLF,0.001955,0.034719,81.141277,0.094626,0.015646,-0.213688,
2024-11-29,Financials,XLF,0.001561,0.023321,79.291409,0.0838,0.015077,-0.251682,
2024-12-02,Financials,XLF,-0.009934,0.001971,63.505703,0.031791,0.015446,-0.504956,
2024-12-03,Financials,XLF,-0.007476,-0.011947,59.5686,-0.03527,0.015436,-0.40969,
2024-12-04,Financials,XLF,-0.003766,-0.017592,56.330594,-0.096322,0.015496,-0.305074,
2024-12-05,Financials,XLF,0.002985,-0.016582,59.897185,-0.128987,0.007762,0.152567,
2024-12-06,Financials,XLF,-0.000198,-0.018309,57.220668,-0.151831,0.00666,-0.271432,
2024-12-09,Financials,XLF,-0.013691,-0.022034,46.318284,-0.209375,0.007254,-1.691979,
2024-12-10,Financials,XLF,-0.000201,-0.014866,50.128619,-0.242775,0.0065,0.014785,
2024-12-11,Financials,XLF,0.002012,-0.009152,53.385458,-0.251878,0.006481,0.239953,
2024-12-12,Financials,XLF,-0.004418,-0.016465,41.399583,-0.264655,0.006557,-0.327028,
2024-12-13,Financials,XLF,-0.000807,-0.017064,29.553334,-0.267238,0.006534,-0.099184,
2024-12-16,Financials,XLF,-0.001817,-0.00523,19.850235,-0.265804,0.006448,-0.168522,
2024-12-17,Financials,XLF,-0.007078,-0.012073,14.726182,-0.277534,0.00656,-0.97862,
2024-12-18,Financials,XLF,-0.029939,-0.043574,7.692455,-0.366104,0.009179,-3.615548,
2024-12-19,Financials,XLF,0.003569,-0.035902,9.588957,-0.395098,0.009261,0.608608,
2024-12-20,Financials,XLF,0.014854,-0.020791,24.672422,-0.350659,0.009447,1.617267,
2024-12-23,Financials,XLF,0.002401,-0.016653,28.877446,-0.298732,0.009016,0.40583,
2024-12-24,Financials,XLF,0.011772,0.002015,38.709423,-0.215723,0.00935,0.61571,
2024-12-26,Financials,XLF,0.002449,0.03547,38.322303,-0.145272,0.009362,0.324314,
2024-12-27,Financials,XLF,-0.00733,0.024224,35.639226,-0.11611,0.009396,-0.17764,
2024-12-30,Financials,XLF,-0.009641,-0.000497,37.256826,-0.120981,0.00949,-0.300995,
2024-12-31,Financials,XLF,0.001036,-0.001859,37.984264,-0.114089,0.009373,0.2923,
2025-01-02,Financials,XLF,-0.002483,-0.015922,35.767966,-0.110571,0.009294,0.062742,
2025-01-03,Financials,XLF,0.007882,-0.010589,42.211582,-0.07779,0.00954,0.544108,
2025-01-06,Financials,XLF,-0.003087,-0.006359,41.302294,-0.061398,0.009488,-0.085756,
2025-01-07,Financials,XLF,-0.002271,0.001036,41.138363,-0.053492,0.009482,-0.008891,
2025-01-08,Financials,XLF,0.003311,0.003311,45.941342,-0.034289,0.009119,0.385189,
2025-01-10,Financials,XLF,-0.024129,-0.018461,48.842041,-0.092221,0.010478,-1.846774,
2025-01-13,Financials,XLF,0.007185,-0.01914,50.652956,-0.100695,0.01065,0.656921,
2025-01-14,Financials,XLF,0.012379,-0.003922,49.426269,-0.061841,0.011096,0.955381,
2025-01-15,Financials,XLF,0.025492,0.023795,59.106506,0.044858,0.012589,2.173112,
2025-01-16,Financials,XLF,0.006669,0.027222,57.347641,0.132028,0.012659,0.336167,
2025-01-17,Financials,XLF,0.008432,0.061496,59.523775,0.207721,0.012636,0.481999,
2025-01-21,Financials,XLF,0.008362,0.062736,65.993221,0.271782,0.010322,0.269422,
2025-01-22,Financials,XLF,-0.004738,0.044767,68.651413,0.283243,0.010479,-0.543871,
2025-01-23,Financials,XLF,0.005753,0.024656,69.915857,0.293678,0.010125,0.200509,
2025-01-24,Financials,XLF,0.002959,0.020879,72.073556,0.293488,0.010126,0.064178,
2025-01-27,Financials,XLF,0.011013,0.023492,72.889584,0.311652,0.01009,1.091502,
2025-01-28,Financials,XLF,-0.001751,0.013228,73.606511,0.298956,0.010134,-0.322705,
2025-01-29,Financials,XLF,-0.000779,0.017258,74.460949,0.270032,0.009912,-0.277795,
2025-01-30,Financials,XLF,0.009555,0.021105,75.786061,0.265026,0.00959,0.87312,
2025-01-31,Financials,XLF,-0.005795,0.012193,87.796028,0.2252,0.009803,-0.718206,
2025-02-03,Financials,XLF,-0.00408,-0.002918,83.582055,0.17076,0.009858,-0.839004,
2025-02-04,Financials,XLF,-0.002341,-0.003507,79.550111,0.11526,0.009863,-0.402835,
2025-02-05,Financials,XLF,0.010559,0.0078,76.190485,0.103072,0.009921,0.412066,
2025-02-06,Financials,XLF,0.00832,0.006567,76.744167,0.111547,0.009891,0.223319,
2025-02-07,Financials,XLF,-0.005565,0.0068,69.064784,0.087188,0.010111,-0.694357,
2025-02-10,Financials,XLF,-0.007912,0.002926,59.134561,0.035813,0.008273,-1.136294,
2025-02-11,Financials,XLF,0.002529,0.007822,63.950633,0.003932,0.008249,-0.175601,
2025-02-12,Financials,XLF,-0.003492,-0.006192,58.37568,-0.033481,0.008159,-0.722684,
2025-02-13,Financials,XLF,0.00662,-0.007868,60.290625,-0.039762,0.006326,0.504099,
2025-02-14,Financials,XLF,0.001934,-0.000386,55.313361,-0.041138,0.006238,-0.094055,
2025-02-18,Financials,XLF,0.007143,0.014783,60.759525,-0.022367,0.006174,0.562802,
2025-02-19,Financials,XLF,0.000383,0.012611,61.577567,-0.013818,0.005991,-0.186424,
2025-02-20,Financials,XLF,-0.015329,0.000584,45.518854,-0.063441,0.006962,-2.304016,
2025-02-21,Financials,XLF,-0.012454,-0.018375,42.139717,-0.136759,0.007477,-1.77696,
2025-02-24,Financials,XLF,0.004335,-0.016023,46.841028,-0.166922,0.007511,0.667339,
2025-02-25,Financials,XLF,-0.000196,-0.023193,47.991038,-0.182476,0.007063,0.067158,
2025-02-26,Financials,XLF,-0.002159,-0.025675,39.753051,-0.193905,0.007067,-0.109096,
2025-02-27,Financials,XLF,0.005506,-0.005059,37.435953,-0.177285,0.00719,0.786594,
2025-02-28,Financials,XLF,0.020536,0.028177,53.86264,-0.095335,0.008301,3.028457,
2025-03-03,Financials,XLF,-0.008432,0.015107,53.518179,-0.069818,0.008425,-1.426899,
2025-03-04,Financials,XLF,-0.035176,-0.020408,37.304062,-0.167268,0.011561,-3.70302,
2025-03-05,Financials,XLF,0.005809,-0.012586,41.140208,-0.204173,0.011664,0.631694,
2025-03-06,Financials,XLF,-0.016531,-0.034226,33.381085,-0.270863,0.011841,-0.781465,
2025-03-07,Financials,XLF,-0.005265,-0.058643,31.232505,-0.316416,0.011592,-0.244198,
2025-03-10,Financials,XLF,-0.022394,-0.071898,23.634079,-0.398212,0.012381,-1.478335,
2025-03-11,Financials,XLF,-0.008538,-0.046274,22.276066,-0.454321,0.012393,-0.300822,
2025-03-12,Financials,XLF,0.00147,-0.050388,25.365288,-0.460296,0.012367,0.431069,
2025-03-13,Financials,XLF,-0.005453,-0.039692,26.713359,-0.45415,0.012372,0.065728,
2025-03-14,Financials,XLF,0.023197,-0.012215,34.744738,-0.354531,0.013608,1.408859,
2025-03-17,Financials,XLF,0.011748,0.022282,39.115267,-0.233928,0.01397,0.753611,
2025-03-18,Financials,XLF,-0.001222,0.029826,39.344276,-0.145411,0.013788,0.23535,
2025-03-19,Financials,XLF,0.011014,0.039639,41.136375,-0.043743,0.014126,0.715902,
2025-03-20,Financials,XLF,0.001412,0.046816,33.759602,0.031507,0.013817,0.273981,
2025-03-21,Financials,XLF,-0.003626,0.019373,34.920627,0.070528,0.013592,0.003032,
2025-03-24,Financials,XLF,0.017634,0.025304,53.116647,0.15052,0.01419,0.885799,
2025-03-25,Financials,XLF,0.005583,0.03229,53.052885,0.214639,0.014255,0.28693,
2025-03-26,Financials,XLF,-0.002975,0.018007,59.138019,0.237933,0.014262,0.045426,
2025-03-27,Financials,XLF,-0.001989,0.01455,60.775917,0.237019,0.014201,0.111691,
2025-03-28,Financials,XLF,-0.01933,-0.001441,62.139359,0.165762,0.013863,-0.586868,
2025-03-31,Financials,XLF,0.012193,-0.00678,70.420323,0.152444,0.014174,0.692721,47.1691
2025-04-01,Financials,XLF,-0.001205,-0.013484,69.335838,0.134312,0.011773,0.026095,47.1691
2025-04-02,Financials,XLF,0.008241,-0.002387,74.467793,0.143344,0.011848,0.631556,47.1691
2025-04-03,Financials,XLF,-0.049242,-0.049621,45.532371,-0.012396,0.015858,-3.70683,47.1691
2025-04-04,Financials,XLF,-0.073181,-0.101809,27.003863,-0.327326,0.022572,-3.605939,47.1691
2025-04-07,Financials,XLF,-0.002489,-0.114836,26.872167,-0.512352,0.022192,0.085165,47.1691
2025-04-08,Financials,XLF,-0.003856,-0.117186,22.448904,-0.608862,0.022165,0.108081,47.1691
2025-04-09,Financials,XLF,0.075364,-0.058413,41.531419,-0.424737,0.028351,3.382934,47.1691
2025-04-10,Financials,XLF,-0.027948,-0.037324,38.220706,-0.364381,0.02902,-0.631205,47.1691
2025-04-11,Financials,XLF,0.016554,0.055882,37.746488,-0.253213,0.028765,0.288962,47.1691
2025-04-14,Financials,XLF,0.010285,0.069403,38.611111,-0.133044,0.028732,0.158451,47.1691
2025-04-15,Financials,XLF,0.002545,0.076275,39.526806,-0.035855,0.028746,0.049066,47.1691
2025-04-16,Financials,XLF,-0.015655,-0.014821,37.841453,-0.012131,0.028766,-0.150469,47.1691
2025-04-17,Financials,XLF,0.002579,0.016119,40.960455,0.018379,0.028775,0.076735,47.1691
2025-04-21,Financials,XLF,-0.021436,-0.021856,35.714276,-0.018888,0.029085,-0.185749,47.1691
2025-04-22,Financials,XLF,0.033078,0.000212,41.911309,0.061108,0.029868,0.355275,47.1691
2025-04-23,Financials,XLF,0.011875,0.00952,42.450518,0.150563,0.029992,0.183013,47.1691
2025-04-24,Financials,XLF,0.011106,0.036965,51.969067,0.239029,0.030141,0.102934,47.1691
2025-04-25,Financials,XLF,-0.004767,0.029368,67.42699,0.27393,0.030149,-0.004149,47.1691
2025-04-28,Financials,XLF,0.003124,0.055203,68.545408,0.296684,0.029877,0.043596,47.1691
2025-04-29,Financials,XLF,0.01038,0.032019,70.96203,0.331954,0.029839,0.127691,47.1691
2025-04-30,Financials,XLF,0.001849,0.021794,59.432764,0.346694,0.029844,0.031636,47.1691
2025-05-01,Financials,XLF,-0.000205,0.010363,70.882401,0.340719,0.029773,0.018654,47.1691
2025-05-02,Financials,XLF,0.020718,0.036235,71.914904,0.385402,0.027855,0.136391,47.1691
2025-05-05,Financials,XLF,-0.006431,0.026365,66.618336,0.375028,0.021609,-0.264685,47.1691
2025-05-06,Financials,XLF,-0.005663,0.010068,63.404296,0.332349,0.021684,-0.272495,47.1691
2025-05-07,Financials,XLF,0.005899,0.014151,72.121319,0.306724,0.021568,-0.171604,47.1691
2025-05-08,Financials,XLF,0.008291,0.022769,73.294725,0.299974,0.014196,0.255297,47.1691
2025-05-09,Financials,XLF,0.0,0.00201,85.738657,0.278958,0.012252,-0.351326,47.1691
2025-05-12,Financials,XLF,0.020257,0.028924,84.415695,0.312941,0.012474,1.425705,47.1691
2025-05-13,Financials,XLF,0.004128,0.039056,83.333461,0.328624,0.012397,-0.029227,47.1691
2025-05-14,Financials,XLF,-0.002741,0.030131,78.924736,0.309269,0.012487,-0.498274,47.1691
2025-05-15,Financials,XLF,0.006675,0.02848,84.24378,0.298431,0.011623,0.084342,47.1691
2025-05-16,Financials,XLF,0.006045,0.034697,84.756151,0.290931,0.011612,0.265101,47.1691
2025-05-19,Financials,XLF,0.000582,0.014743,83.146123,0.267658,0.009877,-0.618423,47.1691
2025-05-20,Financials,XLF,-0.005424,0.00509,77.801858,0.215626,0.007923,-1.073801,47.1691
2025-05-21,Financials,XLF,-0.020452,-0.01276,63.556325,0.099412,0.009445,-2.579659,47.1691
2025-05-22,Financials,XLF,-0.001193,-0.020476,54.968364,0.011054,0.009265,-0.365301,47.1691
2025-05-23,Financials,XLF,-0.003583,-0.029851,56.644908,-0.062779,0.009223,-0.592873,47.1691
2025-05-27,Financials,XLF,0.017582,-0.013367,67.052011,-0.056877,0.009852,1.470719,47.1691
2025-05-28,Financials,XLF,-0.006676,-0.014609,60.8778,-0.077851,0.009902,-0.787743,47.1691
2025-05-29,Financials,XLF,0.005139,0.011135,59.724906,-0.076687,0.009927,0.217146,47.1691
2025-05-30,Financials,XLF,0.002163,0.014533,60.576869,-0.070958,0.009912,-0.039823,47.1691
2025-06-02,Financials,XLF,0.000392,0.018581,51.306396,-0.068165,0.008912,-0.142187,47.1691
2025-06-03,Financials,XLF,0.001962,0.002945,50.0,-0.062174,0.008727,-0.018665,47.1691
2025-06-04,Financials,XLF,-0.005677,0.003953,48.235325,-0.078862,0.008727,-0.619093,47.1691
2025-06-05,Financials,XLF,-0.002756,-0.003933,42.222186,-0.099283,0.008721,-0.505043,47.1691
2025-06-06,Financials,XLF,0.012438,0.00628,46.453179,-0.072354,0.008944,1.037718,47.1691
2025-06-09,Financials,XLF,-0.00546,0.000392,43.290089,-0.074186,0.009073,-0.601563,47.1691
2025-06-10,Financials,XLF,0.001177,-0.000392,46.8182,-0.07241,0.007886,0.052555,47.1691
2025-06-11,Financials,XLF,-0.001175,0.004135,60.410509,-0.075844,0.007836,-0.181619,47.1691
2025-06-12,Financials,XLF,0.0,0.00691,61.49245,-0.078419,0.007811,-0.043812,47.1691
2025-06-13,Financials,XLF,-0.020392,-0.025741,48.931039,-0.145503,0.008881,-2.773061,47.1691
2025-06-16,Financials,XLF,0.011409,-0.009216,44.871839,-0.147987,0.009189,1.175008,47.1691
2025-06-17,Financials,XLF,-0.005739,-0.01606,45.454637,-0.163563,0.00924,-0.304156,47.1691
2025-06-18,Financials,XLF,-0.000398,-0.015294,41.274373,-0.169186,0.009191,0.091389,47.1691
2025-06-20,Financials,XLF,0.002788,-0.012549,41.758327,-0.157836,0.008003,0.376925,47.1691
2025-06-23,Financials,XLF,0.012593,0.0207,50.166492,-0.105025,0.008466,1.413988,47.1691
2025-06-24,Financials,XLF,0.014955,0.024278,56.882186,-0.020684,0.008962,1.43414,47.1691
2025-06-25,Financials,XLF,-0.003296,0.026795,58.298136,0.020396,0.0082,-0.357125,47.1691
2025-06-26,Financials,XLF,0.007392,0.034797,63.073775,0.066847,0.00814,0.651261,47.1691
2025-06-27,Financials,XLF,0.002896,0.034909,59.190203,0.099571,0.008101,0.19823,47.1691
2025-06-30,Financials,XLF,0.008279,0.0305,66.446508,0.139407,0.008251,0.808399,63.5915
2025-07-01,Financials,XLF,0.005538,0.020938,68.014922,0.172466,0.008292,0.336305,63.5915
2025-07-02,Financials,XLF,-0.00076,0.023536,68.289477,0.178341,0.008312,-0.243306,63.5915
2025-07-03,Financials,XLF,0.010832,0.027032,71.590844,0.20493,0.008362,0.544537,63.5915
2025-07-07,Financials,XLF,-0.009588,0.014247,79.207145,0.174535,0.00872,-1.047832,63.5915
2025-07-08,Financials,XLF,-0.008922,-0.003055,69.096964,0.112141,0.008705,-1.301589,63.5915
2025-07-09,Financials,XLF,0.003639,-0.004937,74.535556,0.074327,0.008581,0.248082,63.5915
2025-07-10,Financials,XLF,0.005916,0.00171,76.396016,0.0613,0.008635,0.313868,63.5915
2025-07-11,Financials,XLF,-0.010434,-0.019364,68.085135,0.010118,0.009041,-0.881789,63.5915
2025-07-14,Financials,XLF,0.007477,-0.002468,66.602698,-0.00304,0.009137,0.417794,63.5915
2025-07-15,Financials,XLF,-0.017126,-0.010726,50.654245,-0.073018,0.008742,-2.480967,63.5915
2025-07-16,Financials,XLF,0.00697,-0.007443,55.415208,-0.095318,0.008541,0.784285,63.5915
2025-07-17,Financials,XLF,0.009614,-0.003794,56.360441,-0.077519,0.008532,1.066081,63.5915
2025-07-18,Financials,XLF,0.000571,0.007285,55.415239,-0.064981,0.008518,-0.19537,63.5915
2025-07-21,Financials,XLF,-0.002855,-0.003045,50.190157,-0.067602,0.0086,-0.504165,63.5915
2025-07-22,Financials,XLF,0.005535,0.019942,50.190121,-0.051686,0.008289,0.357402,63.5915
2025-07-23,Financials,XLF,0.007973,0.020958,54.255328,-0.016669,0.007843,0.681251,63.5915
2025-07-24,Financials,XLF,-0.000565,0.010665,48.823565,0.000145,0.007778,-0.193993,63.5915
2025-07-25,Financials,XLF,0.006972,0.01713,57.661319,0.029891,0.007763,0.516423,63.5915
2025-07-28,Financials,XLF,-0.006924,0.01298,58.847808,0.019451,0.007984,-0.706746,63.5915
2025-07-29,Financials,XLF,-0.005088,0.002278,54.048569,-0.009369,0.007911,-0.605481,63.5915
2025-07-30,Financials,XLF,-0.001894,-0.007533,49.894268,-0.037456,0.007833,-0.174855,63.5915
2025-07-31,Financials,XLF,-0.006262,-0.01319,52.328135,-0.07803,0.007959,-0.82367,63.5915
2025-08-01,Financials,XLF,-0.018522,-0.038174,38.703348,-0.164486,0.008504,-2.689615,63.5915
2025-08-04,Financials,XLF,0.009922,-0.021858,52.765927,-0.181461,0.008666,1.13565,63.5915
2025-08-05,Financials,XLF,-0.004045,-0.020833,46.593401,-0.198987,0.008489,-0.220206,63.5915
2025-08-06,Financials,XLF,0.004836,-0.014231,43.488386,-0.186478,0.008524,0.53412,63.5915
2025-08-07,Financials,XLF,-0.011165,-0.019095,37.938064,-0.207717,0.008712,-0.992347,63.5915
2025-08-08,Financials,XLF,0.009344,0.008755,44.787597,-0.181674,0.008737,1.001781,63.5915
2025-08-11,Financials,XLF,-0.000386,-0.001541,41.344196,-0.158479,0.008545,0.108809,63.5915
2025-08-12,Financials,XLF,0.012155,0.0147,43.750005,-0.096933,0.00807,1.171535,63.5915
2025-08-13,Financials,XLF,0.005719,0.015592,47.12431,-0.035165,0.008024,0.612141,63.5915
2025-08-14,Financials,XLF,0.004738,0.031925,45.920314,0.020431,0.007812,0.49543,63.5915
2025-08-15,Financials,XLF,-0.010375,0.011765,44.403669,0.018747,0.008181,-1.163107,63.5915
2025-08-18,Financials,XLF,0.000763,0.012927,47.126465,0.018415,0.008156,0.129688,63.5915
2025-08-19,Financials,XLF,0.001905,0.002669,49.042155,0.022688,0.008069,0.222206,63.5915
2025-08-20,Financials,XLF,0.005133,0.002085,54.844953,0.040292,0.007945,0.639809,63.5915
2025-08-21,Financials,XLF,-0.003215,-0.005848,64.908192,0.037491,0.007974,-0.13415,63.5915
2025-08-22,Financials,XLF,0.016509,0.021159,67.584703,0.087546,0.008686,1.911424,63.5915
2025-08-25,Financials,XLF,-0.005787,0.014476,66.182493,0.093493,0.008641,-0.318847,63.5915
2025-08-26,Financials,XLF,0.007698,0.020342,67.269002,0.116674,0.008701,0.495607,63.5915
2025-08-27,Financials,XLF,0.00205,0.017212,76.718378,0.130257,0.00868,0.154871,63.5915
2025-08-28,Financials,XLF,0.001302,0.021822,74.390227,0.134293,0.008507,0.010813,63.5915
2025-08-29,Financials,XLF,0.0026,0.00784,75.592411,0.136242,0.007094,-0.008321,63.5915
2025-09-02,Financials,XLF,-0.007409,0.006196,64.160394,0.102416,0.007196,-1.17219,63.5915
2025-09-03,Financials,XLF,-0.001679,-0.003167,59.788333,0.067256,0.007117,-0.429315,63.5915
2025-09-04,Financials,XLF,0.010467,0.005207,62.836224,0.073942,0.007353,0.889557,63.5915
2025-09-05,Financials,XLF,-0.018313,-0.014485,56.732875,0.008588,0.008157,-2.9524,63.5915
2025-09-08,Financials,XLF,0.000754,-0.016299,56.732875,-0.033558,0.007955,0.023505,63.5915
2025-09-09,Financials,XLF,0.004331,-0.004665,57.939911,-0.046888,0.007975,0.352734,63.5915
2025-09-10,Financials,XLF,-0.003375,-0.006355,53.172837,-0.067209,0.007628,-0.335547,63.5915
2025-09-11,Financials,XLF,0.016366,-0.000555,62.618521,-0.024477,0.008336,1.508143,63.5915
2025-09-12,Financials,XLF,-0.004257,0.013755,52.483756,-0.013778,0.008379,-0.32437,63.5915
2025-09-15,Financials,XLF,-0.00223,0.010732,54.729762,-0.016748,0.007998,-0.290456,63.5915
2025-09-16,Financials,XLF,-0.002235,0.004124,48.674735,-0.028092,0.008034,-0.257701,63.5915
2025-09-17,Financials,XLF,0.009709,0.017306,53.289554,-0.003667,0.008265,1.106318,63.5915
2025-09-18,Financials,XLF,0.000924,0.001851,53.083697,0.012267,0.008219,-0.022561,63.5915
2025-09-19,Financials,XLF,0.002217,0.008364,52.876097,0.02643,0.008154,0.138217,63.5915
2025-09-22,Financials,XLF,-0.001332,0.009273,57.010086,0.026556,0.007361,-0.163472,63.5915
2025-09-23,Financials,XLF,-0.004444,0.007038,55.030701,0.007189,0.007306,-0.421404,63.5915
2025-09-24,Financials,XLF,-0.00279,-0.005428,46.523186,-0.017703,0.007149,-0.196492,63.5915
2025-09-25,Financials,XLF,-0.002611,-0.008941,59.338926,-0.04408,0.007159,-0.168273,63.5915
2025-09-26,Financials,XLF,0.007294,-0.003921,63.496794,-0.036372,0.007343,0.676776,63.5915
2025-09-29,Financials,XLF,0.005013,0.002407,63.926172,-0.015214,0.007405,0.312794,63.5915
2025-09-30,Financials,XLF,-0.004803,0.002046,62.473112,-0.020232,0.007283,-0.49786,64.0665
2025-10-01,Financials,XLF,-0.00891,-0.004104,42.674254,-0.055269,0.007569,-0.8729,64.0665
2025-10-02,Financials,XLF,-0.000749,-0.002244,45.394447,-0.079317,0.007164,-0.003057,64.0665
2025-10-03,Financials,XLF,0.006935,-0.002599,53.356799,-0.069097,0.005981,0.849304,64.0665
2025-10-06,Financials,XLF,-0.000372,-0.007944,55.060286,-0.062452,0.005987,-0.237087,64.0665
2025-10-07,Financials,XLF,0.001304,-0.001856,47.518918,-0.05256,0.005929,0.039236,64.0665
2025-10-08,Financials,XLF,-0.004836,0.002248,42.323782,-0.061909,0.005989,-0.759168,64.0665
2025-10-09,Financials,XLF,-0.003551,-0.000562,37.262891,-0.078259,0.00474,-0.692619,64.0665
2025-10-10,Financials,XLF,-0.021755,-0.02904,27.227765,-0.159334,0.006687,-3.856621,64.0665
2025-10-13,Financials,XLF,0.009586,-0.019367,37.209319,-0.171334,0.007115,1.070665,64.0665
2025-10-14,Financials,XLF,0.011014,-0.009857,46.088806,-0.13396,0.007573,1.607577,64.0665
2025-10-15,Financials,XLF,0.0,-0.005046,47.494551,-0.103988,0.007213,0.099067,64.0665
2025-10-16,Financials,XLF,-0.027799,-0.029257,31.514123,-0.173631,0.009418,-3.290372,64.0665
2025-10-17,Financials,XLF,0.008114,0.000383,33.276179,-0.181451,0.009647,0.836177,64.0665
2025-10-20,Financials,XLF,0.01169,0.002469,41.262145,-0.137675,0.010105,0.837538,64.0665
2025-10-21,Financials,XLF,-0.001137,-0.009579,44.270867,-0.105933,0.010074,0.116699,64.0665
2025-10-22,Financials,XLF,-0.005689,-0.015214,42.358805,-0.098341,0.010123,-0.253844,64.0665
2025-10-23,Financials,XLF,0.002098,0.01507,39.75694,-0.080118,0.01014,0.26371,64.0665
2025-10-24,Financials,XLF,0.010849,0.017823,45.32489,-0.026901,0.010319,0.659042,64.0665
2025-10-27,Financials,XLF,0.004142,0.010229,46.594426,0.023377,0.010296,0.324972,64.0665
2025-10-28,Financials,XLF,-0.006375,0.004931,46.024508,0.033693,0.010335,-0.136355,64.0665
2025-10-29,Financials,XLF,-0.016984,-0.006485,41.517248,-0.017088,0.010816,-1.220765,64.0665
2025-10-30,Financials,XLF,0.002688,-0.0059,50.561777,-0.037661,0.01085,0.380101,64.0665
2025-10-31,Financials,XLF,0.00268,-0.013933,47.529802,-0.038136,0.010727,0.358967,64.0665
2025-11-03,Financials,XLF,-0.004201,-0.022126,40.108881,-0.04868,0.010746,-0.000828,64.0665
2025-11-04,Financials,XLF,0.005177,-0.010757,42.906499,-0.033868,0.010832,0.521874,64.0665
2025-11-05,Financials,XLF,0.003434,0.009791,59.375021,-0.009558,0.010844,0.36587,64.0665
2025-11-06,Financials,XLF,-0.003612,0.003446,52.705941,-0.003956,0.010845,-0.017486,64.0665
2025-11-07,Financials,XLF,0.00706,0.007829,49.875309,0.025066,0.009776,0.563059,64.0665
2025-11-10,Financials,XLF,0.0036,0.015724,52.898566,0.0558,0.009577,0.317537,64.0665
2025-11-11,Financials,XLF,0.004531,0.015071,59.558851,0.089032,0.009303,0.348107,64.0665
2025-11-12,Financials,XLF,0.008645,0.020342,62.753978,0.135805,0.009501,0.721734,64.0665
2025-11-13,Financials,XLF,-0.012856,0.010876,48.571438,0.115543,0.00755,-1.800179,64.0665
2025-11-14,Financials,XLF,-0.010004,-0.006252,40.94646,0.064186,0.00776,-1.172404,64.0665
2025-11-17,Financials,XLF,-0.019066,-0.028695,36.050692,-0.033851,0.008402,-2.665712,64.0665
2025-11-18,Financials,XLF,-0.001555,-0.03458,42.340379,-0.097722,0.008402,0.027083,64.0665
2025-11-19,Financials,XLF,0.003699,-0.039314,42.947382,-0.119524,0.008405,0.567628,64.0665
2025-11-20,Financials,XLF,-0.008728,-0.035296,37.549418,-0.154035,0.008556,-1.028395,64.0665
2025-11-21,Financials,XLF,0.010957,-0.014871,45.555538,-0.13045,0.008564,1.71075,64.0665
2025-11-24,Financials,XLF,0.004258,0.008552,45.04678,-0.092901,0.008568,0.569367,64.0665
2025-11-25,Financials,XLF,0.012527,0.022776,49.484559,-0.021151,0.009013,1.315101,64.0665
2025-11-26,Financials,XLF,0.007804,0.026959,54.470186,0.053137,0.008286,0.556736,64.0665
2025-11-28,Financials,XLF,0.007177,0.043436,54.545472,0.123104,0.008398,0.226135,64.0665
2025-12-01,Financials,XLF,-0.008251,0.023611,49.365068,0.134531,0.00864,-0.480206,64.0665
2025-12-02,Financials,XLF,-0.000945,0.018308,46.972186,0.133037,0.008577,-0.051354,64.0665
2025-12-03,Financials,XLF,0.013437,0.019223,49.056617,0.171305,0.008993,0.868322,64.0665
2025-12-04,Financials,XLF,0.002054,0.013409,55.882322,0.194136,0.008979,0.134926,64.0665
2025-12-05,Financials,XLF,0.000373,0.006563,61.669815,0.199958,0.008915,-0.002097,64.0665
2025-12-08,Financials,XLF,-0.003726,0.011155,72.706833,0.180438,0.00887,-0.219677,64.0665
2025-12-09,Financials,XLF,-0.00374,0.008327,70.806089,0.145647,0.008895,-0.304987,64.0665
2025-12-10,Financials,XLF,0.011449,0.006349,73.253461,0.154025,0.009197,1.06614,64.0665
2025-12-11,Financials,XLF,0.018185,0.022549,83.934995,0.212079,0.009856,1.733347,64.0665
2025-12-12,Financials,XLF,0.001458,0.023659,82.41105,0.240801,0.009288,0.073007,64.0665
2025-12-15,Financials,XLF,0.000728,0.028235,81.76228,0.246552,0.008867,-0.112396,64.0665
2025-12-16,Financials,XLF,-0.006365,0.025526,72.925707,0.212366,0.007615,-0.998587,64.0665
2025-12-17,Financials,XLF,-0.000183,0.013732,70.095696,0.17597,0.007577,-0.399186,64.0665
2025-12-18,Financials,XLF,-0.001647,-0.006014,65.552679,0.134632,0.007649,-0.50011,64.0665
2025-12-19,Financials,XLF,0.005501,-0.002002,75.999967,0.116733,0.007163,0.251539,64.0665
2025-12-22,Financials,XLF,0.012278,0.009517,80.56408,0.137818,0.00724,0.991712,64.0665
2025-12-23,Financials,XLF,0.001988,0.018004,77.475851,0.146301,0.007248,-0.328725,64.0665
2025-12-24,Financials,XLF,0.005412,0.023701,78.561218,0.158169,0.00695,-0.13452,64.0665
2025-12-26,Financials,XLF,-0.001974,0.023366,76.316943,0.145145,0.006949,-0.512306,64.0665
2025-12-29,Financials,XLF,-0.005394,0.012278,74.461548,0.104809,0.007086,-0.935196,64.0665
2025-12-30,Financials,XLF,-0.002531,-0.002531,75.543175,0.059387,0.006757,-0.499597,64.0665
2025-12-31,Financials,XLF,-0.00743,-0.011907,63.742787,-0.004119,0.00707,-0.909491,68.9287
2026-01-02,Financials,XLF,0.002921,-0.014355,54.092362,-0.039432,0.006546,0.090843,68.9287
2026-01-05,Financials,XLF,0.021846,0.009169,66.371818,0.010899,0.007979,2.90894,68.9287
2026-01-06,Financials,XLF,0.00481,0.019523,68.123395,0.053199,0.007979,0.100431,68.9287
2026-01-07,Financials,XLF,-0.014007,0.007793,61.93828,0.020826,0.008711,-1.782011,68.9287
2026-01-08,Financials,XLF,0.005215,0.020632,64.205927,0.01187,0.008622,0.10487,68.9287
2026-01-09,Financials,XLF,-0.003041,0.014564,63.218066,-0.011173,0.008447,-0.490939,68.9287
2026-01-12,Financials,XLF,-0.007895,-0.014965,55.978395,-0.058954,0.007786,-1.026314,68.9287
2026-01-13,Financials,XLF,-0.019172,-0.038475,40.521732,-0.158966,0.008945,-2.881351,68.9287
2026-01-14,Financials,XLF,-0.001475,-0.026254,38.811205,-0.223888,0.008943,-0.100907,68.9287
2026-01-15,Financials,XLF,0.004063,-0.02737,37.943248,-0.243857,0.00889,0.424069,68.9287
2026-01-16,Financials,XLF,0.001287,-0.023147,39.464279,-0.243571,0.008895,0.138797,68.9287
2026-01-20,Financials,XLF,-0.022777,-0.037801,33.792043,-0.313221,0.010256,-2.115266,68.9287
2026-01-21,Financials,XLF,0.004887,-0.014199,37.087063,-0.327106,0.010237,0.547431,68.9287
2026-01-22,Financials,XLF,0.006547,-0.006279,42.727274,-0.29885,0.009919,0.683251,68.9287
2026-01-23,Financials,XLF,-0.013752,-0.02391,37.04736,-0.314186,0.01026,-0.905528,68.9287
2026-01-26,Financials,XLF,0.006407,-0.01892,28.48097,-0.286755,0.010301,0.530904,68.9287
2026-01-27,Financials,XLF,-0.007676,-0.003759,23.684167,-0.28092,0.010377,-0.291347,68.9287
2026-01-28,Financials,XLF,-0.000189,-0.008792,26.936581,-0.262891,0.010362,0.183404,68.9287
2026-01-29,Financials,XLF,0.010568,-0.004832,30.252072,-0.201375,0.01074,1.048493,68.9287
2026-01-30,Financials,XLF,-0.002054,0.006972,30.560239,-0.157907,0.010649,-0.008304,68.9287
2026-02-02,Financials,XLF,0.01104,0.011608,39.569504,-0.083225,0.010964,0.953518,68.9287
2026-02-03,Financials,XLF,-0.009254,0.01,43.61311,-0.061911,0.009723,-0.846526,68.9287
2026-02-04,Financials,XLF,0.008033,0.018305,48.370485,-0.015976,0.009873,1.105461,68.9287
2026-02-05,Financials,XLF,-0.012417,-0.004855,41.401293,-0.02682,0.009778,-1.142118,68.9287
2026-02-06,Financials,XLF,0.018202,0.015344,48.746534,0.031503,0.010678,1.741696,68.9287
2026-02-09,Financials,XLF,-0.005898,-0.001666,55.910525,0.048144,0.01072,-0.114904,68.9287
2026-02-10,Financials,XLF,-0.00723,0.000374,50.704246,0.033235,0.0107,-0.48115,68.9287
2026-02-11,Financials,XLF,-0.015126,-0.022609,42.189774,-0.02741,0.010383,-1.450006,68.9287
2026-02-12,Financials,XLF,-0.019909,-0.030024,40.363124,-0.128718,0.011183,-2.454934,68.9287
2026-02-13,Financials,XLF,-0.000774,-0.048102,37.172037,-0.185782,0.011091,0.218058,68.9287
2026-02-17,Financials,XLF,0.010649,-0.032258,44.285704,-0.174241,0.011451,1.050193,68.9287
2026-02-18,Financials,XLF,0.007471,-0.017927,47.289982,-0.130065,0.010528,0.638798,68.9287
2026-02-19,Financials,XLF,-0.008367,-0.011187,40.358122,-0.120153,0.010586,-0.419937,68.9287
2026-02-20,Financials,XLF,0.00652,0.015477,43.658244,-0.082437,0.010585,0.694759,68.9287
2026-02-23,Financials,XLF,-0.03353,-0.017812,30.9469,-0.162417,0.01256,-3.087361,68.9287
2026-02-24,Financials,XLF,0.004928,-0.023372,34.839502,-0.183985,0.012512,0.580157,68.9287
2026-02-25,Financials,XLF,0.017458,-0.013691,38.218721,-0.126758,0.013182,1.031121,68.9287
2026-02-26,Financials,XLF,0.012146,0.006711,45.526609,-0.039362,0.013506,0.880074,68.9287
2026-02-27,Financials,XLF,-0.020381,-0.020194,34.154553,-0.045483,0.013952,-1.358161,68.9287
2026-03-02,Financials,XLF,-0.002528,0.011236,34.897033,-0.050114,0.013953,0.077539,68.9287
2026-03-03,Financials,XLF,-0.001754,0.004512,36.137448,-0.050913,0.013615,0.123391,68.9287
2026-03-04,Financials,XLF,0.005663,-0.007133,42.171726,-0.025026,0.013639,0.52221,68.9287
2026-03-05,Financials,XLF,-0.005243,-0.02419,46.778728,-0.019268,0.013455,-0.019372,68.9287
2026-03-06,Financials,XLF,-0.012883,-0.016722,43.041235,-0.051146,0.013473,-0.663754,68.9287
2026-03-09,Financials,XLF,-0.004746,-0.018908,37.449691,-0.078159,0.012561,-0.009053,68.9287
2026-03-10,Financials,XLF,-0.005365,-0.022457,32.742164,-0.102434,0.012557,-0.008361,68.9287
2026-03-11,Financials,XLF,-0.00839,-0.036117,32.831744,-0.13301,0.012577,-0.10003,68.9287
2026-03-12,Financials,XLF,-0.016317,-0.046848,26.478142,-0.190391,0.012637,-0.734286,68.9287
2026-03-13,Financials,XLF,0.001229,-0.033221,34.868423,-0.205894,0.012088,0.374365,68.9287
2026-03-16,Financials,XLF,0.008386,-0.020465,36.538443,-0.171644,0.012336,0.695094,68.9287
2026-03-17,Financials,XLF,0.005274,-0.009988,29.411793,-0.117138,0.012096,0.575234,68.9287
2026-03-18,Financials,XLF,-0.011905,-0.013497,18.312424,-0.106494,0.012029,-0.282855,68.9287
2026-03-19,Financials,XLF,0.000408,0.003277,23.008877,-0.084928,0.012002,0.36206,68.9287
2026-03-20,Financials,XLF,0.001837,0.003886,25.223233,-0.053007,0.01185,0.516581,68.9287
2026-03-23,Financials,XLF,0.009031,0.004529,32.55078,0.006279,0.009773,1.326621,68.9287
2026-03-24,Financials,XLF,0.000203,-0.000538,28.403816,0.05209,0.009674,0.229395,68.9287
2026-03-25,Financials,XLF,0.001218,0.012735,31.163491,0.090126,0.008635,0.378233,68.9287
2026-03-26,Financials,XLF,-0.005878,0.006371,34.052458,0.098754,0.007973,-0.068723,68.9287
2026-03-27,Financials,XLF,-0.02528,-0.020869,27.173106,0.027644,0.008584,-2.563326,68.9287
2026-03-30,Financials,XLF,0.011504,-0.01847,36.214621,0.024455,0.009205,1.450852,68.9287
2026-03-31,Financials,XLF,0.020885,0.001826,49.8616,0.093305,0.010607,2.547672,49.2697
2026-04-01,Financials,XLF,0.001418,0.002027,58.439067,0.143497,0.010497,0.250478,49.2697
2026-04-02,Financials,XLF,0.00182,0.009786,58.684894,0.180313,0.010492,0.203735,49.2697
2026-04-06,Financials,XLF,0.007066,0.043296,58.212711,0.222996,0.010287,0.302414,49.2697
2026-04-07,Financials,XLF,0.0,0.031431,55.964245,0.244276,0.010235,-0.000737,49.2697
2026-04-08,Financials,XLF,0.026464,0.037067,72.384847,0.334707,0.011744,1.604111,49.2697
2026-04-09,Financials,XLF,0.002539,0.038228,72.922942,0.387033,0.011514,-0.046099,49.2697
2026-04-10,Financials,XLF,-0.01091,0.025035,65.855241,0.367818,0.011118,-0.779247,49.2697
2026-04-13,Financials,XLF,0.01753,0.035686,68.188733,0.396467,0.011624,0.602451,49.2697
2026-04-14,Financials,XLF,0.002323,0.038091,68.712574,0.40357,0.011557,-0.106776,49.2697
2026-04-15,Financials,XLF,0.007532,0.018945,70.18544,0.413107,0.011594,0.139038,49.2697
2026-04-16,Financials,XLF,-0.002684,0.013637,71.720123,0.388906,0.011149,-0.377724,49.2697
2026-04-17,Financials,XLF,0.007688,0.032696,88.372081,0.378401,0.011167,0.218952,49.2697
2026-04-20,Financials,XLF,0.003815,0.018777,87.654312,0.363406,0.011158,-0.146943,49.2697
2026-04-21,Financials,XLF,-0.00627,0.010042,79.358688,0.311731,0.011305,-0.550283,49.2697
2026-04-22,Financials,XLF,-0.001721,0.000767,77.644682,0.254381,0.011339,-0.304877,49.2697
2026-04-23,Financials,XLF,-0.007853,-0.004421,71.294541,0.175478,0.011591,-0.710462,49.2697
2026-04-24,Financials,XLF,-0.007336,-0.019264,64.365633,0.088716,0.01165,-0.492513,49.2697
2026-04-27,Financials,XLF,0.007585,-0.01558,66.782589,0.050516,0.00969,-0.051761,49.2697
2026-04-28,Financials,XLF,0.000772,-0.008604,57.27066,0.022303,0.009552,-0.331099,49.2697
2026-04-29,Financials,XLF,0.00135,-0.005555,56.689295,0.003693,0.00864,-0.203218,49.2697
2026-04-30,Financials,XLF,0.004045,0.006371,66.748755,0.001004,0.008642,0.062985,49.2697
2026-05-01,Financials,XLF,-0.004028,0.009724,53.846119,-0.018371,0.008771,-0.6972,49.2697
2026-05-04,Financials,XLF,-0.006548,-0.004439,47.222269,-0.055443,0.008916,-0.969294,49.2697
2026-05-05,Financials,XLF,0.000194,-0.005014,40.993834,-0.079202,0.008914,-0.171542,49.2697
2026-05-06,Financials,XLF,0.004846,-0.001541,47.147173,-0.077874,0.006822,0.7197,49.2697
2026-05-07,Financials,XLF,-0.005594,-0.011126,36.335409,-0.095176,0.006944,-0.839229,49.2697
2026-05-08,Financials,XLF,-0.006014,-0.013097,29.12915,-0.124306,0.006609,-0.808094,49.2697
2026-05-11,Financials,XLF,-0.001171,-0.007755,31.699372,-0.143086,0.005254,-0.082355,49.2697
2026-05-12,Financials,XLF,0.007816,-0.000194,40.652867,-0.124712,0.005542,1.710858,49.2697
2026-05-13,Financials,XLF,-0.011439,-0.016397,38.591593,-0.146909,0.005771,-1.614343,49.2697
2026-05-14,Financials,XLF,0.005883,-0.005044,48.126841,-0.136239,0.005965,1.103452,49.2697
2026-05-15,Financials,XLF,-0.003704,-0.002732,39.143688,-0.136488,0.005658,-0.309246,49.2697
2026-05-18,Financials,XLF,0.012525,0.010942,48.578855,-0.090287,0.006361,1.975384,49.2697
2026-05-19,Financials,XLF,-0.01237,-0.009306,40.76579,-0.098877,0.006768,-1.667943,49.2697
2026-05-20,Financials,XLF,0.010959,0.01314,45.093942,-0.06455,0.007285,1.805501,49.2697
2026-05-21,Financials,XLF,0.001355,0.008579,47.957006,-0.036247,0.007084,0.169918,49.2697
2026-05-22,Financials,XLF,0.00406,0.016438,53.982258,-0.004187,0.006924,0.311237,49.2697
2026-05-26,Financials,XLF,-0.001733,0.002126,52.826063,0.009412,0.006734,-0.191685,49.2697
2026-05-27,Financials,XLF,-0.008293,0.006262,45.606683,-0.010993,0.006984,-1.380015,49.2697
2026-05-28,Financials,XLF,-0.002917,-0.007549,46.982776,-0.033747,0.006994,-0.366818,49.2697
2026-05-29,Financials,XLF,0.006046,-0.0029,53.663786,-0.027346,0.007077,0.850705,49.2697
2026-06-01,Financials,XLF,-0.002908,-0.009819,52.6427,-0.032303,0.007053,-0.322704,49.2697
2026-06-02,Financials,XLF,0.000583,-0.007522,48.623824,-0.032557,0.006907,0.0702,49.2697
2026-06-03,Financials,XLF,-0.011465,-0.010696,48.623824,-0.069343,0.007358,-1.745432,49.2697
2026-06-04,Financials,XLF,0.025948,0.017944,58.364277,-0.005048,0.009417,3.305244,49.2697
2026-06-05,Financials,XLF,0.002108,0.013959,61.320747,0.042024,0.009317,0.080177,49.2697
2026-06-08,Financials,XLF,-0.00631,0.0105,52.304604,0.047657,0.009328,-0.680068,49.2697
2024-01-17,Healthcare,XLV,-0.002005,-0.006627,75.627965,-0.094571,0.006695,-0.578008,
2024-01-18,Healthcare,XLV,-0.000143,-0.011279,73.549158,-0.188202,0.006714,-0.312366,
2024-01-19,Healthcare,XLV,0.000574,-0.010009,72.548863,-0.252312,0.00663,-0.17675,
2024-01-22,Healthcare,XLV,0.004374,-0.003202,74.244291,-0.261396,0.005431,0.217535,
2024-01-23,Healthcare,XLV,-0.000714,0.002076,61.205151,-0.278571,0.004992,-0.452315,
2024-01-24,Healthcare,XLV,-0.009145,-0.005093,51.100724,-0.371829,0.005528,-1.699232,
2024-01-25,Healthcare,XLV,-0.001514,-0.006457,43.537087,-0.441257,0.00556,-0.48159,
2024-01-26,Healthcare,XLV,0.005705,-0.001363,51.14497,-0.429619,0.005613,0.347374,
2024-01-29,Healthcare,XLV,0.007037,0.001285,49.206441,-0.35512,0.005755,0.509619,
2024-01-30,Healthcare,XLV,0.002282,0.004287,51.8183,-0.284894,0.005757,-0.020217,
2024-01-31,Healthcare,XLV,-0.001352,0.012185,45.203144,-0.251735,0.004365,-0.48347,
2024-02-01,Healthcare,XLV,0.012965,0.026863,58.449674,-0.119397,0.005128,2.335558,
2024-02-02,Healthcare,XLV,-0.001477,0.01953,59.508369,-0.056365,0.005088,-0.526584,
2024-02-05,Healthcare,XLV,0.003099,0.015544,68.758454,1.2e-05,0.005089,0.516864,
2024-02-06,Healthcare,XLV,0.010883,0.024258,76.627868,0.11751,0.005268,2.191414,
2024-02-07,Healthcare,XLV,0.002709,0.028423,77.814779,0.195569,0.005266,0.219461,
2024-02-08,Healthcare,XLV,-0.001732,0.013502,75.492136,0.205022,0.005257,-0.442152,
2024-02-09,Healthcare,XLV,-0.000763,0.014226,72.800582,0.179119,0.005258,-0.312039,
2024-02-12,Healthcare,XLV,0.001319,0.012427,74.226539,0.150451,0.005189,-0.025381,
2024-02-13,Healthcare,XLV,-0.009293,-0.007779,73.719774,0.027144,0.005479,-2.201642,
2024-02-14,Healthcare,XLV,0.00868,-0.00187,78.614988,0.009541,0.005673,1.367841,
2024-02-15,Healthcare,XLV,0.007287,0.007147,79.166562,0.047412,0.00579,0.966158,
2024-02-16,Healthcare,XLV,0.003238,0.01118,78.056281,0.082299,0.005785,0.198294,
2024-02-20,Healthcare,XLV,-0.003365,0.006449,73.408461,0.054279,0.005889,-0.800437,
2024-02-21,Healthcare,XLV,0.002205,0.01813,75.683851,0.037974,0.005859,0.028925,
2024-02-22,Healthcare,XLV,0.011756,0.021235,75.409799,0.115239,0.005638,1.560888,
2024-02-23,Healthcare,XLV,0.004757,0.01867,78.634087,0.184745,0.005549,0.320587,
2024-02-26,Healthcare,XLV,-0.00514,0.010164,72.090817,0.155559,0.005824,-1.106721,
2024-02-27,Healthcare,XLV,-0.002447,0.011093,64.711901,0.09028,0.005843,-0.692435,
2024-02-28,Healthcare,XLV,-0.004975,0.00385,58.436031,-0.017151,0.006064,-1.011695,
2024-02-29,Healthcare,XLV,-0.00815,-0.015901,53.283223,-0.173613,0.006436,-1.513021,
2024-03-01,Healthcare,XLV,0.010496,-0.01028,59.652104,-0.185592,0.006227,1.329502,
2024-03-04,Healthcare,XLV,-0.001504,-0.006662,57.933772,-0.212943,0.006227,-0.499937,
2024-03-05,Healthcare,XLV,-0.00746,-0.011653,59.155976,-0.301496,0.006521,-1.310491,
2024-03-06,Healthcare,XLV,0.006827,6.9e-05,58.275908,-0.295195,0.006253,0.854754,
2024-03-07,Healthcare,XLV,0.004657,0.012982,56.90114,-0.248164,0.0063,0.412278,
2024-03-08,Healthcare,XLV,-0.001841,0.000615,53.671765,-0.235911,0.006302,-0.346168,
2024-03-11,Healthcare,XLV,-0.000546,0.001574,55.7438,-0.233877,0.0063,-0.173531,
2024-03-12,Healthcare,XLV,0.004646,0.01379,57.194786,-0.191097,0.006357,0.444903,
2024-03-13,Healthcare,XLV,-0.003877,0.003013,46.443288,-0.201436,0.006001,-0.773992,
2024-03-14,Healthcare,XLV,-0.00355,-0.005181,40.062206,-0.240993,0.005826,-0.759372,
2024-03-15,Healthcare,XLV,-0.003975,-0.007307,40.822692,-0.299934,0.005694,-0.826241,
2024-03-18,Healthcare,XLV,-0.000117,-0.006881,42.355068,-0.332636,0.005645,0.025618,
2024-03-19,Healthcare,XLV,0.006629,-0.004921,51.581639,-0.286136,0.00578,0.672064,
2024-03-20,Healthcare,XLV,-0.002264,-0.00331,56.785961,-0.271377,0.005794,-0.365438,
2024-03-21,Healthcare,XLV,0.001306,0.001548,48.787932,-0.244582,0.00513,0.390619,
2024-03-22,Healthcare,XLV,-0.001373,0.004164,48.91954,-0.235154,0.004991,0.005647,
2024-03-25,Healthcare,XLV,-0.001375,0.0029,55.853618,-0.236569,0.004882,-0.021628,
2024-03-26,Healthcare,XLV,0.003649,-6.9e-05,52.375765,-0.199127,0.00494,0.711118,
2024-03-27,Healthcare,XLV,0.013309,0.015538,60.895291,-0.051834,0.005641,2.33311,
2024-03-28,Healthcare,XLV,0.000135,0.01435,63.416489,0.038235,0.005241,-0.144987,
2024-04-01,Healthcare,XLV,-0.008529,0.007082,54.046899,0.008651,0.005189,-1.467323,
2024-04-02,Healthcare,XLV,-0.015566,-0.00723,37.952278,-0.157337,0.006276,-2.813233,
2024-04-03,Healthcare,XLV,-0.00111,-0.011937,39.638173,-0.26895,0.00606,-0.087808,
2024-04-04,Healthcare,XLV,-0.014441,-0.038995,33.876431,-0.458486,0.006613,-2.529187,
2024-04-05,Healthcare,XLV,0.008947,-0.030529,42.930848,-0.479179,0.006878,1.383378,
2024-04-08,Healthcare,XLV,-0.003212,-0.025329,41.329943,-0.498611,0.006893,-0.212696,
2024-04-09,Healthcare,XLV,0.003572,-0.006381,39.020012,-0.455246,0.006971,0.719477,
2024-04-10,Healthcare,XLV,-0.011726,-0.016941,34.898215,-0.508888,0.007246,-1.735933,
2024-04-11,Healthcare,XLV,-0.004096,-0.006622,32.421978,-0.551487,0.00725,-0.150337,
2024-04-12,Healthcare,XLV,-0.014893,-0.030093,28.334216,-0.677463,0.007824,-2.033376,
2024-04-15,Healthcare,XLV,-0.002016,-0.02893,28.184543,-0.73525,0.007813,0.100302,
2024-04-16,Healthcare,XLV,0.000361,-0.032037,25.834991,-0.725228,0.007821,0.383437,
2024-04-17,Healthcare,XLV,-0.001731,-0.022247,14.263604,-0.689473,0.007546,0.201914,
2024-04-18,Healthcare,XLV,-7.2e-05,-0.018296,14.120418,-0.623701,0.007567,0.356268,
2024-04-19,Healthcare,XLV,0.003756,0.000288,19.230625,-0.508439,0.00765,0.767981,
2024-04-22,Healthcare,XLV,0.003814,0.006132,27.507088,-0.366422,0.007771,0.692573,
2024-04-23,Healthcare,XLV,0.013049,0.018892,38.746967,-0.134647,0.008475,1.452069,
2024-04-24,Healthcare,XLV,-0.003114,0.01748,44.804423,0.00209,0.0084,0.012112,
2024-04-25,Healthcare,XLV,-0.006673,0.010763,33.759922,0.041238,0.007681,-0.367354,
2024-04-26,Healthcare,XLV,0.000286,0.007269,35.626351,0.077541,0.007684,0.40644,
2024-04-29,Healthcare,XLV,0.003358,0.006811,35.360852,0.136514,0.007667,0.583683,
2024-04-30,Healthcare,XLV,-0.000712,-0.006865,42.241321,0.171122,0.00698,0.175005,
2024-05-01,Healthcare,XLV,0.001781,-0.001988,47.240056,0.209851,0.007015,0.479214,
2024-05-02,Healthcare,XLV,-0.000711,0.004002,63.557964,0.227059,0.006283,0.065281,
2024-05-03,Healthcare,XLV,0.002491,0.006216,68.771595,0.257125,0.005928,0.514993,
2024-05-06,Healthcare,XLV,0.004047,0.006907,71.316658,0.30666,0.005996,0.494772,
2024-05-07,Healthcare,XLV,0.008274,0.015962,78.248902,0.402126,0.006249,1.061509,
2024-05-08,Healthcare,XLV,-0.003437,0.01067,73.427551,0.418032,0.005697,-0.260533,
2024-05-09,Healthcare,XLV,0.008587,0.020074,75.618579,0.487798,0.005897,0.923047,
2024-05-10,Healthcare,XLV,0.002024,0.019598,74.909183,0.529168,0.004594,0.00669,
2024-05-13,Healthcare,XLV,-0.000975,0.014498,66.36256,0.522835,0.004555,-0.498187,
2024-05-14,Healthcare,XLV,0.004252,0.010451,73.739668,0.532018,0.004577,0.319129,
2024-05-15,Healthcare,XLV,0.014855,0.028998,89.547353,0.643638,0.005324,2.357728,
2024-05-16,Healthcare,XLV,-0.001163,0.019051,87.609296,0.669612,0.00536,-0.653933,
2024-05-17,Healthcare,XLV,0.001918,0.018943,87.310562,0.666785,0.005356,-0.145091,
2024-05-20,Healthcare,XLV,-0.002119,0.017776,85.043883,0.608126,0.005449,-0.588503,
2024-05-21,Healthcare,XLV,0.001712,0.015202,85.043883,0.550718,0.004826,-0.148396,
2024-05-22,Healthcare,XLV,0.001778,0.00212,86.545845,0.496464,0.004689,-0.060137,
2024-05-23,Healthcare,XLV,-0.010921,-0.007669,71.474042,0.331133,0.005173,-1.93754,
2024-05-24,Healthcare,XLV,-0.003382,-0.012918,66.029811,0.172581,0.005292,-0.738333,
2024-05-28,Healthcare,XLV,-0.012117,-0.022808,50.500045,-0.051548,0.00609,-2.422314,
2024-05-29,Healthcare,XLV,-0.00778,-0.032068,47.551893,-0.265421,0.006381,-1.248306,
2024-05-30,Healthcare,XLV,0.000494,-0.033308,41.18249,-0.388243,0.006373,-0.025139,
2024-05-31,Healthcare,XLV,0.014616,-0.00835,50.489024,-0.323263,0.007112,1.982243,
2024-06-03,Healthcare,XLV,0.007028,0.002008,55.198007,-0.208649,0.007228,1.075212,
2024-06-04,Healthcare,XLV,0.002902,0.017243,54.484495,-0.104863,0.007211,0.124788,
2024-06-05,Healthcare,XLV,0.004548,0.029881,48.038311,0.001744,0.007069,0.243309,
2024-06-06,Healthcare,XLV,0.003292,0.032761,51.115277,0.09342,0.006999,0.087163,
2024-06-07,Healthcare,XLV,0.001094,0.018998,50.563854,0.150974,0.006796,-0.093818,
2024-06-10,Healthcare,XLV,0.003688,0.015617,54.46192,0.207227,0.006818,0.171976,
2024-06-11,Healthcare,XLV,-0.004151,0.008475,50.489751,0.188283,0.006907,-0.604087,
2024-06-12,Healthcare,XLV,-0.002118,0.001784,47.961044,0.141284,0.006898,-0.417266,
2024-06-13,Healthcare,XLV,-0.000822,-0.002324,55.203994,0.090565,0.006043,-0.12379,
2024-06-14,Healthcare,XLV,-0.000343,-0.003756,57.799296,0.044287,0.006038,-0.075877,
2024-06-17,Healthcare,XLV,-0.001029,-0.008437,69.716216,-0.003057,0.006024,-0.128662,
2024-06-18,Healthcare,XLV,0.001304,-0.003006,81.870703,-0.027596,0.006015,0.10194,
2024-06-20,Healthcare,XLV,0.00329,0.002396,82.896026,-0.018599,0.006049,0.431179,
2024-06-21,Healthcare,XLV,0.0028,0.00603,77.816863,0.006667,0.006068,0.460871,
2024-06-24,Healthcare,XLV,0.005833,0.012245,77.189967,0.068335,0.005603,0.685941,
2024-06-25,Healthcare,XLV,-0.003127,0.010119,68.934315,0.068094,0.005593,-0.549053,
2024-06-26,Healthcare,XLV,-0.003546,0.005226,58.356556,0.025191,0.004811,-0.789554,
2024-06-27,Healthcare,XLV,-0.001643,0.000284,51.681413,-0.024918,0.00437,-0.669872,
2024-06-28,Healthcare,XLV,-0.000823,-0.00333,48.92419,-0.069423,0.004399,-0.609563,
2024-07-01,Healthcare,XLV,-0.005626,-0.014685,36.228807,-0.151286,0.003491,-1.752473,
2024-07-02,Healthcare,XLV,-0.003657,-0.015208,36.764847,-0.233966,0.003271,-1.425497,
2024-07-03,Healthcare,XLV,-0.007618,-0.019232,31.946791,-0.347599,0.003622,-2.356482,
2024-07-05,Healthcare,XLV,0.007746,-0.010009,43.238347,-0.336984,0.003913,1.62145,
2024-07-08,Healthcare,XLV,-0.001108,-0.010291,42.57095,-0.326951,0.003825,-0.047223,
2024-07-09,Healthcare,XLV,0.004853,0.000138,48.626894,-0.263792,0.003995,1.621509,
2024-07-10,Healthcare,XLV,0.009451,0.013296,55.465618,-0.128541,0.004477,1.800617,
2024-07-11,Healthcare,XLV,0.007039,0.028262,58.074194,0.024037,0.00463,1.677339,
2024-07-12,Healthcare,XLV,0.006244,0.026729,60.233688,0.172609,0.004753,1.127429,
2024-07-15,Healthcare,XLV,-0.003507,0.024263,53.437533,0.221288,0.004843,-0.830252,
2024-07-16,Healthcare,XLV,0.014281,0.033874,64.355561,0.367213,0.005687,2.50909,
2024-07-17,Healthcare,XLV,0.004538,0.028841,69.412737,0.477024,0.00569,0.847026,
2024-07-18,Healthcare,XLV,-0.022718,-0.001561,54.283858,0.303381,0.007911,-3.537526,
2024-07-19,Healthcare,XLV,0.005098,-0.002698,56.964556,0.218795,0.007953,0.409048,
2024-07-22,Healthcare,XLV,0.005748,0.006565,62.426206,0.20016,0.00802,0.394752,
2024-07-23,Healthcare,XLV,-0.000605,-0.008208,64.280953,0.165153,0.00794,-0.025629,
2024-07-24,Healthcare,XLV,0.008343,-0.004451,71.973329,0.20373,0.008073,0.750505,
2024-07-25,Healthcare,XLV,-0.005004,0.013594,66.141298,0.162671,0.008124,-0.803031,
2024-07-26,Healthcare,XLV,0.005633,0.014134,68.696828,0.171972,0.00816,0.416813,
2024-07-29,Healthcare,XLV,0.0006,0.008943,67.394302,0.165499,0.008145,0.013838,
2024-07-30,Healthcare,XLV,0.000866,0.010429,64.381593,0.15158,0.007975,0.002962,
2024-07-31,Healthcare,XLV,-0.003662,-0.001601,58.810059,0.091256,0.007975,-0.504548,
2024-08-01,Healthcare,XLV,0.010225,0.01368,60.664329,0.133645,0.007862,1.232804,
2024-08-02,Healthcare,XLV,-0.001985,0.006002,61.665554,0.124527,0.007834,-0.559886,
2024-08-05,Healthcare,XLV,-0.026714,-0.02146,40.06554,-0.147739,0.010155,-3.487765,
2024-08-06,Healthcare,XLV,0.004631,-0.017779,40.06554,-0.278568,0.01015,0.556866,
2024-08-07,Healthcare,XLV,-0.010169,-0.024193,45.83637,-0.448293,0.010231,-0.730328,
2024-08-08,Healthcare,XLV,0.022122,-0.012702,54.332745,-0.339477,0.011283,1.813307,
2024-08-09,Healthcare,XLV,0.004958,-0.005833,54.012712,-0.215253,0.011253,0.358835,
2024-08-12,Healthcare,XLV,-0.003801,0.017571,52.410322,-0.168541,0.011259,-0.064697,
2024-08-13,Healthcare,XLV,0.012114,0.025151,54.029899,-0.025045,0.011131,0.491102,
2024-08-14,Healthcare,XLV,0.003571,0.039381,57.9806,0.092975,0.011114,0.216619,
2024-08-15,Healthcare,XLV,0.00626,0.023251,58.258266,0.214029,0.009737,0.274005,
2024-08-16,Healthcare,XLV,0.001048,0.019269,58.432986,0.281211,0.009709,0.041301,
2024-08-19,Healthcare,XLV,0.006084,0.029382,60.331035,0.358164,0.009717,0.223384,
2024-08-20,Healthcare,XLV,0.004031,0.021161,63.615557,0.417187,0.009713,0.14607,
2024-08-21,Healthcare,XLV,0.001684,0.019241,60.784244,0.438629,0.009597,0.086317,
2024-08-22,Healthcare,XLV,0.000646,0.013555,62.158686,0.424478,0.009473,0.016874,
2024-08-23,Healthcare,XLV,0.004329,0.016877,83.777358,0.423101,0.009451,0.133454,
2024-08-26,Healthcare,XLV,-0.000515,0.010208,82.319116,0.382382,0.009462,-0.016039,
2024-08-27,Healthcare,XLV,0.001545,0.007706,94.036773,0.338088,0.00946,0.046338,
2024-08-28,Healthcare,XLV,0.001157,0.007176,91.719818,0.289388,0.009374,0.033154,
2024-08-29,Healthcare,XLV,0.002118,0.008657,91.263541,0.249113,0.009175,0.096709,
2024-08-30,Healthcare,XLV,0.006918,0.011258,98.993916,0.262119,0.009205,0.371822,
2024-09-03,Healthcare,XLV,-0.001909,0.009847,94.099354,0.221757,0.006345,-0.579465,
2024-09-04,Healthcare,XLV,-0.001721,0.006555,89.465491,0.151417,0.006436,-0.515629,
2024-09-05,Healthcare,XLV,-0.013726,-0.008409,62.008344,-0.05083,0.006855,-1.877443,
2024-09-06,Healthcare,XLV,-0.003431,-0.0139,56.976865,-0.224685,0.005272,-0.975973,
2024-09-09,Healthcare,XLV,0.007015,-0.013804,57.794718,-0.271386,0.005361,1.087353,
2024-09-10,Healthcare,XLV,0.00458,-0.007393,58.270952,-0.258241,0.005237,0.723287,
2024-09-11,Healthcare,XLV,-0.002954,-0.008619,53.6674,-0.280165,0.004783,-0.777222,
2024-09-12,Healthcare,XLV,0.003606,0.008804,56.13434,-0.259096,0.004784,0.375356,
2024-09-13,Healthcare,XLV,0.002053,0.014355,54.282409,-0.226461,0.004646,0.158501,
2024-09-16,Healthcare,XLV,0.006916,0.014255,60.064504,-0.140694,0.004823,0.851677,
2024-09-17,Healthcare,XLV,-0.010303,-0.000771,50.046851,-0.193051,0.005352,-1.86705,
2024-09-18,Healthcare,XLV,-0.001671,0.000515,48.000123,-0.24455,0.005311,-0.317643,
2024-09-19,Healthcare,XLV,0.003604,0.000513,49.089225,-0.241462,0.005355,0.690938,
2024-09-20,Healthcare,XLV,-0.004105,-0.005635,40.891837,-0.278103,0.005448,-0.91539,
2024-09-23,Healthcare,XLV,-0.001958,-0.014399,40.875986,-0.316286,0.005377,-0.251551,
2024-09-24,Healthcare,XLV,-0.002008,-0.006139,40.71688,-0.353149,0.005393,-0.188226,
2024-09-25,Healthcare,XLV,-0.009735,-0.014166,43.356263,-0.460437,0.005775,-1.342948,
2024-09-26,Healthcare,XLV,0.003342,-0.014424,48.594142,-0.480219,0.005834,0.709416,
2024-09-27,Healthcare,XLV,-0.000522,-0.010879,41.935097,-0.479703,0.005798,0.085737,
2024-09-30,Healthcare,XLV,0.006535,-0.002461,43.785381,-0.398251,0.005771,1.436906,
2024-10-01,Healthcare,XLV,-0.005259,-0.005711,42.170218,-0.381972,0.005853,-1.177434,
2024-10-02,Healthcare,XLV,-0.002023,0.002031,37.287938,-0.375435,0.005855,-0.134231,
2024-10-03,Healthcare,XLV,-0.009025,-0.01032,30.382814,-0.441019,0.005394,-1.250408,
2024-10-04,Healthcare,XLV,0.000792,-0.009019,23.296373,-0.454101,0.005366,0.301101,
2024-10-07,Healthcare,XLV,-0.004418,-0.019803,25.899654,-0.481673,0.005121,-0.534959,
2024-10-08,Healthcare,XLV,0.005432,-0.009268,33.389315,-0.423142,0.005174,1.074571,
2024-10-09,Healthcare,XLV,0.010212,0.002878,39.997494,-0.267358,0.005731,2.225264,
2024-10-10,Healthcare,XLV,-0.003717,0.00825,40.269811,-0.189988,0.005694,-0.281592,
2024-10-11,Healthcare,XLV,0.007331,0.014838,47.627727,-0.060313,0.005949,1.740723,
2024-10-14,Healthcare,XLV,0.005524,0.024972,52.878686,0.0787,0.005865,0.728566,
2024-10-15,Healthcare,XLV,-0.012214,0.006983,51.112944,0.045734,0.006044,-2.324111,
2024-10-16,Healthcare,XLV,0.002813,-0.000391,50.775859,0.050848,0.006089,0.368846,
2024-10-17,Healthcare,XLV,-0.005806,-0.002487,47.461644,-0.002625,0.006121,-0.54107,
2024-10-18,Healthcare,XLV,0.004856,-0.004938,46.337442,0.011337,0.006205,1.084804,
2024-10-21,Healthcare,XLV,-0.011755,-0.022037,42.846262,-0.091122,0.006694,-1.076738,
2024-10-22,Healthcare,XLV,-0.001454,-0.011384,43.141778,-0.162732,0.006691,-0.055855,
2024-10-23,Healthcare,XLV,-0.004699,-0.018789,45.476546,-0.241349,0.006433,-0.428518,
2024-10-24,Healthcare,XLV,-0.006583,-0.019555,41.584833,-0.337096,0.006487,-0.589594,
2024-10-25,Healthcare,XLV,-0.005488,-0.029648,41.119407,-0.427221,0.006554,-0.470118,
2024-10-28,Healthcare,XLV,0.001481,-0.016652,38.359475,-0.44346,0.006324,0.359887,
2024-10-29,Healthcare,XLV,-0.002755,-0.017934,28.816426,-0.450701,0.006274,-0.29286,
2024-10-30,Healthcare,XLV,-0.001886,-0.015159,29.551503,-0.442808,0.006274,-0.224842,
2024-10-31,Healthcare,XLV,-0.008439,-0.017,19.478431,-0.485149,0.006238,-1.09483,
2024-11-01,Healthcare,XLV,0.005924,-0.00572,19.618333,-0.423833,0.006441,1.022336,
2024-11-04,Healthcare,XLV,-0.006566,-0.013709,21.320999,-0.414204,0.006514,-0.707028,
2024-11-05,Healthcare,XLV,0.007359,-0.003706,25.867085,-0.309066,0.006633,0.923419,
2024-11-06,Healthcare,XLV,0.001285,-0.00054,29.383978,-0.204214,0.006097,0.544868,
2024-11-07,Healthcare,XLV,0.007228,0.015252,31.525937,-0.049852,0.006394,1.595963,
2024-11-08,Healthcare,XLV,0.007176,0.016515,44.335114,0.127562,0.006383,1.501728,
2024-11-11,Healthcare,XLV,-0.00586,0.017238,41.628238,0.188588,0.006259,-0.59916,
2024-11-12,Healthcare,XLV,-0.013932,-0.004261,36.945967,0.098425,0.006419,-2.06491,
2024-11-13,Healthcare,XLV,-0.002649,-0.008173,38.86039,0.023081,0.006326,-0.149774,
2024-11-14,Healthcare,XLV,-0.015733,-0.030783,34.430154,-0.158459,0.006985,-2.204632,
2024-11-15,Healthcare,XLV,-0.018544,-0.055533,27.559691,-0.419686,0.007598,-3.202475,
2024-11-18,Healthcare,XLV,0.000705,-0.049297,28.778113,-0.543359,0.00742,0.437566,
2024-11-19,Healthcare,XLV,-0.005143,-0.040823,27.95165,-0.624699,0.007421,-0.057225,
2024-11-20,Healthcare,XLV,0.011826,-0.026902,37.601085,-0.524598,0.008148,1.652994,
2024-11-21,Healthcare,XLV,0.008049,-0.003391,38.668199,-0.347156,0.008417,0.983813,
2024-11-22,Healthcare,XLV,0.000903,0.016356,41.596922,-0.193167,0.008391,0.246559,
2024-11-25,Healthcare,XLV,0.008532,0.024306,42.155536,0.006883,0.008666,0.843477,
2024-11-26,Healthcare,XLV,0.005365,0.035125,44.253281,0.197321,0.008775,0.495951,
2024-11-27,Healthcare,XLV,0.005336,0.028485,43.241474,0.371302,0.008872,0.457823,
2024-11-29,Healthcare,XLV,0.003131,0.023467,40.988955,0.505107,0.008693,0.173028,
2024-12-02,Healthcare,XLV,-0.001764,0.020741,42.711873,0.560795,0.008597,-0.059842,
2024-12-03,Healthcare,XLV,-0.002243,0.009836,48.461604,0.558973,0.008481,-0.060314,
2024-12-04,Healthcare,XLV,-0.000545,0.0039,49.645361,0.535469,0.008305,0.042488,
2024-12-05,Healthcare,XLV,-0.011176,-0.012589,52.412701,0.401392,0.008637,-1.040992,
2024-12-06,Healthcare,XLV,-0.005651,-0.021233,62.007896,0.255108,0.008473,-0.237223,
2024-12-09,Healthcare,XLV,0.002911,-0.01665,63.167955,0.185359,0.008292,0.469738,
2024-12-10,Healthcare,XLV,-0.004146,-0.018526,63.961317,0.103396,0.008257,-0.129943,
2024-12-11,Healthcare,XLV,-0.013602,-0.031348,46.522514,-0.066724,0.008231,-0.927886,
2024-12-12,Healthcare,XLV,-0.00795,-0.028188,35.781512,-0.231423,0.008347,-0.333359,
2024-12-13,Healthcare,XLV,-0.000141,-0.022803,34.919211,-0.314542,0.007699,0.175616,
2024-12-16,Healthcare,XLV,-0.011916,-0.037249,22.262837,-0.444672,0.007027,-1.907128,
2024-12-17,Healthcare,XLV,-0.000718,-0.033935,16.148017,-0.498192,0.007017,0.005193,
2024-12-18,Healthcare,XLV,-0.013577,-0.03391,7.726281,-0.611048,0.007518,-2.590546,
2024-12-19,Healthcare,XLV,-0.007574,-0.033544,3.508742,-0.700938,0.006956,-0.995418,
2024-12-20,Healthcare,XLV,0.012621,-0.021207,15.934569,-0.598516,0.007378,2.365482,
2024-12-23,Healthcare,XLV,0.009987,0.00049,24.300064,-0.400812,0.007839,1.276212,
2024-12-24,Healthcare,XLV,0.004108,0.005321,27.325129,-0.202931,0.007595,0.437756,
2024-12-26,Healthcare,XLV,0.00201,0.021206,32.119065,-0.032959,0.007462,0.411215,
2024-12-27,Healthcare,XLV,-0.004656,0.024208,32.518087,0.052594,0.007274,-0.048481,
2024-12-30,Healthcare,XLV,-0.012306,-0.001005,26.806879,0.014431,0.007457,-0.753034,
2024-12-31,Healthcare,XLV,0.002404,-0.008505,29.594271,0.028102,0.00756,0.5819,
2025-01-02,Healthcare,XLV,0.000291,-0.012274,34.439944,0.055371,0.007596,0.394545,
2025-01-03,Healthcare,XLV,0.00981,-0.004585,44.441531,0.171427,0.008107,1.322725,
2025-01-06,Healthcare,XLV,0.000432,0.000504,44.77192,0.256087,0.007862,0.277723,
2025-01-07,Healthcare,XLV,0.004963,0.017998,54.362735,0.355395,0.007952,0.958198,
2025-01-08,Healthcare,XLV,0.005153,0.02079,57.448705,0.459742,0.008031,0.654126,
2025-01-10,Healthcare,XLV,-0.005626,0.014752,62.992939,0.466417,0.008066,-0.567578,
2025-01-13,Healthcare,XLV,0.013034,0.017991,73.954525,0.573479,0.008129,1.506451,
2025-01-14,Healthcare,XLV,-0.010321,0.007049,61.070641,0.531676,0.008267,-1.181451,
2025-01-15,Healthcare,XLV,0.004071,0.006156,58.242692,0.524339,0.00832,0.567317,
2025-01-16,Healthcare,XLV,0.003984,0.004985,58.204858,0.537169,0.007857,0.35317,
2025-01-17,Healthcare,XLV,-0.006731,0.003867,52.478553,0.46643,0.008035,-0.64791,
2025-01-21,Healthcare,XLV,0.01655,0.007352,63.276034,0.550195,0.008061,1.389219,
2025-01-22,Healthcare,XLV,-0.002246,0.015571,70.61744,0.560264,0.007808,-0.581748,
2025-01-23,Healthcare,XLV,0.013364,0.02497,74.021977,0.660998,0.007861,1.339911,
2025-01-24,Healthcare,XLV,0.001596,0.022532,74.381188,0.707464,0.007657,-0.051915,
2025-01-27,Healthcare,XLV,0.022452,0.052575,77.478983,0.903865,0.008918,2.859717,
2025-01-28,Healthcare,XLV,-0.006981,0.028211,72.590284,0.915195,0.009188,-1.04782,
2025-01-29,Healthcare,XLV,-0.00587,0.024476,67.739965,0.818462,0.009242,-0.807967,
2025-01-30,Healthcare,XLV,0.011534,0.022626,69.486668,0.815844,0.00877,0.639367,
2025-01-31,Healthcare,XLV,-0.00319,0.017739,70.763867,0.736211,0.008898,-0.686432,
2025-02-03,Healthcare,XLV,0.003881,-0.000745,68.50243,0.67576,0.00887,0.194129,
2025-02-04,Healthcare,XLV,-0.002713,0.003549,73.311121,0.568373,0.008843,-0.6762,
2025-02-05,Healthcare,XLV,0.009589,0.019154,74.717574,0.548954,0.008947,0.715594,
2025-02-06,Healthcare,XLV,-0.008959,-0.001493,67.923238,0.413301,0.009345,-1.427688,
2025-02-07,Healthcare,XLV,-0.00469,-0.002996,68.996771,0.250937,0.009464,-0.745841,
2025-02-10,Healthcare,XLV,-0.000888,-0.007732,63.32388,0.114749,0.009317,-0.298184,
2025-02-11,Healthcare,XLV,-0.001845,-0.006869,63.546834,-0.006898,0.00901,-0.295889,
2025-02-12,Healthcare,XLV,-0.001438,-0.017716,56.948877,-0.109293,0.0086,-0.349207,
2025-02-13,Healthcare,XLV,0.003909,-0.004962,58.087062,-0.145288,0.008598,0.069591,
2025-02-14,Healthcare,XLV,-0.010861,-0.011131,37.734264,-0.272354,0.009052,-0.806334,
2025-02-18,Healthcare,XLV,-0.001934,-0.012167,40.439705,-0.367401,0.00889,-0.426311,
2025-02-19,Healthcare,XLV,0.013009,0.002534,53.222948,-0.301649,0.008606,0.797062,
2025-02-20,Healthcare,XLV,0.005601,0.009601,49.435015,-0.204078,0.008611,0.220694,
2025-02-21,Healthcare,XLV,-0.005366,0.000273,47.989009,-0.191769,0.008297,-0.655099,
2025-02-24,Healthcare,XLV,0.008127,0.019475,50.778398,-0.109442,0.008456,0.596387,
2025-02-25,Healthcare,XLV,0.008603,0.030238,57.441631,0.017701,0.007076,1.629482,
2025-02-26,Healthcare,XLV,-0.007186,0.009699,47.394538,0.020078,0.007087,-0.830284,
2025-02-27,Healthcare,XLV,-0.004059,0.0,50.440144,-0.026563,0.007013,-0.567619,
2025-02-28,Healthcare,XLV,0.011615,0.017073,60.096997,0.042857,0.00702,1.536778,
2025-03-03,Healthcare,XLV,0.004364,0.013277,62.713167,0.11508,0.007011,0.54398,
2025-03-04,Healthcare,XLV,-0.009293,-0.004701,57.7033,0.057597,0.007331,-1.565336,
2025-03-05,Healthcare,XLV,0.010054,0.012583,62.614296,0.101576,0.007608,1.062286,
2025-03-06,Healthcare,XLV,-0.002739,0.013925,59.511302,0.087946,0.007363,-0.314609,
2025-03-07,Healthcare,XLV,6.7e-05,0.00235,66.519226,0.06495,0.007035,-0.092696,
2025-03-10,Healthcare,XLV,-0.010785,-0.012769,60.577634,-0.064038,0.007406,-2.255351,
2025-03-11,Healthcare,XLV,-0.010903,-0.014374,48.83712,-0.252554,0.007827,-1.425245,
2025-03-12,Healthcare,XLV,-0.009996,-0.033939,41.415457,-0.458552,0.008132,-0.911624,
2025-03-13,Healthcare,XLV,-0.005325,-0.036444,41.46986,-0.620568,0.008203,-0.484203,
2025-03-14,Healthcare,XLV,0.007648,-0.02914,41.122006,-0.628315,0.008353,0.808107,
2025-03-17,Healthcare,XLV,0.012696,-0.006095,43.257051,-0.49131,0.008471,1.038612,
2025-03-18,Healthcare,XLV,0.000477,0.00534,46.671108,-0.380192,0.008448,0.020904,
2025-03-19,Healthcare,XLV,0.000545,0.016044,48.943702,-0.289631,0.007947,0.087065,
2025-03-20,Healthcare,XLV,0.000612,0.022109,42.368693,-0.215421,0.007847,0.131329,
2025-03-21,Healthcare,XLV,-0.002789,0.011523,37.925284,-0.186084,0.007776,-0.260471,
2025-03-24,Healthcare,XLV,0.007635,0.006468,48.049957,-0.09047,0.00775,0.768146,
2025-03-25,Healthcare,XLV,-0.012776,-0.006864,34.566793,-0.145906,0.007981,-1.049965,
2025-03-26,Healthcare,XLV,-0.003648,-0.011027,34.231581,-0.208134,0.007875,-0.297109,
2025-03-27,Healthcare,XLV,0.001589,-0.010061,35.365886,-0.22323,0.007854,0.303551,
2025-03-28,Healthcare,XLV,-0.003104,-0.010374,38.881581,-0.250123,0.007326,-0.051862,
2025-03-31,Healthcare,XLV,0.01031,-0.007747,52.231617,-0.16079,0.00768,1.51853,74.3629
2025-04-01,Healthcare,XLV,-0.018287,-0.013286,47.235204,-0.263757,0.008419,-2.268448,74.3629
2025-04-02,Healthcare,XLV,0.006698,-0.00304,53.969945,-0.253655,0.008209,0.893791,74.3629
2025-04-03,Healthcare,XLV,-0.008108,-0.012692,45.216245,-0.306187,0.008335,-0.920093,74.3629
2025-04-04,Healthcare,XLV,-0.054845,-0.063936,21.24041,-0.813355,0.014458,-4.092494,74.3629
2025-04-07,Healthcare,XLV,-0.005988,-0.079036,20.090307,-1.135637,0.01439,-0.359755,74.3629
2025-04-08,Healthcare,XLV,-0.011081,-0.072276,18.373258,-1.365189,0.014394,-0.526243,74.3629
2025-04-09,Healthcare,XLV,0.043465,-0.038392,35.68323,-1.065647,0.017847,3.537286,74.3629
2025-04-10,Healthcare,XLV,-0.02789,-0.05757,31.60598,-1.052804,0.018777,-1.157978,74.3629
2025-04-11,Healthcare,XLV,0.014678,0.011753,33.504542,-0.851142,0.019047,0.359342,74.3629
2025-04-14,Healthcare,XLV,0.012201,0.030267,39.127673,-0.559199,0.019027,0.224986,74.3629
2025-04-15,Healthcare,XLV,-0.006135,0.035419,38.727264,-0.3827,0.01903,-0.026248,74.3629
2025-04-16,Healthcare,XLV,-0.010168,-0.017801,36.621482,-0.321427,0.01908,-0.105934,74.3629
2025-04-17,Healthcare,XLV,-0.00587,0.004448,36.230598,-0.297234,0.019064,-0.0481,74.3629
2025-04-21,Healthcare,XLV,-0.021551,-0.031416,30.362403,-0.429793,0.019473,-0.199271,74.3629
2025-04-22,Healthcare,XLV,0.018782,-0.025119,37.837845,-0.313472,0.019996,0.362107,74.3629
2025-04-23,Healthcare,XLV,0.004961,-0.014235,37.303637,-0.160654,0.019983,0.14556,74.3629
2025-04-24,Healthcare,XLV,0.01223,0.008071,41.618012,0.069469,0.020278,0.173754,74.3629
2025-04-25,Healthcare,XLV,0.004804,0.018894,55.120128,0.273123,0.020324,0.101756,74.3629
2025-04-28,Healthcare,XLV,0.003984,0.045485,57.708134,0.441993,0.02037,0.082204,74.3629
2025-04-29,Healthcare,XLV,0.004906,0.031245,62.124728,0.587349,0.020235,0.116638,74.3629
2025-04-30,Healthcare,XLV,0.008544,0.034922,53.997207,0.740988,0.019998,0.132768,74.3629
2025-05-01,Healthcare,XLV,-0.027266,-0.005459,54.098354,0.575324,0.020753,-0.504474,74.3629
2025-05-02,Healthcare,XLV,0.013832,0.003477,53.904101,0.575541,0.02102,0.29194,74.3629
2025-05-05,Healthcare,XLV,-0.002815,-0.003319,48.999001,0.535449,0.016871,-0.136754,74.3629
2025-05-06,Healthcare,XLV,-0.027581,-0.03554,42.676532,0.256544,0.018006,-0.81622,74.3629
2025-05-07,Healthcare,XLV,0.007668,-0.036378,47.939726,0.145455,0.017881,-0.003481,74.3629
2025-05-08,Healthcare,XLV,-0.009013,-0.018296,47.06395,0.003969,0.014935,-0.298167,74.3629
2025-05-09,Healthcare,XLV,-0.010884,-0.042229,50.255398,-0.16421,0.0138,-0.535145,74.3629
2025-05-12,Healthcare,XLV,0.024721,-0.015781,52.016129,-0.042732,0.014552,2.499283,74.3629
2025-05-13,Healthcare,XLV,-0.030082,-0.018313,42.501996,-0.208069,0.015679,-2.632031,74.3629
2025-05-14,Healthcare,XLV,-0.023508,-0.048685,34.142744,-0.481963,0.016366,-1.900402,74.3629
2025-05-15,Healthcare,XLV,0.013124,-0.027434,36.547356,-0.508111,0.016671,1.274571,74.3629
2025-05-16,Healthcare,XLV,0.020159,0.00309,40.904541,-0.317512,0.017359,1.211625,74.3629
2025-05-19,Healthcare,XLV,0.009618,-0.011695,42.052467,-0.08497,0.016783,0.522432,74.3629
2025-05-20,Healthcare,XLV,0.002456,0.02146,40.392917,0.102299,0.016251,0.193503,74.3629
2025-05-21,Healthcare,XLV,-0.023163,0.021822,41.371048,0.034829,0.016998,-1.424026,74.3629
2025-05-22,Healthcare,XLV,-0.007828,0.00069,35.980312,-0.057806,0.016741,-0.220567,74.3629
2025-05-23,Healthcare,XLV,-0.001609,-0.020663,36.209328,-0.109815,0.016656,0.138155,74.3629
2025-05-27,Healthcare,XLV,0.013964,-0.016447,45.872963,-0.006102,0.017014,0.859803,74.3629
2025-05-28,Healthcare,XLV,-0.005145,-0.023905,42.521211,0.033042,0.01694,-0.046639,74.3629
2025-05-29,Healthcare,XLV,0.006693,0.005928,46.52344,0.127399,0.01688,0.471143,74.3629
2025-05-30,Healthcare,XLV,0.002115,0.016009,49.918116,0.213508,0.015891,0.225024,74.3629
2025-06-02,Healthcare,XLV,0.000603,0.01826,42.365698,0.276905,0.015496,0.181129,74.3629
2025-06-03,Healthcare,XLV,0.002336,0.006583,53.325654,0.336533,0.015525,0.280736,74.3629
2025-06-04,Healthcare,XLV,0.001954,0.013766,65.479419,0.38677,0.014297,0.157432,74.3629
2025-06-05,Healthcare,XLV,-0.00135,0.005667,60.122302,0.400022,0.014174,0.006003,74.3629
2025-06-06,Healthcare,XLV,0.009541,0.013118,55.498857,0.479397,0.014211,0.428945,74.3629
2025-06-09,Healthcare,XLV,-0.001712,0.010775,48.970128,0.500915,0.013981,-0.042022,74.3629
2025-06-10,Healthcare,XLV,0.011405,0.01992,54.124604,0.594248,0.013061,0.709779,74.3629
2025-06-11,Healthcare,XLV,0.000516,0.018456,73.612938,0.634809,0.010981,-0.002108,74.3629
2025-06-12,Healthcare,XLV,0.007808,0.027796,85.327413,0.70079,0.009336,0.312723,74.3629
2025-06-13,Healthcare,XLV,-0.00497,0.013023,81.029311,0.668553,0.009186,-0.680194,74.3629
2025-06-16,Healthcare,XLV,-0.003085,0.011629,72.383517,0.59122,0.008209,-0.410356,74.3629
2025-06-17,Healthcare,XLV,-0.016506,-0.016288,60.48485,0.374217,0.008822,-1.715196,74.3629
2025-06-18,Healthcare,XLV,-0.001723,-0.01849,54.977494,0.206221,0.008803,-0.04181,74.3629
2025-06-20,Healthcare,XLV,-0.004803,-0.030772,49.782649,0.051569,0.007111,-0.762844,74.3629
2025-06-23,Healthcare,XLV,0.00144,-0.024529,50.380816,-0.03463,0.006842,0.172059,74.3629
2025-06-24,Healthcare,XLV,0.012258,-0.009516,56.532578,0.01676,0.007267,1.409503,74.3629
2025-06-25,Healthcare,XLV,0.000897,0.008011,55.954875,0.057159,0.006656,0.063826,74.3629
2025-06-26,Healthcare,XLV,0.00239,0.012164,58.234354,0.101021,0.006506,0.271485,74.3629
2025-06-27,Healthcare,XLV,-0.002161,0.014852,50.980891,0.106094,0.00642,-0.447107,74.3629
2025-06-30,Healthcare,XLV,0.006421,0.0199,56.238676,0.158795,0.006536,0.902559,81.7027
2025-07-01,Healthcare,XLV,0.014245,0.021902,57.8736,0.305004,0.007167,2.705335,81.7027
2025-07-02,Healthcare,XLV,-0.009875,0.010904,51.069938,0.295456,0.007619,-1.370417,81.7027
2025-07-03,Healthcare,XLV,0.001034,0.009537,47.000053,0.281977,0.007617,-0.054362,81.7027
2025-07-07,Healthcare,XLV,-0.008413,0.003211,45.100699,0.18546,0.007895,-1.122448,81.7027
2025-07-08,Healthcare,XLV,0.00454,0.001336,49.591531,0.151781,0.007677,0.707836,81.7027
2025-07-09,Healthcare,XLV,0.003853,-0.008924,63.34286,0.153237,0.007694,0.368578,81.7027
2025-07-10,Healthcare,XLV,0.006126,0.007092,67.60242,0.195821,0.007395,0.868426,81.7027
2025-07-11,Healthcare,XLV,-0.008289,-0.002288,64.583365,0.138026,0.007651,-1.061152,81.7027
2025-07-14,Healthcare,XLV,-0.001184,0.004987,63.033575,0.081137,0.007433,-0.116413,81.7027
2025-07-15,Healthcare,XLV,-0.017996,-0.017559,45.008559,-0.115391,0.008367,-2.223882,81.7027
2025-07-16,Healthcare,XLV,0.012443,-0.009152,51.310899,-0.131844,0.008873,1.269915,81.7027
2025-07-17,Healthcare,XLV,-0.011397,-0.026409,44.848895,-0.234602,0.008444,-1.330835,81.7027
2025-07-18,Healthcare,XLV,-0.006631,-0.02478,43.102314,-0.344583,0.008567,-0.625714,81.7027
2025-07-21,Healthcare,XLV,-0.005689,-0.029179,37.699547,-0.444351,0.008594,-0.38344,81.7027
2025-07-22,Healthcare,XLV,0.018613,0.007014,39.781475,-0.330509,0.009578,1.934304,81.7027
2025-07-23,Healthcare,XLV,0.02052,0.015047,52.684384,-0.069094,0.010263,1.887206,81.7027
2025-07-24,Healthcare,XLV,-0.003743,0.022905,50.750588,0.066523,0.010317,-0.367255,81.7027
2025-07-25,Healthcare,XLV,0.005303,0.035194,56.272151,0.19352,0.010362,0.171123,81.7027
2025-07-28,Healthcare,XLV,-0.008719,0.032039,50.915311,0.187689,0.010565,-0.611008,81.7027
2025-07-29,Healthcare,XLV,-0.006357,0.00674,47.025811,0.11927,0.010579,-0.613319,81.7027
2025-07-30,Healthcare,XLV,-0.001785,-0.015264,43.818903,0.053998,0.010029,-0.093863,81.7027
2025-07-31,Healthcare,XLV,-0.02802,-0.03926,38.016074,-0.22776,0.011585,-3.109841,81.7027
2025-08-01,Healthcare,XLV,0.005367,-0.0392,40.441179,-0.348942,0.011681,0.622227,81.7027
2025-08-04,Healthcare,XLV,0.014337,-0.016853,51.032707,-0.287994,0.012081,0.774463,81.7027
2025-08-05,Healthcare,XLV,-0.003834,-0.014357,45.323369,-0.265993,0.012044,-0.133089,81.7027
2025-08-06,Healthcare,XLV,-0.015019,-0.027424,44.235787,-0.362191,0.01239,-0.760867,81.7027
2025-08-07,Healthcare,XLV,-0.011493,-0.010887,42.849924,-0.495736,0.012424,-0.943421,81.7027
2025-08-08,Healthcare,XLV,0.008914,-0.007397,47.696856,-0.477611,0.012609,0.699038,81.7027
2025-08-11,Healthcare,XLV,0.000999,-0.02045,40.9396,-0.428543,0.012624,0.242297,81.7027
2025-08-12,Healthcare,XLV,0.006908,-0.009887,34.164588,-0.313166,0.012153,0.603265,81.7027
2025-08-13,Healthcare,XLV,0.016007,0.021301,42.994881,-0.085965,0.012376,1.095673,81.7027
2025-08-14,Healthcare,XLV,0.005027,0.038369,42.832788,0.109523,0.012143,0.356777,81.7027
2025-08-15,Healthcare,XLV,0.016796,0.046481,52.467834,0.374175,0.012538,0.93194,81.7027
2025-08-18,Healthcare,XLV,-0.002349,0.042981,54.033203,0.505544,0.012457,-0.168907,81.7027
2025-08-19,Healthcare,XLV,0.006402,0.042457,56.860641,0.620303,0.011879,0.37762,81.7027
2025-08-20,Healthcare,XLV,0.005411,0.031585,72.501619,0.709032,0.011041,0.42483,81.7027
2025-08-21,Healthcare,XLV,-0.003345,0.022992,69.101477,0.699579,0.011033,-0.141965,81.7027
2025-08-22,Healthcare,XLV,0.008246,0.01439,67.527205,0.727659,0.011119,0.500038,81.7027
2025-08-25,Healthcare,XLV,-0.014258,0.002281,61.433766,0.580836,0.01143,-0.627137,81.7027
2025-08-26,Healthcare,XLV,0.006241,0.002121,71.741986,0.508417,0.011385,0.351018,81.7027
2025-08-27,Healthcare,XLV,-0.000584,-0.003855,79.221675,0.426681,0.011373,0.00178,81.7027
2025-08-28,Healthcare,XLV,-0.003943,-0.004451,74.096753,0.313438,0.009195,-0.485003,81.7027
2025-08-29,Healthcare,XLV,0.00733,-0.005356,75.720347,0.282687,0.00924,0.316264,81.7027
2025-09-02,Healthcare,XLV,0.000946,0.009985,74.294321,0.249801,0.008804,-0.059752,81.7027
2025-09-03,Healthcare,XLV,-0.004725,-0.001022,65.523074,0.16759,0.008836,-0.604964,81.7027
2025-09-04,Healthcare,XLV,0.003798,0.003358,65.073733,0.1321,0.007919,0.096077,81.7027
2025-09-05,Healthcare,XLV,0.00342,0.010775,58.684387,0.124304,0.007189,0.003815,81.7027
2025-09-08,Healthcare,XLV,-0.000362,0.003056,60.359336,0.101233,0.007111,-0.527115,81.7027
2025-09-09,Healthcare,XLV,0.005368,0.007488,59.807027,0.119333,0.007116,0.213052,81.7027
2025-09-10,Healthcare,XLV,-0.009091,0.003068,49.13715,0.036023,0.007553,-1.595673,81.7027
2025-09-11,Healthcare,XLV,0.017403,0.016663,61.375261,0.123379,0.007692,2.408777,81.7027
2025-09-12,Healthcare,XLV,-0.011523,0.001523,49.755284,0.060849,0.008262,-1.423082,81.7027
2025-09-15,Healthcare,XLV,-0.008544,-0.006674,53.182248,-0.065395,0.007728,-1.0367,81.7027
2025-09-16,Healthcare,XLV,0.0,-0.011978,49.434985,-0.150471,0.007704,-0.105364,81.7027
2025-09-17,Healthcare,XLV,0.001972,-0.000947,51.063839,-0.187929,0.007585,0.172,81.7027
2025-09-18,Healthcare,XLV,0.001968,-0.016104,54.933603,-0.19315,0.007499,0.181982,81.7027
2025-09-19,Healthcare,XLV,-0.001309,-0.005937,49.279859,-0.205802,0.007464,-0.21463,81.7027
2025-09-22,Healthcare,XLV,-0.000256,0.002372,48.414801,-0.212852,0.007215,-0.038279,81.7027
2025-09-23,Healthcare,XLV,0.002269,0.004647,53.533413,-0.193704,0.006438,0.142717,81.7027
2025-09-24,Healthcare,XLV,-0.004016,-0.001358,47.7667,-0.213124,0.006366,-0.398948,81.7027
2025-09-25,Healthcare,XLV,-0.01657,-0.019834,35.805963,-0.363435,0.007369,-2.217932,81.7027
2025-09-26,Healthcare,XLV,0.010214,-0.008524,43.048442,-0.357346,0.007722,0.976974,81.7027
2025-09-29,Healthcare,XLV,0.002952,-0.005343,41.457741,-0.314122,0.007561,0.239807,81.7027
2025-09-30,Healthcare,XLV,0.024062,0.016285,58.761566,-0.067539,0.009323,3.01596,122.2713
2025-10-01,Healthcare,XLV,0.030897,0.05191,63.715861,0.358919,0.011378,3.118905,122.2713
2025-10-02,Healthcare,XLV,-0.001952,0.067546,69.462052,0.585091,0.01142,-0.397994,122.2713
2025-10-03,Healthcare,XLV,0.011384,0.068782,78.149503,0.793416,0.011597,0.538772,122.2713
2025-10-06,Healthcare,XLV,-0.004834,0.060486,74.691909,0.830368,0.011702,-0.558197,122.2713
2025-10-07,Healthcare,XLV,0.000763,0.036358,74.435335,0.807337,0.011689,-0.217438,122.2713
2025-10-08,Healthcare,XLV,0.001941,0.007249,74.45368,0.756838,0.01138,-0.217818,122.2713
2025-10-09,Healthcare,XLV,-0.002214,0.006984,73.79073,0.652073,0.010893,-0.315069,122.2713
2025-10-10,Healthcare,XLV,-0.014425,-0.018713,65.341533,0.405915,0.011098,-1.120968,122.2713
2025-10-13,Healthcare,XLV,-0.001126,-0.015057,64.144519,0.204624,0.010859,-0.283037,122.2713
2025-10-14,Healthcare,XLV,0.002747,-0.013104,66.951519,0.076348,0.010849,-0.114587,122.2713
2025-10-15,Healthcare,XLV,0.001546,-0.013494,77.175944,-0.01037,0.010849,-0.189119,122.2713
2025-10-16,Healthcare,XLV,-0.001683,-0.012969,73.713501,-0.095583,0.010884,-0.32135,122.2713
2025-10-17,Healthcare,XLV,0.006675,0.008163,74.681856,-0.099858,0.010902,0.009717,122.2713
2025-10-20,Healthcare,XLV,0.010609,0.020007,71.320134,-0.016878,0.011032,0.154476,122.2713
2025-10-21,Healthcare,XLV,0.002348,0.019601,59.002164,0.041804,0.011032,-0.170063,122.2713
2025-10-22,Healthcare,XLV,0.005719,0.02385,64.176124,0.113095,0.010921,0.050502,122.2713
2025-10-23,Healthcare,XLV,0.000548,0.026138,57.420857,0.140827,0.009892,-0.351765,122.2713
2025-10-24,Healthcare,XLV,-6.8e-05,0.019264,62.682578,0.133788,0.009836,-0.349046,122.2713
2025-10-27,Healthcare,XLV,0.002328,0.010912,63.788717,0.12717,0.00984,-0.268704,122.2713
2025-10-28,Healthcare,XLV,-0.006285,0.002205,55.595305,0.041131,0.008833,-0.547647,122.2713
2025-10-29,Healthcare,XLV,-0.010107,-0.013565,48.900529,-0.125078,0.006199,-1.63119,122.2713
2025-10-30,Healthcare,XLV,0.002223,-0.011914,64.056577,-0.219255,0.006193,0.281536,122.2713
2025-10-31,Healthcare,XLV,-0.000347,-0.012189,64.974055,-0.286263,0.005628,0.049765,122.2713
2025-11-03,Healthcare,XLV,0.001386,-0.013117,64.085492,-0.316257,0.005529,0.316056,122.2713
2025-11-04,Healthcare,XLV,0.0045,-0.002406,66.03546,-0.292276,0.005614,0.988628,122.2713
2025-11-05,Healthcare,XLV,0.003859,0.011668,70.26699,-0.240753,0.005659,0.750748,122.2713
2025-11-06,Healthcare,XLV,0.001922,0.011365,67.635336,-0.19184,0.005634,0.364317,122.2713
2025-11-07,Healthcare,XLV,0.001371,0.013102,60.800108,-0.151752,0.004382,0.118827,122.2713
2025-11-10,Healthcare,XLV,0.007801,0.019592,65.248174,-0.059463,0.004561,1.533603,122.2713
2025-11-11,Healthcare,XLV,0.023085,0.038456,74.532159,0.203873,0.006587,3.293052,122.2713
2025-11-12,Healthcare,XLV,0.014202,0.049155,79.023969,0.480406,0.007045,2.25007,122.2713
2025-11-13,Healthcare,XLV,-0.000523,0.046595,78.553226,0.609123,0.007005,-0.613964,122.2713
2025-11-14,Healthcare,XLV,-0.005958,0.038935,72.159103,0.584527,0.007274,-1.337128,122.2713
2025-11-17,Healthcare,XLV,-0.000856,0.030011,77.103131,0.513159,0.007086,-0.491266,122.2713
2025-11-18,Healthcare,XLV,0.005867,0.012676,89.315002,0.479599,0.00713,1.045185,122.2713
2025-11-19,Healthcare,XLV,-0.001704,-0.003206,86.868687,0.397624,0.007148,-0.626793,122.2713
2025-11-20,Healthcare,XLV,-0.005974,-0.008642,80.510552,0.247555,0.007371,-1.622609,122.2713
2025-11-21,Healthcare,XLV,0.021067,0.01831,84.464007,0.321588,0.008511,3.073318,122.2713
2025-11-24,Healthcare,XLV,0.004204,0.023467,84.463974,0.370719,0.008515,0.123307,122.2713
2025-11-25,Healthcare,XLV,0.022607,0.040501,87.054771,0.581823,0.009276,1.819145,122.2713
2025-11-26,Healthcare,XLV,-0.002204,0.039979,85.13508,0.637768,0.008779,-0.660699,122.2713
2025-11-28,Healthcare,XLV,-0.00486,0.041144,81.396559,0.565496,0.009029,-0.718505,122.2713
2025-12-01,Healthcare,XLV,-0.01497,0.004398,70.485882,0.314734,0.009981,-1.767646,122.2713
2025-12-02,Healthcare,XLV,-0.005989,-0.005797,60.772832,0.055025,0.010207,-0.841076,122.2713
2025-12-03,Healthcare,XLV,0.004664,-0.023241,57.215847,-0.092377,0.010208,-0.009611,122.2713
2025-12-04,Healthcare,XLV,-0.007609,-0.028532,53.460589,-0.281698,0.010497,-0.82195,122.2713
2025-12-05,Healthcare,XLV,-0.004159,-0.027847,54.335899,-0.45255,0.010612,-0.452146,122.2713
2025-12-08,Healthcare,XLV,-0.01194,-0.024857,49.257817,-0.677149,0.011093,-0.883996,122.2713
2025-12-09,Healthcare,XLV,-0.009707,-0.028505,42.994194,-0.899334,0.011287,-0.724071,122.2713
2025-12-10,Healthcare,XLV,0.014537,-0.018958,49.540814,-0.875315,0.010542,1.008721,122.2713
2025-12-11,Healthcare,XLV,0.009465,-0.002079,55.089594,-0.743073,0.010269,0.6107,122.2713
2025-12-12,Healthcare,XLV,0.003125,0.00522,48.514316,-0.608996,0.010286,0.080916,122.2713
2025-12-15,Healthcare,XLV,0.013242,0.030839,52.11054,-0.380681,0.010546,0.806809,122.2713
2025-12-16,Healthcare,XLV,-0.013004,0.027407,37.242123,-0.361977,0.011024,-0.994964,122.2713
2025-12-17,Healthcare,XLV,-0.001817,0.010845,37.38418,-0.364058,0.010973,-0.212084,122.2713
2025-12-18,Healthcare,XLV,0.00078,0.002149,39.435018,-0.352912,0.010962,-0.101196,122.2713
2025-12-19,Healthcare,XLV,0.006692,0.005712,48.931009,-0.275665,0.010929,0.107193,122.2713
2025-12-22,Healthcare,XLV,0.006592,-0.000888,54.863923,-0.160956,0.009983,0.228851,122.2713
2025-12-23,Healthcare,XLV,-0.001996,0.010255,51.775419,-0.112754,0.009958,-0.153899,122.2713
2025-12-24,Healthcare,XLV,0.005226,0.017384,58.171155,-0.037322,0.008557,0.228191,122.2713
2025-12-26,Healthcare,XLV,0.001605,0.018222,61.291484,0.015715,0.008564,0.137327,122.2713
2025-12-29,Healthcare,XLV,-0.001538,0.009897,68.395992,0.020757,0.008507,-0.019375,122.2713
2025-12-30,Healthcare,XLV,-0.000834,0.002447,75.802631,0.002396,0.007784,-0.087621,122.2713
2025-12-31,Healthcare,XLV,-0.005653,-0.001226,64.988494,-0.077344,0.00777,-0.329237,144.9318
2026-01-02,Healthcare,XLV,0.004587,-0.001861,62.528184,-0.090143,0.007767,0.423648,144.9318
2026-01-05,Healthcare,XLV,-0.003022,-0.006472,57.933303,-0.135105,0.007585,-0.669359,144.9318
2026-01-06,Healthcare,XLV,0.019672,0.014633,61.721317,0.026156,0.0086,2.620587,144.9318
2026-01-07,Healthcare,XLV,0.009931,0.025565,78.741941,0.214098,0.008139,0.845574,144.9318
2026-01-08,Healthcare,XLV,-0.009646,0.021447,70.549619,0.210762,0.008134,-1.71854,144.9318
2026-01-09,Healthcare,XLV,-0.005123,0.011575,65.81497,0.133628,0.007836,-0.770731,144.9318
2026-01-12,Healthcare,XLV,0.000445,0.015093,63.059777,0.069908,0.007635,-0.128522,144.9318
2026-01-13,Healthcare,XLV,-0.004067,-0.008539,56.271804,-0.02735,0.007722,-0.553049,144.9318
2026-01-14,Healthcare,XLV,0.007146,-0.011274,61.676141,-0.028608,0.007328,0.790349,144.9318
2026-01-15,Healthcare,XLV,-0.005701,-0.007336,54.685011,-0.097948,0.006764,-0.983251,144.9318
2026-01-16,Healthcare,XLV,-0.007773,-0.00998,48.83895,-0.226441,0.007028,-0.97649,144.9318
2026-01-20,Healthcare,XLV,-0.002183,-0.012581,48.475822,-0.328829,0.007061,-0.346142,144.9318
2026-01-21,Healthcare,XLV,0.018404,0.009698,57.972825,-0.205356,0.008005,2.249498,144.9318
2026-01-22,Healthcare,XLV,0.00019,0.002724,61.382894,-0.126187,0.00791,-0.135378,144.9318
2026-01-23,Healthcare,XLV,-0.005117,0.003313,56.383647,-0.132038,0.008002,-0.551824,144.9318
2026-01-26,Healthcare,XLV,0.003937,0.015153,59.820312,-0.099683,0.00797,0.07337,144.9318
2026-01-27,Healthcare,XLV,-0.016762,0.000322,41.304405,-0.252681,0.008875,-1.617595,144.9318
2026-01-28,Healthcare,XLV,-0.007334,-0.024959,31.864444,-0.417287,0.009016,-0.63229,144.9318
2026-01-29,Healthcare,XLV,-0.003175,-0.028239,34.30664,-0.538278,0.009036,-0.289543,144.9318
2026-01-30,Healthcare,XLV,0.005981,-0.017399,40.695159,-0.534747,0.009066,0.470904,144.9318
2026-02-02,Healthcare,XLV,0.006139,-0.015244,44.24776,-0.45023,0.009113,0.43906,144.9318
2026-02-03,Healthcare,XLV,-0.010213,-0.008684,41.56009,-0.479787,0.009381,-1.462084,144.9318
2026-02-04,Healthcare,XLV,0.012524,0.011146,44.437687,-0.354484,0.008692,2.094814,144.9318
2026-02-05,Healthcare,XLV,-0.007627,0.006631,43.667804,-0.336174,0.008454,-1.032034,144.9318
2026-02-06,Healthcare,XLV,0.018535,0.019193,55.356148,-0.127079,0.009328,1.709179,144.9318
2026-02-09,Healthcare,XLV,-0.008814,0.004047,52.366282,-0.079826,0.009468,-0.698039,144.9318
2026-02-10,Healthcare,XLV,-0.006333,0.007982,41.661943,-0.110885,0.009562,-0.441376,144.9318
2026-02-11,Healthcare,XLV,0.005923,0.00141,44.474545,-0.067755,0.009633,0.456517,144.9318
2026-02-12,Healthcare,XLV,-0.0016,0.007492,45.865931,-0.054592,0.009483,-0.175542,144.9318
2026-02-13,Healthcare,XLV,0.010705,-0.000254,48.865399,0.061251,0.009721,1.118691,144.9318
2026-02-17,Healthcare,XLV,-0.001903,0.006717,55.783143,0.110034,0.009552,-0.264099,144.9318
2026-02-18,Healthcare,XLV,0.001906,0.015065,60.659896,0.15211,0.009534,0.058087,144.9318
2026-02-19,Healthcare,XLV,-0.0026,0.006464,60.969361,0.142304,0.0086,-0.198197,144.9318
2026-02-20,Healthcare,XLV,-0.002798,0.005256,56.842129,0.098265,0.008618,-0.244283,144.9318
2026-02-23,Healthcare,XLV,0.010968,0.005518,58.923002,0.172133,0.008903,1.279552,144.9318
2026-02-24,Healthcare,XLV,-0.004226,0.003177,62.524929,0.16374,0.008918,-0.409776,144.9318
2026-02-25,Healthcare,XLV,-0.000253,0.001015,56.838921,0.143895,0.008006,-0.126238,144.9318
2026-02-26,Healthcare,XLV,-0.002598,0.001017,60.420067,0.094067,0.007821,-0.429152,144.9318
2026-02-27,Healthcare,XLV,0.01766,0.021553,60.130177,0.23059,0.008582,1.583719,144.9318
2026-03-02,Healthcare,XLV,-0.010424,-6.3e-05,58.790755,0.193405,0.008964,-1.430297,144.9318
2026-03-03,Healthcare,XLV,-0.011291,-0.007158,55.273049,0.041227,0.009305,-1.540684,144.9318
2026-03-04,Healthcare,XLV,0.001978,-0.004942,53.134857,-0.041675,0.008967,0.075916,144.9318
2026-03-05,Healthcare,XLV,-0.019994,-0.022297,43.322691,-0.295987,0.009685,-2.380142,144.9318
2026-03-06,Healthcare,XLV,-0.007862,-0.046816,33.640538,-0.521064,0.009694,-0.757246,144.9318
2026-03-09,Healthcare,XLV,0.010216,-0.026935,40.547068,-0.538781,0.008979,1.358855,144.9318
2026-03-10,Healthcare,XLV,-0.007196,-0.022904,36.906112,-0.594065,0.008913,-0.633367,144.9318
2026-03-11,Healthcare,XLV,-0.001959,-0.026743,37.142847,-0.617164,0.008828,-0.017346,144.9318
2026-03-12,Healthcare,XLV,-0.017599,-0.024365,32.835015,-0.769372,0.009436,-1.428186,144.9318
2026-03-13,Healthcare,XLV,-0.002464,-0.019057,25.761726,-0.845321,0.009436,0.012399,144.9318
2026-03-16,Healthcare,XLV,0.008145,-0.021068,31.559113,-0.766507,0.009271,0.824803,144.9318
2026-03-17,Healthcare,XLV,-0.009072,-0.022919,29.453084,-0.757688,0.0094,-0.375065,144.9318
2026-03-18,Healthcare,XLV,-0.016707,-0.037357,26.65757,-0.863294,0.009854,-1.185625,144.9318
2026-03-19,Healthcare,XLV,-0.003602,-0.023641,15.629744,-0.907909,0.009852,0.015645,144.9318
2026-03-20,Healthcare,XLV,-0.008731,-0.029775,15.94427,-0.957557,0.00992,-0.452304,144.9318
2026-03-23,Healthcare,XLV,0.000242,-0.037381,17.731166,-0.921987,0.009357,0.527708,144.9318
2026-03-24,Healthcare,XLV,0.000138,-0.028433,16.355232,-0.833725,0.009409,0.494087,144.9318
2026-03-25,Healthcare,XLV,0.010015,-0.002031,27.417654,-0.623904,0.009896,1.451388,144.9318
2026-03-26,Healthcare,XLV,-0.003419,-0.001848,28.716584,-0.471914,0.009893,0.123948,144.9318
2026-03-27,Healthcare,XLV,-0.017017,-0.010191,17.206069,-0.489423,0.008967,-0.84828,144.9318
2026-03-30,Healthcare,XLV,0.003909,-0.006562,21.490026,-0.41713,0.00911,0.873755,144.9318
2026-03-31,Healthcare,XLV,0.019399,0.01257,34.18911,-0.149078,0.010417,2.238473,111.161
2026-04-01,Healthcare,XLV,0.007639,0.010189,44.395797,0.121385,0.010636,0.954534,111.161
2026-04-02,Healthcare,XLV,-0.006228,0.007342,42.93377,0.248716,0.009884,-0.273934,111.161
2026-04-06,Healthcare,XLV,-0.00361,0.021081,37.200213,0.303983,0.009799,-0.041017,111.161
2026-04-07,Healthcare,XLV,0.001983,0.019121,41.801931,0.362822,0.009429,0.328801,111.161
2026-04-08,Healthcare,XLV,0.02115,0.020872,60.041342,0.599315,0.0107,1.213836,111.161
2026-04-09,Healthcare,XLV,-0.002272,0.010831,60.77315,0.713862,0.010702,-0.009616,111.161
2026-04-10,Healthcare,XLV,-0.013527,0.003406,57.969652,0.637131,0.010402,-0.571478,111.161
2026-04-13,Healthcare,XLV,0.00448,0.011553,59.535144,0.614112,0.010456,0.198263,111.161
2026-04-14,Healthcare,XLV,0.005812,0.015419,61.464253,0.637329,0.010369,0.338374,111.161
2026-04-15,Healthcare,XLV,-0.007122,-0.012695,54.439924,0.564326,0.010293,-0.348295,111.161
2026-04-16,Healthcare,XLV,-0.00785,-0.018215,52.43151,0.427174,0.009728,-0.649098,111.161
2026-04-17,Healthcare,XLV,0.014938,0.010115,65.738655,0.469819,0.01023,0.83185,111.161
2026-04-20,Healthcare,XLV,-0.009274,-0.003717,59.771963,0.394022,0.010258,-0.674339,111.161
2026-04-21,Healthcare,XLV,-0.010175,-0.019553,47.985983,0.239405,0.010557,-0.865406,111.161
2026-04-22,Healthcare,XLV,0.003152,-0.009407,45.901671,0.168029,0.010574,0.049522,111.161
2026-04-23,Healthcare,XLV,-0.000956,-0.002524,48.183584,0.113893,0.010342,-0.15206,111.161
2026-04-24,Healthcare,XLV,-0.014087,-0.031048,43.902433,-0.049389,0.010795,-0.985455,111.161
2026-04-27,Healthcare,XLV,-0.004994,-0.026862,41.189805,-0.186892,0.010141,-0.452644,111.161
2026-04-28,Healthcare,XLV,0.002649,-0.014254,30.475557,-0.230406,0.01012,0.070774,111.161
2026-04-29,Healthcare,XLV,-0.006952,-0.024184,29.185373,-0.30027,0.009137,-0.970344,111.161
2026-04-30,Healthcare,XLV,0.022053,-0.00171,46.052659,-0.11746,0.010362,2.853216,111.161
2026-05-01,Healthcare,XLV,-0.005685,0.006797,41.681483,-0.039588,0.010347,-0.543896,111.161
2026-05-04,Healthcare,XLV,-0.002962,0.008853,37.545563,-0.005956,0.010338,-0.351869,111.161
2026-05-05,Healthcare,XLV,0.003938,0.01015,42.266762,0.062018,0.010372,0.271361,111.161
2026-05-06,Healthcare,XLV,0.000688,0.017922,45.942303,0.117815,0.009062,0.153228,111.161
2026-05-07,Healthcare,XLV,-0.004677,-0.008699,34.776123,0.113011,0.00909,-0.321921,111.161
2026-05-08,Healthcare,XLV,-0.008499,-0.011505,35.169839,0.035118,0.008806,-0.896242,111.161
2026-05-11,Healthcare,XLV,-0.003136,-0.011677,38.196713,-0.034807,0.008708,-0.214476,111.161
2026-05-12,Healthcare,XLV,0.019645,0.003785,48.178701,0.112055,0.009812,2.275805,111.161
2026-05-13,Healthcare,XLV,0.005896,0.00901,51.538967,0.262395,0.009814,0.833728,111.161
2026-05-14,Healthcare,XLV,-0.000545,0.013198,59.217497,0.346448,0.009653,-0.135134,111.161
2026-05-15,Healthcare,XLV,-0.010434,0.01122,55.815592,0.291221,0.009253,-0.915233,111.161
2026-05-18,Healthcare,XLV,0.004273,0.018736,56.555095,0.288136,0.009127,0.302949,111.161
2026-05-19,Healthcare,XLV,0.01098,0.010079,64.99331,0.37978,0.009177,1.181988,111.161
2026-05-20,Healthcare,XLV,-0.00129,0.002863,54.757917,0.410893,0.009164,-0.254619,111.161
2026-05-21,Healthcare,XLV,0.006933,0.010366,62.284252,0.478719,0.009276,0.331363,111.161
2026-05-22,Healthcare,XLV,0.011745,0.033012,69.139464,0.610858,0.008901,0.563789,111.161
2026-05-26,Healthcare,XLV,-0.009207,0.019146,61.231594,0.575877,0.009122,-0.839797,111.161
2026-05-27,Healthcare,XLV,0.001885,0.009978,61.713875,0.542606,0.00912,-0.045533,111.161
2026-05-28,Healthcare,XLV,0.014047,0.025488,69.395434,0.626427,0.009275,1.101643,111.161
2026-05-29,Healthcare,XLV,-0.009345,0.00891,68.61762,0.554453,0.008463,-1.549377,111.161
2026-06-01,Healthcare,XLV,-0.010905,-0.013677,63.921093,0.373299,0.008762,-1.563653,111.161
2026-06-02,Healthcare,XLV,-0.00974,-0.014208,51.732788,0.144484,0.009048,-1.255016,111.161
2026-06-03,Healthcare,XLV,0.007855,-0.008334,52.598993,0.062751,0.009166,0.687627,111.161
2026-06-04,Healthcare,XLV,0.030701,0.007953,63.22171,0.293051,0.011343,2.924508,111.161
2026-06-05,Healthcare,XLV,0.006115,0.023684,69.765064,0.476441,0.01125,0.642178,111.161
2026-06-08,Healthcare,XLV,-0.002353,0.032535,67.544258,0.537406,0.011005,-0.487959,111.161
2024-01-17,Technology,XLK,-0.004929,0.014442,47.118501,-0.015321,0.010316,-0.282852,
2024-01-18,Technology,XLK,0.020285,0.026279,56.233393,0.108622,0.011247,1.840543,
2024-01-19,Technology,XLK,0.02305,0.04462,63.197022,0.315201,0.012272,1.76117,
2024-01-22,Technology,XLK,0.004396,0.045828,65.759464,0.44784,0.011597,0.142013,
2024-01-23,Technology,XLK,0.004029,0.047426,81.402504,0.52396,0.011438,0.103402,
2024-01-24,Technology,XLK,0.006886,0.059863,89.483,0.577713,0.011472,0.385633,
2024-01-25,Technology,XLK,0.004182,0.043136,95.43999,0.596328,0.011472,0.14919,
2024-01-26,Technology,XLK,-0.011514,0.007893,86.380565,0.489924,0.011905,-0.684266,
2024-01-29,Technology,XLK,0.00917,0.012683,84.622597,0.441737,0.011999,0.155207,
2024-01-30,Technology,XLK,-0.008251,0.000297,78.19628,0.32052,0.012185,-0.587978,
2024-01-31,Technology,XLK,-0.020999,-0.027405,63.800606,0.078623,0.011584,-2.037114,
2024-02-01,Technology,XLK,0.012596,-0.019255,65.839261,-0.014712,0.011365,0.629786,
2024-02-02,Technology,XLK,0.010341,0.002429,67.580893,-0.023216,0.011133,0.319842,
2024-02-05,Technology,XLK,0.002275,-0.00442,67.558081,-0.028695,0.011087,-0.295638,
2024-02-06,Technology,XLK,-0.004588,-0.000743,67.605652,-0.075649,0.010189,-0.673799,
2024-02-07,Technology,XLK,0.013233,0.034197,66.151613,-0.032724,0.010411,0.547057,
2024-02-08,Technology,XLK,0.00313,0.024529,60.53195,0.000504,0.010357,-0.155591,
2024-02-09,Technology,XLK,0.013458,0.02769,63.477569,0.092599,0.010582,0.56639,
2024-02-12,Technology,XLK,-0.007602,0.017563,58.474578,0.080031,0.010903,-0.807566,
2024-02-13,Technology,XLK,-0.016969,0.004906,49.127128,-0.058057,0.011834,-1.926397,
2024-02-14,Technology,XLK,0.010456,0.002152,51.329246,-0.090662,0.011818,0.398113,
2024-02-15,Technology,XLK,-0.002099,-0.003072,54.923382,-0.135452,0.011175,-0.287713,
2024-02-16,Technology,XLK,-0.009195,-0.025356,48.123874,-0.230832,0.01031,-0.694345,
2024-02-20,Technology,XLK,-0.010169,-0.027877,47.466706,-0.358058,0.010543,-1.089374,
2024-02-21,Technology,XLK,-0.006284,-0.017311,53.158958,-0.472594,0.010584,-0.531838,
2024-02-22,Technology,XLK,0.032723,0.004344,59.695267,-0.327366,0.012874,2.921992,
2024-02-23,Technology,XLK,-0.002333,0.004109,55.588187,-0.246382,0.012864,-0.142001,
2024-02-26,Technology,XLK,0.000974,0.014415,55.160983,-0.187959,0.012556,0.051074,
2024-02-27,Technology,XLK,0.000876,0.025734,57.420065,-0.146942,0.012408,0.021791,
2024-02-28,Technology,XLK,-0.004716,0.027353,50.528898,-0.154822,0.0123,-0.231543,
2024-02-29,Technology,XLK,0.011138,0.00588,53.623228,-0.090352,0.011373,0.551008,
2024-03-01,Technology,XLK,0.018263,0.026645,55.359822,0.063476,0.011707,1.090435,
2024-03-04,Technology,XLK,0.0,0.025646,58.768545,0.146198,0.011577,-0.146953,
2024-03-05,Technology,XLK,-0.024578,-0.000437,55.157354,0.016741,0.013025,-2.082802,
2024-03-06,Technology,XLK,0.007929,0.012262,54.338997,-0.024741,0.013054,0.466409,
2024-03-07,Technology,XLK,0.015781,0.01691,60.155024,0.042736,0.013187,0.812012,
2024-03-08,Technology,XLK,-0.014871,-0.016179,57.724702,-0.026447,0.013678,-1.001692,
2024-03-11,Technology,XLK,-0.002749,-0.018884,60.645237,-0.097071,0.013355,-0.159638,
2024-03-12,Technology,XLK,0.020505,0.026462,68.146829,-0.013372,0.013995,1.460606,
2024-03-13,Technology,XLK,-0.010805,0.007384,55.267847,-0.042397,0.013637,-0.726692,
2024-03-14,Technology,XLK,0.000192,-0.008077,56.288267,-0.067478,0.013476,-0.065936,
2024-03-15,Technology,XLK,-0.015088,-0.008295,50.227991,-0.188964,0.013939,-1.289961,
2024-03-18,Technology,XLK,0.004915,-0.000674,51.539262,-0.233197,0.013786,0.246173,
2024-03-19,Technology,XLK,0.005187,-0.015674,54.761636,-0.224236,0.013551,0.195416,
2024-03-20,Technology,XLK,0.011188,0.00621,54.824216,-0.142509,0.013562,0.492708,
2024-03-21,Technology,XLK,0.000715,0.006737,48.977556,-0.087506,0.01158,0.006957,
2024-03-22,Technology,XLK,0.000334,0.0225,49.104879,-0.054456,0.011554,-0.028995,
2024-03-25,Technology,XLK,-0.006622,0.010761,56.749815,-0.082777,0.011687,-0.34512,
2024-03-26,Technology,XLK,-0.004124,0.001398,51.682654,-0.131192,0.011741,-0.208377,
2024-03-27,Technology,XLK,0.005105,-0.004626,46.685756,-0.128867,0.011711,0.300823,
2024-03-28,Technology,XLK,-0.002156,-0.007482,53.384356,-0.142146,0.011488,-0.108628,
2024-04-01,Technology,XLK,0.002785,-0.00505,56.462499,-0.131732,0.010721,0.243,
2024-04-02,Technology,XLK,-0.009624,-0.008057,38.338135,-0.18832,0.01092,-0.541721,
2024-04-03,Technology,XLK,0.002659,-0.0013,46.579494,-0.202847,0.009389,0.139647,
2024-04-04,Technology,XLK,-0.015815,-0.022087,37.946242,-0.310462,0.009896,-1.639204,
2024-04-05,Technology,XLK,0.011464,-0.008739,53.381203,-0.292998,0.009561,1.063763,
2024-04-08,Technology,XLK,-0.001162,-0.012641,49.725162,-0.278676,0.008976,-0.053443,
2024-04-09,Technology,XLK,0.005043,0.001982,49.632782,-0.226109,0.009026,0.316347,
2024-04-10,Technology,XLK,-0.012256,-0.012922,34.963785,-0.26461,0.008077,-1.221137,
2024-04-11,Technology,XLK,0.019979,0.022978,47.463511,-0.14867,0.009064,1.708798,
2024-04-12,Technology,XLK,-0.016188,-0.004989,40.571153,-0.177035,0.009771,-1.740846,
2024-04-15,Technology,XLK,-0.018986,-0.022744,36.702125,-0.31034,0.010106,-2.141279,
2024-04-16,Technology,XLK,0.001191,-0.02649,38.521394,-0.371282,0.010028,0.292224,
2024-04-17,Technology,XLK,-0.014423,-0.028626,32.087061,-0.482076,0.010339,-1.056652,
2024-04-18,Technology,XLK,-0.011416,-0.058525,30.098647,-0.597046,0.010047,-0.867828,
2024-04-19,Technology,XLK,-0.020602,-0.06275,25.152176,-0.76333,0.010721,-2.271244,
2024-04-22,Technology,XLK,0.008934,-0.036076,30.660518,-0.769516,0.011081,1.109605,
2024-04-23,Technology,XLK,0.014826,-0.022948,35.292481,-0.636731,0.011808,1.330415,
2024-04-24,Technology,XLK,0.004565,-0.004124,40.646157,-0.484735,0.011914,0.532018,
2024-04-25,Technology,XLK,-0.002171,0.005189,35.534485,-0.369469,0.011786,0.18752,
2024-04-26,Technology,XLK,0.011285,0.037916,40.208685,-0.198612,0.012193,0.910011,
2024-04-29,Technology,XLK,0.004304,0.033153,39.876549,-0.044581,0.012229,0.461624,
2024-04-30,Technology,XLK,-0.022024,-0.004363,37.689611,-0.075433,0.012934,-1.382892,
2024-05-01,Technology,XLK,-0.010241,-0.019038,27.422352,-0.144443,0.012983,-0.695423,
2024-05-02,Technology,XLK,0.014414,-0.002733,36.780462,-0.081868,0.013193,1.238761,
2024-05-03,Technology,XLK,0.02786,0.013612,51.550728,0.144846,0.014497,1.91779,
2024-05-06,Technology,XLK,0.01175,0.021127,54.483707,0.364232,0.014768,0.599462,
2024-05-07,Technology,XLK,-0.003269,0.040709,58.169704,0.470596,0.014729,0.032305,
2024-05-08,Technology,XLK,0.00284,0.054463,63.144512,0.538857,0.014486,0.236413,
2024-05-09,Technology,XLK,-0.000293,0.039176,72.329635,0.558264,0.013713,0.18451,
2024-05-10,Technology,XLK,0.003711,0.014762,71.326041,0.570595,0.013259,0.292823,
2024-05-13,Technology,XLK,0.004719,0.00771,69.096113,0.583163,0.012499,0.209785,
2024-05-14,Technology,XLK,0.008862,0.019975,70.223658,0.620988,0.012613,0.48657,
2024-05-15,Technology,XLK,0.022511,0.039982,75.932807,0.761359,0.012833,1.529059,
2024-05-16,Technology,XLK,-0.003474,0.036673,72.045287,0.785819,0.012464,-0.359748,
2024-05-17,Technology,XLK,-0.002214,0.030554,69.967692,0.743065,0.01117,-0.419918,
2024-05-20,Technology,XLK,0.011755,0.037771,84.772511,0.751992,0.011242,0.173211,
2024-05-21,Technology,XLK,0.001633,0.030335,92.009901,0.723704,0.011019,-0.184324,
2024-05-22,Technology,XLK,0.002236,0.009905,91.165775,0.676018,0.011029,-0.072643,
2024-05-23,Technology,XLK,-0.008134,0.005182,79.747648,0.546872,0.011288,-0.720324,
2024-05-24,Technology,XLK,0.008435,0.01591,79.081763,0.484044,0.011208,0.118103,
2024-05-28,Technology,XLK,0.004229,0.008353,83.109708,0.436932,0.011208,0.034013,
2024-05-29,Technology,XLK,-0.00634,0.000326,76.486334,0.329304,0.009764,-0.768665,
2024-05-30,Technology,XLK,-0.022819,-0.024682,60.740054,0.077415,0.011083,-2.122369,
2024-05-31,Technology,XLK,0.001573,-0.015137,60.008677,-0.087078,0.010811,-0.128626,
2024-06-03,Technology,XLK,0.002522,-0.020912,59.231427,-0.181671,0.009134,0.059809,
2024-06-04,Technology,XLK,0.002088,-0.022999,56.564719,-0.229914,0.008842,-0.007871,
2024-06-05,Technology,XLK,0.022214,0.005076,56.564688,-0.112144,0.009889,1.584844,
2024-06-06,Technology,XLK,-0.003336,0.025116,56.618047,-0.066696,0.009984,-0.435916,
2024-06-07,Technology,XLK,0.002324,0.025885,58.889938,-0.030371,0.009962,-0.087275,
2024-06-10,Technology,XLK,0.002551,0.025915,54.761912,-2.2e-05,0.009959,-0.058683,
2024-06-11,Technology,XLK,0.018598,0.042817,61.983465,0.134324,0.010581,1.724905,
2024-06-12,Technology,XLK,0.022119,0.042721,68.07889,0.353285,0.011338,2.42422,
2024-06-13,Technology,XLK,0.00791,0.054486,74.498319,0.515639,0.010519,0.487808,
2024-06-14,Technology,XLK,0.003747,0.055983,73.582716,0.603523,0.010401,-0.095887,
2024-06-17,Technology,XLK,0.015154,0.069258,75.896517,0.72067,0.010617,0.964843,
2024-06-18,Technology,XLK,0.001255,0.051051,79.871064,0.748809,0.010494,-0.287697,
2024-06-20,Technology,XLK,-0.011235,0.016753,87.041383,0.626918,0.011022,-1.384669,
2024-06-21,Technology,XLK,-0.001748,0.00701,85.519671,0.485272,0.011077,-0.447255,
2024-06-24,Technology,XLK,-0.024517,-0.021346,69.70134,0.173725,0.012467,-2.271952,
2024-06-25,Technology,XLK,0.018344,-0.01827,72.912996,0.076843,0.012915,0.843486,
2024-06-26,Technology,XLK,-0.001148,-0.020626,68.041736,-0.017574,0.012938,-0.239616,
2024-06-27,Technology,XLK,0.000486,-0.009016,69.829821,-0.093776,0.012783,-0.168087,
2024-06-28,Technology,XLK,-0.00053,-0.007807,69.019842,-0.161615,0.011319,-0.330307,
2024-07-01,Technology,XLK,0.007559,0.024818,70.214842,-0.162525,0.011333,0.167774,
2024-07-02,Technology,XLK,0.005001,0.011391,67.071693,-0.139059,0.011327,-0.069274,
2024-07-03,Technology,XLK,0.013489,0.026211,64.780018,-0.039679,0.011493,0.235156,
2024-07-05,Technology,XLK,0.003058,0.028849,63.239227,0.027043,0.010749,-0.138641,
2024-07-08,Technology,XLK,0.006827,0.036423,64.323946,0.097511,0.010626,0.055877,
2024-07-09,Technology,XLK,-0.00081,0.027814,58.148235,0.110229,0.010682,-0.347498,
2024-07-10,Technology,XLK,0.014513,0.037542,63.358659,0.199144,0.010911,0.537427,
2024-07-11,Technology,XLK,-0.025034,-0.001895,55.858835,0.035586,0.012302,-2.268674,
2024-07-12,Technology,XLK,0.008933,0.00395,59.646765,-0.024587,0.011538,0.596575,
2024-07-15,Technology,XLK,0.001796,-0.001066,73.752028,-0.068829,0.011455,0.115045,
2024-07-16,Technology,XLK,-0.00333,-0.003585,66.109625,-0.138484,0.0115,-0.162213,
2024-07-17,Technology,XLK,-0.038896,-0.056042,46.903869,-0.482079,0.014145,-2.659758,
2024-07-18,Technology,XLK,8.9e-05,-0.031718,46.745985,-0.691035,0.014136,0.223311,
2024-07-19,Technology,XLK,-0.015643,-0.055304,42.038016,-0.914494,0.014331,-0.576982,
2024-07-22,Technology,XLK,0.023679,-0.034668,47.525528,-0.857379,0.015403,1.520811,
2024-07-23,Technology,XLK,-0.003981,-0.035298,44.748246,-0.81893,0.014353,-0.096084,
2024-07-24,Technology,XLK,-0.041385,-0.037796,31.132799,-1.058092,0.01654,-2.681513,
2024-07-25,Technology,XLK,-0.010701,-0.048177,28.434192,-1.235049,0.016644,-0.823852,
2024-07-26,Technology,XLK,0.012689,-0.020781,30.18087,-1.202476,0.016989,0.922973,
2024-07-29,Technology,XLK,-0.004439,-0.047678,29.682829,-1.153379,0.016992,0.077723,
2024-07-30,Technology,XLK,-0.025125,-0.067895,21.471133,-1.234326,0.017553,-0.93863,
2024-07-31,Technology,XLK,0.042351,0.013526,37.47335,-0.93837,0.020325,2.480955,
2024-08-01,Technology,XLK,-0.037294,-0.013719,29.930678,-0.95771,0.021419,-1.907278,
2024-08-02,Technology,XLK,-0.028105,-0.053449,26.661378,-1.100772,0.021956,-1.366937,
2024-08-05,Technology,XLK,-0.033314,-0.080903,24.335621,-1.339781,0.02253,-2.395041,
2024-08-06,Technology,XLK,0.013593,-0.0444,31.089875,-1.323175,0.023004,1.219032,
2024-08-07,Technology,XLK,-0.016202,-0.09808,29.539932,-1.331696,0.022478,-0.332666,
2024-08-08,Technology,XLK,0.037347,-0.028152,38.44724,-1.017281,0.024385,1.594364,
2024-08-09,Technology,XLK,0.004494,0.004445,34.404999,-0.718204,0.024263,0.388074,
2024-08-12,Technology,XLK,0.00817,0.047549,36.530623,-0.418794,0.024414,0.446735,
2024-08-13,Technology,XLK,0.030727,0.065257,48.266592,0.014116,0.025747,0.959606,
2024-08-14,Technology,XLK,0.005475,0.08873,51.026947,0.343847,0.02447,0.288668,
2024-08-15,Technology,XLK,0.028764,0.079723,53.609985,0.74897,0.025414,0.788372,
2024-08-16,Technology,XLK,0.001674,0.076691,54.662563,0.99502,0.025162,0.144369,
2024-08-19,Technology,XLK,0.016486,0.085572,61.932527,1.229729,0.024862,0.635934,
2024-08-20,Technology,XLK,-0.00351,0.049513,54.933141,1.30208,0.024858,0.061985,
2024-08-21,Technology,XLK,0.005886,0.049942,65.402082,1.332508,0.022876,0.160342,
2024-08-22,Technology,XLK,-0.023007,-0.002896,66.401498,1.126547,0.023408,-0.479296,
2024-08-23,Technology,XLK,0.016199,0.011563,79.267754,1.057149,0.023506,0.478293,
2024-08-26,Technology,XLK,-0.012547,-0.01733,73.028644,0.873198,0.023692,-0.148281,
2024-08-27,Technology,XLK,0.006059,-0.007893,79.428919,0.756091,0.022852,0.127541,
2024-08-28,Technology,XLK,-0.013798,-0.027307,69.138624,0.546099,0.021171,-0.227175,
2024-08-29,Technology,XLK,-0.009024,-0.013385,64.953104,0.322057,0.019395,-0.308693,
2024-08-30,Technology,XLK,0.013291,-0.016208,65.99506,0.253934,0.018212,0.363851,
2024-09-03,Technology,XLK,-0.045931,-0.049469,46.096785,-0.12411,0.019722,-2.755005,
2024-09-04,Technology,XLK,-0.002569,-0.057621,44.089502,-0.37393,0.019605,-0.19749,
2024-09-05,Technology,XLK,-0.001526,-0.045894,34.615438,-0.522488,0.019141,-0.187103,
2024-09-06,Technology,XLK,-0.025937,-0.062178,29.683952,-0.759888,0.018404,-1.412961,
2024-09-09,Technology,XLK,0.016379,-0.05932,29.173511,-0.761985,0.018747,0.821968,
2024-09-10,Technology,XLK,0.014957,0.000714,34.562458,-0.622325,0.018952,0.674506,
2024-09-11,Technology,XLK,0.034132,0.037535,42.09903,-0.270941,0.019247,1.81773,
2024-09-12,Technology,XLK,0.008274,0.047719,48.894504,0.025535,0.019291,0.338728,
2024-09-13,Technology,XLK,0.005015,0.081012,46.090642,0.249901,0.018206,0.194976,
2024-09-16,Technology,XLK,-0.003811,0.059539,48.199774,0.355506,0.018221,-0.087695,
2024-09-17,Technology,XLK,-0.001958,0.041881,46.060721,0.393268,0.017791,0.017507,
2024-09-18,Technology,XLK,-0.009125,-0.001701,47.260806,0.336078,0.017874,-0.419703,
2024-09-19,Technology,XLK,0.0297,0.019513,56.785245,0.488316,0.019138,1.708582,
2024-09-20,Technology,XLK,-0.004874,0.009481,52.514854,0.524737,0.018419,-0.307679,
2024-09-23,Technology,XLK,-0.000185,0.013155,68.239029,0.51857,0.018052,0.017257,
2024-09-24,Technology,XLK,0.006844,0.022091,70.698732,0.534209,0.017872,0.199694,
2024-09-25,Technology,XLK,0.002862,0.034456,71.883061,0.533653,0.017837,0.076484,
2024-09-26,Technology,XLK,0.013244,0.017924,86.462535,0.595434,0.01771,0.46922,
2024-09-27,Technology,XLK,-0.00933,0.013366,79.149835,0.530744,0.01772,-0.306148,
2024-09-30,Technology,XLK,0.002932,0.016525,77.387579,0.476871,0.017522,0.030408,
2024-10-01,Technology,XLK,-0.024362,-0.014982,55.730426,0.236733,0.014923,-1.671648,
2024-10-02,Technology,XLK,0.0074,-0.010524,55.456668,0.117351,0.01491,0.005954,
2024-10-03,Technology,XLK,0.004146,-0.019409,55.160648,0.057194,0.014872,-0.05713,
2024-10-04,Technology,XLK,0.011131,0.000844,60.69837,0.08651,0.013257,0.015543,
2024-10-07,Technology,XLK,-0.00688,-0.008948,58.396511,0.042744,0.013242,-0.461574,
2024-10-08,Technology,XLK,0.018682,0.034777,67.549243,0.13655,0.013429,0.658108,
2024-10-09,Technology,XLK,0.011188,0.038668,63.018301,0.259814,0.011591,0.461551,
2024-10-10,Technology,XLK,-0.00026,0.03411,65.43381,0.311961,0.011545,-0.171096,
2024-10-11,Technology,XLK,0.001736,0.024502,66.041224,0.330632,0.011533,-0.030633,
2024-10-14,Technology,XLK,0.013041,0.045052,67.806086,0.409119,0.011666,0.773637,
2024-10-15,Technology,XLK,-0.021983,0.003334,56.677731,0.262344,0.012931,-2.147636,
2024-10-16,Technology,XLK,0.003105,-0.004686,53.510183,0.166456,0.012649,-0.006382,
2024-10-17,Technology,XLK,0.003052,-0.001389,58.460502,0.106792,0.01097,0.168979,
2024-10-18,Technology,XLK,0.003564,0.000433,58.684664,0.076512,0.010871,0.112312,
2024-10-21,Technology,XLK,0.004677,-0.007827,73.246136,0.074283,0.010874,0.216257,
2024-10-22,Technology,XLK,-0.001034,0.013425,70.679573,0.047845,0.010841,-0.07581,
2024-10-23,Technology,XLK,-0.014326,-0.004185,60.708902,-0.089879,0.011422,-0.73096,
2024-10-24,Technology,XLK,0.002933,-0.004303,57.79787,-0.163766,0.011067,0.202919,
2024-10-25,Technology,XLK,0.005194,-0.002685,63.606163,-0.176955,0.010864,0.418651,
2024-10-28,Technology,XLK,-0.000304,-0.00763,55.76155,-0.190843,0.010861,0.022722,
2024-10-29,Technology,XLK,0.013465,0.006775,56.947873,-0.103772,0.009401,0.919722,
2024-10-30,Technology,XLK,-0.015901,0.005166,48.344378,-0.173082,0.010225,-1.404282,
2024-10-31,Technology,XLK,-0.032098,-0.029943,36.235106,-0.452112,0.012694,-2.828262,
2024-11-01,Technology,XLK,0.007514,-0.027704,33.366879,-0.561084,0.012551,0.748626,
2024-11-04,Technology,XLK,-0.000759,-0.028147,40.048341,-0.614659,0.012455,0.051409,
2024-11-05,Technology,XLK,0.014079,-0.027559,45.414502,-0.524324,0.012131,0.888403,
2024-11-06,Technology,XLK,0.028472,0.016289,54.936407,-0.242665,0.013518,2.118475,
2024-11-07,Technology,XLK,0.017442,0.068305,58.974374,0.069126,0.014022,1.139738,
2024-11-08,Technology,XLK,-0.001095,0.059176,57.29198,0.246387,0.014035,-0.087258,
2024-11-11,Technology,XLK,-0.005524,0.054125,55.613357,0.296272,0.01384,-0.245544,
2024-11-12,Technology,XLK,0.001272,0.040813,61.522328,0.313938,0.012787,-0.027143,
2024-11-13,Technology,XLK,-0.003472,0.008485,59.257054,0.274354,0.012833,-0.248565,
2024-11-14,Technology,XLK,-0.0034,-0.012173,56.374042,0.200969,0.012869,-0.236384,
2024-11-15,Technology,XLK,-0.024816,-0.03563,48.064616,-0.048945,0.014083,-1.841149,
2024-11-18,Technology,XLK,0.003235,-0.027136,44.720332,-0.188865,0.014059,0.17554,
2024-11-19,Technology,XLK,0.008194,-0.020411,52.469847,-0.21603,0.01419,0.399705,
2024-11-20,Technology,XLK,-0.000865,-0.017847,66.075987,-0.236377,0.013788,-0.059154,
2024-11-21,Technology,XLK,0.010167,-0.004477,66.890238,-0.170212,0.013944,0.682111,
2024-11-22,Technology,XLK,0.000514,0.021381,67.432854,-0.123418,0.01391,-0.000743,
2024-11-25,Technology,XLK,-4.3e-05,0.018043,63.325477,-0.095046,0.013909,-0.028796,
2024-11-26,Technology,XLK,0.005009,0.014827,53.551634,-0.042181,0.01363,0.208848,
2024-11-27,Technology,XLK,-0.013546,0.001947,34.599029,-0.114187,0.013492,-0.610124,
2024-11-29,Technology,XLK,0.009284,0.001071,41.77451,-0.091889,0.011207,0.12954,
2024-12-02,Technology,XLK,0.009498,0.01006,50.229805,-0.009228,0.011261,0.575363,
2024-12-03,Technology,XLK,0.003602,0.013742,51.456822,0.063634,0.011233,-0.047168,
2024-12-04,Technology,XLK,0.018285,0.027134,61.231613,0.236428,0.01149,1.420391,
2024-12-05,Technology,XLK,-0.00506,0.03597,60.251499,0.286768,0.009936,-0.423761,
2024-12-06,Technology,XLK,0.003877,0.03042,78.407453,0.325049,0.009223,0.227193,
2024-12-09,Technology,XLK,-0.006519,0.014071,72.137017,0.273973,0.009359,-0.609794,
2024-12-10,Technology,XLK,-0.013875,-0.003589,59.77985,0.113607,0.009817,-1.574196,
2024-12-11,Technology,XLK,0.014495,-0.007299,65.350215,0.106007,0.010334,1.210163,
2024-12-12,Technology,XLK,-0.005598,-0.007836,58.807567,0.043804,0.01039,-0.4187,
2024-12-13,Technology,XLK,0.004285,-0.007432,60.194501,0.02516,0.010375,0.313798,
2024-12-16,Technology,XLK,0.009998,0.009069,63.483282,0.078059,0.00858,0.896107,
2024-12-17,Technology,XLK,-0.006047,0.01708,58.877521,0.05111,0.008801,-0.866081,
2024-12-18,Technology,XLK,-0.032253,-0.029786,50.971767,-0.223162,0.011579,-3.588856,
2024-12-19,Technology,XLK,0.001076,-0.023274,48.066159,-0.384923,0.011578,0.154075,
2024-12-20,Technology,XLK,0.014925,-0.012926,50.015024,-0.364988,0.011836,1.443782,
2024-12-23,Technology,XLK,0.010595,-0.012342,52.374239,-0.262054,0.012045,0.528984,
2024-12-24,Technology,XLK,0.010333,0.003934,49.688935,-0.113035,0.012215,0.281859,
2024-12-26,Technology,XLK,0.000665,0.038083,51.833031,-0.01553,0.012191,0.015757,
2024-12-27,Technology,XLK,-0.013295,0.02318,45.685061,-0.061808,0.012174,-0.735865,
2024-12-30,Technology,XLK,-0.012716,-0.004687,43.826526,-0.189938,0.012417,-0.59293,
2024-12-31,Technology,XLK,-0.008317,-0.023312,45.56798,-0.328332,0.012363,-0.398654,
2025-01-02,Technology,XLK,-0.002365,-0.035588,38.867405,-0.420816,0.012329,-0.082487,
2025-01-03,Technology,XLK,0.016295,-0.020524,47.213073,-0.341577,0.012173,1.079206,
2025-01-06,Technology,XLK,0.012725,0.005306,50.126855,-0.182785,0.012504,0.798458,
2025-01-07,Technology,XLK,-0.020063,-0.002175,40.751765,-0.228764,0.013229,-1.081003,
2025-01-08,Technology,XLK,-0.000342,0.005849,42.272076,-0.250982,0.013173,0.10927,
2025-01-10,Technology,XLK,-0.021806,-0.013752,45.510019,-0.415563,0.013691,-1.347546,
2025-01-13,Technology,XLK,-0.007081,-0.036437,43.061885,-0.549582,0.013217,-0.236224,
2025-01-14,Technology,XLK,0.002641,-0.046032,38.090525,-0.585855,0.013242,0.31532,
2025-01-15,Technology,XLK,0.019889,-0.007138,41.704963,-0.433156,0.014068,1.337097,
2025-01-16,Technology,XLK,-0.007706,-0.014452,35.323398,-0.369196,0.013878,-0.056972,
2025-01-17,Technology,XLK,0.015662,0.023297,41.254645,-0.19234,0.014396,0.741379,
2025-01-21,Technology,XLK,0.008329,0.039179,48.03409,-0.00613,0.012503,0.40063,
2025-01-22,Technology,XLK,0.022579,0.059844,58.945183,0.283246,0.013404,1.594118,
2025-01-23,Technology,XLK,0.001781,0.041026,62.513445,0.466277,0.013057,0.054938,
2025-01-24,Technology,XLK,-0.010421,0.038178,59.366218,0.478563,0.013123,-0.542722,
2025-01-27,Technology,XLK,-0.049018,-0.027935,41.312686,0.090397,0.016909,-3.721903,
2025-01-28,Technology,XLK,0.026673,-0.010252,44.905278,0.035137,0.018131,1.258782,
2025-01-29,Technology,XLK,-0.008132,-0.039977,47.651317,-0.061072,0.017988,-0.134877,
2025-01-30,Technology,XLK,0.001855,-0.039906,48.204133,-0.10397,0.017786,0.177478,
2025-01-31,Technology,XLK,-0.005858,-0.035479,52.31367,-0.167659,0.017736,-0.120003,
2025-02-03,Technology,XLK,-0.013474,0.000571,50.595227,-0.296086,0.017979,-0.541502,
2025-02-04,Technology,XLK,0.014405,-0.011385,53.35139,-0.255297,0.017889,0.593103,
2025-02-05,Technology,XLK,0.013897,0.010572,52.03341,-0.112221,0.017938,0.43348,
2025-02-06,Technology,XLK,0.002733,0.011457,54.750939,0.006325,0.017365,0.184938,
2025-02-07,Technology,XLK,-0.008559,0.008708,48.533102,0.019337,0.017479,-0.145818,
2025-02-10,Technology,XLK,0.014604,0.037418,50.176153,0.136821,0.016986,0.401008,
2025-02-11,Technology,XLK,0.000466,0.023162,43.706479,0.209116,0.016863,0.061654,
2025-02-12,Technology,XLK,-0.002158,0.00696,42.552116,0.229182,0.01689,-0.012893,
2025-02-13,Technology,XLK,0.014163,0.018439,49.829663,0.336876,0.016614,0.504628,
2025-02-14,Technology,XLK,0.003387,0.030711,70.543416,0.412951,0.016472,0.125451,
2025-02-18,Technology,XLK,0.009126,0.025146,66.197684,0.507984,0.016253,0.288815,
2025-02-19,Technology,XLK,8.3e-05,0.024753,71.375871,0.540033,0.016184,0.088762,
2025-02-20,Technology,XLK,-0.003179,0.023705,68.659123,0.504673,0.015417,0.063387,
2025-02-21,Technology,XLK,-0.027091,-0.017938,56.780202,0.245019,0.016563,-0.775167,
2025-02-24,Technology,XLK,-0.014306,-0.035255,56.310051,-0.041448,0.016697,-0.222596,
2025-02-25,Technology,XLK,-0.012958,-0.056368,45.870971,-0.318208,0.012787,-1.079081,
2025-02-26,Technology,XLK,0.010897,-0.046164,44.535754,-0.399772,0.011495,1.010775,
2025-02-27,Technology,XLK,-0.036407,-0.077959,33.44156,-0.699027,0.013957,-2.673112,
2025-02-28,Technology,XLK,0.013208,-0.039767,40.380043,-0.757971,0.014344,1.558656,
2025-03-03,Technology,XLK,-0.030417,-0.055462,28.778678,-0.971858,0.015734,-2.18318,
2025-03-04,Technology,XLK,-0.000777,-0.043806,28.471359,-1.057549,0.015526,0.106885,
2025-03-05,Technology,XLK,0.01405,-0.040823,33.795746,-0.95337,0.015507,1.255455,
2025-03-06,Technology,XLK,-0.027756,-0.032212,24.62588,-1.025487,0.016052,-2.225876,
2025-03-07,Technology,XLK,0.014483,-0.030994,28.172652,-0.908387,0.016522,1.127967,
2025-03-10,Technology,XLK,-0.042509,-0.043079,20.715413,-1.069805,0.018677,-3.070102,
2025-03-11,Technology,XLK,-0.004062,-0.046224,20.378776,-1.127582,0.018095,0.136816,
2025-03-12,Technology,XLK,0.015739,-0.044636,25.02933,-0.983997,0.018698,0.958525,
2025-03-13,Technology,XLK,-0.018991,-0.036023,26.135716,-0.950688,0.018926,-0.497316,
2025-03-14,Technology,XLK,0.030242,-0.021049,35.341193,-0.659859,0.020137,1.38069,
2025-03-17,Technology,XLK,0.006965,0.029534,38.805154,-0.373072,0.020235,0.550041,
2025-03-18,Technology,XLK,-0.015225,0.017994,34.082034,-0.254075,0.020061,-0.26967,
2025-03-19,Technology,XLK,0.01301,0.015259,42.830454,-0.054607,0.020484,0.720463,
2025-03-20,Technology,XLK,-0.007119,0.027545,38.350879,0.049093,0.020477,0.149995,
2025-03-21,Technology,XLK,0.002718,9.3e-05,44.86592,0.154049,0.019935,0.379294,
2025-03-24,Technology,XLK,0.018939,0.011986,49.509677,0.363907,0.02045,0.764324,
2025-03-25,Technology,XLK,0.003308,0.031032,47.007996,0.52219,0.020348,0.288206,
2025-03-26,Technology,XLK,-0.022304,-0.00491,48.303578,0.461303,0.020595,-0.356138,
2025-03-27,Technology,XLK,-0.009228,-0.007023,42.599115,0.357195,0.019166,-0.013808,
2025-03-28,Technology,XLK,-0.024254,-0.033734,46.929448,0.13038,0.019402,-0.64314,
2025-03-31,Technology,XLK,0.000485,-0.051234,48.057239,0.004183,0.018405,0.246177,120.67695
2025-04-01,Technology,XLK,0.007313,-0.047447,45.661485,-0.007606,0.018536,0.459238,120.67695
2025-04-02,Technology,XLK,0.007404,-0.018503,53.12203,0.053901,0.018287,0.481465,120.67695
2025-04-03,Technology,XLK,-0.068248,-0.07697,29.073503,-0.344564,0.022888,-3.197647,120.67695
2025-04-04,Technology,XLK,-0.065871,-0.116339,20.386058,-0.963969,0.026184,-3.316847,120.67695
2025-04-07,Technology,XLK,0.005977,-0.111488,23.283065,-1.244587,0.025099,0.729762,120.67695
2025-04-08,Technology,XLK,-0.020332,-0.135872,17.757647,-1.448241,0.025291,-0.566537,120.67695
2025-04-09,Technology,XLK,0.134257,-0.027061,44.027992,-0.705751,0.040315,3.785922,120.67695
2025-04-10,Technology,XLK,-0.046552,-0.004405,38.7612,-0.474227,0.041417,-0.712695,120.67695
2025-04-11,Technology,XLK,0.020476,0.087624,38.714607,-0.146655,0.041067,0.211414,120.67695
2025-04-14,Technology,XLK,0.009125,0.091028,39.486769,0.155433,0.041098,0.067956,120.67695
2025-04-15,Technology,XLK,0.003647,0.117732,42.357664,0.391092,0.041014,-0.002341,120.67695
2025-04-16,Technology,XLK,-0.034745,-0.048808,39.929055,0.32725,0.04149,-0.348944,120.67695
2025-04-17,Technology,XLK,-0.005415,-0.007769,41.88478,0.266432,0.041485,-0.031586,120.67695
2025-04-21,Technology,XLK,-0.025822,-0.052785,39.45341,0.085401,0.041726,-0.16663,120.67695
2025-04-22,Technology,XLK,0.024377,-0.038469,41.490415,0.141633,0.041912,0.178272,120.67695
2025-04-23,Technology,XLK,0.028993,-0.014187,43.971038,0.375033,0.042578,0.286478,120.67695
2025-04-24,Technology,XLK,0.037316,0.059409,55.770527,0.763817,0.043313,0.235296,120.67695
2025-04-25,Technology,XLK,0.014798,0.080939,66.611502,1.089855,0.043407,0.039661,120.67695
2025-04-28,Technology,XLK,-0.001631,0.107782,65.852717,1.249751,0.043031,-0.049552,120.67695
2025-04-29,Technology,XLK,0.004661,0.08646,69.566983,1.335846,0.043037,-0.011796,120.67695
2025-04-30,Technology,XLK,0.004161,0.06024,55.89885,1.364952,0.043021,-0.010904,143.1152
2025-05-01,Technology,XLK,0.014669,0.037093,70.581782,1.42382,0.043105,0.081124,143.1152
2025-05-02,Technology,XLK,0.01671,0.039047,70.306975,1.51024,0.039918,0.000561,143.1152
2025-05-05,Technology,XLK,-0.005309,0.035218,67.268648,1.456521,0.036319,-0.242543,143.1152
2025-05-06,Technology,XLK,-0.008308,0.021856,64.087314,1.294155,0.036521,-0.253868,143.1152
2025-05-07,Technology,XLK,0.010015,0.027813,77.023716,1.193942,0.035896,-0.154061,143.1152
2025-05-08,Technology,XLK,0.009545,0.022624,80.110759,1.13268,0.020784,0.23677,143.1152
2025-05-09,Technology,XLK,-0.001239,0.00457,90.35856,1.022537,0.017196,-0.358723,143.1152
2025-05-12,Technology,XLK,0.046415,0.056809,91.615543,1.214212,0.019221,2.447742,143.1152
2025-05-13,Technology,XLK,0.021607,0.088688,91.482779,1.417899,0.019491,0.835325,143.1152
2025-05-14,Technology,XLK,0.006491,0.084889,90.083863,1.507014,0.01947,-0.087664,143.1152
2025-05-15,Technology,XLK,0.001367,0.0761,89.268508,1.478455,0.016802,-0.510617,143.1152
2025-05-16,Technology,XLK,0.001877,0.079458,90.325503,1.378076,0.016534,-0.519004,143.1152
2025-05-19,Technology,XLK,-0.001448,0.030084,89.093691,1.210054,0.014529,-0.813529,143.1152
2025-05-20,Technology,XLK,-0.003752,0.004514,86.394297,0.988552,0.014553,-0.851274,143.1152
2025-05-21,Technology,XLK,-0.018787,-0.020715,73.959264,0.631525,0.015154,-2.224972,143.1152
2025-05-22,Technology,XLK,0.000262,-0.021796,70.958172,0.348018,0.013485,-0.29642,143.1152
2025-05-23,Technology,XLK,-0.011032,-0.034399,67.873998,0.042486,0.013791,-0.962308,143.1152
2025-05-27,Technology,XLK,0.023764,-0.010019,76.209327,-0.00965,0.014372,1.41445,143.1152
2025-05-28,Technology,XLK,-0.004134,-0.010399,72.578279,-0.101676,0.014535,-0.521558,143.1152
2025-05-29,Technology,XLK,0.001687,0.010249,71.169241,-0.170817,0.014555,-0.168928,143.1152
2025-05-30,Technology,XLK,-0.003108,0.006846,70.197267,-0.256817,0.014477,-0.450698,143.1152
2025-06-02,Technology,XLK,0.008835,0.027071,60.546425,-0.260723,0.014222,0.351578,143.1152
2025-06-03,Technology,XLK,0.015025,0.018303,58.159331,-0.166053,0.014268,0.795584,143.1152
2025-06-04,Technology,XLK,0.00148,0.024044,55.983896,-0.114122,0.013961,-0.233123,143.1152
2025-06-05,Technology,XLK,-0.002829,0.019428,53.706968,-0.123806,0.014025,-0.509008,143.1152
2025-06-06,Technology,XLK,0.009444,0.032264,57.09608,-0.079307,0.014023,0.150368,143.1152
2025-06-09,Technology,XLK,0.004909,0.028246,59.849648,-0.036632,0.013956,-0.021688,143.1152
2025-06-10,Technology,XLK,0.005594,0.018693,63.986009,0.008141,0.009985,0.171279,143.1152
2025-06-11,Technology,XLK,-0.0022,0.014949,75.274077,-0.007468,0.009004,-0.274704,143.1152
2025-06-12,Technology,XLK,0.009279,0.027273,77.505103,0.027482,0.009103,0.647832,143.1152
2025-06-13,Technology,XLK,-0.014017,0.003398,74.799247,-0.086402,0.009768,-1.360326,143.1152
2025-06-16,Technology,XLK,0.016181,0.014654,73.162277,-0.056744,0.01034,1.381838,143.1152
2025-06-17,Technology,XLK,-0.007077,0.001868,70.860839,-0.115901,0.010507,-0.593407,143.1152
2025-06-18,Technology,XLK,0.001202,0.005284,70.739736,-0.163586,0.010435,-0.028272,143.1152
2025-06-20,Technology,XLK,-0.004429,-0.008369,69.725414,-0.244358,0.009392,-0.670954,143.1152
2025-06-23,Technology,XLK,0.011402,0.017195,70.572379,-0.220115,0.009584,0.796329,143.1152
2025-06-24,Technology,XLK,0.017951,0.018967,71.5547,-0.079273,0.009542,1.181403,143.1152
2025-06-25,Technology,XLK,0.008534,0.034988,73.362786,0.055944,0.008466,0.335775,143.1152
2025-06-26,Technology,XLK,0.006898,0.040876,76.663448,0.168025,0.008287,0.274222,143.1152
2025-06-27,Technology,XLK,-0.001195,0.044257,73.869015,0.19515,0.008359,-0.591012,143.1152
2025-06-30,Technology,XLK,0.00981,0.042614,75.069807,0.254874,0.008272,0.719587,132.68095
2025-07-01,Technology,XLK,-0.008925,0.015086,68.078265,0.181315,0.008748,-1.601755,132.68095
2025-07-02,Technology,XLK,0.010559,0.017124,71.949463,0.183701,0.008502,0.820185,132.68095
2025-07-03,Technology,XLK,0.013169,0.02346,72.917475,0.255072,0.008745,0.474759,132.68095
2025-07-07,Technology,XLK,-0.007939,0.016549,76.111873,0.194382,0.009031,-1.214282,132.68095
2025-07-08,Technology,XLK,0.005374,0.012084,74.016121,0.162027,0.008946,0.401237,132.68095
2025-07-09,Technology,XLK,0.006009,0.027334,79.932482,0.154162,0.008957,0.327971,132.68095
2025-07-10,Technology,XLK,-0.003297,0.013248,77.372171,0.085753,0.009084,-0.636402,132.68095
2025-07-11,Technology,XLK,-0.004397,-0.00432,77.206567,-0.026113,0.009167,-0.693248,132.68095
2025-07-14,Technology,XLK,-0.000821,0.002824,74.221683,-0.130054,0.009096,-0.340554,132.68095
2025-07-15,Technology,XLK,0.00888,0.006321,71.999995,-0.144468,0.008279,0.91531,132.68095
2025-07-16,Technology,XLK,0.003102,0.003413,70.40102,-0.148401,0.007757,0.180338,132.68095
2025-07-17,Technology,XLK,0.009083,0.015877,71.192128,-0.095961,0.007462,0.685832,132.68095
2025-07-18,Technology,XLK,-0.000651,0.019699,71.587137,-0.090802,0.007511,-0.60055,132.68095
2025-07-21,Technology,XLK,0.001303,0.021867,68.761808,-0.099135,0.00728,-0.438138,132.68095
2025-07-22,Technology,XLK,-0.009264,0.00349,68.249684,-0.202975,0.007666,-1.751324,132.68095
2025-07-23,Technology,XLK,0.005718,0.006107,66.420626,-0.236827,0.006876,0.337789,132.68095
2025-07-24,Technology,XLK,0.004226,0.001264,62.258034,-0.236575,0.006746,0.280661,132.68095
2025-07-25,Technology,XLK,0.002295,0.004216,71.256846,-0.230313,0.006662,-0.082198,132.68095
2025-07-28,Technology,XLK,0.007978,0.01091,72.449718,-0.172732,0.006735,0.740992,132.68095
2025-07-29,Technology,XLK,3.8e-05,0.020401,69.78518,-0.151715,0.006537,-0.293718,132.68095
2025-07-30,Technology,XLK,0.002234,0.016866,74.743136,-0.135937,0.005998,-0.015589,132.68095
2025-07-31,Technology,XLK,-0.00733,0.005165,71.044758,-0.204365,0.006094,-1.883489,164.4754
2025-08-01,Technology,XLK,-0.02158,-0.018779,53.275316,-0.440058,0.007475,-3.409612,164.4754
2025-08-04,Technology,XLK,0.020306,-0.006778,58.83783,-0.421145,0.008486,1.813523,164.4754
2025-08-05,Technology,XLK,-0.008273,-0.015033,52.695964,-0.477539,0.008701,-0.714067,164.4754
2025-08-06,Technology,XLK,0.011264,-0.006158,53.722457,-0.415009,0.008943,0.819327,164.4754
2025-08-07,Technology,XLK,0.000912,0.002093,54.477551,-0.36576,0.008885,0.021632,164.4754
2025-08-08,Technology,XLK,0.009989,0.034427,58.061217,-0.250629,0.008986,0.708107,164.4754
2025-08-11,Technology,XLK,-0.006769,0.006977,59.325553,-0.240455,0.009179,-0.548905,164.4754
2025-08-12,Technology,XLK,0.015485,0.031101,62.741232,-0.108866,0.009563,1.154354,164.4754
2025-08-13,Technology,XLK,0.000373,0.019996,61.502534,-0.034631,0.009566,-0.037372,164.4754
2025-08-14,Technology,XLK,-0.002161,0.016864,59.547662,-0.021763,0.009449,-0.269288,164.4754
2025-08-15,Technology,XLK,-0.007582,-0.000827,52.699989,-0.094069,0.00965,-0.721906,164.4754
2025-08-18,Technology,XLK,0.002145,0.00814,53.566738,-0.133127,0.009653,0.19485,164.4754
2025-08-19,Technology,XLK,-0.017463,-0.02457,45.580579,-0.314885,0.010267,-1.930847,164.4754
2025-08-20,Technology,XLK,-0.006766,-0.031531,45.805501,-0.484313,0.010318,-0.877759,164.4754
2025-08-21,Technology,XLK,-0.003617,-0.032944,53.095613,-0.609649,0.010296,-0.189304,164.4754
2025-08-22,Technology,XLK,0.013557,-0.012345,50.232024,-0.557969,0.010751,1.267498,164.4754
2025-08-25,Technology,XLK,-0.002248,-0.016675,53.234952,-0.527074,0.010601,-0.006086,164.4754
2025-08-26,Technology,XLK,0.004583,0.00539,49.959559,-0.452739,0.010658,0.447363,164.4754
2025-08-27,Technology,XLK,0.005399,0.017703,52.241086,-0.34705,0.010719,0.507558,164.4754
2025-08-28,Technology,XLK,0.007903,0.02947,51.223352,-0.205163,0.010711,0.660767,164.4754
2025-08-29,Technology,XLK,-0.015345,0.000114,46.977959,-0.243962,0.0101,-1.878916,164.4754
2025-09-02,Technology,XLK,-0.010097,-0.007753,33.944207,-0.347659,0.009311,-1.197671,164.4754
2025-09-03,Technology,XLK,0.005966,-0.006387,37.409581,-0.352327,0.009225,0.779681,164.4754
2025-09-04,Technology,XLK,0.004936,-0.006844,41.022925,-0.302139,0.008932,0.974414,164.4754
2025-09-05,Technology,XLK,0.000838,-0.013807,44.649578,-0.253517,0.008931,0.320389,164.4754
2025-09-08,Technology,XLK,0.007495,0.009068,47.423087,-0.152232,0.0088,1.173051,164.4754
2025-09-09,Technology,XLK,0.001926,0.021324,57.815085,-0.0693,0.008671,0.299058,164.4754
2025-09-10,Technology,XLK,0.018128,0.033671,69.187748,0.134593,0.008931,2.68594,164.4754
2025-09-11,Technology,XLK,0.003369,0.032059,72.659291,0.279365,0.008956,0.376129,164.4754
2025-09-12,Technology,XLK,-0.000664,0.030511,68.015326,0.344216,0.008938,-0.150165,164.4754
2025-09-15,Technology,XLK,0.009008,0.032058,72.680623,0.438051,0.008906,0.691329,164.4754
2025-09-16,Technology,XLK,-0.003476,0.026494,68.620389,0.436403,0.008972,-0.460762,164.4754
2025-09-17,Technology,XLK,-0.003451,0.004738,64.186896,0.374315,0.007926,-0.645431,164.4754
2025-09-18,Technology,XLK,0.017279,0.018667,67.610195,0.455671,0.008359,1.808144,164.4754
2025-09-19,Technology,XLK,0.01014,0.029681,81.782908,0.561565,0.008345,0.52732,164.4754
2025-09-22,Technology,XLK,0.014711,0.035502,92.435133,0.717428,0.00842,0.946379,164.4754
2025-09-23,Technology,XLK,-0.008632,0.030143,84.027908,0.686758,0.008776,-1.22269,164.4754
2025-09-24,Technology,XLK,-0.006174,0.027329,78.238142,0.561808,0.009032,-0.826001,164.4754
2025-09-25,Technology,XLK,-0.001759,0.008103,76.747846,0.422494,0.009072,-0.533472,164.4754
2025-09-26,Technology,XLK,0.003022,0.000998,75.804955,0.322837,0.008987,-0.025239,164.4754
2025-09-29,Technology,XLK,0.005343,-0.008243,76.629217,0.273209,0.007976,0.087368,164.4754
2025-09-30,Technology,XLK,0.005458,0.005853,73.63013,0.258191,0.007323,0.08877,137.80355
2025-10-01,Technology,XLK,0.009792,0.022011,75.41411,0.304203,0.007421,0.539408,137.80355
2025-10-02,Technology,XLK,0.005411,0.029352,77.204192,0.346541,0.007424,0.042783,137.80355
2025-10-03,Technology,XLK,-0.005032,0.021087,71.19094,0.288741,0.007683,-1.112321,137.80355
2025-10-06,Technology,XLK,0.010115,0.025934,76.266081,0.308014,0.007766,0.630269,137.80355
2025-10-07,Technology,XLK,-0.006676,0.013553,73.823681,0.221142,0.00813,-1.135039,137.80355
2025-10-08,Technology,XLK,0.017537,0.021327,74.099272,0.29231,0.008076,1.316518,137.80355
2025-10-09,Technology,XLK,-0.001686,0.014118,70.304972,0.283122,0.008168,-0.587988,137.80355
2025-10-10,Technology,XLK,-0.040696,-0.022232,44.129815,-0.136807,0.012823,-4.038779,137.80355
2025-10-13,Technology,XLK,0.024354,-0.008449,56.079603,-0.200306,0.013723,1.191533,137.80355
2025-10-14,Technology,XLK,-0.012834,-0.014597,53.541289,-0.368826,0.014085,-0.692866,137.80355
2025-10-15,Technology,XLK,0.009911,-0.021982,57.009332,-0.388252,0.014139,0.466643,137.80355
2025-10-16,Technology,XLK,0.000739,-0.019607,56.398119,-0.394423,0.013704,0.097607,137.80355
2025-10-17,Technology,XLK,0.001757,0.02378,55.401706,-0.381835,0.013559,0.171062,137.80355
2025-10-20,Technology,XLK,0.011157,0.01059,57.038032,-0.272,0.013395,0.420241,137.80355
2025-10-21,Technology,XLK,0.00052,0.024262,54.390934,-0.202767,0.013201,0.080003,137.80355
2025-10-22,Technology,XLK,-0.009884,0.004186,49.232884,-0.257612,0.01334,-0.370134,137.80355
2025-10-23,Technology,XLK,0.01261,0.016098,54.767638,-0.18152,0.013551,0.386136,137.80355
2025-10-24,Technology,XLK,0.015531,0.030069,56.302714,0.001386,0.013883,0.522285,137.80355
2025-10-27,Technology,XLK,0.018462,0.03751,63.074252,0.271244,0.014319,0.618995,137.80355
2025-10-28,Technology,XLK,0.0099,0.047236,61.525904,0.502556,0.014388,0.331866,137.80355
2025-10-29,Technology,XLK,0.007187,0.065291,63.773048,0.671301,0.01434,0.345622,137.80355
2025-10-30,Technology,XLK,-0.012297,0.039088,75.882379,0.602391,0.014751,-0.455503,137.80355
2025-10-31,Technology,XLK,0.000965,0.024184,71.535721,0.515001,0.01465,0.071936,155.5631
2025-11-03,Technology,XLK,0.004091,0.009733,80.375242,0.449347,0.014554,0.174562,155.5631
2025-11-04,Technology,XLK,-0.026399,-0.02656,62.435516,0.106982,0.015824,-0.842955,155.5631
2025-11-05,Technology,XLK,0.003912,-0.029724,63.324921,-0.10091,0.015386,0.227258,155.5631
2025-11-06,Technology,XLK,-0.020095,-0.037385,54.597846,-0.43868,0.016082,-0.880792,155.5631
2025-11-07,Technology,XLK,-0.003458,-0.041639,49.965052,-0.682274,0.012987,-0.394565,155.5631
2025-11-10,Technology,XLK,0.025576,-0.021132,57.165635,-0.586172,0.013101,1.859834,155.5631
2025-11-11,Technology,XLK,-0.008527,-0.003164,57.544151,-0.595566,0.01288,-0.622316,155.5631
2025-11-12,Technology,XLK,0.003106,-0.003965,55.121966,-0.560088,0.012752,0.129342,155.5631
2025-11-13,Technology,XLK,-0.024939,-0.008888,43.008591,-0.759273,0.014081,-2.050875,155.5631
2025-11-14,Technology,XLK,0.005443,-3.5e-05,38.239795,-0.81048,0.014123,0.608402,155.5631
2025-11-17,Technology,XLK,-0.015652,-0.040233,30.788638,-0.957558,0.014343,-1.259072,155.5631
2025-11-18,Technology,XLK,-0.016253,-0.047712,24.960099,-1.158016,0.014753,-1.747595,155.5631
2025-11-19,Technology,XLK,0.006953,-0.04406,29.904813,-1.170357,0.014732,0.792556,155.5631
2025-11-20,Technology,XLK,-0.031391,-0.050386,24.907683,-1.403869,0.015881,-3.338027,155.5631
2025-11-21,Technology,XLK,0.003858,-0.051883,24.669169,-1.446492,0.015375,0.662338,155.5631
2025-11-24,Technology,XLK,0.023829,-0.013856,37.112828,-1.190198,0.015818,1.242789,155.5631
2025-11-25,Technology,XLK,0.002681,0.005125,36.65392,-0.940558,0.015584,0.404671,155.5631
2025-11-26,Technology,XLK,0.011838,0.010001,44.84673,-0.624253,0.015786,0.608237,155.5631
2025-11-28,Technology,XLK,0.008598,0.051699,48.191644,-0.309324,0.015854,0.375922,155.5631
2025-12-01,Technology,XLK,0.000454,0.048133,40.107792,-0.084567,0.015848,0.271145,155.5631
2025-12-02,Technology,XLK,0.010302,0.034286,46.038851,0.161817,0.01604,0.572037,155.5631
2025-12-03,Technology,XLK,0.002385,0.03398,45.784158,0.336556,0.014994,0.258531,155.5631
2025-12-04,Technology,XLK,0.003724,0.025689,55.550071,0.468873,0.014991,0.279878,155.5631
2025-12-05,Technology,XLK,0.007318,0.024387,56.169047,0.600007,0.014352,0.251474,155.5631
2025-12-08,Technology,XLK,0.007026,0.031116,65.098744,0.71993,0.01438,0.255744,155.5631
2025-12-09,Technology,XLK,0.002642,0.023298,74.545455,0.78417,0.013211,0.227768,155.5631
2025-12-10,Technology,XLK,0.004797,0.025759,74.157597,0.828717,0.013084,0.261412,155.5631
2025-12-11,Technology,XLK,-0.00511,0.016731,94.334821,0.763145,0.013138,0.074248,155.5631
2025-12-12,Technology,XLK,-0.028925,-0.01985,70.64649,0.40623,0.013567,-0.756313,155.5631
2025-12-15,Technology,XLK,-0.009674,-0.036104,57.987633,0.068417,0.013681,-0.028598,155.5631
2025-12-16,Technology,XLK,0.001827,-0.036887,57.669519,-0.134863,0.013215,0.198139,155.5631
2025-12-17,Technology,XLK,-0.022236,-0.062798,42.514946,-0.461147,0.01367,-0.766596,155.5631
2025-12-18,Technology,XLK,0.015424,-0.043455,45.547363,-0.507798,0.014022,0.561863,155.5631
2025-12-19,Technology,XLK,0.021619,0.006333,53.454564,-0.317661,0.012623,1.306712,155.5631
2025-12-22,Technology,XLK,0.005395,0.021646,51.831837,-0.133449,0.012633,0.05607,155.5631
2025-12-23,Technology,XLK,0.005442,0.025332,52.886598,0.0384,0.011686,0.153791,155.5631
2025-12-24,Technology,XLK,0.002398,0.051165,52.444434,0.16536,0.011685,-0.019849,155.5631
2025-12-26,Technology,XLK,0.001572,0.036825,50.39339,0.249502,0.011466,0.019222,155.5631
2025-12-29,Technology,XLK,-0.004504,0.010313,45.947114,0.2451,0.011428,-0.260935,155.5631
2025-12-30,Technology,XLK,-0.003153,0.001722,43.729754,0.19762,0.011467,-0.109671,155.5631
2025-12-31,Technology,XLK,-0.009903,-0.013566,38.523213,0.062715,0.011487,-0.485001,94.42855
2026-01-02,Technology,XLK,0.002292,-0.013671,41.085385,-0.00724,0.011486,0.298941,94.42855
2026-01-05,Technology,XLK,0.002218,-0.013035,53.732339,-0.033441,0.011464,0.320807,94.42855
2026-01-06,Technology,XLK,0.014037,0.005347,64.253016,0.078226,0.011789,1.259418,94.42855
2026-01-07,Technology,XLK,-0.000818,0.007702,63.182884,0.133237,0.011679,-0.011368,94.42855
2026-01-08,Technology,XLK,-0.015628,0.001875,66.869133,0.011236,0.012147,-1.33306,94.42855
2026-01-09,Technology,XLK,0.013242,0.012821,66.337885,0.052359,0.012506,1.191167,94.42855
2026-01-12,Technology,XLK,0.004379,0.015005,59.753779,0.112502,0.012511,0.354349,94.42855
2026-01-13,Technology,XLK,-0.002112,-0.001159,55.555556,0.120606,0.010561,-0.280039,94.42855
2026-01-14,Technology,XLK,-0.012152,-0.012489,45.143756,0.001697,0.010708,-1.592659,94.42855
2026-01-15,Technology,XLK,0.005252,0.008458,46.837338,-0.028694,0.010749,0.504608,94.42855
2026-01-16,Technology,XLK,0.0011,-0.003626,46.555616,-0.040192,0.009239,-0.074436,94.42855
2026-01-20,Technology,XLK,-0.025958,-0.033722,37.66073,-0.29028,0.010669,-2.81748,94.42855
2026-01-21,Technology,XLK,0.013889,-0.018228,45.51566,-0.309645,0.009971,2.076949,94.42855
2026-01-22,Technology,XLK,0.00744,0.001244,52.604483,-0.240041,0.010041,0.523474,94.42855
2026-01-23,Technology,XLK,0.001449,-0.002544,52.276656,-0.17259,0.009966,0.133048,94.42855
2026-01-26,Technology,XLK,0.006823,0.003159,54.051112,-0.059914,0.010076,0.370051,94.42855
2026-01-27,Technology,XLK,0.013486,0.043782,53.897579,0.1378,0.010518,0.826728,94.42855
2026-01-28,Technology,XLK,0.00797,0.037689,57.097783,0.327783,0.010571,0.703575,94.42855
2026-01-29,Technology,XLK,-0.015815,0.013735,56.888407,0.27658,0.011205,-1.843908,94.42855
2026-01-30,Technology,XLK,-0.020358,-0.00834,44.372857,0.036107,0.011939,-1.534354,94.42855
2026-02-02,Technology,XLK,0.009591,-0.005613,46.341437,-0.03194,0.012122,0.707493,108.4643
2026-02-03,Technology,XLK,-0.021892,-0.040324,40.74851,-0.278918,0.013092,-2.241742,108.4643
2026-02-04,Technology,XLK,-0.027872,-0.074449,37.326609,-0.674182,0.013919,-3.00808,108.4643
2026-02-05,Technology,XLK,-0.018028,-0.07653,32.249854,-1.046434,0.01431,-1.507621,108.4643
2026-02-06,Technology,XLK,0.040551,-0.019113,43.203138,-0.873095,0.0171,2.8561,108.4643
2026-02-09,Technology,XLK,0.01573,-0.013149,52.399128,-0.573947,0.017217,0.802745,108.4643
2026-02-10,Technology,XLK,-0.005581,0.003308,47.92081,-0.402811,0.017203,-0.101605,108.4643
2026-02-11,Technology,XLK,0.002946,0.035115,46.779092,-0.242201,0.017227,0.216019,108.4643
2026-02-12,Technology,XLK,-0.026299,0.026395,41.144591,-0.362482,0.01798,-1.2894,108.4643
2026-02-13,Technology,XLK,0.002514,-0.011125,39.987669,-0.389726,0.017934,0.277641,108.4643
2026-02-17,Technology,XLK,-0.000573,-0.026997,36.028659,-0.383745,0.017924,0.14009,108.4643
2026-02-18,Technology,XLK,0.010252,-0.011505,36.545904,-0.260134,0.01719,0.35394,108.4643
2026-02-19,Technology,XLK,-0.004968,-0.019305,38.619265,-0.204444,0.016892,0.033706,108.4643
2026-02-20,Technology,XLK,0.004779,0.011996,44.432056,-0.106458,0.016831,0.280559,108.4643
2026-02-23,Technology,XLK,-0.016752,-0.007452,37.929817,-0.179982,0.017165,-0.460976,108.4643
2026-02-24,Technology,XLK,0.012994,0.006022,46.684251,-0.091591,0.017389,0.47524,108.4643
2026-02-25,Technology,XLK,0.01917,0.014903,59.675521,0.150589,0.017697,0.614868,108.4643
2026-02-26,Technology,XLK,-0.013985,0.005706,60.855519,0.177189,0.017754,-0.266192,108.4643
2026-02-27,Technology,XLK,-0.015956,-0.015048,44.496025,0.050934,0.01776,-0.235547,108.4643
2026-03-02,Technology,XLK,0.005621,0.007363,40.51762,0.028504,0.017345,0.352576,108.4643
2026-03-03,Technology,XLK,-0.014619,-0.020097,38.162181,-0.107483,0.017383,-0.665864,108.4643
2026-03-04,Technology,XLK,0.017018,-0.022166,43.268766,-0.028098,0.017287,0.59075,108.4643
2026-03-05,Technology,XLK,0.002431,-0.005886,52.445757,0.054705,0.01606,0.111691,108.4643
2026-03-06,Technology,XLK,-0.020616,-0.010594,44.926234,-0.070692,0.01623,-0.904361,108.4643
2026-03-09,Technology,XLK,0.017991,0.001577,50.56542,0.02179,0.013939,1.429485,108.4643
2026-03-10,Technology,XLK,0.0,0.016436,47.535354,0.088501,0.013416,0.208824,108.4643
2026-03-11,Technology,XLK,0.004794,0.004219,50.47207,0.178066,0.013437,0.398901,108.4643
2026-03-12,Technology,XLK,-0.018443,-0.016693,43.972999,0.069067,0.013975,-1.580135,108.4643
2026-03-13,Technology,XLK,-0.007545,-0.003569,46.401664,-0.060036,0.012822,-0.255737,108.4643
2026-03-16,Technology,XLK,0.014474,-0.007012,46.802323,-0.002346,0.013256,1.016378,108.4643
2026-03-17,Technology,XLK,0.005476,-0.001574,42.167046,0.091642,0.013315,0.369222,108.4643
2026-03-18,Technology,XLK,-0.011323,-0.017589,42.982059,0.054098,0.013324,-0.334734,108.4643
2026-03-19,Technology,XLK,0.003407,0.00428,49.172931,0.066619,0.013323,0.383335,108.4643
2026-03-20,Technology,XLK,-0.022683,-0.011038,40.475098,-0.120382,0.014135,-1.779099,108.4643
2026-03-23,Technology,XLK,0.013529,-0.011959,49.140893,-0.105565,0.014085,1.113813,108.4643
2026-03-24,Technology,XLK,-0.005842,-0.023081,41.438461,-0.132503,0.013768,-0.130235,108.4643
2026-03-25,Technology,XLK,0.00448,-0.007466,42.199584,-0.093913,0.012985,0.444515,108.4643
2026-03-26,Technology,XLK,-0.031149,-0.041647,39.586177,-0.326854,0.014312,-1.314445,108.4643
2026-03-27,Technology,XLK,-0.019472,-0.038499,28.319318,-0.609815,0.0145,-0.737925,108.4643
2026-03-30,Technology,XLK,-0.018627,-0.069003,25.546146,-0.897693,0.014742,-0.791515,108.4643
2026-03-31,Technology,XLK,0.042353,-0.023871,37.508985,-0.672463,0.017831,2.404009,106.3255
2026-04-01,Technology,XLK,0.015124,-0.013527,45.22147,-0.352242,0.017733,0.830305,106.3255
2026-04-02,Technology,XLK,0.008005,0.02634,48.892835,-0.047816,0.017843,0.376686,106.3255
2026-04-06,Technology,XLK,0.005809,0.052802,46.703411,0.212352,0.017308,0.208658,106.3255
2026-04-07,Technology,XLK,0.004752,0.077882,46.492911,0.421723,0.016831,0.218288,106.3255
2026-04-08,Technology,XLK,0.030998,0.06614,56.439205,0.817702,0.01826,1.21825,106.3255
2026-04-09,Technology,XLK,0.002682,0.053072,56.310269,1.060408,0.018242,0.10293,106.3255
2026-04-10,Technology,XLK,0.003871,0.048754,63.574484,1.202754,0.017677,0.056792,106.3255
2026-04-13,Technology,XLK,0.020965,0.064556,65.045177,1.427709,0.01802,0.569607,106.3255
2026-04-14,Technology,XLK,0.016002,0.076475,69.449042,1.647276,0.018073,0.412976,106.3255
2026-04-15,Technology,XLK,0.015952,0.060766,71.116671,1.850114,0.018286,0.415264,106.3255
2026-04-16,Technology,XLK,0.011444,0.070036,83.062333,1.986776,0.017992,0.265998,106.3255
2026-04-17,Technology,XLK,0.015327,0.082247,91.732156,2.109194,0.018131,0.337215,106.3255
2026-04-20,Technology,XLK,0.00136,0.061466,,2.076168,0.016907,-0.26986,106.3255
2026-04-21,Technology,XLK,0.000841,0.045627,,1.937605,0.016882,-0.223557,106.3255
2026-04-22,Technology,XLK,0.021979,0.05183,,1.944426,0.01698,0.765422,106.3255
2026-04-23,Technology,XLK,-0.014232,0.025128,90.75975,1.677011,0.017665,-0.895895,106.3255
2026-04-24,Technology,XLK,0.028106,0.03803,91.94703,1.671018,0.01586,0.750614,106.3255
2026-04-27,Technology,XLK,0.002185,0.038885,91.859628,1.568199,0.014442,-0.498119,106.3255
2026-04-28,Technology,XLK,-0.01694,0.020428,80.957854,1.210588,0.014265,-1.396702,106.3255
2026-04-29,Technology,XLK,0.007982,0.006452,81.57894,0.963258,0.012186,-0.325843,106.3255
2026-04-30,Technology,XLK,0.002451,0.023486,81.469053,0.7403,0.012187,-0.508751,83.4049
2026-05-01,Technology,XLK,0.014859,0.010298,81.030527,0.668977,0.012269,0.357791,83.4049
2026-05-04,Technology,XLK,0.001112,0.009217,79.334717,0.55515,0.012374,-0.579027,83.4049
2026-05-05,Technology,XLK,0.022092,0.049287,80.332408,0.636363,0.012695,0.751888,83.4049
2026-05-06,Technology,XLK,0.026565,0.068632,82.218241,0.886447,0.012332,1.459624,83.4049
2026-05-07,Technology,XLK,-0.002,0.063887,79.545457,0.92475,0.012506,-0.860376,83.4049
2026-05-08,Technology,XLK,0.034357,0.084327,83.185569,1.219951,0.013654,1.776841,83.4049
2026-05-11,Technology,XLK,0.013446,0.097686,84.294593,1.43647,0.013453,0.196043,83.4049
2026-05-12,Technology,XLK,-0.015066,0.057779,75.853724,1.267405,0.014495,-1.960211,83.4049
2026-05-13,Technology,XLK,0.009418,0.040111,82.33302,1.13897,0.014393,0.031575,83.4049
2026-05-14,Technology,XLK,0.014984,0.057811,81.33939,1.103954,0.014456,0.487185,83.4049
2026-05-15,Technology,XLK,-0.01805,0.004216,73.313496,0.750925,0.015508,-1.783291,83.4049
2026-05-18,Technology,XLK,-0.010779,-0.019789,75.144675,0.300883,0.015962,-1.353614,83.4049
2026-05-19,Technology,XLK,-0.006423,-0.011187,71.61212,-0.137281,0.01617,-0.771513,83.4049
2026-05-20,Technology,XLK,0.022512,0.00164,74.364642,-0.224354,0.016199,1.192356,83.4049
2026-05-21,Technology,XLK,0.008242,-0.005014,73.703609,-0.242009,0.015498,0.138534,83.4049
2026-05-22,Technology,XLK,0.010022,0.023431,74.850948,-0.193617,0.014707,0.301356,83.4049
2026-05-26,Technology,XLK,0.026332,0.061826,75.623849,0.082976,0.01535,1.367338,83.4049
2026-05-27,Technology,XLK,-0.003835,0.064592,70.942397,0.139468,0.01452,-0.655489,83.4049
2026-05-28,Technology,XLK,0.013122,0.054815,73.532629,0.254477,0.014567,0.366012,83.4049
2026-05-29,Technology,XLK,0.022317,0.069541,72.270103,0.511233,0.014831,1.244805,83.4049
2026-06-01,Technology,XLK,0.024814,0.085204,74.045166,0.878585,0.015195,1.707231,83.4049
2026-06-02,Technology,XLK,0.012515,0.070595,81.136674,1.147856,0.015071,0.054421,83.4049
2026-06-03,Technology,XLK,-0.009989,0.063981,75.992466,1.056205,0.015445,-1.00167,83.4049
2026-06-04,Technology,XLK,-0.015594,0.033824,68.134773,0.671811,0.015741,-1.271474,83.4049
2026-06-05,Technology,XLK,-0.066625,-0.05612,54.268816,-0.503501,0.022684,-3.764526,83.4049
2026-06-08,Technology,XLK,0.02152,-0.059154,59.959423,-1.04284,0.021927,0.713059,83.4049
