date,ticker,sector,open,high,low,close,volume,source
2023-09-12,AAPL,Technology,177.25,177.88,172.64,174.1,90370200,yfinance
2023-09-13,AAPL,Technology,174.3,175.08,171.81,172.03,84267900,yfinance
2023-09-14,AAPL,Technology,171.83,173.9,171.41,173.54,60895800,yfinance
2023-09-15,AAPL,Technology,174.28,174.29,171.65,172.82,109259500,yfinance
2023-09-18,AAPL,Technology,174.28,177.14,173.97,175.75,67257600,yfinance
2023-09-19,AAPL,Technology,175.3,177.39,174.92,176.83,51826900,yfinance
2023-09-20,AAPL,Technology,177.02,177.45,173.21,173.3,58436200,yfinance
2023-09-21,AAPL,Technology,172.37,174.1,171.69,171.76,63149100,yfinance
2023-09-22,AAPL,Technology,172.49,174.87,171.88,172.61,56725400,yfinance
2023-09-25,AAPL,Technology,172.02,174.76,171.97,173.88,46172700,yfinance
2023-09-26,AAPL,Technology,172.64,173.01,169.52,169.81,64588900,yfinance
2023-09-27,AAPL,Technology,170.46,170.88,166.94,168.3,66921800,yfinance
2023-09-28,AAPL,Technology,167.22,169.88,165.53,168.56,56294400,yfinance
2023-09-29,AAPL,Technology,169.87,170.91,168.21,169.07,51861100,yfinance
2023-10-02,AAPL,Technology,169.08,172.12,168.79,171.58,52164500,yfinance
2023-10-03,AAPL,Technology,170.11,171.46,168.69,170.25,49594600,yfinance
2023-10-04,AAPL,Technology,168.95,172.03,168.83,171.49,53020300,yfinance
2023-10-05,AAPL,Technology,171.62,173.26,170.52,172.72,48527900,yfinance
2023-10-06,AAPL,Technology,171.63,175.77,171.02,175.27,57266700,yfinance
2023-10-09,AAPL,Technology,174.6,176.81,173.6,176.75,42390800,yfinance
2023-10-10,AAPL,Technology,175.87,177.47,175.73,176.16,43698000,yfinance
2023-10-11,AAPL,Technology,175.97,177.6,175.38,177.55,47551100,yfinance
2023-10-12,AAPL,Technology,177.82,180.06,176.8,178.45,56743100,yfinance
2023-10-13,AAPL,Technology,179.15,179.66,175.91,176.62,51427100,yfinance
2023-10-16,AAPL,Technology,174.54,176.84,174.3,176.49,52517000,yfinance
2023-10-17,AAPL,Technology,174.44,176.19,172.62,174.94,57549400,yfinance
2023-10-18,AAPL,Technology,173.39,175.36,172.92,173.64,54764400,yfinance
2023-10-19,AAPL,Technology,173.84,175.62,173.0,173.27,59302900,yfinance
2023-10-20,AAPL,Technology,173.12,173.23,170.48,170.72,64244000,yfinance
2023-10-23,AAPL,Technology,168.77,171.84,167.81,170.84,55980100,yfinance
2023-10-24,AAPL,Technology,170.89,171.5,169.31,171.27,43816600,yfinance
2023-10-25,AAPL,Technology,169.73,170.9,168.52,168.96,57157000,yfinance
2023-10-26,AAPL,Technology,168.24,169.24,163.6,164.8,70625300,yfinance
2023-10-27,AAPL,Technology,164.82,166.85,164.75,166.12,58499100,yfinance
2023-10-30,AAPL,Technology,166.91,169.03,166.76,168.16,51131000,yfinance
2023-10-31,AAPL,Technology,167.23,168.76,165.8,168.64,44846000,yfinance
2023-11-01,AAPL,Technology,168.86,172.05,167.99,171.8,56934900,yfinance
2023-11-02,AAPL,Technology,173.33,175.56,173.27,175.35,77334800,yfinance
2023-11-03,AAPL,Technology,172.06,174.61,171.18,174.44,79829200,yfinance
2023-11-06,AAPL,Technology,174.18,177.19,174.01,176.99,63841300,yfinance
2023-11-07,AAPL,Technology,176.94,180.16,176.73,179.55,70530000,yfinance
2023-11-08,AAPL,Technology,180.07,181.16,179.32,180.61,49340300,yfinance
2023-11-09,AAPL,Technology,180.67,181.82,179.54,180.13,53763500,yfinance
2023-11-10,AAPL,Technology,181.91,184.48,181.48,184.31,66133400,yfinance
2023-11-13,AAPL,Technology,183.74,183.95,182.15,182.73,43627500,yfinance
2023-11-14,AAPL,Technology,185.6,186.0,184.21,185.34,60108400,yfinance
2023-11-15,AAPL,Technology,185.75,187.38,185.68,185.91,53790500,yfinance
2023-11-16,AAPL,Technology,187.45,188.82,186.54,187.59,54412900,yfinance
2023-11-17,AAPL,Technology,188.12,188.25,186.46,187.57,50922700,yfinance
2023-11-20,AAPL,Technology,187.76,189.76,187.75,189.31,46505100,yfinance
2023-11-21,AAPL,Technology,189.27,189.38,187.62,188.51,38134500,yfinance
2023-11-22,AAPL,Technology,189.35,190.77,188.69,189.17,39617700,yfinance
2023-11-24,AAPL,Technology,188.73,188.76,187.13,187.84,24048300,yfinance
2023-11-27,AAPL,Technology,187.79,188.54,186.79,187.67,40552600,yfinance
2023-11-28,AAPL,Technology,187.66,188.94,187.28,188.27,38415400,yfinance
2023-11-29,AAPL,Technology,188.76,189.94,186.85,187.25,43014200,yfinance
2023-11-30,AAPL,Technology,187.72,188.19,186.08,187.82,48794400,yfinance
2023-12-01,AAPL,Technology,188.2,189.42,187.11,189.1,45704800,yfinance
2023-12-04,AAPL,Technology,187.85,187.92,185.35,187.31,43389500,yfinance
2023-12-05,AAPL,Technology,188.08,192.22,188.05,191.26,66628400,yfinance
2023-12-06,AAPL,Technology,192.27,192.58,189.96,190.17,41089700,yfinance
2023-12-07,AAPL,Technology,191.46,192.82,191.42,192.1,47477700,yfinance
2023-12-08,AAPL,Technology,192.03,193.8,191.5,193.52,53406400,yfinance
2023-12-11,AAPL,Technology,190.95,191.32,189.28,191.02,60943700,yfinance
2023-12-12,AAPL,Technology,190.92,192.54,189.57,192.53,52696900,yfinance
2023-12-13,AAPL,Technology,192.91,195.78,192.67,195.74,70404200,yfinance
2023-12-14,AAPL,Technology,195.8,197.39,193.96,195.89,66831600,yfinance
2023-12-15,AAPL,Technology,195.32,196.18,194.8,195.36,128538400,yfinance
2023-12-18,AAPL,Technology,193.9,194.43,192.21,193.7,55751900,yfinance
2023-12-19,AAPL,Technology,193.96,194.75,193.7,194.74,40714100,yfinance
2023-12-20,AAPL,Technology,194.7,195.47,192.65,192.65,52242800,yfinance
2023-12-21,AAPL,Technology,193.91,194.87,191.33,192.5,46482500,yfinance
2023-12-22,AAPL,Technology,193.0,193.22,190.81,191.43,37149600,yfinance
2023-12-26,AAPL,Technology,191.44,191.72,190.67,190.89,28919300,yfinance
2023-12-27,AAPL,Technology,190.34,191.33,188.95,190.99,48087700,yfinance
2023-12-28,AAPL,Technology,191.97,192.48,191.01,191.41,34049900,yfinance
2023-12-29,AAPL,Technology,191.73,192.22,189.58,190.38,42672100,yfinance
2024-01-02,AAPL,Technology,185.06,186.33,181.83,183.56,82488700,yfinance
2024-01-03,AAPL,Technology,182.16,183.8,181.38,182.19,58414500,yfinance
2024-01-04,AAPL,Technology,180.11,181.04,178.86,179.87,71983600,yfinance
2024-01-05,AAPL,Technology,179.95,180.71,178.15,179.15,62379700,yfinance
2024-01-08,AAPL,Technology,180.05,183.52,179.47,183.48,59144500,yfinance
2024-01-09,AAPL,Technology,181.86,183.08,180.68,183.07,42841800,yfinance
2024-01-10,AAPL,Technology,182.29,184.31,181.86,184.11,46792900,yfinance
2024-01-11,AAPL,Technology,184.45,184.96,181.56,183.51,49128400,yfinance
2024-01-12,AAPL,Technology,183.98,184.65,183.12,183.84,40477800,yfinance
2024-01-16,AAPL,Technology,180.12,182.2,178.9,181.57,65603000,yfinance
2024-01-17,AAPL,Technology,179.24,180.88,178.28,180.64,47317400,yfinance
2024-01-18,AAPL,Technology,184.01,187.02,183.75,186.52,78005800,yfinance
2024-01-19,AAPL,Technology,187.21,189.8,186.71,189.42,68903000,yfinance
2024-01-22,AAPL,Technology,190.15,193.14,190.11,191.72,60133900,yfinance
2024-01-23,AAPL,Technology,192.84,193.56,191.66,193.0,42355600,yfinance
2024-01-24,AAPL,Technology,193.23,194.18,192.16,192.32,53631300,yfinance
2024-01-25,AAPL,Technology,193.03,194.07,190.95,192.0,54822100,yfinance
2024-01-26,AAPL,Technology,192.1,192.58,189.79,190.27,44594000,yfinance
2024-01-29,AAPL,Technology,189.86,190.05,187.46,189.58,47145600,yfinance
2024-01-30,AAPL,Technology,188.8,189.65,185.37,185.94,55859400,yfinance
2024-01-31,AAPL,Technology,184.95,185.01,182.29,182.34,55467800,yfinance
2024-02-01,AAPL,Technology,181.93,184.86,181.76,184.77,64885400,yfinance
2024-02-02,AAPL,Technology,177.85,185.23,177.24,183.77,102551700,yfinance
2024-02-05,AAPL,Technology,186.04,187.13,183.76,185.58,69668800,yfinance
2024-02-06,AAPL,Technology,184.77,187.19,184.68,187.18,43490800,yfinance
2024-02-07,AAPL,Technology,188.51,188.91,186.5,187.29,53439000,yfinance
2024-02-08,AAPL,Technology,187.27,187.42,185.25,186.21,40962000,yfinance
2024-02-09,AAPL,Technology,186.78,188.1,186.13,186.97,45155200,yfinance
2024-02-12,AAPL,Technology,186.55,186.8,184.93,185.29,41781900,yfinance
2024-02-13,AAPL,Technology,183.93,184.36,181.69,183.2,56529500,yfinance
2024-02-14,AAPL,Technology,183.48,183.69,180.63,182.32,54630500,yfinance
2024-02-15,AAPL,Technology,181.73,182.66,179.55,182.03,65434500,yfinance
2024-02-16,AAPL,Technology,181.6,183.01,179.87,180.5,49752500,yfinance
2024-02-20,AAPL,Technology,179.98,180.62,178.21,179.76,53665600,yfinance
2024-02-21,AAPL,Technology,180.13,181.07,178.87,180.51,41371400,yfinance
2024-02-22,AAPL,Technology,181.66,183.12,180.65,182.54,52292200,yfinance
2024-02-23,AAPL,Technology,183.17,183.2,180.42,180.71,45119700,yfinance
2024-02-26,AAPL,Technology,180.43,180.95,178.86,179.36,40867400,yfinance
2024-02-27,AAPL,Technology,179.3,182.09,177.78,180.82,54318900,yfinance
2024-02-28,AAPL,Technology,180.7,181.3,178.34,179.62,48953900,yfinance
2024-02-29,AAPL,Technology,179.47,180.76,177.75,178.95,136682600,yfinance
2024-03-01,AAPL,Technology,177.77,178.74,175.62,177.88,73563100,yfinance
2024-03-04,AAPL,Technology,174.4,175.14,172.06,173.36,81510100,yfinance
2024-03-05,AAPL,Technology,169.06,170.33,167.94,168.43,95132400,yfinance
2024-03-06,AAPL,Technology,169.36,169.54,167.0,167.44,68587700,yfinance
2024-03-07,AAPL,Technology,167.47,169.03,166.82,167.32,71765100,yfinance
2024-03-08,AAPL,Technology,167.32,171.97,167.26,169.03,76267000,yfinance
2024-03-11,AAPL,Technology,171.22,172.65,170.34,171.03,60139500,yfinance
2024-03-12,AAPL,Technology,171.43,172.3,169.31,171.51,59825400,yfinance
2024-03-13,AAPL,Technology,171.05,171.47,169.06,169.43,52488700,yfinance
2024-03-14,AAPL,Technology,171.19,172.58,170.34,171.28,72913500,yfinance
2024-03-15,AAPL,Technology,169.47,170.91,168.6,170.91,121752700,yfinance
2024-03-18,AAPL,Technology,173.83,175.95,171.8,171.99,75604200,yfinance
2024-03-19,AAPL,Technology,172.61,174.86,171.31,174.33,55215200,yfinance
2024-03-20,AAPL,Technology,173.97,176.9,173.35,176.9,53423100,yfinance
2024-03-21,AAPL,Technology,175.29,175.73,169.14,169.67,106181300,yfinance
2024-03-22,AAPL,Technology,170.05,171.33,168.37,170.57,71160100,yfinance
2024-03-25,AAPL,Technology,168.88,170.23,167.77,169.15,54288300,yfinance
2024-03-26,AAPL,Technology,168.31,169.72,167.9,168.02,57388400,yfinance
2024-03-27,AAPL,Technology,168.72,171.88,168.42,171.59,60273300,yfinance
2024-03-28,AAPL,Technology,170.04,170.52,168.82,169.78,65672700,yfinance
2024-04-01,AAPL,Technology,169.49,169.55,167.8,168.34,46240500,yfinance
2024-04-02,AAPL,Technology,167.4,167.66,166.56,167.16,49329500,yfinance
2024-04-03,AAPL,Technology,167.11,168.98,166.91,167.97,47691700,yfinance
2024-04-04,AAPL,Technology,168.6,170.21,167.14,167.14,53704400,yfinance
2024-04-05,AAPL,Technology,167.91,168.7,167.27,167.9,42104800,yfinance
2024-04-08,AAPL,Technology,167.35,167.52,166.57,166.78,37425500,yfinance
2024-04-09,AAPL,Technology,167.02,168.39,166.68,167.99,42373800,yfinance
2024-04-10,AAPL,Technology,167.12,167.41,165.45,166.11,49709300,yfinance
2024-04-11,AAPL,Technology,166.67,173.72,166.49,173.3,91070300,yfinance
2024-04-12,AAPL,Technology,172.53,176.59,172.48,174.8,101670900,yfinance
2024-04-15,AAPL,Technology,173.62,174.88,170.79,170.98,73531800,yfinance
2024-04-16,AAPL,Technology,170.04,172.03,166.6,167.7,73711200,yfinance
2024-04-17,AAPL,Technology,167.93,168.96,166.33,166.33,50901200,yfinance
2024-04-18,AAPL,Technology,166.36,166.97,164.9,165.38,43122900,yfinance
2024-04-19,AAPL,Technology,164.56,164.75,162.45,163.36,68149400,yfinance
2024-04-22,AAPL,Technology,163.88,165.6,163.13,164.19,48116400,yfinance
2024-04-23,AAPL,Technology,163.71,165.39,163.28,165.24,49537800,yfinance
2024-04-24,AAPL,Technology,164.89,167.62,164.56,167.34,48251800,yfinance
2024-04-25,AAPL,Technology,167.85,168.92,166.48,168.2,50558300,yfinance
2024-04-26,AAPL,Technology,168.19,169.64,167.5,167.62,44838400,yfinance
2024-04-29,AAPL,Technology,171.65,174.28,171.38,171.78,68169400,yfinance
2024-04-30,AAPL,Technology,171.61,173.25,168.31,168.64,65934800,yfinance
2024-05-01,AAPL,Technology,167.9,170.99,167.43,167.62,50383100,yfinance
2024-05-02,AAPL,Technology,170.8,171.7,169.19,171.31,94214900,yfinance
2024-05-03,AAPL,Technology,184.8,185.14,180.85,181.56,163224100,yfinance
2024-05-06,AAPL,Technology,180.54,182.37,178.63,179.91,78569700,yfinance
2024-05-07,AAPL,Technology,181.63,183.06,179.52,180.59,77305800,yfinance
2024-05-08,AAPL,Technology,181.03,181.25,179.65,180.93,45057100,yfinance
2024-05-09,AAPL,Technology,180.75,182.83,180.3,182.74,48983000,yfinance
2024-05-10,AAPL,Technology,183.31,183.5,180.57,181.48,50759500,yfinance
2024-05-13,AAPL,Technology,183.85,185.49,183.03,184.68,72044800,yfinance
2024-05-14,AAPL,Technology,185.9,186.68,184.69,185.82,52393600,yfinance
2024-05-15,AAPL,Technology,186.3,189.01,185.76,188.09,70400000,yfinance
2024-05-16,AAPL,Technology,188.83,189.46,188.03,188.21,52845200,yfinance
2024-05-17,AAPL,Technology,187.88,189.17,187.56,188.24,41282900,yfinance
2024-05-20,AAPL,Technology,187.7,190.27,187.39,189.4,44361300,yfinance
2024-05-21,AAPL,Technology,189.45,191.07,189.28,190.7,42309400,yfinance
2024-05-22,AAPL,Technology,190.62,191.16,188.64,189.26,34648500,yfinance
2024-05-23,AAPL,Technology,189.34,189.36,185.03,185.28,51005900,yfinance
2024-05-24,AAPL,Technology,187.2,188.94,186.43,188.35,36327000,yfinance
2024-05-28,AAPL,Technology,189.87,191.34,187.48,188.36,52280100,yfinance
2024-05-29,AAPL,Technology,187.98,190.6,187.88,188.66,53068000,yfinance
2024-05-30,AAPL,Technology,189.12,190.53,188.99,189.65,49889100,yfinance
2024-05-31,AAPL,Technology,189.8,190.92,188.28,190.6,75158300,yfinance
2024-06-03,AAPL,Technology,191.24,193.32,190.87,192.36,50080500,yfinance
2024-06-04,AAPL,Technology,192.97,193.64,191.37,192.68,47471400,yfinance
2024-06-05,AAPL,Technology,193.72,195.21,193.2,194.19,54156800,yfinance
2024-06-06,AAPL,Technology,194.01,194.81,192.5,192.81,41181800,yfinance
2024-06-07,AAPL,Technology,192.98,195.25,192.47,195.2,53103900,yfinance
2024-06-10,AAPL,Technology,195.21,195.61,190.5,191.46,97010200,yfinance
2024-06-11,AAPL,Technology,191.99,205.38,191.97,205.37,172373300,yfinance
2024-06-12,AAPL,Technology,205.59,218.31,205.12,211.24,198134300,yfinance
2024-06-13,AAPL,Technology,212.9,214.89,209.78,212.4,97862700,yfinance
2024-06-14,AAPL,Technology,212.01,213.32,209.49,210.67,70122700,yfinance
2024-06-17,AAPL,Technology,211.54,217.07,210.89,214.81,93728300,yfinance
2024-06-18,AAPL,Technology,215.72,216.75,211.17,212.45,79943300,yfinance
2024-06-20,AAPL,Technology,212.09,212.4,207.06,207.88,86172500,yfinance
2024-06-21,AAPL,Technology,208.58,210.07,205.33,205.71,241805100,yfinance
2024-06-24,AAPL,Technology,205.94,210.87,204.82,206.35,80727000,yfinance
2024-06-25,AAPL,Technology,207.35,209.56,206.82,207.27,55549700,yfinance
2024-06-26,AAPL,Technology,209.68,213.01,208.83,211.42,66213200,yfinance
2024-06-27,AAPL,Technology,212.85,213.89,210.53,212.26,49772700,yfinance
2024-06-28,AAPL,Technology,213.92,214.21,208.49,208.81,82542700,yfinance
2024-07-01,AAPL,Technology,210.27,215.64,210.1,214.89,60402900,yfinance
2024-07-02,AAPL,Technology,214.29,218.49,213.25,218.38,58046200,yfinance
2024-07-03,AAPL,Technology,218.11,219.65,217.15,219.65,37369800,yfinance
2024-07-05,AAPL,Technology,219.75,224.51,219.75,224.4,60412400,yfinance
2024-07-08,AAPL,Technology,225.14,225.89,221.33,225.86,59085900,yfinance
2024-07-09,AAPL,Technology,225.97,227.43,224.43,226.72,48076100,yfinance
2024-07-10,AAPL,Technology,227.33,231.08,227.28,230.98,62627700,yfinance
2024-07-11,AAPL,Technology,229.4,230.39,223.83,225.62,64710600,yfinance
2024-07-12,AAPL,Technology,226.95,230.64,226.72,228.56,53046500,yfinance
2024-07-15,AAPL,Technology,234.45,235.19,231.09,232.39,62631300,yfinance
2024-07-16,AAPL,Technology,232.98,234.24,230.33,232.8,43234300,yfinance
2024-07-17,AAPL,Technology,227.48,229.47,224.69,226.91,57345900,yfinance
2024-07-18,AAPL,Technology,228.3,228.46,220.36,222.25,66034600,yfinance
2024-07-19,AAPL,Technology,222.89,224.85,221.36,222.38,49151500,yfinance
2024-07-22,AAPL,Technology,225.06,225.82,221.17,222.04,48201800,yfinance
2024-07-23,AAPL,Technology,222.44,224.99,220.77,223.08,39960300,yfinance
2024-07-24,AAPL,Technology,222.08,222.87,215.27,216.66,61777600,yfinance
2024-07-25,AAPL,Technology,217.05,218.95,212.78,215.62,51391200,yfinance
2024-07-26,AAPL,Technology,216.82,217.6,214.15,216.09,41601300,yfinance
2024-07-29,AAPL,Technology,215.1,217.42,213.9,216.37,36311800,yfinance
2024-07-30,AAPL,Technology,217.31,218.44,214.26,216.92,41643800,yfinance
2024-07-31,AAPL,Technology,219.54,221.9,218.74,220.17,50036300,yfinance
2024-08-01,AAPL,Technology,222.44,222.55,215.16,216.48,62501000,yfinance
2024-08-02,AAPL,Technology,217.27,223.66,215.84,217.97,105568600,yfinance
2024-08-05,AAPL,Technology,197.38,211.67,194.32,207.47,119548600,yfinance
2024-08-06,AAPL,Technology,203.54,208.19,199.34,205.45,69660500,yfinance
2024-08-07,AAPL,Technology,205.12,211.81,204.62,208.02,63516400,yfinance
2024-08-08,AAPL,Technology,211.28,212.36,207.04,211.48,47161100,yfinance
2024-08-09,AAPL,Technology,210.28,214.92,210.15,214.38,42201600,yfinance
2024-08-12,AAPL,Technology,214.46,217.88,214.0,215.91,38028100,yfinance
2024-08-13,AAPL,Technology,217.38,220.24,217.38,219.62,44155300,yfinance
2024-08-14,AAPL,Technology,218.93,221.37,218.07,220.07,41960600,yfinance
2024-08-15,AAPL,Technology,222.93,223.67,221.1,223.05,46414000,yfinance
2024-08-16,AAPL,Technology,222.25,225.14,221.99,224.37,44340200,yfinance
2024-08-19,AAPL,Technology,224.04,224.31,221.38,224.21,40687800,yfinance
2024-08-20,AAPL,Technology,224.09,225.48,223.77,224.82,30299000,yfinance
2024-08-21,AAPL,Technology,224.83,226.28,223.38,224.72,34765500,yfinance
2024-08-22,AAPL,Technology,226.1,226.64,222.23,222.86,43695300,yfinance
2024-08-23,AAPL,Technology,223.98,226.52,222.66,225.15,38677300,yfinance
2024-08-26,AAPL,Technology,225.07,225.59,222.22,225.49,30602200,yfinance
2024-08-27,AAPL,Technology,224.32,227.15,223.22,226.33,35934600,yfinance
2024-08-28,AAPL,Technology,226.22,228.15,224.0,224.8,38052200,yfinance
2024-08-29,AAPL,Technology,228.39,231.19,227.18,228.08,51906300,yfinance
2024-08-30,AAPL,Technology,228.48,228.69,225.79,227.3,52990800,yfinance
2024-09-03,AAPL,Technology,226.85,227.3,219.52,221.11,50190600,yfinance
2024-09-04,AAPL,Technology,220.01,220.13,215.86,219.21,43840200,yfinance
2024-09-05,AAPL,Technology,219.98,223.8,219.87,220.73,36615400,yfinance
2024-09-06,AAPL,Technology,222.28,223.56,218.13,219.18,48423000,yfinance
2024-09-09,AAPL,Technology,219.18,219.62,215.1,219.27,67180000,yfinance
2024-09-10,AAPL,Technology,217.29,219.83,215.12,218.47,51591000,yfinance
2024-09-11,AAPL,Technology,219.81,221.43,216.27,221.0,44587100,yfinance
2024-09-12,AAPL,Technology,220.84,221.89,218.18,221.11,37455600,yfinance
2024-09-13,AAPL,Technology,221.92,222.37,220.26,220.84,36766600,yfinance
2024-09-16,AAPL,Technology,214.93,215.6,212.33,214.71,59357400,yfinance
2024-09-17,AAPL,Technology,214.14,215.29,212.9,215.18,45519300,yfinance
2024-09-18,AAPL,Technology,215.93,221.05,215.92,219.05,59894900,yfinance
2024-09-19,AAPL,Technology,223.32,228.11,222.96,227.17,66781300,yfinance
2024-09-20,AAPL,Technology,228.26,231.36,225.93,226.5,318679900,yfinance
2024-09-23,AAPL,Technology,225.65,227.74,224.13,224.78,54146000,yfinance
2024-09-24,AAPL,Technology,226.95,227.64,224.05,225.68,43556100,yfinance
2024-09-25,AAPL,Technology,223.26,225.6,222.35,224.69,42308700,yfinance
2024-09-26,AAPL,Technology,225.61,226.8,223.73,225.83,36636700,yfinance
2024-09-27,AAPL,Technology,226.76,227.81,225.61,226.1,34026000,yfinance
2024-09-30,AAPL,Technology,228.33,231.27,227.94,231.27,54541900,yfinance
2024-10-01,AAPL,Technology,227.81,227.94,222.08,224.53,63285000,yfinance
2024-10-02,AAPL,Technology,224.21,225.68,221.36,225.09,32880600,yfinance
2024-10-03,AAPL,Technology,223.46,225.12,221.66,223.99,34044200,yfinance
2024-10-04,AAPL,Technology,226.2,226.3,222.46,225.11,37245100,yfinance
2024-10-07,AAPL,Technology,222.83,224.01,219.68,220.04,39505400,yfinance
2024-10-08,AAPL,Technology,222.63,224.3,221.59,224.09,31855700,yfinance
2024-10-09,AAPL,Technology,223.55,228.04,223.16,227.83,33591100,yfinance
2024-10-10,AAPL,Technology,226.09,227.79,225.48,227.34,28183500,yfinance
2024-10-11,AAPL,Technology,227.59,227.7,225.65,225.86,31759200,yfinance
2024-10-14,AAPL,Technology,227.0,230.01,226.9,229.58,39882100,yfinance
2024-10-15,AAPL,Technology,231.87,235.72,230.64,232.11,64751400,yfinance
2024-10-16,AAPL,Technology,229.88,230.39,228.13,230.06,34082200,yfinance
2024-10-17,AAPL,Technology,231.69,232.11,228.8,230.42,32993800,yfinance
2024-10-18,AAPL,Technology,234.42,234.42,232.27,233.25,46431500,yfinance
2024-10-21,AAPL,Technology,232.71,235.09,232.71,234.72,36254500,yfinance
2024-10-22,AAPL,Technology,232.15,234.46,230.87,234.11,38846600,yfinance
2024-10-23,AAPL,Technology,232.34,233.39,226.07,229.04,52287000,yfinance
2024-10-24,AAPL,Technology,228.27,229.1,226.71,228.85,31109500,yfinance
2024-10-25,AAPL,Technology,228.03,231.48,227.86,229.69,38802300,yfinance
2024-10-28,AAPL,Technology,231.58,232.98,230.82,231.66,36087100,yfinance
2024-10-29,AAPL,Technology,231.37,232.59,230.59,231.93,35417200,yfinance
2024-10-30,AAPL,Technology,230.88,231.73,227.84,228.39,47070900,yfinance
2024-10-31,AAPL,Technology,227.63,228.12,223.69,224.23,64370100,yfinance
2024-11-01,AAPL,Technology,219.33,223.67,218.63,221.25,65276700,yfinance
2024-11-04,AAPL,Technology,219.35,221.13,218.08,220.36,44944500,yfinance
2024-11-05,AAPL,Technology,220.15,222.28,219.49,221.79,28111300,yfinance
2024-11-06,AAPL,Technology,220.95,224.39,219.54,221.06,54561100,yfinance
2024-11-07,AAPL,Technology,222.96,226.18,222.9,225.79,42137700,yfinance
2024-11-08,AAPL,Technology,225.73,227.21,224.97,225.52,38328800,yfinance
2024-11-11,AAPL,Technology,223.57,224.27,220.09,222.81,42005600,yfinance
2024-11-12,AAPL,Technology,223.12,224.16,221.94,222.81,40398300,yfinance
2024-11-13,AAPL,Technology,222.59,225.21,221.35,223.69,48566200,yfinance
2024-11-14,AAPL,Technology,223.59,227.42,223.57,226.77,44923900,yfinance
2024-11-15,AAPL,Technology,224.96,225.48,222.85,223.57,47923700,yfinance
2024-11-18,AAPL,Technology,223.82,228.28,223.74,226.57,44633700,yfinance
2024-11-19,AAPL,Technology,225.54,228.7,225.22,226.83,36211800,yfinance
2024-11-20,AAPL,Technology,226.61,228.47,224.46,227.55,35169600,yfinance
2024-11-21,AAPL,Technology,227.43,228.7,224.28,227.07,42108300,yfinance
2024-11-22,AAPL,Technology,226.61,229.26,226.61,228.41,38168300,yfinance
2024-11-25,AAPL,Technology,229.99,231.77,228.28,231.39,90152800,yfinance
2024-11-26,AAPL,Technology,231.85,234.07,231.85,233.57,45986200,yfinance
2024-11-27,AAPL,Technology,232.98,234.19,232.33,233.44,33498400,yfinance
2024-11-29,AAPL,Technology,233.32,236.3,232.48,235.82,28481400,yfinance
2024-12-02,AAPL,Technology,235.76,239.26,235.65,238.07,48137100,yfinance
2024-12-03,AAPL,Technology,238.29,241.22,237.38,241.11,38861000,yfinance
2024-12-04,AAPL,Technology,241.33,242.56,239.72,241.47,44383900,yfinance
2024-12-05,AAPL,Technology,242.44,242.99,240.59,241.5,40033900,yfinance
2024-12-06,AAPL,Technology,241.37,243.08,240.54,241.3,36870600,yfinance
2024-12-09,AAPL,Technology,240.29,245.67,240.22,245.18,44649200,yfinance
2024-12-10,AAPL,Technology,245.32,246.63,243.78,246.2,36914800,yfinance
2024-12-11,AAPL,Technology,246.39,249.21,244.7,244.93,45205800,yfinance
2024-12-12,AAPL,Technology,245.32,247.16,244.12,246.39,32777500,yfinance
2024-12-13,AAPL,Technology,246.25,247.71,244.68,246.55,33155300,yfinance
2024-12-16,AAPL,Technology,246.42,249.78,246.08,249.45,51694800,yfinance
2024-12-17,AAPL,Technology,248.49,252.22,248.19,251.87,51356400,yfinance
2024-12-18,AAPL,Technology,250.56,252.67,246.17,246.48,56774100,yfinance
2024-12-19,AAPL,Technology,245.93,250.4,245.52,248.2,60882300,yfinance
2024-12-20,AAPL,Technology,246.47,253.38,244.13,252.87,147495300,yfinance
2024-12-23,AAPL,Technology,253.15,254.03,251.84,253.65,40858800,yfinance
2024-12-24,AAPL,Technology,253.87,256.57,253.67,256.56,23234700,yfinance
2024-12-26,AAPL,Technology,256.55,258.45,255.99,257.38,27237100,yfinance
2024-12-27,AAPL,Technology,256.19,257.06,251.45,253.97,42355300,yfinance
2024-12-30,AAPL,Technology,250.63,251.89,249.16,250.6,35557500,yfinance
2024-12-31,AAPL,Technology,250.84,251.67,247.85,248.83,39480700,yfinance
2025-01-02,AAPL,Technology,247.35,247.52,240.28,242.3,55740700,yfinance
2025-01-03,AAPL,Technology,241.82,242.63,240.35,241.82,40244100,yfinance
2025-01-06,AAPL,Technology,242.76,245.76,241.66,243.44,45045600,yfinance
2025-01-07,AAPL,Technology,241.44,243.99,239.82,240.67,40856000,yfinance
2025-01-08,AAPL,Technology,240.38,242.16,238.53,241.16,37628900,yfinance
2025-01-10,AAPL,Technology,238.49,238.64,231.52,235.35,61710900,yfinance
2025-01-13,AAPL,Technology,232.05,233.18,228.26,232.91,49630700,yfinance
2025-01-14,AAPL,Technology,233.26,234.62,230.99,231.8,39435300,yfinance
2025-01-15,AAPL,Technology,233.15,237.44,232.94,236.36,39832000,yfinance
2025-01-16,AAPL,Technology,235.84,236.5,226.58,226.81,71759100,yfinance
2025-01-17,AAPL,Technology,230.65,230.82,227.03,228.52,68488300,yfinance
2025-01-21,AAPL,Technology,222.58,223.0,217.99,221.23,98070400,yfinance
2025-01-22,AAPL,Technology,218.39,222.7,218.39,222.41,64126500,yfinance
2025-01-23,AAPL,Technology,223.31,225.59,220.89,222.24,60234800,yfinance
2025-01-24,AAPL,Technology,223.35,224.2,220.0,221.37,54697900,yfinance
2025-01-27,AAPL,Technology,222.6,230.68,222.56,228.4,94863400,yfinance
2025-01-28,AAPL,Technology,229.38,238.67,229.34,236.75,75707600,yfinance
2025-01-29,AAPL,Technology,232.63,238.34,232.52,237.84,45486100,yfinance
2025-01-30,AAPL,Technology,237.15,239.26,235.7,236.08,55658300,yfinance
2025-01-31,AAPL,Technology,245.62,245.62,231.96,234.5,100959800,yfinance
2025-02-03,AAPL,Technology,228.53,230.36,224.27,226.56,73063300,yfinance
2025-02-04,AAPL,Technology,225.81,231.65,225.21,231.32,45067300,yfinance
2025-02-05,AAPL,Technology,227.08,231.19,226.82,230.99,39620300,yfinance
2025-02-06,AAPL,Technology,229.82,232.32,228.97,231.74,29925300,yfinance
2025-02-07,AAPL,Technology,231.12,232.51,225.82,226.18,39707200,yfinance
2025-02-10,AAPL,Technology,228.36,229.38,226.01,226.45,33115600,yfinance
2025-02-11,AAPL,Technology,227.0,233.99,226.93,231.4,53718400,yfinance
2025-02-12,AAPL,Technology,229.98,235.71,229.47,235.63,45243300,yfinance
2025-02-13,AAPL,Technology,235.66,241.07,234.33,240.26,53614100,yfinance
2025-02-14,AAPL,Technology,239.98,244.26,239.72,243.31,40896200,yfinance
2025-02-18,AAPL,Technology,242.87,243.89,240.57,243.19,48822500,yfinance
2025-02-19,AAPL,Technology,243.37,244.72,241.88,243.58,32204200,yfinance
2025-02-20,AAPL,Technology,243.65,245.48,243.01,244.54,32316900,yfinance
2025-02-21,AAPL,Technology,244.66,247.38,243.93,244.26,53197400,yfinance
2025-02-24,AAPL,Technology,243.64,247.55,243.14,245.8,51326400,yfinance
2025-02-25,AAPL,Technology,246.7,248.69,243.62,245.74,48013300,yfinance
2025-02-26,AAPL,Technology,243.05,243.69,237.87,239.1,44433600,yfinance
2025-02-27,AAPL,Technology,238.15,241.19,235.81,236.05,41153600,yfinance
2025-02-28,AAPL,Technology,235.7,240.82,228.99,240.57,56833400,yfinance
2025-03-03,AAPL,Technology,240.52,242.75,234.87,236.78,47184000,yfinance
2025-03-04,AAPL,Technology,236.46,238.81,233.45,234.69,53798100,yfinance
2025-03-05,AAPL,Technology,234.18,235.31,228.03,234.5,47227600,yfinance
2025-03-06,AAPL,Technology,233.21,236.61,231.93,234.09,45170400,yfinance
2025-03-07,AAPL,Technology,233.87,240.1,233.53,237.81,46273600,yfinance
2025-03-10,AAPL,Technology,234.3,234.92,223.04,226.28,72071200,yfinance
2025-03-11,AAPL,Technology,222.63,224.65,216.31,219.68,76137400,yfinance
2025-03-12,AAPL,Technology,218.98,220.58,213.78,215.84,62547500,yfinance
2025-03-13,AAPL,Technology,214.81,215.7,207.32,208.58,61368300,yfinance
2025-03-14,AAPL,Technology,210.14,212.83,208.48,212.37,60107600,yfinance
2025-03-17,AAPL,Technology,212.19,214.09,208.87,212.88,48073400,yfinance
2025-03-18,AAPL,Technology,213.03,214.02,210.38,211.57,42432400,yfinance
2025-03-19,AAPL,Technology,213.09,217.61,212.63,214.11,54385400,yfinance
2025-03-20,AAPL,Technology,212.87,216.35,211.1,212.97,48862900,yfinance
2025-03-21,AAPL,Technology,210.45,217.69,210.17,217.12,94127800,yfinance
2025-03-24,AAPL,Technology,219.84,220.32,217.43,219.57,44299500,yfinance
2025-03-25,AAPL,Technology,219.61,222.92,218.92,222.57,34493600,yfinance
2025-03-26,AAPL,Technology,222.34,223.84,219.31,220.37,34466100,yfinance
2025-03-27,AAPL,Technology,220.23,223.81,219.4,222.67,37094800,yfinance
2025-03-28,AAPL,Technology,220.5,222.63,216.54,216.75,39818600,yfinance
2025-03-31,AAPL,Technology,215.87,224.43,215.09,220.96,65299300,yfinance
2025-04-01,AAPL,Technology,218.65,222.5,217.75,222.02,36412700,yfinance
2025-04-02,AAPL,Technology,220.16,224.01,219.86,222.71,35905900,yfinance
2025-04-03,AAPL,Technology,204.46,206.4,200.19,202.12,103419000,yfinance
2025-04-04,AAPL,Technology,192.87,198.83,186.36,187.39,125910900,yfinance
2025-04-07,AAPL,Technology,176.27,193.13,173.7,180.51,160466300,yfinance
2025-04-08,AAPL,Technology,185.72,189.34,168.32,171.51,120859500,yfinance
2025-04-09,AAPL,Technology,171.05,199.56,170.99,197.8,184395900,yfinance
2025-04-10,AAPL,Technology,188.08,193.76,182.04,189.42,121880000,yfinance
2025-04-11,AAPL,Technology,185.12,198.49,185.08,197.11,87435900,yfinance
2025-04-14,AAPL,Technology,210.33,211.82,200.1,201.46,101352900,yfinance
2025-04-15,AAPL,Technology,200.8,202.44,198.75,201.08,51343900,yfinance
2025-04-16,AAPL,Technology,197.32,199.65,191.36,193.25,59732400,yfinance
2025-04-17,AAPL,Technology,196.16,197.78,193.4,195.94,52164700,yfinance
2025-04-21,AAPL,Technology,192.25,192.78,188.81,192.14,46742500,yfinance
2025-04-22,AAPL,Technology,195.09,200.53,194.94,198.69,52976400,yfinance
2025-04-23,AAPL,Technology,204.92,206.91,201.73,203.52,52929200,yfinance
2025-04-24,AAPL,Technology,203.81,207.73,201.87,207.27,47311000,yfinance
2025-04-25,AAPL,Technology,205.29,208.65,205.12,208.18,38222300,yfinance
2025-04-28,AAPL,Technology,208.9,210.39,206.37,209.04,38743100,yfinance
2025-04-29,AAPL,Technology,207.59,211.12,207.27,210.1,36827600,yfinance
2025-04-30,AAPL,Technology,208.2,212.46,205.58,211.38,52286500,yfinance
2025-05-01,AAPL,Technology,207.98,213.43,207.8,212.2,57365700,yfinance
2025-05-02,AAPL,Technology,205.01,205.9,201.1,204.27,101010600,yfinance
2025-05-05,AAPL,Technology,202.03,203.03,197.17,197.84,69018500,yfinance
2025-05-06,AAPL,Technology,197.17,199.6,195.98,197.47,51216500,yfinance
2025-05-07,AAPL,Technology,198.12,198.39,192.23,195.22,68536700,yfinance
2025-05-08,AAPL,Technology,196.68,199.0,193.66,196.45,50478900,yfinance
2025-05-09,AAPL,Technology,197.95,199.49,196.5,197.49,36453900,yfinance
2025-05-12,AAPL,Technology,210.14,210.44,205.93,209.96,63775800,yfinance
2025-05-13,AAPL,Technology,209.6,212.56,208.17,212.09,51909300,yfinance
2025-05-14,AAPL,Technology,211.59,213.09,209.75,211.49,49325800,yfinance
2025-05-15,AAPL,Technology,210.12,212.12,208.71,210.61,45029500,yfinance
2025-05-16,AAPL,Technology,211.52,211.73,208.94,210.43,54737900,yfinance
2025-05-19,AAPL,Technology,207.09,208.65,203.45,207.96,46140500,yfinance
2025-05-20,AAPL,Technology,206.85,207.65,204.22,206.04,42496600,yfinance
2025-05-21,AAPL,Technology,204.36,206.22,199.92,201.29,59211800,yfinance
2025-05-22,AAPL,Technology,199.92,201.95,198.91,200.56,46742400,yfinance
2025-05-23,AAPL,Technology,192.9,196.92,192.7,194.5,78432900,yfinance
2025-05-27,AAPL,Technology,197.52,199.95,196.65,199.42,56288500,yfinance
2025-05-28,AAPL,Technology,199.8,201.93,199.11,199.63,45339700,yfinance
2025-05-29,AAPL,Technology,202.78,203.0,197.73,199.16,51396800,yfinance
2025-05-30,AAPL,Technology,198.58,201.16,196.0,200.06,70819900,yfinance
2025-06-02,AAPL,Technology,199.49,201.33,199.33,200.9,35423300,yfinance
2025-06-03,AAPL,Technology,200.55,202.96,200.17,202.47,46381600,yfinance
2025-06-04,AAPL,Technology,202.11,205.43,201.3,202.02,43604000,yfinance
2025-06-05,AAPL,Technology,202.7,203.94,199.36,199.84,55126100,yfinance
2025-06-06,AAPL,Technology,202.2,204.89,201.25,203.11,46607700,yfinance
2025-06-09,AAPL,Technology,203.58,205.19,199.23,200.65,72862600,yfinance
2025-06-10,AAPL,Technology,199.81,203.54,199.78,201.87,54672600,yfinance
2025-06-11,AAPL,Technology,202.7,203.69,197.63,197.99,60989900,yfinance
2025-06-12,AAPL,Technology,198.29,198.89,196.58,198.41,43904600,yfinance
2025-06-13,AAPL,Technology,198.94,199.58,194.93,195.67,51447300,yfinance
2025-06-16,AAPL,Technology,196.52,197.9,195.78,197.64,43020700,yfinance
2025-06-17,AAPL,Technology,196.42,197.61,194.44,194.87,38856200,yfinance
2025-06-18,AAPL,Technology,195.17,196.79,194.3,195.8,45394700,yfinance
2025-06-20,AAPL,Technology,197.46,200.9,196.08,200.21,96813500,yfinance
2025-06-23,AAPL,Technology,200.83,201.5,198.17,200.7,55814300,yfinance
2025-06-24,AAPL,Technology,201.79,202.64,199.41,199.51,54064000,yfinance
2025-06-25,AAPL,Technology,200.65,202.87,199.83,200.76,39525700,yfinance
2025-06-26,AAPL,Technology,200.63,201.84,198.67,200.21,50799100,yfinance
2025-06-27,AAPL,Technology,201.09,202.42,199.21,200.29,73188600,yfinance
2025-06-30,AAPL,Technology,201.21,206.57,198.47,204.36,91912800,yfinance
2025-07-01,AAPL,Technology,205.85,209.36,205.33,207.0,78788900,yfinance
2025-07-02,AAPL,Technology,208.08,212.5,207.32,211.6,67941800,yfinance
2025-07-03,AAPL,Technology,211.31,213.8,210.97,212.71,34955800,yfinance
2025-07-07,AAPL,Technology,211.84,215.38,207.97,209.12,50229000,yfinance
2025-07-08,AAPL,Technology,209.27,210.59,207.63,209.18,42848900,yfinance
2025-07-09,AAPL,Technology,208.7,210.49,206.4,210.31,48749400,yfinance
2025-07-10,AAPL,Technology,209.68,212.64,209.2,211.57,44443600,yfinance
2025-07-11,AAPL,Technology,209.74,211.29,209.03,210.33,39765800,yfinance
2025-07-14,AAPL,Technology,209.1,210.08,206.72,207.8,38840100,yfinance
2025-07-15,AAPL,Technology,208.39,211.05,208.09,208.28,42296300,yfinance
2025-07-16,AAPL,Technology,209.47,211.56,207.82,209.33,47490500,yfinance
2025-07-17,AAPL,Technology,209.74,210.96,208.76,209.19,48068100,yfinance
2025-07-18,AAPL,Technology,210.04,210.95,208.87,210.35,48974600,yfinance
2025-07-21,AAPL,Technology,211.26,214.93,210.79,211.64,51377400,yfinance
2025-07-22,AAPL,Technology,212.3,214.1,211.39,213.55,46404100,yfinance
2025-07-23,AAPL,Technology,214.15,214.3,211.57,213.3,46989300,yfinance
2025-07-24,AAPL,Technology,213.05,214.84,212.69,212.92,46022600,yfinance
2025-07-25,AAPL,Technology,213.85,214.39,212.56,213.03,40268800,yfinance
2025-07-28,AAPL,Technology,213.18,214.0,212.22,213.2,37858000,yfinance
2025-07-29,AAPL,Technology,213.33,213.96,209.99,210.44,51411700,yfinance
2025-07-30,AAPL,Technology,211.06,211.55,206.9,208.22,45512500,yfinance
2025-07-31,AAPL,Technology,207.67,209.01,206.34,206.75,80698400,yfinance
2025-08-01,AAPL,Technology,210.04,212.74,200.7,201.58,104434500,yfinance
2025-08-04,AAPL,Technology,203.7,207.06,200.88,202.55,75109300,yfinance
2025-08-05,AAPL,Technology,202.6,204.53,201.36,202.12,44155100,yfinance
2025-08-06,AAPL,Technology,204.82,214.53,204.78,212.41,108483100,yfinance
2025-08-07,AAPL,Technology,218.02,219.98,215.72,219.16,90224800,yfinance
2025-08-08,AAPL,Technology,219.96,230.09,218.38,228.44,113854000,yfinance
2025-08-11,AAPL,Technology,227.28,228.91,224.13,226.54,61806100,yfinance
2025-08-12,AAPL,Technology,227.37,230.15,226.43,229.0,55626200,yfinance
2025-08-13,AAPL,Technology,230.42,234.34,229.78,232.67,69878500,yfinance
2025-08-14,AAPL,Technology,233.4,234.46,230.2,232.12,51916300,yfinance
2025-08-15,AAPL,Technology,233.34,233.62,228.69,230.94,56038700,yfinance
2025-08-18,AAPL,Technology,231.05,232.46,229.46,230.24,37476200,yfinance
2025-08-19,AAPL,Technology,230.63,232.21,228.7,229.91,39402600,yfinance
2025-08-20,AAPL,Technology,229.33,229.82,225.13,225.37,42263900,yfinance
2025-08-21,AAPL,Technology,225.63,225.88,223.15,224.27,30621200,yfinance
2025-08-22,AAPL,Technology,225.53,228.44,224.77,227.12,42477800,yfinance
2025-08-25,AAPL,Technology,225.84,228.65,225.59,226.52,30983100,yfinance
2025-08-26,AAPL,Technology,226.23,228.84,224.06,228.66,54575100,yfinance
2025-08-27,AAPL,Technology,227.97,230.25,227.62,229.84,31259500,yfinance
2025-08-28,AAPL,Technology,230.17,232.75,228.69,231.9,38074700,yfinance
2025-08-29,AAPL,Technology,231.85,232.72,230.72,231.49,39418400,yfinance
2025-09-02,AAPL,Technology,228.6,230.2,226.33,229.07,44075600,yfinance
2025-09-03,AAPL,Technology,236.54,238.18,233.7,237.8,66427800,yfinance
2025-09-04,AAPL,Technology,237.78,239.22,236.07,239.1,47549400,yfinance
2025-09-05,AAPL,Technology,239.32,240.64,237.82,239.01,54870400,yfinance
2025-09-08,AAPL,Technology,238.62,239.47,235.67,237.21,48999500,yfinance
2025-09-09,AAPL,Technology,236.33,238.11,232.7,233.69,66313900,yfinance
2025-09-10,AAPL,Technology,231.53,231.76,225.31,226.15,83440800,yfinance
2025-09-11,AAPL,Technology,226.24,229.8,226.01,229.38,50208600,yfinance
2025-09-12,AAPL,Technology,228.57,233.85,228.37,233.41,55824200,yfinance
2025-09-15,AAPL,Technology,236.33,237.52,234.37,236.03,42699500,yfinance
2025-09-16,AAPL,Technology,236.51,240.54,235.65,237.48,63421100,yfinance
2025-09-17,AAPL,Technology,238.3,239.42,237.06,238.32,46508000,yfinance
2025-09-18,AAPL,Technology,239.29,240.52,235.98,237.21,44249600,yfinance
2025-09-19,AAPL,Technology,240.55,245.61,239.53,244.81,163741300,yfinance
2025-09-22,AAPL,Technology,247.6,255.92,247.42,255.36,105517400,yfinance
2025-09-23,AAPL,Technology,255.16,256.61,252.86,253.71,60275200,yfinance
2025-09-24,AAPL,Technology,254.5,255.02,250.33,251.6,42303700,yfinance
2025-09-25,AAPL,Technology,252.5,256.44,251.0,256.15,55202100,yfinance
2025-09-26,AAPL,Technology,253.38,256.87,253.06,254.74,46076300,yfinance
2025-09-29,AAPL,Technology,253.84,254.28,252.3,253.71,40127700,yfinance
2025-09-30,AAPL,Technology,254.14,255.2,252.4,253.91,37704300,yfinance
2025-10-01,AAPL,Technology,254.32,258.06,254.21,254.73,48713900,yfinance
2025-10-02,AAPL,Technology,255.86,257.45,253.43,256.4,42630200,yfinance
2025-10-03,AAPL,Technology,253.95,258.51,253.23,257.29,49155600,yfinance
2025-10-06,AAPL,Technology,257.26,258.34,254.33,255.97,44664100,yfinance
2025-10-07,AAPL,Technology,256.09,256.67,254.71,255.76,31955800,yfinance
2025-10-08,AAPL,Technology,255.8,257.79,255.39,257.33,36496900,yfinance
2025-10-09,AAPL,Technology,257.08,257.27,252.43,253.32,38322000,yfinance
2025-10-10,AAPL,Technology,254.22,255.66,243.31,244.58,61999100,yfinance
2025-10-13,AAPL,Technology,248.68,248.99,244.87,246.96,38142900,yfinance
2025-10-14,AAPL,Technology,245.9,248.15,244.01,247.07,35478000,yfinance
2025-10-15,AAPL,Technology,248.79,251.11,246.77,248.64,33893600,yfinance
2025-10-16,AAPL,Technology,247.55,248.34,244.44,246.75,39777000,yfinance
2025-10-17,AAPL,Technology,247.32,252.67,246.57,251.58,49147000,yfinance
2025-10-20,AAPL,Technology,255.17,263.63,254.91,261.5,90483000,yfinance
2025-10-21,AAPL,Technology,261.14,264.54,261.09,262.03,46695900,yfinance
2025-10-22,AAPL,Technology,261.91,262.11,254.71,257.72,45015300,yfinance
2025-10-23,AAPL,Technology,259.21,259.88,257.28,258.85,32754900,yfinance
2025-10-24,AAPL,Technology,260.45,263.38,258.45,262.08,38253700,yfinance
2025-10-27,AAPL,Technology,264.13,268.36,263.9,268.05,44888200,yfinance
2025-10-28,AAPL,Technology,268.23,269.13,267.39,268.24,41534800,yfinance
2025-10-29,AAPL,Technology,268.52,270.64,266.36,268.94,51086700,yfinance
2025-10-30,AAPL,Technology,271.22,273.37,267.72,270.63,69886500,yfinance
2025-10-31,AAPL,Technology,276.21,276.54,268.4,269.61,86167100,yfinance
2025-11-03,AAPL,Technology,269.66,270.09,265.5,268.29,50194600,yfinance
2025-11-04,AAPL,Technology,267.57,270.72,266.87,269.28,49274800,yfinance
2025-11-05,AAPL,Technology,267.85,270.93,266.18,269.38,43683100,yfinance
2025-11-06,AAPL,Technology,267.13,272.63,267.13,269.01,51204000,yfinance
2025-11-07,AAPL,Technology,269.04,271.52,266.02,267.71,48227400,yfinance
2025-11-10,AAPL,Technology,268.46,273.22,266.96,268.93,41312400,yfinance
2025-11-11,AAPL,Technology,269.31,275.4,269.3,274.74,46208300,yfinance
2025-11-12,AAPL,Technology,274.49,275.22,271.2,272.96,48398000,yfinance
2025-11-13,AAPL,Technology,273.6,276.19,271.59,272.44,49602800,yfinance
2025-11-14,AAPL,Technology,270.55,275.45,269.1,271.9,47431300,yfinance
2025-11-17,AAPL,Technology,268.32,269.99,265.24,266.96,45018300,yfinance
2025-11-18,AAPL,Technology,269.49,270.21,264.83,266.94,45677300,yfinance
2025-11-19,AAPL,Technology,265.04,271.71,265.01,268.06,40424500,yfinance
2025-11-20,AAPL,Technology,270.33,274.92,265.43,265.76,45823600,yfinance
2025-11-21,AAPL,Technology,265.46,272.82,265.18,270.99,59030800,yfinance
2025-11-24,AAPL,Technology,270.4,276.49,270.4,275.41,65585800,yfinance
2025-11-25,AAPL,Technology,274.76,279.86,274.74,276.46,46914200,yfinance
2025-11-26,AAPL,Technology,276.45,279.01,276.12,277.04,33431400,yfinance
2025-11-28,AAPL,Technology,276.75,278.48,275.48,278.33,20135600,yfinance
2025-12-01,AAPL,Technology,277.49,282.89,275.63,282.58,46587700,yfinance
2025-12-02,AAPL,Technology,282.48,286.87,282.11,285.66,53669500,yfinance
2025-12-03,AAPL,Technology,285.67,288.08,282.77,283.62,43538700,yfinance
2025-12-04,AAPL,Technology,283.57,284.2,278.07,280.18,43989100,yfinance
2025-12-05,AAPL,Technology,280.02,280.62,277.53,278.26,47265800,yfinance
2025-12-08,AAPL,Technology,277.61,279.15,275.64,277.37,38211800,yfinance
2025-12-09,AAPL,Technology,277.64,279.51,276.41,276.67,32193300,yfinance
2025-12-10,AAPL,Technology,277.23,279.23,275.93,278.26,33038300,yfinance
2025-12-11,AAPL,Technology,278.58,279.07,273.3,277.51,33248000,yfinance
2025-12-12,AAPL,Technology,277.38,278.7,276.31,277.76,39532900,yfinance
2025-12-15,AAPL,Technology,279.63,279.63,272.33,273.6,50409100,yfinance
2025-12-16,AAPL,Technology,272.31,274.99,271.29,274.1,37648600,yfinance
2025-12-17,AAPL,Technology,274.5,275.65,271.14,271.34,50138700,yfinance
2025-12-18,AAPL,Technology,273.1,273.12,266.45,271.69,51630700,yfinance
2025-12-19,AAPL,Technology,271.65,274.09,269.4,273.16,144632000,yfinance
2025-12-22,AAPL,Technology,272.35,273.37,270.01,270.47,36571800,yfinance
2025-12-23,AAPL,Technology,270.34,271.99,269.06,271.85,29642000,yfinance
2025-12-24,AAPL,Technology,271.83,274.92,271.7,273.3,17910600,yfinance
2025-12-26,AAPL,Technology,273.65,274.86,272.35,272.89,21521800,yfinance
2025-12-29,AAPL,Technology,272.18,273.85,271.84,273.25,23715200,yfinance
2025-12-30,AAPL,Technology,272.3,273.57,271.78,272.57,22139600,yfinance
2025-12-31,AAPL,Technology,272.55,273.17,271.25,271.36,27293600,yfinance
2026-01-02,AAPL,Technology,271.76,277.32,268.5,270.51,37838100,yfinance
2026-01-05,AAPL,Technology,270.14,271.01,265.65,266.76,45647200,yfinance
2026-01-06,AAPL,Technology,266.5,267.05,261.63,261.87,52352100,yfinance
2026-01-07,AAPL,Technology,262.71,263.19,259.33,259.85,48309800,yfinance
2026-01-08,AAPL,Technology,256.54,258.81,255.23,258.56,50419300,yfinance
2026-01-09,AAPL,Technology,258.6,259.73,255.74,258.89,39997000,yfinance
2026-01-12,AAPL,Technology,258.68,260.82,256.32,259.77,45263800,yfinance
2026-01-13,AAPL,Technology,258.24,261.32,257.91,260.57,45730800,yfinance
2026-01-14,AAPL,Technology,259.01,261.33,256.23,259.48,40019400,yfinance
2026-01-15,AAPL,Technology,260.17,260.56,256.57,257.73,39388600,yfinance
2026-01-16,AAPL,Technology,257.42,258.42,254.46,255.06,72142800,yfinance
2026-01-20,AAPL,Technology,252.26,254.32,242.97,246.24,80267500,yfinance
2026-01-21,AAPL,Technology,248.24,251.09,244.73,247.19,54641700,yfinance
2026-01-22,AAPL,Technology,248.74,250.53,247.69,247.89,39708300,yfinance
2026-01-23,AAPL,Technology,246.86,248.95,244.23,247.58,41689000,yfinance
2026-01-26,AAPL,Technology,251.01,256.08,249.34,254.94,55969200,yfinance
2026-01-27,AAPL,Technology,258.69,261.46,257.73,257.79,49648300,yfinance
2026-01-28,AAPL,Technology,257.17,258.38,254.04,255.96,41288000,yfinance
2026-01-29,AAPL,Technology,257.52,259.17,253.94,257.8,67253000,yfinance
2026-01-30,AAPL,Technology,254.7,261.41,251.71,259.0,92443400,yfinance
2026-02-02,AAPL,Technology,259.55,269.99,258.73,269.51,73913400,yfinance
2026-02-03,AAPL,Technology,268.7,271.38,267.11,268.98,64394700,yfinance
2026-02-04,AAPL,Technology,271.79,278.43,271.79,275.98,90545700,yfinance
2026-02-05,AAPL,Technology,277.61,278.98,272.72,275.4,52977400,yfinance
2026-02-06,AAPL,Technology,276.61,280.39,276.42,277.6,50453400,yfinance
2026-02-09,AAPL,Technology,277.65,277.94,271.45,274.37,44623400,yfinance
2026-02-10,AAPL,Technology,274.64,275.12,272.69,273.43,34376900,yfinance
2026-02-11,AAPL,Technology,274.45,279.92,274.2,275.25,51931300,yfinance
2026-02-12,AAPL,Technology,275.34,275.47,259.94,261.49,81077200,yfinance
2026-02-13,AAPL,Technology,261.77,261.99,255.21,255.54,56290700,yfinance
2026-02-17,AAPL,Technology,257.81,266.04,255.3,263.64,58469100,yfinance
2026-02-18,AAPL,Technology,263.36,266.57,262.21,264.11,34203300,yfinance
2026-02-19,AAPL,Technology,262.36,264.24,259.81,260.34,30845300,yfinance
2026-02-20,AAPL,Technology,258.73,264.51,257.92,264.34,42070500,yfinance
2026-02-23,AAPL,Technology,263.25,269.18,263.14,265.93,37308200,yfinance
2026-02-24,AAPL,Technology,267.61,274.64,267.46,271.89,47014600,yfinance
2026-02-25,AAPL,Technology,271.53,274.69,270.8,273.98,33714300,yfinance
2026-02-26,AAPL,Technology,274.7,275.86,270.55,272.7,32345100,yfinance
2026-02-27,AAPL,Technology,272.56,272.56,262.65,263.94,72366500,yfinance
2026-03-02,AAPL,Technology,262.17,266.28,259.96,264.48,41827900,yfinance
2026-03-03,AAPL,Technology,263.24,265.32,259.89,263.51,38568900,yfinance
2026-03-04,AAPL,Technology,264.41,265.91,261.18,262.28,39803100,yfinance
2026-03-05,AAPL,Technology,260.55,261.32,257.01,260.05,49658600,yfinance
2026-03-06,AAPL,Technology,258.39,258.53,254.14,257.22,41120000,yfinance
2026-03-09,AAPL,Technology,255.45,260.91,253.45,259.64,38218500,yfinance
2026-03-10,AAPL,Technology,257.41,262.24,256.71,260.59,30590800,yfinance
2026-03-11,AAPL,Technology,260.85,261.89,259.31,260.57,26218900,yfinance
2026-03-12,AAPL,Technology,258.42,258.71,253.95,255.52,40794000,yfinance
2026-03-13,AAPL,Technology,255.24,256.09,249.29,249.89,36930000,yfinance
2026-03-16,AAPL,Technology,251.88,253.66,249.65,252.59,32074200,yfinance
2026-03-17,AAPL,Technology,252.73,254.9,251.95,254.0,32361600,yfinance
2026-03-18,AAPL,Technology,252.4,254.71,248.77,249.71,35757900,yfinance
2026-03-19,AAPL,Technology,249.17,251.6,247.07,248.73,34864100,yfinance
2026-03-20,AAPL,Technology,247.75,248.97,245.77,247.76,88331100,yfinance
2026-03-23,AAPL,Technology,253.74,254.37,250.05,251.26,40546100,yfinance
2026-03-24,AAPL,Technology,250.12,254.6,249.32,251.41,45152300,yfinance
2026-03-25,AAPL,Technology,253.87,254.77,251.37,252.39,28476700,yfinance
2026-03-26,AAPL,Technology,251.89,256.76,250.54,252.66,41796700,yfinance
2026-03-27,AAPL,Technology,253.67,255.25,247.84,248.57,47900000,yfinance
2026-03-30,AAPL,Technology,249.84,250.64,245.28,246.4,39446200,yfinance
2026-03-31,AAPL,Technology,247.68,255.24,246.87,253.56,49598100,yfinance
2026-04-01,AAPL,Technology,253.85,255.94,253.1,255.39,40059400,yfinance
2026-04-02,AAPL,Technology,253.97,255.89,250.42,255.68,31289400,yfinance
2026-04-06,AAPL,Technology,256.27,261.92,256.22,258.62,29329900,yfinance
2026-04-07,AAPL,Technology,255.92,255.96,245.47,253.27,62148000,yfinance
2026-04-08,AAPL,Technology,258.21,259.51,256.29,258.66,41032800,yfinance
2026-04-09,AAPL,Technology,258.76,260.88,255.83,260.25,28121600,yfinance
2026-04-10,AAPL,Technology,259.74,261.95,258.78,260.24,31291500,yfinance
2026-04-13,AAPL,Technology,259.49,259.94,256.42,258.96,36234700,yfinance
2026-04-14,AAPL,Technology,259.01,261.69,256.95,258.59,48370700,yfinance
2026-04-15,AAPL,Technology,257.92,266.31,257.57,266.18,49913500,yfinance
2026-04-16,AAPL,Technology,266.55,266.91,261.03,263.16,43323100,yfinance
2026-04-17,AAPL,Technology,266.71,272.05,266.47,269.98,61436200,yfinance
2026-04-20,AAPL,Technology,270.08,274.03,270.04,272.8,36590200,yfinance
2026-04-21,AAPL,Technology,271.25,272.55,265.16,265.93,50209800,yfinance
2026-04-22,AAPL,Technology,267.57,273.49,266.62,272.92,43249200,yfinance
2026-04-23,AAPL,Technology,274.8,275.52,271.4,273.18,33399600,yfinance
2026-04-24,AAPL,Technology,272.51,272.81,269.4,270.81,38157100,yfinance
2026-04-27,AAPL,Technology,265.85,268.11,264.83,267.36,41466800,yfinance
2026-04-28,AAPL,Technology,272.09,272.98,268.41,270.46,40018900,yfinance
2026-04-29,AAPL,Technology,267.3,270.79,266.79,269.92,30047900,yfinance
2026-04-30,AAPL,Technology,270.25,275.75,267.89,271.1,91848200,yfinance
2026-05-01,AAPL,Technology,278.6,286.96,278.11,279.88,79915400,yfinance
2026-05-04,AAPL,Technology,279.4,280.37,274.61,276.58,46668400,yfinance
2026-05-05,AAPL,Technology,276.68,284.31,276.25,283.92,49311700,yfinance
2026-05-06,AAPL,Technology,281.66,287.76,280.81,287.25,58336100,yfinance
2026-05-07,AAPL,Technology,289.0,291.86,285.52,287.18,45224300,yfinance
2026-05-08,AAPL,Technology,289.74,294.49,289.73,293.05,52692800,yfinance
2026-05-11,AAPL,Technology,291.98,293.88,290.23,292.68,42247300,yfinance
2026-05-12,AAPL,Technology,292.56,295.27,292.56,294.8,45748100,yfinance
2026-05-13,AAPL,Technology,293.5,300.92,293.5,298.87,52684300,yfinance
2026-05-14,AAPL,Technology,299.82,300.45,295.38,298.21,35324900,yfinance
2026-05-15,AAPL,Technology,297.9,303.2,296.52,300.23,54862800,yfinance
2026-05-18,AAPL,Technology,300.24,300.66,294.91,297.84,34483000,yfinance
2026-05-19,AAPL,Technology,296.97,300.51,296.35,298.97,42243600,yfinance
2026-05-20,AAPL,Technology,298.18,302.8,298.08,302.25,38229800,yfinance
2026-05-21,AAPL,Technology,301.06,305.54,300.4,304.99,42965100,yfinance
2026-05-22,AAPL,Technology,306.12,311.4,305.84,308.82,43670200,yfinance
2026-05-26,AAPL,Technology,309.56,311.82,307.67,308.33,48000500,yfinance
2026-05-27,AAPL,Technology,308.33,313.26,308.3,310.85,50430900,yfinance
2026-05-28,AAPL,Technology,310.68,312.8,309.57,312.51,48220400,yfinance
2026-05-29,AAPL,Technology,311.78,315.0,309.53,312.06,70026800,yfinance
2026-06-01,AAPL,Technology,309.63,310.94,305.02,306.31,48849900,yfinance
2026-06-02,AAPL,Technology,307.46,315.45,306.69,315.2,44534700,yfinance
2026-06-03,AAPL,Technology,314.18,316.94,308.85,310.26,50836700,yfinance
2026-06-04,AAPL,Technology,313.23,313.54,309.65,311.23,44869100,yfinance
2026-06-05,AAPL,Technology,312.86,315.17,307.15,307.34,65310500,yfinance
2023-09-12,COP,Energy,111.17,113.17,111.12,112.84,4486600,yfinance
2023-09-13,COP,Energy,113.21,113.41,111.37,112.14,3879700,yfinance
2023-09-14,COP,Energy,113.23,114.5,113.17,114.15,4686200,yfinance
2023-09-15,COP,Energy,113.73,115.51,112.95,113.29,12441000,yfinance
2023-09-18,COP,Energy,114.77,115.27,113.75,114.13,4945300,yfinance
2023-09-19,COP,Energy,115.38,115.55,112.02,112.92,4190700,yfinance
2023-09-20,COP,Energy,112.43,113.51,110.99,111.09,3444600,yfinance
2023-09-21,COP,Energy,111.88,112.0,108.87,109.17,4470700,yfinance
2023-09-22,COP,Energy,109.95,111.1,109.14,109.25,3641100,yfinance
2023-09-25,COP,Energy,109.37,111.19,109.0,111.0,3291300,yfinance
2023-09-26,COP,Energy,109.84,111.34,109.42,110.15,5204500,yfinance
2023-09-27,COP,Energy,112.16,114.19,111.31,113.42,5364100,yfinance
2023-09-28,COP,Energy,113.21,114.54,112.58,113.08,3964600,yfinance
2023-09-29,COP,Energy,112.86,112.98,110.24,110.39,5308900,yfinance
2023-10-02,COP,Energy,110.79,110.86,106.85,107.9,4769500,yfinance
2023-10-03,COP,Energy,107.59,108.43,106.95,108.36,4162600,yfinance
2023-10-04,COP,Energy,106.26,106.55,102.9,104.43,7287600,yfinance
2023-10-05,COP,Energy,103.67,105.58,103.38,104.51,4070100,yfinance
2023-10-06,COP,Energy,105.39,107.43,104.27,106.27,4209700,yfinance
2023-10-09,COP,Energy,109.61,112.3,109.42,112.25,6532800,yfinance
2023-10-10,COP,Energy,111.72,112.64,110.75,110.93,5705500,yfinance
2023-10-11,COP,Energy,110.11,110.75,108.76,110.61,7300700,yfinance
2023-10-12,COP,Energy,111.57,112.17,111.0,111.6,3859500,yfinance
2023-10-13,COP,Energy,114.31,116.07,113.73,115.05,5589100,yfinance
2023-10-16,COP,Energy,115.71,116.21,114.42,115.47,3769500,yfinance
2023-10-17,COP,Energy,115.36,116.5,115.12,115.6,4213800,yfinance
2023-10-18,COP,Energy,116.3,117.24,115.59,116.65,4781900,yfinance
2023-10-19,COP,Energy,115.82,117.35,115.06,116.45,4491300,yfinance
2023-10-20,COP,Energy,116.28,116.72,114.13,114.31,5289400,yfinance
2023-10-23,COP,Energy,113.39,113.48,111.16,111.81,5969400,yfinance
2023-10-24,COP,Energy,112.02,112.41,110.48,110.53,4664400,yfinance
2023-10-25,COP,Energy,110.14,111.43,109.44,110.95,5010600,yfinance
2023-10-26,COP,Energy,109.4,109.8,108.04,109.02,6066500,yfinance
2023-10-27,COP,Energy,108.45,109.04,107.29,108.55,5312500,yfinance
2023-10-30,COP,Energy,108.53,109.19,107.36,108.86,5830500,yfinance
2023-10-31,COP,Energy,108.64,109.64,107.34,109.47,4505000,yfinance
2023-11-01,COP,Energy,110.09,110.36,107.34,107.5,8350900,yfinance
2023-11-02,COP,Energy,108.61,113.57,108.15,112.43,9068700,yfinance
2023-11-03,COP,Energy,111.96,112.31,109.97,110.34,5935600,yfinance
2023-11-06,COP,Energy,110.79,111.09,108.91,109.16,4610800,yfinance
2023-11-07,COP,Energy,107.27,107.35,105.35,106.2,5491000,yfinance
2023-11-08,COP,Energy,106.15,106.54,105.02,105.46,5884300,yfinance
2023-11-09,COP,Energy,106.56,106.95,105.09,105.18,4306200,yfinance
2023-11-10,COP,Energy,106.19,107.08,105.6,106.53,4602300,yfinance
2023-11-13,COP,Energy,106.49,107.34,106.49,106.83,3225700,yfinance
2023-11-14,COP,Energy,107.43,108.18,106.82,107.0,5421700,yfinance
2023-11-15,COP,Energy,106.5,108.05,106.39,106.53,4733300,yfinance
2023-11-16,COP,Energy,105.12,105.35,101.85,103.71,6733200,yfinance
2023-11-17,COP,Energy,104.46,106.99,103.93,106.12,5799100,yfinance
2023-11-20,COP,Energy,106.49,107.96,106.12,106.86,4046400,yfinance
2023-11-21,COP,Energy,106.67,107.08,106.09,106.66,3720200,yfinance
2023-11-22,COP,Energy,103.74,106.62,102.94,106.36,4559000,yfinance
2023-11-24,COP,Energy,106.4,107.95,106.37,106.95,2159200,yfinance
2023-11-27,COP,Energy,106.48,106.62,104.98,106.31,5289500,yfinance
2023-11-28,COP,Energy,106.74,107.41,106.02,106.48,3469100,yfinance
2023-11-29,COP,Energy,106.83,107.02,104.94,105.55,6065300,yfinance
2023-11-30,COP,Energy,106.66,108.07,105.24,107.03,10242700,yfinance
2023-12-01,COP,Energy,106.53,108.39,106.36,106.71,4675800,yfinance
2023-12-04,COP,Energy,105.65,107.35,105.46,106.06,4824800,yfinance
2023-12-05,COP,Energy,106.25,106.41,104.69,104.78,5821400,yfinance
2023-12-06,COP,Energy,104.03,104.03,101.63,102.35,7489500,yfinance
2023-12-07,COP,Energy,103.09,103.64,102.47,102.66,5816800,yfinance
2023-12-08,COP,Energy,103.48,103.9,102.85,103.79,5713900,yfinance
2023-12-11,COP,Energy,103.83,104.31,103.3,103.87,7250100,yfinance
2023-12-12,COP,Energy,102.58,103.24,101.59,102.85,6888800,yfinance
2023-12-13,COP,Energy,103.26,103.96,102.68,103.58,8570100,yfinance
2023-12-14,COP,Energy,104.6,107.75,104.42,106.45,11490400,yfinance
2023-12-15,COP,Energy,105.9,107.19,105.22,106.07,30860400,yfinance
2023-12-18,COP,Energy,107.27,108.6,106.18,106.41,7000500,yfinance
2023-12-19,COP,Energy,106.45,108.02,105.81,107.88,6379200,yfinance
2023-12-20,COP,Energy,108.23,110.15,107.78,108.07,7767200,yfinance
2023-12-21,COP,Energy,107.89,108.24,106.76,108.19,4149300,yfinance
2023-12-22,COP,Energy,109.28,109.86,108.62,108.96,4299400,yfinance
2023-12-26,COP,Energy,109.93,110.6,109.63,110.22,2893600,yfinance
2023-12-27,COP,Energy,109.75,110.8,109.35,109.73,3441400,yfinance
2023-12-28,COP,Energy,108.96,109.46,107.83,107.89,3711400,yfinance
2023-12-29,COP,Energy,108.55,108.86,107.25,107.49,3643600,yfinance
2024-01-02,COP,Energy,108.51,110.02,108.21,108.9,4688400,yfinance
2024-01-03,COP,Energy,109.23,111.3,108.73,111.07,4881900,yfinance
2024-01-04,COP,Energy,111.7,112.28,107.68,107.87,5891500,yfinance
2024-01-05,COP,Energy,108.82,109.07,107.43,107.92,3984600,yfinance
2024-01-08,COP,Energy,106.46,106.55,104.17,106.04,6769600,yfinance
2024-01-09,COP,Energy,106.04,106.04,103.95,104.43,5935600,yfinance
2024-01-10,COP,Energy,104.4,104.4,102.64,102.96,4445200,yfinance
2024-01-11,COP,Energy,103.36,103.94,102.74,102.8,4212600,yfinance
2024-01-12,COP,Energy,104.65,104.99,102.84,103.44,5549800,yfinance
2024-01-16,COP,Energy,103.26,103.48,100.33,100.61,6677500,yfinance
2024-01-17,COP,Energy,99.02,100.52,98.7,99.62,4864100,yfinance
2024-01-18,COP,Energy,99.41,99.41,97.95,99.03,6150900,yfinance
2024-01-19,COP,Energy,98.21,99.94,98.09,99.9,5702200,yfinance
2024-01-22,COP,Energy,99.55,100.38,99.09,100.07,5740200,yfinance
2024-01-23,COP,Energy,99.85,101.33,99.69,100.01,3969500,yfinance
2024-01-24,COP,Energy,100.87,101.89,100.41,101.56,5332000,yfinance
2024-01-25,COP,Energy,101.68,103.8,101.18,103.77,5958700,yfinance
2024-01-26,COP,Energy,103.76,104.14,102.28,103.93,4156000,yfinance
2024-01-29,COP,Energy,103.76,103.81,102.32,103.35,4705700,yfinance
2024-01-30,COP,Energy,102.99,105.88,102.57,105.62,6206500,yfinance
2024-01-31,COP,Energy,105.55,105.67,103.53,103.6,5501400,yfinance
2024-02-01,COP,Energy,104.04,104.85,102.61,103.15,5255200,yfinance
2024-02-02,COP,Energy,103.41,103.68,101.58,102.45,4610200,yfinance
2024-02-05,COP,Energy,102.1,102.67,101.21,101.84,4520400,yfinance
2024-02-06,COP,Energy,102.68,104.14,102.05,103.28,4777100,yfinance
2024-02-07,COP,Energy,103.46,104.62,103.21,104.02,6100700,yfinance
2024-02-08,COP,Energy,104.75,106.77,104.27,105.48,7715500,yfinance
2024-02-09,COP,Energy,105.56,105.85,102.81,102.94,5974000,yfinance
2024-02-12,COP,Energy,103.05,103.85,102.36,102.89,5802000,yfinance
2024-02-13,COP,Energy,102.89,103.66,100.8,101.66,6321100,yfinance
2024-02-14,COP,Energy,102.05,102.83,101.43,101.98,7248400,yfinance
2024-02-15,COP,Energy,101.7,104.18,101.51,103.53,9421900,yfinance
2024-02-16,COP,Energy,103.98,104.28,102.97,103.13,6967800,yfinance
2024-02-20,COP,Energy,103.11,104.12,102.0,102.17,6458300,yfinance
2024-02-21,COP,Energy,102.6,106.02,102.32,105.27,6925500,yfinance
2024-02-22,COP,Energy,104.52,105.31,103.82,104.67,5104900,yfinance
2024-02-23,COP,Energy,103.61,104.7,102.69,104.0,5206200,yfinance
2024-02-26,COP,Energy,103.72,104.95,103.17,104.85,5751200,yfinance
2024-02-27,COP,Energy,105.42,105.7,103.59,104.1,5060000,yfinance
2024-02-28,COP,Energy,104.37,105.69,103.67,104.5,4578900,yfinance
2024-02-29,COP,Energy,104.94,105.54,104.32,104.97,6624000,yfinance
2024-03-01,COP,Energy,106.14,107.75,105.98,106.55,5094300,yfinance
2024-03-04,COP,Energy,106.36,106.69,104.07,104.13,5877200,yfinance
2024-03-05,COP,Energy,103.72,105.21,103.39,103.73,6247000,yfinance
2024-03-06,COP,Energy,104.74,105.3,103.98,104.45,4888700,yfinance
2024-03-07,COP,Energy,104.21,105.8,104.17,105.15,5097300,yfinance
2024-03-08,COP,Energy,104.66,105.59,104.33,105.39,5227600,yfinance
2024-03-11,COP,Energy,105.74,107.6,105.07,107.49,5899300,yfinance
2024-03-12,COP,Energy,107.33,107.94,106.66,107.28,5653000,yfinance
2024-03-13,COP,Energy,108.94,110.63,108.35,109.64,7685400,yfinance
2024-03-14,COP,Energy,111.15,111.91,110.75,111.72,7800800,yfinance
2024-03-15,COP,Energy,111.11,112.67,111.11,111.96,17549000,yfinance
2024-03-18,COP,Energy,112.76,112.92,111.14,112.17,4827900,yfinance
2024-03-19,COP,Energy,112.26,113.94,112.2,113.81,4457800,yfinance
2024-03-20,COP,Energy,113.06,114.12,112.88,113.7,3597000,yfinance
2024-03-21,COP,Energy,113.85,115.27,113.49,115.2,4925600,yfinance
2024-03-22,COP,Energy,115.23,115.7,114.45,114.75,4976100,yfinance
2024-03-25,COP,Energy,115.39,118.13,114.86,117.73,7054400,yfinance
2024-03-26,COP,Energy,117.99,118.36,116.77,117.51,5203400,yfinance
2024-03-27,COP,Energy,117.19,118.47,116.89,118.3,3847800,yfinance
2024-03-28,COP,Energy,119.38,119.98,118.18,118.71,4657800,yfinance
2024-04-01,COP,Energy,119.38,120.26,118.22,120.02,3036000,yfinance
2024-04-02,COP,Energy,120.8,122.03,119.97,121.88,4969700,yfinance
2024-04-03,COP,Energy,122.1,123.12,121.74,122.77,3707300,yfinance
2024-04-04,COP,Energy,123.24,123.52,122.23,122.88,3908400,yfinance
2024-04-05,COP,Energy,123.08,124.83,122.36,124.53,3595500,yfinance
2024-04-08,COP,Energy,124.75,125.0,123.28,123.51,4481900,yfinance
2024-04-09,COP,Energy,123.85,124.23,122.19,123.35,3756000,yfinance
2024-04-10,COP,Energy,123.56,124.68,122.89,123.88,4402400,yfinance
2024-04-11,COP,Energy,123.62,124.23,121.86,123.97,4328800,yfinance
2024-04-12,COP,Energy,125.24,126.08,121.61,122.37,4955300,yfinance
2024-04-15,COP,Energy,123.24,123.68,121.28,121.48,4219300,yfinance
2024-04-16,COP,Energy,121.25,122.0,119.85,120.81,3878600,yfinance
2024-04-17,COP,Energy,120.43,121.38,118.97,119.69,3869700,yfinance
2024-04-18,COP,Energy,120.07,120.52,118.69,119.21,3588200,yfinance
2024-04-19,COP,Energy,119.52,121.73,119.21,120.67,3984800,yfinance
2024-04-22,COP,Energy,119.95,121.62,118.4,120.63,4194900,yfinance
2024-04-23,COP,Energy,119.97,121.43,119.13,121.1,3773600,yfinance
2024-04-24,COP,Energy,120.66,120.96,119.66,120.58,3846600,yfinance
2024-04-25,COP,Energy,120.97,121.85,119.66,121.35,3666400,yfinance
2024-04-26,COP,Energy,120.75,121.97,120.19,121.47,4823100,yfinance
2024-04-29,COP,Energy,121.02,121.66,120.13,121.46,3609400,yfinance
2024-04-30,COP,Energy,121.07,121.11,116.99,117.17,6296800,yfinance
2024-05-01,COP,Energy,116.66,117.27,115.11,115.97,5423500,yfinance
2024-05-02,COP,Energy,116.33,116.77,113.47,114.02,7685900,yfinance
2024-05-03,COP,Energy,114.26,114.42,112.74,114.0,5020700,yfinance
2024-05-06,COP,Energy,114.8,116.79,114.74,115.23,4848600,yfinance
2024-05-07,COP,Energy,115.34,116.53,114.79,115.23,5902000,yfinance
2024-05-08,COP,Energy,114.56,115.63,114.44,114.78,4200200,yfinance
2024-05-09,COP,Energy,114.71,115.87,114.39,115.09,5430500,yfinance
2024-05-10,COP,Energy,115.49,116.37,114.11,114.43,4515900,yfinance
2024-05-13,COP,Energy,114.39,115.04,113.83,114.13,6421200,yfinance
2024-05-14,COP,Energy,114.07,114.67,113.04,113.61,6144700,yfinance
2024-05-15,COP,Energy,113.26,114.43,111.38,113.29,6138600,yfinance
2024-05-16,COP,Energy,112.96,113.94,112.26,112.48,5002900,yfinance
2024-05-17,COP,Energy,113.48,114.5,112.69,114.24,4450300,yfinance
2024-05-20,COP,Energy,114.28,114.62,113.1,113.47,2814700,yfinance
2024-05-21,COP,Energy,113.28,114.26,112.91,113.02,2756700,yfinance
2024-05-22,COP,Energy,112.18,112.37,110.19,110.94,4468100,yfinance
2024-05-23,COP,Energy,111.54,112.1,110.01,110.43,3757200,yfinance
2024-05-24,COP,Energy,111.12,111.31,109.69,110.05,2851100,yfinance
2024-05-28,COP,Energy,110.6,111.91,110.5,111.66,3830700,yfinance
2024-05-29,COP,Energy,110.38,110.44,106.83,108.18,14290900,yfinance
2024-05-30,COP,Energy,108.6,109.24,106.0,106.61,9914300,yfinance
2024-05-31,COP,Energy,106.87,109.39,106.79,109.33,13830200,yfinance
2024-06-03,COP,Energy,109.12,109.28,106.03,106.88,7129500,yfinance
2024-06-04,COP,Energy,105.88,106.06,104.47,105.38,7683600,yfinance
2024-06-05,COP,Energy,105.18,105.55,104.47,105.34,5119100,yfinance
2024-06-06,COP,Energy,104.91,105.5,104.69,105.31,5355200,yfinance
2024-06-07,COP,Energy,105.1,105.87,104.33,105.13,4375700,yfinance
2024-06-10,COP,Energy,105.48,107.0,105.1,106.35,5307300,yfinance
2024-06-11,COP,Energy,106.24,106.68,105.74,106.66,4181900,yfinance
2024-06-12,COP,Energy,107.47,107.91,104.71,105.3,8650100,yfinance
2024-06-13,COP,Energy,105.13,105.29,103.33,104.08,5939300,yfinance
2024-06-14,COP,Energy,104.36,104.36,102.42,102.68,5690400,yfinance
2024-06-17,COP,Energy,102.22,103.16,101.82,102.82,5754200,yfinance
2024-06-18,COP,Energy,103.31,104.38,102.32,102.7,5690200,yfinance
2024-06-20,COP,Energy,102.87,104.99,102.55,104.5,5442400,yfinance
2024-06-21,COP,Energy,104.97,105.37,103.93,104.51,27096700,yfinance
2024-06-24,COP,Energy,105.36,108.87,105.04,108.1,8802700,yfinance
2024-06-25,COP,Energy,107.67,108.0,106.68,107.93,4956400,yfinance
2024-06-26,COP,Energy,108.13,108.13,105.84,106.64,5366500,yfinance
2024-06-27,COP,Energy,107.0,107.31,106.17,106.98,3846500,yfinance
2024-06-28,COP,Energy,108.32,108.48,106.67,107.36,7191800,yfinance
2024-07-01,COP,Energy,107.98,108.37,106.68,107.34,3925100,yfinance
2024-07-02,COP,Energy,108.3,108.51,106.37,107.12,3836700,yfinance
2024-07-03,COP,Energy,107.05,108.56,106.72,107.73,2326200,yfinance
2024-07-05,COP,Energy,107.5,107.68,105.26,105.64,4188300,yfinance
2024-07-08,COP,Energy,105.1,105.73,104.49,105.34,4199600,yfinance
2024-07-09,COP,Energy,104.1,105.73,103.87,104.37,3460400,yfinance
2024-07-10,COP,Energy,103.99,105.72,103.7,105.62,3867700,yfinance
2024-07-11,COP,Energy,105.62,107.36,105.09,106.99,5839100,yfinance
2024-07-12,COP,Energy,107.38,107.57,105.92,106.2,4505900,yfinance
2024-07-15,COP,Energy,107.01,108.13,106.08,107.54,5118100,yfinance
2024-07-16,COP,Energy,106.74,108.34,106.21,108.12,4633700,yfinance
2024-07-17,COP,Energy,108.65,110.19,108.44,108.96,6484000,yfinance
2024-07-18,COP,Energy,109.16,111.13,108.27,109.45,5957100,yfinance
2024-07-19,COP,Energy,109.97,110.12,107.22,107.33,7559100,yfinance
2024-07-22,COP,Energy,106.63,106.69,105.22,105.43,5172800,yfinance
2024-07-23,COP,Energy,104.99,105.17,103.31,104.03,5714300,yfinance
2024-07-24,COP,Energy,104.86,105.52,103.73,104.28,4808000,yfinance
2024-07-25,COP,Energy,104.19,105.16,103.67,104.22,5492100,yfinance
2024-07-26,COP,Energy,104.33,104.69,103.18,104.06,5198800,yfinance
2024-07-29,COP,Energy,104.41,104.46,101.73,102.42,4629500,yfinance
2024-07-30,COP,Energy,102.47,103.5,102.25,103.16,9794200,yfinance
2024-07-31,COP,Energy,104.76,105.5,104.28,104.38,7554600,yfinance
2024-08-01,COP,Energy,105.55,105.76,101.3,101.74,9704600,yfinance
2024-08-02,COP,Energy,101.11,101.45,97.6,99.28,7445100,yfinance
2024-08-05,COP,Energy,97.62,98.85,95.99,98.15,8475000,yfinance
2024-08-06,COP,Energy,98.15,99.92,97.72,99.31,8424900,yfinance
2024-08-07,COP,Energy,100.67,101.78,99.91,100.37,7735400,yfinance
2024-08-08,COP,Energy,100.66,101.97,100.36,101.63,5392900,yfinance
2024-08-09,COP,Energy,101.63,102.4,100.52,101.94,5776200,yfinance
2024-08-12,COP,Energy,102.53,104.21,102.37,104.02,5906900,yfinance
2024-08-13,COP,Energy,103.04,103.41,101.97,102.43,5866800,yfinance
2024-08-14,COP,Energy,102.59,103.84,102.32,103.36,6388000,yfinance
2024-08-15,COP,Energy,103.69,105.29,103.69,105.16,6307000,yfinance
2024-08-16,COP,Energy,104.3,105.3,103.86,105.11,3819100,yfinance
2024-08-19,COP,Energy,105.15,106.6,105.05,105.64,4335600,yfinance
2024-08-20,COP,Energy,105.48,105.71,102.91,103.85,6783300,yfinance
2024-08-21,COP,Energy,104.76,105.12,102.96,103.64,4011900,yfinance
2024-08-22,COP,Energy,103.62,104.49,103.44,103.97,3644500,yfinance
2024-08-23,COP,Energy,104.78,105.4,104.25,105.32,4024200,yfinance
2024-08-26,COP,Energy,106.85,108.75,106.78,107.36,6253900,yfinance
2024-08-27,COP,Energy,107.46,107.46,105.94,106.29,3521700,yfinance
2024-08-28,COP,Energy,105.92,106.08,104.6,106.03,4506400,yfinance
2024-08-29,COP,Energy,106.81,108.86,105.95,108.13,5270200,yfinance
2024-08-30,COP,Energy,106.95,107.82,106.27,107.58,5559500,yfinance
2024-09-03,COP,Energy,105.79,105.8,103.25,103.85,6369900,yfinance
2024-09-04,COP,Energy,104.31,105.12,102.52,102.63,6251500,yfinance
2024-09-05,COP,Energy,103.26,103.42,101.43,101.59,5582400,yfinance
2024-09-06,COP,Energy,101.85,102.69,99.95,100.23,5229900,yfinance
2024-09-09,COP,Energy,100.26,100.85,99.78,99.84,6477000,yfinance
2024-09-10,COP,Energy,99.79,99.97,97.6,98.32,5611500,yfinance
2024-09-11,COP,Energy,98.13,98.36,95.77,96.97,6803100,yfinance
2024-09-12,COP,Energy,97.11,98.02,96.57,97.28,6775900,yfinance
2024-09-13,COP,Energy,97.68,98.67,97.43,97.85,5441600,yfinance
2024-09-16,COP,Energy,99.23,99.92,98.75,99.79,9325300,yfinance
2024-09-17,COP,Energy,99.75,102.58,99.55,102.38,8661300,yfinance
2024-09-18,COP,Energy,101.65,103.93,101.64,102.69,7424100,yfinance
2024-09-19,COP,Energy,104.47,105.27,103.4,104.52,7990700,yfinance
2024-09-20,COP,Energy,105.09,105.64,103.74,103.87,33515100,yfinance
2024-09-23,COP,Energy,104.09,104.88,101.62,103.7,8197600,yfinance
2024-09-24,COP,Energy,105.26,105.39,102.84,102.97,7787400,yfinance
2024-09-25,COP,Energy,102.58,102.88,99.92,99.96,6561400,yfinance
2024-09-26,COP,Energy,97.38,98.53,96.59,96.73,9524000,yfinance
2024-09-27,COP,Energy,97.03,99.12,97.0,99.0,5489500,yfinance
2024-09-30,COP,Energy,98.7,99.82,98.2,99.53,6584000,yfinance
2024-10-01,COP,Energy,98.83,103.69,98.42,103.4,8067600,yfinance
2024-10-02,COP,Energy,105.21,105.55,102.66,104.34,7559900,yfinance
2024-10-03,COP,Energy,104.66,106.37,103.99,106.28,7397400,yfinance
2024-10-04,COP,Energy,107.37,108.37,105.93,108.29,7585100,yfinance
2024-10-07,COP,Energy,108.67,109.74,108.19,108.46,4899800,yfinance
2024-10-08,COP,Energy,106.59,106.76,104.15,104.75,5579800,yfinance
2024-10-09,COP,Energy,103.91,105.43,103.57,104.91,4217200,yfinance
2024-10-10,COP,Energy,105.55,106.67,104.71,105.75,3946400,yfinance
2024-10-11,COP,Energy,104.71,105.6,104.25,104.46,6820300,yfinance
2024-10-14,COP,Energy,103.71,104.4,102.96,103.49,5174000,yfinance
2024-10-15,COP,Energy,100.21,101.28,99.38,99.47,6395700,yfinance
2024-10-16,COP,Energy,99.87,100.21,99.31,99.42,4602900,yfinance
2024-10-17,COP,Energy,99.57,100.44,99.21,100.36,5093400,yfinance
2024-10-18,COP,Energy,100.15,100.35,98.99,99.9,4326600,yfinance
2024-10-21,COP,Energy,100.83,101.01,98.98,99.26,4387000,yfinance
2024-10-22,COP,Energy,100.01,100.03,99.04,99.27,4710800,yfinance
2024-10-23,COP,Energy,98.88,99.33,98.0,98.81,4541300,yfinance
2024-10-24,COP,Energy,99.27,99.43,97.8,98.67,3504600,yfinance
2024-10-25,COP,Energy,99.33,99.68,98.56,98.85,3823100,yfinance
2024-10-28,COP,Energy,96.24,97.71,95.96,97.62,4438900,yfinance
2024-10-29,COP,Energy,97.34,98.1,96.58,96.74,3809400,yfinance
2024-10-30,COP,Energy,97.25,97.78,96.78,97.36,6413100,yfinance
2024-10-31,COP,Energy,101.13,104.61,100.21,103.56,11969400,yfinance
2024-11-01,COP,Energy,103.53,104.01,100.86,101.95,7428000,yfinance
2024-11-04,COP,Energy,103.05,104.06,102.79,102.92,5441700,yfinance
2024-11-05,COP,Energy,103.23,104.01,102.65,103.25,6003100,yfinance
2024-11-06,COP,Energy,105.89,108.6,105.31,107.43,7733600,yfinance
2024-11-07,COP,Energy,107.69,107.77,105.75,106.26,5442000,yfinance
2024-11-08,COP,Energy,105.77,106.63,105.26,106.24,5314000,yfinance
2024-11-11,COP,Energy,106.17,107.34,105.63,106.67,3820200,yfinance
2024-11-12,COP,Energy,107.06,107.42,105.17,105.33,5175700,yfinance
2024-11-13,COP,Energy,105.12,107.06,104.25,106.46,5961600,yfinance
2024-11-14,COP,Energy,107.19,107.6,106.01,107.5,4389900,yfinance
2024-11-15,COP,Energy,107.27,108.6,106.51,106.93,4124000,yfinance
2024-11-18,COP,Energy,107.95,108.97,107.34,108.3,5089000,yfinance
2024-11-19,COP,Energy,107.22,108.66,106.86,107.66,5100000,yfinance
2024-11-20,COP,Energy,107.48,108.52,107.24,107.99,4092700,yfinance
2024-11-21,COP,Energy,108.79,109.84,106.15,106.53,12535500,yfinance
2024-11-22,COP,Energy,106.79,107.32,105.8,106.39,7516200,yfinance
2024-11-25,COP,Energy,106.53,106.59,100.48,101.01,23447400,yfinance
2024-11-26,COP,Energy,101.5,102.2,99.87,101.66,12073700,yfinance
2024-11-27,COP,Energy,102.21,103.76,101.97,102.24,6237600,yfinance
2024-11-29,COP,Energy,102.58,103.31,102.21,103.14,3918700,yfinance
2024-12-02,COP,Energy,103.14,103.52,100.48,101.05,5939700,yfinance
2024-12-03,COP,Energy,101.9,102.5,100.64,100.96,5862600,yfinance
2024-12-04,COP,Energy,100.86,101.02,97.9,98.54,7291000,yfinance
2024-12-05,COP,Energy,100.04,100.79,99.02,99.43,7074700,yfinance
2024-12-06,COP,Energy,99.44,99.57,97.49,98.27,5365600,yfinance
2024-12-09,COP,Energy,99.22,100.01,97.94,98.21,6526500,yfinance
2024-12-10,COP,Energy,98.66,99.14,97.2,97.45,5860800,yfinance
2024-12-11,COP,Energy,97.45,97.79,96.81,97.29,8195500,yfinance
2024-12-12,COP,Energy,97.47,97.7,96.03,96.07,5908600,yfinance
2024-12-13,COP,Energy,96.2,97.35,95.75,96.17,6887800,yfinance
2024-12-16,COP,Energy,96.28,96.62,94.66,94.79,7441800,yfinance
2024-12-17,COP,Energy,94.03,94.5,92.11,93.55,8737800,yfinance
2024-12-18,COP,Energy,93.3,93.78,91.16,91.25,8466500,yfinance
2024-12-19,COP,Energy,92.34,92.34,90.54,90.61,9951200,yfinance
2024-12-20,COP,Energy,90.21,91.76,89.71,90.56,29542200,yfinance
2024-12-23,COP,Energy,90.85,92.23,90.04,91.76,7892300,yfinance
2024-12-24,COP,Energy,91.87,92.53,91.25,92.45,2677400,yfinance
2024-12-26,COP,Energy,92.47,92.49,91.62,92.24,4325600,yfinance
2024-12-27,COP,Energy,92.35,93.28,91.84,92.27,5889700,yfinance
2024-12-30,COP,Energy,92.58,92.92,91.53,92.43,5238800,yfinance
2024-12-31,COP,Energy,92.63,94.54,92.44,94.41,5556400,yfinance
2025-01-02,COP,Energy,95.2,96.42,94.75,95.28,5080600,yfinance
2025-01-03,COP,Energy,95.79,96.54,95.48,96.24,5758200,yfinance
2025-01-06,COP,Energy,96.68,97.25,94.86,95.19,5935500,yfinance
2025-01-07,COP,Energy,95.68,97.57,95.12,96.79,5074700,yfinance
2025-01-08,COP,Energy,96.15,97.53,95.92,96.74,5119900,yfinance
2025-01-10,COP,Energy,98.53,99.43,96.34,97.03,7013200,yfinance
2025-01-13,COP,Energy,97.13,100.06,97.13,99.23,7342100,yfinance
2025-01-14,COP,Energy,98.42,99.91,98.2,99.85,4808100,yfinance
2025-01-15,COP,Energy,99.98,100.79,99.43,100.42,4566900,yfinance
2025-01-16,COP,Energy,100.14,101.08,100.05,100.54,5273500,yfinance
2025-01-17,COP,Energy,100.72,101.06,100.12,100.77,8559300,yfinance
2025-01-21,COP,Energy,99.96,100.66,99.05,99.28,7144700,yfinance
2025-01-22,COP,Energy,99.28,99.95,97.98,98.12,4839100,yfinance
2025-01-23,COP,Energy,99.12,100.42,98.66,99.0,5734200,yfinance
2025-01-24,COP,Energy,99.5,99.72,96.85,96.94,5962100,yfinance
2025-01-27,COP,Energy,97.54,98.73,96.54,97.76,6831000,yfinance
2025-01-28,COP,Energy,97.95,98.37,95.91,96.52,4742100,yfinance
2025-01-29,COP,Energy,96.3,97.01,95.54,96.69,4130600,yfinance
2025-01-30,COP,Energy,97.11,97.36,96.1,96.59,4046900,yfinance
2025-01-31,COP,Energy,96.47,96.48,93.83,94.09,6264900,yfinance
2025-02-03,COP,Energy,94.01,94.19,92.38,93.76,5948600,yfinance
2025-02-04,COP,Energy,93.01,95.96,92.85,95.75,5310900,yfinance
2025-02-05,COP,Energy,95.71,96.04,94.63,95.4,6961100,yfinance
2025-02-06,COP,Energy,94.15,96.25,93.87,95.15,8543400,yfinance
2025-02-07,COP,Energy,95.26,95.63,93.56,93.64,12121700,yfinance
2025-02-10,COP,Energy,94.83,94.83,93.13,94.71,10338500,yfinance
2025-02-11,COP,Energy,94.75,97.69,94.44,96.83,8063700,yfinance
2025-02-12,COP,Energy,96.15,96.83,93.61,93.68,7585800,yfinance
2025-02-13,COP,Energy,93.13,93.31,91.78,92.25,9329100,yfinance
2025-02-14,COP,Energy,93.01,94.5,92.37,92.39,7960800,yfinance
2025-02-18,COP,Energy,92.37,93.7,91.45,93.53,11777700,yfinance
2025-02-19,COP,Energy,94.39,96.25,94.21,95.56,7515100,yfinance
2025-02-20,COP,Energy,95.74,97.98,95.21,97.89,6309200,yfinance
2025-02-21,COP,Energy,96.98,97.48,93.85,94.0,8562200,yfinance
2025-02-24,COP,Energy,94.11,95.35,93.95,94.84,6277700,yfinance
2025-02-25,COP,Energy,95.28,95.74,92.98,93.17,5822000,yfinance
2025-02-26,COP,Energy,93.38,93.48,91.4,92.26,6292400,yfinance
2025-02-27,COP,Energy,93.29,95.01,92.43,93.45,6306300,yfinance
2025-02-28,COP,Energy,93.22,95.2,92.22,95.16,9002600,yfinance
2025-03-03,COP,Energy,95.74,95.74,87.87,88.9,12640200,yfinance
2025-03-04,COP,Energy,87.39,88.4,84.91,86.99,14000500,yfinance
2025-03-05,COP,Energy,85.25,85.8,83.32,85.3,12081100,yfinance
2025-03-06,COP,Energy,85.23,86.03,84.38,85.03,8679000,yfinance
2025-03-07,COP,Energy,85.79,87.4,85.79,86.98,8603700,yfinance
2025-03-10,COP,Energy,87.77,90.25,87.0,89.16,12086700,yfinance
2025-03-11,COP,Energy,89.16,92.27,89.16,91.57,14544100,yfinance
2025-03-12,COP,Energy,91.35,93.85,91.19,93.82,10147300,yfinance
2025-03-13,COP,Energy,93.1,95.37,92.27,92.32,11354700,yfinance
2025-03-14,COP,Energy,93.04,95.63,92.35,94.97,7625800,yfinance
2025-03-17,COP,Energy,95.26,96.47,95.03,95.36,8031100,yfinance
2025-03-18,COP,Energy,96.42,96.87,94.76,96.48,7861500,yfinance
2025-03-19,COP,Energy,96.45,98.53,96.23,97.25,8784600,yfinance
2025-03-20,COP,Energy,97.08,98.5,96.78,98.19,11577800,yfinance
2025-03-21,COP,Energy,98.29,98.82,97.26,97.82,55090400,yfinance
2025-03-24,COP,Energy,97.92,98.79,97.48,98.08,6768300,yfinance
2025-03-25,COP,Energy,98.45,99.19,97.34,98.42,6556500,yfinance
2025-03-26,COP,Energy,99.48,100.65,98.48,99.05,7168400,yfinance
2025-03-27,COP,Energy,98.76,99.66,98.12,98.68,4712000,yfinance
2025-03-28,COP,Energy,98.32,99.1,97.52,98.25,3745400,yfinance
2025-03-31,COP,Energy,98.11,101.22,97.9,100.79,7905800,yfinance
2025-04-01,COP,Energy,100.69,101.46,99.83,101.15,6809500,yfinance
2025-04-02,COP,Energy,100.2,101.93,100.04,101.83,6527500,yfinance
2025-04-03,COP,Energy,96.29,97.36,91.29,91.42,13870900,yfinance
2025-04-04,COP,Energy,88.39,88.92,82.11,82.82,15158400,yfinance
2025-04-07,COP,Energy,80.63,85.82,78.43,82.22,12870200,yfinance
2025-04-08,COP,Energy,83.64,84.73,78.0,79.33,11509800,yfinance
2025-04-09,COP,Energy,77.85,88.75,76.66,87.83,17841900,yfinance
2025-04-10,COP,Energy,84.94,85.08,77.55,79.94,15621900,yfinance
2025-04-11,COP,Energy,79.95,83.48,79.14,82.91,9233400,yfinance
2025-04-14,COP,Energy,85.03,85.05,82.14,82.97,6537200,yfinance
2025-04-15,COP,Energy,83.11,84.18,82.03,82.27,5739600,yfinance
2025-04-16,COP,Energy,82.9,84.8,82.55,82.88,6093300,yfinance
2025-04-17,COP,Energy,84.28,86.84,84.16,85.4,7804400,yfinance
2025-04-21,COP,Energy,83.75,84.32,82.86,84.03,6213500,yfinance
2025-04-22,COP,Energy,85.31,86.83,84.29,86.15,5556800,yfinance
2025-04-23,COP,Energy,87.13,87.98,85.49,86.31,7699600,yfinance
2025-04-24,COP,Energy,87.1,88.5,86.51,88.11,6520300,yfinance
2025-04-25,COP,Energy,87.0,88.31,86.96,88.03,4736600,yfinance
2025-04-28,COP,Energy,87.93,89.58,87.93,89.19,4667600,yfinance
2025-04-29,COP,Energy,87.34,88.88,86.75,88.18,4828800,yfinance
2025-04-30,COP,Energy,87.08,87.1,84.53,85.53,8415300,yfinance
2025-05-01,COP,Energy,84.87,87.7,84.7,87.0,8027600,yfinance
2025-05-02,COP,Energy,88.07,88.72,86.09,87.73,6895400,yfinance
2025-05-05,COP,Energy,86.2,86.2,84.03,84.08,9275000,yfinance
2025-05-06,COP,Energy,84.96,85.96,84.05,84.1,8902400,yfinance
2025-05-07,COP,Energy,84.65,84.77,83.38,84.18,9200900,yfinance
2025-05-08,COP,Energy,85.76,88.55,85.12,85.24,15884200,yfinance
2025-05-09,COP,Energy,87.23,87.4,84.75,85.02,7569300,yfinance
2025-05-12,COP,Energy,89.63,90.43,88.38,88.56,8799600,yfinance
2025-05-13,COP,Energy,89.0,91.25,88.58,90.38,8293600,yfinance
2025-05-14,COP,Energy,89.27,90.04,88.65,88.84,7605200,yfinance
2025-05-15,COP,Energy,87.25,89.33,87.08,89.22,6696200,yfinance
2025-05-16,COP,Energy,89.8,89.85,87.83,88.71,6696200,yfinance
2025-05-19,COP,Energy,88.81,88.95,87.11,87.51,7190100,yfinance
2025-05-20,COP,Energy,87.27,87.53,86.36,86.81,5313200,yfinance
2025-05-21,COP,Energy,86.69,86.69,84.25,84.35,8639100,yfinance
2025-05-22,COP,Energy,83.61,83.79,82.14,83.37,6587200,yfinance
2025-05-23,COP,Energy,82.31,82.97,82.05,82.46,6789600,yfinance
2025-05-27,COP,Energy,82.9,83.04,81.85,82.81,7227100,yfinance
2025-05-28,COP,Energy,83.74,83.83,81.58,81.87,6793000,yfinance
2025-05-29,COP,Energy,82.08,82.86,81.63,82.85,6999800,yfinance
2025-05-30,COP,Energy,82.22,83.29,81.83,82.61,20170600,yfinance
2025-06-02,COP,Energy,84.26,84.75,83.11,83.94,8634400,yfinance
2025-06-03,COP,Energy,83.88,85.76,82.64,85.09,5642900,yfinance
2025-06-04,COP,Energy,85.13,86.02,83.05,83.19,7268000,yfinance
2025-06-05,COP,Energy,84.05,84.05,82.5,82.61,5110200,yfinance
2025-06-06,COP,Energy,83.97,84.97,83.95,84.42,6042100,yfinance
2025-06-09,COP,Energy,84.98,85.96,84.23,85.22,6212600,yfinance
2025-06-10,COP,Energy,86.46,88.75,86.22,88.25,9687600,yfinance
2025-06-11,COP,Energy,88.87,90.81,88.22,90.36,8738500,yfinance
2025-06-12,COP,Energy,89.73,91.72,89.17,91.65,7862300,yfinance
2025-06-13,COP,Energy,93.43,95.1,92.4,93.85,16849700,yfinance
2025-06-16,COP,Energy,93.04,93.81,90.99,91.95,10330400,yfinance
2025-06-17,COP,Energy,92.85,93.65,91.79,92.44,9468100,yfinance
2025-06-18,COP,Energy,92.46,93.07,90.32,90.79,9116000,yfinance
2025-06-20,COP,Energy,91.32,92.13,90.68,91.65,16026400,yfinance
2025-06-23,COP,Energy,93.16,93.22,88.23,88.77,9749700,yfinance
2025-06-24,COP,Energy,87.34,88.71,86.18,86.52,11016200,yfinance
2025-06-25,COP,Energy,86.44,87.13,85.95,86.14,8380800,yfinance
2025-06-26,COP,Energy,86.42,87.99,86.35,87.97,6545000,yfinance
2025-06-27,COP,Energy,87.98,88.03,86.92,87.28,7555700,yfinance
2025-06-30,COP,Energy,86.64,87.3,86.24,86.86,6518900,yfinance
2025-07-01,COP,Energy,86.98,89.37,86.34,89.04,11895200,yfinance
2025-07-02,COP,Energy,90.13,91.45,88.96,91.41,9436000,yfinance
2025-07-03,COP,Energy,90.94,91.73,90.55,90.67,4331500,yfinance
2025-07-07,COP,Energy,90.36,90.71,88.31,89.58,6287100,yfinance
2025-07-08,COP,Energy,89.58,93.81,89.55,92.72,12934700,yfinance
2025-07-09,COP,Energy,92.17,92.72,91.37,91.5,5351500,yfinance
2025-07-10,COP,Energy,91.08,92.47,90.21,92.31,4065100,yfinance
2025-07-11,COP,Energy,91.66,93.1,91.62,92.54,4903400,yfinance
2025-07-14,COP,Energy,91.91,92.59,90.8,91.15,5504200,yfinance
2025-07-15,COP,Energy,91.25,91.53,89.5,89.58,4152400,yfinance
2025-07-16,COP,Energy,89.45,90.02,88.18,88.57,3773700,yfinance
2025-07-17,COP,Energy,88.18,89.99,87.86,89.83,4899400,yfinance
2025-07-18,COP,Energy,90.37,90.74,88.0,88.7,7968000,yfinance
2025-07-21,COP,Energy,88.8,89.19,87.98,88.08,4436500,yfinance
2025-07-22,COP,Energy,88.32,90.31,88.23,90.0,5545500,yfinance
2025-07-23,COP,Energy,90.54,92.22,90.16,91.99,6921500,yfinance
2025-07-24,COP,Energy,91.37,92.72,91.27,92.55,5047900,yfinance
2025-07-25,COP,Energy,92.63,92.93,91.7,91.9,4501800,yfinance
2025-07-28,COP,Energy,92.62,94.2,92.62,93.91,4632400,yfinance
2025-07-29,COP,Energy,94.19,94.92,93.55,94.85,5157700,yfinance
2025-07-30,COP,Energy,94.27,94.32,92.79,93.57,6607600,yfinance
2025-07-31,COP,Energy,92.2,93.84,92.05,92.28,5648100,yfinance
2025-08-01,COP,Energy,91.89,92.43,89.42,89.78,6349200,yfinance
2025-08-04,COP,Energy,89.29,90.86,89.15,89.87,9384500,yfinance
2025-08-05,COP,Energy,90.16,90.51,89.01,90.21,7716200,yfinance
2025-08-06,COP,Energy,91.56,92.63,89.61,90.12,7078500,yfinance
2025-08-07,COP,Energy,89.09,92.09,88.25,89.63,10307300,yfinance
2025-08-08,COP,Energy,90.56,91.88,88.76,90.9,8765300,yfinance
2025-08-11,COP,Energy,91.57,92.44,89.89,90.53,6491400,yfinance
2025-08-12,COP,Energy,91.36,93.68,90.53,91.56,7524800,yfinance
2025-08-13,COP,Energy,91.37,92.8,91.24,92.8,7263300,yfinance
2025-08-14,COP,Energy,92.53,92.71,91.26,92.58,10057700,yfinance
2025-08-15,COP,Energy,92.39,93.34,91.69,92.27,6564700,yfinance
2025-08-18,COP,Energy,92.18,92.32,91.09,91.73,4849500,yfinance
2025-08-19,COP,Energy,91.29,92.28,90.94,91.5,5412100,yfinance
2025-08-20,COP,Energy,91.73,92.91,91.69,92.6,6133300,yfinance
2025-08-21,COP,Energy,92.48,93.07,91.55,92.5,5342100,yfinance
2025-08-22,COP,Energy,92.94,95.05,92.89,94.45,6338400,yfinance
2025-08-25,COP,Energy,94.46,95.85,93.88,95.81,6850800,yfinance
2025-08-26,COP,Energy,95.24,95.64,94.06,94.71,7052100,yfinance
2025-08-27,COP,Energy,94.76,96.25,94.44,95.54,5759500,yfinance
2025-08-28,COP,Energy,95.71,96.28,94.5,96.08,4241000,yfinance
2025-08-29,COP,Energy,95.92,96.93,95.7,96.59,4594300,yfinance
2025-09-02,COP,Energy,96.71,97.25,95.43,96.6,5192300,yfinance
2025-09-03,COP,Energy,95.28,95.91,92.07,92.37,9793500,yfinance
2025-09-04,COP,Energy,92.27,93.85,91.72,93.46,5612700,yfinance
2025-09-05,COP,Energy,91.86,92.58,89.91,90.71,8510300,yfinance
2025-09-08,COP,Energy,90.79,90.98,88.33,89.2,9750600,yfinance
2025-09-09,COP,Energy,90.09,91.4,89.25,89.65,5838300,yfinance
2025-09-10,COP,Energy,89.65,92.06,89.48,92.05,4353800,yfinance
2025-09-11,COP,Energy,90.59,91.89,90.45,91.86,4721000,yfinance
2025-09-12,COP,Energy,92.48,92.78,90.19,90.2,5170400,yfinance
2025-09-15,COP,Energy,90.47,90.81,89.48,90.11,4932100,yfinance
2025-09-16,COP,Energy,90.84,92.81,90.42,92.26,7860400,yfinance
2025-09-17,COP,Energy,91.75,92.91,90.9,91.56,7072700,yfinance
2025-09-18,COP,Energy,91.34,92.13,90.67,91.23,4416600,yfinance
2025-09-19,COP,Energy,91.53,91.57,89.17,89.71,15284100,yfinance
2025-09-22,COP,Energy,89.3,90.59,88.89,89.79,5798800,yfinance
2025-09-23,COP,Energy,90.37,93.23,90.37,91.22,8241900,yfinance
2025-09-24,COP,Energy,92.21,94.32,91.73,93.33,7935600,yfinance
2025-09-25,COP,Energy,92.91,94.73,92.91,94.48,8076300,yfinance
2025-09-26,COP,Energy,94.72,97.25,94.53,96.11,6812900,yfinance
2025-09-29,COP,Energy,94.86,95.04,92.38,93.54,8700500,yfinance
2025-09-30,COP,Energy,92.33,92.78,91.3,92.31,7318300,yfinance
2025-10-01,COP,Energy,92.0,93.63,91.57,93.16,4794600,yfinance
2025-10-02,COP,Energy,92.71,93.82,90.89,91.13,5428600,yfinance
2025-10-03,COP,Energy,91.4,92.43,91.23,91.89,4321600,yfinance
2025-10-06,COP,Energy,92.5,93.12,92.07,92.62,3454100,yfinance
2025-10-07,COP,Energy,92.17,92.98,90.4,92.94,4071900,yfinance
2025-10-08,COP,Energy,92.9,92.92,91.04,91.49,5289400,yfinance
2025-10-09,COP,Energy,92.04,92.73,89.61,89.73,6940000,yfinance
2025-10-10,COP,Energy,88.73,88.81,85.53,85.53,7892400,yfinance
2025-10-13,COP,Energy,86.23,86.84,85.47,86.64,5887300,yfinance
2025-10-14,COP,Energy,84.81,86.75,84.66,86.05,6003900,yfinance
2025-10-15,COP,Energy,86.79,86.85,84.5,85.63,6036100,yfinance
2025-10-16,COP,Energy,85.51,86.3,83.54,84.82,7816600,yfinance
2025-10-17,COP,Energy,84.84,85.38,84.05,84.4,5774600,yfinance
2025-10-20,COP,Energy,84.61,85.15,84.12,84.96,4636400,yfinance
2025-10-21,COP,Energy,85.15,85.57,84.16,84.33,5895500,yfinance
2025-10-22,COP,Energy,85.17,85.65,84.44,85.3,8307800,yfinance
2025-10-23,COP,Energy,87.55,88.8,87.0,87.91,7866300,yfinance
2025-10-24,COP,Energy,88.31,88.42,85.81,85.91,7886600,yfinance
2025-10-27,COP,Energy,86.56,87.24,86.18,86.55,5716000,yfinance
2025-10-28,COP,Energy,86.17,86.23,84.6,84.7,5234800,yfinance
2025-10-29,COP,Energy,84.76,86.28,84.65,85.96,5476300,yfinance
2025-10-30,COP,Energy,85.81,87.1,85.19,86.02,6114200,yfinance
2025-10-31,COP,Energy,85.79,87.45,85.42,86.72,5635800,yfinance
2025-11-03,COP,Energy,86.56,86.69,85.28,86.44,5310100,yfinance
2025-11-04,COP,Energy,85.26,85.95,84.91,85.79,5740400,yfinance
2025-11-05,COP,Energy,85.5,86.57,85.45,85.59,6384600,yfinance
2025-11-06,COP,Energy,84.9,86.23,83.51,83.6,13101800,yfinance
2025-11-07,COP,Energy,84.03,85.27,83.53,84.74,7567400,yfinance
2025-11-10,COP,Energy,85.23,86.42,84.32,86.1,6071400,yfinance
2025-11-11,COP,Energy,86.97,89.19,86.66,88.5,6561600,yfinance
2025-11-12,COP,Energy,87.18,88.09,86.8,86.92,6941500,yfinance
2025-11-13,COP,Energy,87.38,88.48,86.5,87.27,8207700,yfinance
2025-11-14,COP,Energy,88.07,89.61,86.53,89.17,7628400,yfinance
2025-11-17,COP,Energy,89.17,89.36,86.77,87.39,8610800,yfinance
2025-11-18,COP,Energy,87.07,88.99,86.77,88.33,6876800,yfinance
2025-11-19,COP,Energy,86.68,87.17,85.73,86.66,5092900,yfinance
2025-11-20,COP,Energy,87.16,89.23,86.12,86.15,4911200,yfinance
2025-11-21,COP,Energy,86.09,87.16,85.24,86.06,7046600,yfinance
2025-11-24,COP,Energy,85.79,86.8,85.02,86.24,7143900,yfinance
2025-11-25,COP,Energy,85.36,85.67,84.41,85.32,6926400,yfinance
2025-11-26,COP,Energy,85.15,86.32,85.1,85.78,5066000,yfinance
2025-11-28,COP,Energy,85.78,88.05,85.57,87.36,3304700,yfinance
2025-12-01,COP,Energy,87.79,89.81,87.44,88.9,8525400,yfinance
2025-12-02,COP,Energy,88.73,89.04,87.25,87.95,5135000,yfinance
2025-12-03,COP,Energy,88.67,90.46,88.62,90.43,5647600,yfinance
2025-12-04,COP,Energy,90.26,91.8,90.26,91.72,7312400,yfinance
2025-12-05,COP,Energy,90.88,93.64,90.69,92.28,9873600,yfinance
2025-12-08,COP,Energy,91.14,92.82,90.87,91.48,7974900,yfinance
2025-12-09,COP,Energy,91.24,92.22,90.79,92.02,6177200,yfinance
2025-12-10,COP,Energy,92.32,95.94,92.15,95.34,10640100,yfinance
2025-12-11,COP,Energy,94.71,96.24,94.47,95.26,8225500,yfinance
2025-12-12,COP,Energy,95.97,96.19,93.81,94.1,5731300,yfinance
2025-12-15,COP,Energy,94.1,94.16,91.91,92.94,8942100,yfinance
2025-12-16,COP,Energy,91.93,92.0,89.39,89.4,9060400,yfinance
2025-12-17,COP,Energy,90.55,93.69,90.43,93.53,9661000,yfinance
2025-12-18,COP,Energy,92.83,93.07,90.77,90.84,7336900,yfinance
2025-12-19,COP,Energy,91.06,92.0,90.22,90.56,14612600,yfinance
2025-12-22,COP,Energy,91.71,93.11,91.18,91.91,4850700,yfinance
2025-12-23,COP,Energy,91.95,92.37,91.05,91.34,5671100,yfinance
2025-12-24,COP,Energy,91.35,91.76,90.31,90.42,3079200,yfinance
2025-12-26,COP,Energy,90.53,91.09,89.38,90.16,4575600,yfinance
2025-12-29,COP,Energy,90.62,91.34,90.32,91.24,5256400,yfinance
2025-12-30,COP,Energy,91.95,92.89,91.71,92.68,4553600,yfinance
2025-12-31,COP,Energy,93.03,93.17,92.01,92.2,3551700,yfinance
2026-01-02,COP,Energy,92.2,95.48,91.73,95.25,7005600,yfinance
2026-01-05,COP,Energy,99.68,101.43,95.65,97.71,15706500,yfinance
2026-01-06,COP,Energy,98.69,98.8,95.52,95.65,9026900,yfinance
2026-01-07,COP,Energy,95.73,95.78,92.5,92.53,7988400,yfinance
2026-01-08,COP,Energy,92.98,98.36,92.91,97.24,9605200,yfinance
2026-01-09,COP,Energy,97.65,98.79,95.82,96.04,8940700,yfinance
2026-01-12,COP,Energy,97.13,97.24,93.26,94.06,10232900,yfinance
2026-01-13,COP,Energy,95.54,96.28,94.46,95.01,7868300,yfinance
2026-01-14,COP,Energy,95.15,100.39,95.15,98.83,13563700,yfinance
2026-01-15,COP,Energy,97.5,99.01,96.68,97.44,7461400,yfinance
2026-01-16,COP,Energy,96.03,97.46,95.67,96.71,8939200,yfinance
2026-01-20,COP,Energy,96.13,97.19,93.55,94.08,10796700,yfinance
2026-01-21,COP,Energy,95.58,96.45,94.93,95.69,10599100,yfinance
2026-01-22,COP,Energy,95.55,95.55,94.53,95.42,7771200,yfinance
2026-01-23,COP,Energy,96.9,97.91,96.22,96.87,6972800,yfinance
2026-01-26,COP,Energy,98.05,98.19,96.3,96.97,7278200,yfinance
2026-01-27,COP,Energy,97.26,98.43,96.81,98.37,7276900,yfinance
2026-01-28,COP,Energy,98.92,99.99,98.34,99.86,6817400,yfinance
2026-01-29,COP,Energy,102.73,104.13,101.15,101.25,14466900,yfinance
2026-01-30,COP,Energy,100.77,102.7,100.2,102.66,9169000,yfinance
2026-02-02,COP,Energy,99.98,101.51,98.99,100.26,7514000,yfinance
2026-02-03,COP,Energy,100.88,103.65,100.22,103.33,9346600,yfinance
2026-02-04,COP,Energy,103.88,106.71,103.87,105.97,10367100,yfinance
2026-02-05,COP,Energy,105.34,106.81,101.6,103.4,10441000,yfinance
2026-02-06,COP,Energy,103.67,106.5,103.54,106.0,6756100,yfinance
2026-02-09,COP,Energy,105.98,107.25,105.45,107.06,6337800,yfinance
2026-02-10,COP,Energy,106.92,107.05,105.5,105.88,5255300,yfinance
2026-02-11,COP,Energy,106.87,109.76,106.8,109.54,8984700,yfinance
2026-02-12,COP,Energy,109.54,110.3,107.06,109.16,12517700,yfinance
2026-02-13,COP,Energy,108.73,110.38,108.73,109.75,6836400,yfinance
2026-02-17,COP,Energy,109.98,111.27,106.26,107.14,7619400,yfinance
2026-02-18,COP,Energy,109.11,109.99,108.04,109.7,9456200,yfinance
2026-02-19,COP,Energy,111.17,112.96,110.25,110.77,8851700,yfinance
2026-02-20,COP,Energy,110.4,110.62,108.77,109.71,6822800,yfinance
2026-02-23,COP,Energy,109.88,111.08,108.87,109.07,4871900,yfinance
2026-02-24,COP,Energy,109.43,110.08,107.6,109.77,5152200,yfinance
2026-02-25,COP,Energy,110.17,110.71,107.86,109.2,6907000,yfinance
2026-02-26,COP,Energy,108.36,110.87,107.31,109.88,7205800,yfinance
2026-02-27,COP,Energy,111.57,112.95,110.24,112.62,9009900,yfinance
2026-03-02,COP,Energy,118.4,118.42,114.87,117.37,19667900,yfinance
2026-03-03,COP,Energy,119.96,121.6,116.43,117.65,17354700,yfinance
2026-03-04,COP,Energy,115.53,116.57,113.59,114.8,10160600,yfinance
2026-03-05,COP,Energy,116.14,117.65,114.98,115.96,9875700,yfinance
2026-03-06,COP,Energy,117.89,118.6,115.74,116.21,11554600,yfinance
2026-03-09,COP,Energy,116.67,117.89,115.34,116.17,13694700,yfinance
2026-03-10,COP,Energy,115.26,115.68,112.1,113.31,13917900,yfinance
2026-03-11,COP,Energy,113.8,116.3,113.16,116.17,9522800,yfinance
2026-03-12,COP,Energy,117.13,120.1,116.79,119.37,12766400,yfinance
2026-03-13,COP,Energy,118.8,121.36,118.36,120.99,10884500,yfinance
2026-03-16,COP,Energy,120.3,121.48,119.51,120.43,7556800,yfinance
2026-03-17,COP,Energy,121.05,123.05,120.32,121.96,7953100,yfinance
2026-03-18,COP,Energy,122.89,123.95,122.2,122.74,10273000,yfinance
2026-03-19,COP,Energy,123.79,125.42,123.06,125.09,11205400,yfinance
2026-03-20,COP,Energy,125.37,127.18,125.18,125.98,31964000,yfinance
2026-03-23,COP,Energy,122.72,127.41,122.04,126.25,10584000,yfinance
2026-03-24,COP,Energy,126.59,130.03,126.5,128.4,10439700,yfinance
2026-03-25,COP,Energy,127.06,128.72,126.87,127.98,7495800,yfinance
2026-03-26,COP,Energy,128.68,132.56,128.68,132.27,8168000,yfinance
2026-03-27,COP,Energy,132.1,133.88,131.35,132.81,9182900,yfinance
2026-03-30,COP,Energy,134.15,134.87,130.94,131.91,8913900,yfinance
2026-03-31,COP,Energy,131.78,134.2,127.4,131.03,13519300,yfinance
2026-04-01,COP,Energy,127.2,128.97,125.51,127.43,12979900,yfinance
2026-04-02,COP,Energy,130.33,133.42,128.16,129.56,7383800,yfinance
2026-04-06,COP,Energy,129.54,130.76,128.4,130.67,4210000,yfinance
2026-04-07,COP,Energy,131.03,132.7,130.18,130.8,6794300,yfinance
2026-04-08,COP,Energy,121.26,124.96,119.81,124.3,12713800,yfinance
2026-04-09,COP,Energy,125.36,126.97,122.37,122.56,9069400,yfinance
2026-04-10,COP,Energy,122.39,123.13,120.43,121.65,10487700,yfinance
2026-04-13,COP,Energy,124.04,124.41,121.48,122.71,8639400,yfinance
2026-04-14,COP,Energy,120.74,121.38,117.08,117.91,9849200,yfinance
2026-04-15,COP,Energy,117.3,119.47,116.48,118.04,6592500,yfinance
2026-04-16,COP,Energy,118.63,121.54,118.49,120.67,6904300,yfinance
2026-04-17,COP,Energy,115.47,115.64,111.38,115.18,11665700,yfinance
2026-04-20,COP,Energy,115.98,117.35,115.21,115.59,6124700,yfinance
2026-04-21,COP,Energy,116.18,119.73,115.86,119.37,8138900,yfinance
2026-04-22,COP,Energy,120.54,122.32,120.02,121.7,6562700,yfinance
2026-04-23,COP,Energy,122.48,124.65,122.47,123.45,7958100,yfinance
2026-04-24,COP,Energy,122.56,123.22,119.6,120.86,10968300,yfinance
2026-04-27,COP,Energy,121.31,122.74,119.33,120.78,12215400,yfinance
2026-04-28,COP,Energy,123.25,123.64,121.56,123.4,7241100,yfinance
2026-04-29,COP,Energy,125.07,127.33,124.16,127.3,9676900,yfinance
2026-04-30,COP,Energy,123.62,127.16,122.86,124.85,11948000,yfinance
2026-05-01,COP,Energy,124.08,124.83,121.57,122.28,7784300,yfinance
2026-05-04,COP,Energy,123.1,124.35,120.8,123.99,7793500,yfinance
2026-05-05,COP,Energy,123.15,123.83,122.11,122.41,7258300,yfinance
2026-05-06,COP,Energy,117.09,119.11,116.55,118.02,13180800,yfinance
2026-05-07,COP,Energy,115.27,115.38,113.21,114.03,10356600,yfinance
2026-05-08,COP,Energy,113.79,114.64,112.78,113.03,8009500,yfinance
2026-05-11,COP,Energy,114.43,115.97,113.8,115.55,6200100,yfinance
2026-05-12,COP,Energy,116.67,118.25,115.68,117.87,6875300,yfinance
2026-05-13,COP,Energy,117.65,118.01,115.69,117.4,5977100,yfinance
2026-05-14,COP,Energy,117.13,119.52,117.01,118.97,5316400,yfinance
2026-05-15,COP,Energy,120.78,122.48,120.49,122.41,7059500,yfinance
2026-05-18,COP,Energy,122.0,125.15,120.39,124.54,5805200,yfinance
2026-05-19,COP,Energy,125.86,126.0,124.12,125.11,6029000,yfinance
2026-05-20,COP,Energy,124.27,126.0,121.77,122.36,5665700,yfinance
2026-05-21,COP,Energy,124.01,124.41,119.8,120.55,5754500,yfinance
2026-05-22,COP,Energy,120.05,121.59,119.6,120.46,4947400,yfinance
2026-05-26,COP,Energy,118.75,119.89,116.18,116.57,7178800,yfinance
2026-05-27,COP,Energy,115.21,116.45,114.24,115.13,5828700,yfinance
2026-05-28,COP,Energy,115.83,116.89,114.45,114.99,5989400,yfinance
2026-05-29,COP,Energy,114.12,114.55,112.64,113.98,12401400,yfinance
2026-06-01,COP,Energy,115.7,117.6,115.32,115.58,7449900,yfinance
2026-06-02,COP,Energy,115.48,117.45,115.37,116.87,6113600,yfinance
2026-06-03,COP,Energy,117.59,119.55,116.91,119.05,7091700,yfinance
2026-06-04,COP,Energy,117.98,119.58,117.6,119.23,4813500,yfinance
2026-06-05,COP,Energy,119.5,119.77,116.99,117.14,5989900,yfinance
2023-09-12,CVX,Energy,147.08,148.76,146.9,148.43,7521100,yfinance
2023-09-13,CVX,Energy,148.96,149.26,147.33,147.88,5759500,yfinance
2023-09-14,CVX,Energy,149.22,149.93,148.7,148.8,8822800,yfinance
2023-09-15,CVX,Energy,147.89,149.81,147.6,148.15,17439700,yfinance
2023-09-18,CVX,Energy,149.37,149.8,148.06,148.79,7027600,yfinance
2023-09-19,CVX,Energy,150.1,150.34,148.09,148.77,6615100,yfinance
2023-09-20,CVX,Energy,148.66,149.94,148.24,148.32,5939100,yfinance
2023-09-21,CVX,Energy,148.7,149.37,146.86,146.98,7150000,yfinance
2023-09-22,CVX,Energy,147.91,148.97,147.65,147.95,5963000,yfinance
2023-09-25,CVX,Energy,148.0,150.18,147.7,150.12,5510000,yfinance
2023-09-26,CVX,Energy,148.99,149.85,148.58,149.31,5659200,yfinance
2023-09-27,CVX,Energy,150.7,152.36,150.2,152.19,9124400,yfinance
2023-09-28,CVX,Energy,151.75,152.78,150.76,151.79,7151800,yfinance
2023-09-29,CVX,Energy,151.7,151.71,149.32,150.04,7396100,yfinance
2023-10-02,CVX,Energy,149.79,149.99,147.02,148.19,6839600,yfinance
2023-10-03,CVX,Energy,147.63,148.91,147.27,148.53,6168600,yfinance
2023-10-04,CVX,Energy,146.55,146.8,143.69,145.07,9664700,yfinance
2023-10-05,CVX,Energy,143.63,146.59,143.6,145.84,8073000,yfinance
2023-10-06,CVX,Energy,146.2,146.25,141.47,144.35,10190400,yfinance
2023-10-09,CVX,Energy,148.04,149.65,146.77,148.35,8183500,yfinance
2023-10-10,CVX,Energy,148.39,148.95,147.42,148.19,6512900,yfinance
2023-10-11,CVX,Energy,146.88,146.89,142.79,143.34,12570700,yfinance
2023-10-12,CVX,Energy,145.27,145.27,143.17,143.46,7397000,yfinance
2023-10-13,CVX,Energy,145.4,146.67,144.41,145.98,8042800,yfinance
2023-10-16,CVX,Energy,147.12,147.54,145.79,147.17,5446000,yfinance
2023-10-17,CVX,Energy,146.66,149.66,146.5,149.12,7538300,yfinance
2023-10-18,CVX,Energy,149.9,151.0,149.11,150.3,6893500,yfinance
2023-10-19,CVX,Energy,150.11,151.42,149.05,150.46,6580200,yfinance
2023-10-20,CVX,Energy,149.85,150.46,147.79,148.44,7458300,yfinance
2023-10-23,CVX,Energy,145.3,146.31,142.59,142.97,16232400,yfinance
2023-10-24,CVX,Energy,143.16,143.33,139.22,139.39,17689900,yfinance
2023-10-25,CVX,Energy,139.64,140.06,138.07,138.69,10502400,yfinance
2023-10-26,CVX,Energy,137.93,138.08,136.7,137.69,10830400,yfinance
2023-10-27,CVX,Energy,134.11,134.58,128.09,128.44,24524300,yfinance
2023-10-30,CVX,Energy,129.61,130.3,128.41,129.99,13857100,yfinance
2023-10-31,CVX,Energy,130.0,130.37,128.33,129.67,14261300,yfinance
2023-11-01,CVX,Energy,129.89,129.92,127.97,128.11,10819600,yfinance
2023-11-02,CVX,Energy,128.61,132.58,127.98,132.36,11099100,yfinance
2023-11-03,CVX,Energy,131.96,132.19,130.04,131.34,13160000,yfinance
2023-11-06,CVX,Energy,132.34,132.87,130.52,130.8,10634200,yfinance
2023-11-07,CVX,Energy,129.16,129.56,127.45,128.49,15054600,yfinance
2023-11-08,CVX,Energy,128.02,128.71,126.57,126.71,12654100,yfinance
2023-11-09,CVX,Energy,127.28,128.05,126.15,126.3,10359500,yfinance
2023-11-10,CVX,Energy,127.5,127.63,126.11,127.19,11988200,yfinance
2023-11-13,CVX,Energy,127.37,128.4,127.11,128.13,8747700,yfinance
2023-11-14,CVX,Energy,128.56,129.46,128.0,129.06,11224400,yfinance
2023-11-15,CVX,Energy,128.89,130.48,128.49,129.52,10052100,yfinance
2023-11-16,CVX,Energy,128.59,129.03,126.54,127.47,14031300,yfinance
2023-11-17,CVX,Energy,128.53,130.54,128.03,129.89,11075600,yfinance
2023-11-20,CVX,Energy,130.04,130.99,129.72,129.81,8062400,yfinance
2023-11-21,CVX,Energy,129.32,129.74,128.3,129.51,6783300,yfinance
2023-11-22,CVX,Energy,127.44,129.82,126.52,129.77,7216100,yfinance
2023-11-24,CVX,Energy,129.74,131.22,129.65,130.28,3861000,yfinance
2023-11-27,CVX,Energy,130.06,130.21,128.44,129.8,9850800,yfinance
2023-11-28,CVX,Energy,130.17,131.74,129.53,130.83,9746500,yfinance
2023-11-29,CVX,Energy,131.62,131.71,128.63,129.39,16417100,yfinance
2023-11-30,CVX,Energy,130.35,131.28,127.7,129.11,16276000,yfinance
2023-12-01,CVX,Energy,129.01,131.73,128.21,130.2,11906500,yfinance
2023-12-04,CVX,Energy,129.47,131.0,128.8,130.25,11842800,yfinance
2023-12-05,CVX,Energy,130.16,130.43,128.24,128.45,9597600,yfinance
2023-12-06,CVX,Energy,127.58,129.5,127.09,128.15,18079700,yfinance
2023-12-07,CVX,Energy,129.03,129.48,126.77,128.05,14786700,yfinance
2023-12-08,CVX,Energy,129.03,130.07,128.68,129.75,10821700,yfinance
2023-12-11,CVX,Energy,130.23,130.73,129.31,129.79,9849600,yfinance
2023-12-12,CVX,Energy,128.73,129.1,127.45,128.12,9863900,yfinance
2023-12-13,CVX,Energy,127.83,130.08,127.36,130.02,10641300,yfinance
2023-12-14,CVX,Energy,131.14,134.8,131.14,134.8,14960500,yfinance
2023-12-15,CVX,Energy,132.46,134.71,132.46,134.28,30850900,yfinance
2023-12-18,CVX,Energy,135.61,136.77,134.26,134.58,11561700,yfinance
2023-12-19,CVX,Energy,134.83,136.51,134.41,136.34,8738100,yfinance
2023-12-20,CVX,Energy,136.8,137.62,134.92,135.09,9370000,yfinance
2023-12-21,CVX,Energy,135.57,135.59,134.17,135.51,7264700,yfinance
2023-12-22,CVX,Energy,136.43,137.02,135.54,135.81,6396100,yfinance
2023-12-26,CVX,Energy,136.73,137.57,136.58,137.03,5165600,yfinance
2023-12-27,CVX,Energy,136.91,137.54,136.07,136.58,5337200,yfinance
2023-12-28,CVX,Energy,135.93,136.68,134.33,134.66,8148000,yfinance
2023-12-29,CVX,Energy,134.89,135.07,133.67,134.11,7658600,yfinance
2024-01-02,CVX,Energy,134.86,136.2,134.18,134.4,8879700,yfinance
2024-01-03,CVX,Energy,134.32,137.74,133.68,136.96,10255300,yfinance
2024-01-04,CVX,Energy,138.16,138.78,135.4,135.46,8220300,yfinance
2024-01-05,CVX,Energy,136.65,136.69,134.71,135.23,7455400,yfinance
2024-01-08,CVX,Energy,133.45,134.6,131.79,134.42,10038200,yfinance
2024-01-09,CVX,Energy,134.82,134.82,130.9,131.0,11784700,yfinance
2024-01-10,CVX,Energy,131.29,131.29,129.57,129.92,8490400,yfinance
2024-01-11,CVX,Energy,130.87,131.42,130.03,130.62,8612500,yfinance
2024-01-12,CVX,Energy,132.92,133.52,131.42,132.41,9386900,yfinance
2024-01-16,CVX,Energy,131.73,131.79,129.09,129.19,9380400,yfinance
2024-01-17,CVX,Energy,128.05,129.49,127.71,128.68,8167000,yfinance
2024-01-18,CVX,Energy,128.57,128.74,125.53,127.51,11187800,yfinance
2024-01-19,CVX,Energy,127.43,127.9,126.78,127.89,11192500,yfinance
2024-01-22,CVX,Energy,127.59,128.27,126.7,128.11,9184600,yfinance
2024-01-23,CVX,Energy,127.67,128.87,127.58,127.76,6767200,yfinance
2024-01-24,CVX,Energy,128.3,130.35,127.87,130.3,8100000,yfinance
2024-01-25,CVX,Energy,131.47,133.69,130.58,133.58,9773600,yfinance
2024-01-26,CVX,Energy,133.1,134.2,132.15,134.09,9151900,yfinance
2024-01-29,CVX,Energy,134.05,134.17,132.27,134.04,10494800,yfinance
2024-01-30,CVX,Energy,133.23,135.15,132.81,134.97,9902900,yfinance
2024-01-31,CVX,Energy,135.2,135.21,132.48,132.56,10428000,yfinance
2024-02-01,CVX,Energy,133.24,133.99,131.74,132.97,8641100,yfinance
2024-02-02,CVX,Energy,135.64,137.91,134.46,136.88,12839100,yfinance
2024-02-05,CVX,Energy,136.32,138.02,135.58,136.96,8277800,yfinance
2024-02-06,CVX,Energy,137.11,138.05,136.49,136.98,6198200,yfinance
2024-02-07,CVX,Energy,137.58,138.27,135.92,136.78,6252000,yfinance
2024-02-08,CVX,Energy,136.62,138.73,136.35,138.52,9237000,yfinance
2024-02-09,CVX,Energy,138.84,139.65,135.75,135.8,9194500,yfinance
2024-02-12,CVX,Energy,136.32,137.21,136.12,136.74,6713000,yfinance
2024-02-13,CVX,Energy,137.22,137.63,134.51,135.41,6987100,yfinance
2024-02-14,CVX,Energy,136.02,136.85,134.94,135.78,5995100,yfinance
2024-02-15,CVX,Energy,136.26,140.97,136.04,140.39,8950300,yfinance
2024-02-16,CVX,Energy,141.22,141.58,140.06,140.55,7570200,yfinance
2024-02-20,CVX,Energy,141.31,141.44,139.82,139.97,6977900,yfinance
2024-02-21,CVX,Energy,140.49,141.4,140.07,141.28,6628900,yfinance
2024-02-22,CVX,Energy,140.72,142.36,139.82,141.27,8874900,yfinance
2024-02-23,CVX,Energy,140.77,140.81,139.29,140.57,6561600,yfinance
2024-02-26,CVX,Energy,140.47,141.38,139.82,140.38,6900800,yfinance
2024-02-27,CVX,Energy,139.25,139.87,136.25,138.3,15093800,yfinance
2024-02-28,CVX,Energy,138.48,139.85,137.96,138.47,6715900,yfinance
2024-02-29,CVX,Energy,138.98,139.28,137.68,138.17,9334400,yfinance
2024-03-01,CVX,Energy,139.11,140.29,138.38,138.89,7459100,yfinance
2024-03-04,CVX,Energy,138.61,138.69,134.22,135.32,12503200,yfinance
2024-03-05,CVX,Energy,135.28,136.9,134.79,135.97,6985500,yfinance
2024-03-06,CVX,Energy,137.09,138.53,134.65,134.82,14692100,yfinance
2024-03-07,CVX,Energy,134.98,137.02,134.93,135.77,8739300,yfinance
2024-03-08,CVX,Energy,135.77,136.33,134.88,136.23,7528400,yfinance
2024-03-11,CVX,Energy,136.79,138.23,135.97,138.16,7577100,yfinance
2024-03-12,CVX,Energy,138.0,138.67,137.06,138.06,6432900,yfinance
2024-03-13,CVX,Energy,139.28,140.77,139.2,139.87,8065600,yfinance
2024-03-14,CVX,Energy,139.77,141.55,138.85,141.52,9047200,yfinance
2024-03-15,CVX,Energy,141.06,142.74,140.36,141.38,20387200,yfinance
2024-03-18,CVX,Energy,141.82,142.4,140.83,141.26,7242700,yfinance
2024-03-19,CVX,Energy,141.16,142.56,140.89,142.36,7736700,yfinance
2024-03-20,CVX,Energy,141.57,142.18,140.18,140.47,8449100,yfinance
2024-03-21,CVX,Energy,140.84,141.51,140.35,140.76,7899100,yfinance
2024-03-22,CVX,Energy,140.96,141.14,140.12,140.57,5974700,yfinance
2024-03-25,CVX,Energy,141.32,142.98,141.13,142.22,6058700,yfinance
2024-03-26,CVX,Energy,142.26,142.57,140.57,141.13,6677900,yfinance
2024-03-27,CVX,Energy,140.77,142.19,140.75,142.11,7416900,yfinance
2024-03-28,CVX,Energy,142.84,143.78,142.13,143.37,8331600,yfinance
2024-04-01,CVX,Energy,143.86,145.06,142.65,144.59,6285700,yfinance
2024-04-02,CVX,Energy,145.47,146.54,144.54,145.23,8815400,yfinance
2024-04-03,CVX,Energy,145.52,146.29,145.17,145.83,7819700,yfinance
2024-04-04,CVX,Energy,146.16,147.2,145.26,146.06,9269700,yfinance
2024-04-05,CVX,Energy,146.64,147.4,145.3,146.88,7432800,yfinance
2024-04-08,CVX,Energy,146.93,147.7,145.73,146.58,7253200,yfinance
2024-04-09,CVX,Energy,147.11,147.73,145.85,147.25,6576200,yfinance
2024-04-10,CVX,Energy,147.44,147.95,146.35,147.85,7525800,yfinance
2024-04-11,CVX,Energy,148.72,148.72,145.25,147.15,7682500,yfinance
2024-04-12,CVX,Energy,147.51,148.95,143.65,144.48,11071000,yfinance
2024-04-15,CVX,Energy,145.37,145.87,143.03,143.24,7236900,yfinance
2024-04-16,CVX,Energy,142.97,143.44,141.27,142.05,5541900,yfinance
2024-04-17,CVX,Energy,141.78,143.35,141.47,142.16,6733900,yfinance
2024-04-18,CVX,Energy,142.83,143.65,142.15,143.22,4979200,yfinance
2024-04-19,CVX,Energy,144.29,146.11,143.75,145.43,7734700,yfinance
2024-04-22,CVX,Energy,145.38,147.88,144.01,147.17,6779200,yfinance
2024-04-23,CVX,Energy,146.62,148.02,145.97,148.02,5597600,yfinance
2024-04-24,CVX,Energy,147.14,148.92,146.75,148.67,7610300,yfinance
2024-04-25,CVX,Energy,148.79,150.52,147.85,150.23,9702600,yfinance
2024-04-26,CVX,Energy,150.18,151.77,148.43,150.78,9736400,yfinance
2024-04-29,CVX,Energy,150.8,151.89,149.69,151.18,6364000,yfinance
2024-04-30,CVX,Energy,150.85,150.99,146.29,146.58,8457300,yfinance
2024-05-01,CVX,Energy,146.14,146.75,144.43,145.09,7713700,yfinance
2024-05-02,CVX,Energy,145.8,147.05,145.33,146.09,8597100,yfinance
2024-05-03,CVX,Energy,146.03,146.03,142.74,145.66,11664500,yfinance
2024-05-06,CVX,Energy,146.09,149.08,146.09,147.52,8430300,yfinance
2024-05-07,CVX,Energy,147.53,148.29,147.26,147.85,6869900,yfinance
2024-05-08,CVX,Energy,147.2,148.23,146.83,147.74,6706400,yfinance
2024-05-09,CVX,Energy,148.17,150.44,147.91,150.38,6683300,yfinance
2024-05-10,CVX,Energy,150.92,151.26,149.99,150.72,5490900,yfinance
2024-05-13,CVX,Energy,151.32,151.71,148.14,149.55,6848300,yfinance
2024-05-14,CVX,Energy,149.37,150.15,148.17,148.71,4924000,yfinance
2024-05-15,CVX,Energy,148.27,148.88,145.58,148.2,7603100,yfinance
2024-05-16,CVX,Energy,148.3,148.73,147.34,147.9,6409400,yfinance
2024-05-17,CVX,Energy,148.5,149.62,147.99,149.35,5497900,yfinance
2024-05-20,CVX,Energy,149.39,149.65,147.88,147.94,4913800,yfinance
2024-05-21,CVX,Energy,147.43,148.24,146.66,146.87,4783300,yfinance
2024-05-22,CVX,Energy,146.46,146.46,143.7,144.67,6260500,yfinance
2024-05-23,CVX,Energy,144.99,145.61,143.53,144.09,6718400,yfinance
2024-05-24,CVX,Energy,145.13,145.95,144.42,144.83,4477700,yfinance
2024-05-28,CVX,Energy,145.17,146.36,145.01,146.02,6928300,yfinance
2024-05-29,CVX,Energy,145.08,145.51,143.63,144.05,5909600,yfinance
2024-05-30,CVX,Energy,144.0,145.48,143.97,145.3,6369600,yfinance
2024-05-31,CVX,Energy,145.64,149.27,145.53,149.01,10334200,yfinance
2024-06-03,CVX,Energy,148.26,148.44,143.65,144.56,9009900,yfinance
2024-06-04,CVX,Energy,142.97,143.55,141.49,143.34,6360500,yfinance
2024-06-05,CVX,Energy,143.37,144.16,141.87,142.29,7058500,yfinance
2024-06-06,CVX,Energy,141.85,143.24,140.83,143.16,5215100,yfinance
2024-06-07,CVX,Energy,142.96,144.78,142.43,143.3,5887700,yfinance
2024-06-10,CVX,Energy,143.6,145.24,143.52,143.9,7074700,yfinance
2024-06-11,CVX,Energy,143.38,143.91,141.83,143.67,5132000,yfinance
2024-06-12,CVX,Energy,144.59,144.72,139.92,141.59,10017400,yfinance
2024-06-13,CVX,Energy,141.18,141.47,139.76,140.32,6163000,yfinance
2024-06-14,CVX,Energy,140.59,140.74,139.52,140.07,6159100,yfinance
2024-06-17,CVX,Energy,140.01,141.32,139.49,140.64,6321400,yfinance
2024-06-18,CVX,Energy,140.97,143.18,140.32,140.77,6942900,yfinance
2024-06-20,CVX,Energy,141.12,144.52,140.7,143.81,8336000,yfinance
2024-06-21,CVX,Energy,143.96,144.76,142.51,142.56,21289800,yfinance
2024-06-24,CVX,Energy,143.47,146.47,143.4,146.26,7971600,yfinance
2024-06-25,CVX,Energy,146.09,146.31,144.76,145.48,5985400,yfinance
2024-06-26,CVX,Energy,145.48,145.48,143.03,143.18,8637800,yfinance
2024-06-27,CVX,Energy,143.87,144.09,142.89,143.52,5568700,yfinance
2024-06-28,CVX,Energy,144.62,145.59,143.38,143.61,11283400,yfinance
2024-07-01,CVX,Energy,144.29,145.7,143.21,143.7,5584100,yfinance
2024-07-02,CVX,Energy,144.77,144.8,142.72,143.91,7216800,yfinance
2024-07-03,CVX,Energy,144.09,144.82,143.74,143.88,3264200,yfinance
2024-07-05,CVX,Energy,143.73,143.73,141.09,141.67,6183100,yfinance
2024-07-08,CVX,Energy,140.76,142.56,140.76,141.69,4990700,yfinance
2024-07-09,CVX,Energy,140.47,142.09,139.87,140.45,5301600,yfinance
2024-07-10,CVX,Energy,140.01,142.71,139.83,142.43,5416600,yfinance
2024-07-11,CVX,Energy,142.31,143.85,141.59,142.54,8322500,yfinance
2024-07-12,CVX,Energy,143.37,143.63,141.9,142.85,6446300,yfinance
2024-07-15,CVX,Energy,144.1,146.46,143.56,145.1,5661200,yfinance
2024-07-16,CVX,Energy,144.15,145.34,143.36,144.85,6924200,yfinance
2024-07-17,CVX,Energy,145.52,148.26,145.33,148.03,7296600,yfinance
2024-07-18,CVX,Energy,148.03,150.83,147.12,148.71,6577700,yfinance
2024-07-19,CVX,Energy,149.17,149.38,145.44,146.12,6427700,yfinance
2024-07-22,CVX,Energy,145.26,145.96,144.0,144.13,5577300,yfinance
2024-07-23,CVX,Energy,143.55,143.77,141.24,141.47,6238700,yfinance
2024-07-24,CVX,Energy,142.02,142.95,140.86,142.37,5971700,yfinance
2024-07-25,CVX,Energy,142.65,145.3,141.96,144.64,5432100,yfinance
2024-07-26,CVX,Energy,144.81,146.02,144.2,144.91,5232500,yfinance
2024-07-29,CVX,Energy,145.29,145.29,142.18,143.77,5072000,yfinance
2024-07-30,CVX,Energy,143.65,146.98,143.63,146.5,5740900,yfinance
2024-07-31,CVX,Energy,148.45,148.45,146.94,147.33,6209200,yfinance
2024-08-01,CVX,Energy,145.71,146.44,139.58,140.12,16689900,yfinance
2024-08-02,CVX,Energy,138.75,139.59,134.98,136.38,13278600,yfinance
2024-08-05,CVX,Energy,133.6,133.83,131.67,132.81,13037200,yfinance
2024-08-06,CVX,Energy,132.66,133.21,131.4,131.5,9692700,yfinance
2024-08-07,CVX,Energy,132.74,133.8,130.63,130.75,8867900,yfinance
2024-08-08,CVX,Energy,131.35,132.96,131.02,132.66,7531100,yfinance
2024-08-09,CVX,Energy,132.4,134.14,131.46,133.12,7653100,yfinance
2024-08-12,CVX,Energy,133.9,134.72,128.25,133.14,8442200,yfinance
2024-08-13,CVX,Energy,132.28,132.71,131.33,132.34,7794800,yfinance
2024-08-14,CVX,Energy,132.56,133.35,131.68,132.82,5874200,yfinance
2024-08-15,CVX,Energy,133.67,135.44,133.57,134.78,6304200,yfinance
2024-08-16,CVX,Energy,134.09,135.53,133.71,135.21,6874400,yfinance
2024-08-19,CVX,Energy,135.55,137.15,135.44,136.31,5967400,yfinance
2024-08-20,CVX,Energy,135.85,136.02,134.21,134.33,7497600,yfinance
2024-08-21,CVX,Energy,135.01,136.14,134.2,134.91,5985000,yfinance
2024-08-22,CVX,Energy,134.94,135.85,134.74,135.29,4027000,yfinance
2024-08-23,CVX,Energy,136.04,137.48,135.84,137.05,4824100,yfinance
2024-08-26,CVX,Energy,138.3,139.34,136.98,137.86,5780300,yfinance
2024-08-27,CVX,Energy,138.02,138.84,136.23,136.43,5100000,yfinance
2024-08-28,CVX,Energy,135.95,136.6,135.06,135.54,5614400,yfinance
2024-08-29,CVX,Energy,135.97,137.57,135.02,136.86,4466700,yfinance
2024-08-30,CVX,Energy,135.75,137.47,135.26,137.35,6414800,yfinance
2024-09-03,CVX,Energy,135.13,135.33,133.95,134.3,7944700,yfinance
2024-09-04,CVX,Energy,134.28,135.11,131.52,131.89,9820700,yfinance
2024-09-05,CVX,Energy,132.92,132.92,130.53,130.84,9371100,yfinance
2024-09-06,CVX,Energy,130.97,131.93,128.0,128.64,7836400,yfinance
2024-09-09,CVX,Energy,128.71,131.85,128.62,130.25,9892300,yfinance
2024-09-10,CVX,Energy,130.81,130.98,127.27,128.33,8202500,yfinance
2024-09-11,CVX,Energy,128.31,128.56,125.67,128.0,9534000,yfinance
2024-09-12,CVX,Energy,128.33,129.48,127.58,129.24,6591500,yfinance
2024-09-13,CVX,Energy,129.85,131.39,129.7,130.54,5900700,yfinance
2024-09-16,CVX,Energy,131.54,132.92,130.97,131.91,6864300,yfinance
2024-09-17,CVX,Energy,131.64,133.82,131.59,133.14,7338800,yfinance
2024-09-18,CVX,Energy,133.06,135.17,132.93,133.65,6180300,yfinance
2024-09-19,CVX,Energy,135.37,136.27,134.55,134.61,7247400,yfinance
2024-09-20,CVX,Energy,134.83,135.46,133.17,135.25,23162900,yfinance
2024-09-23,CVX,Energy,135.78,137.79,135.5,136.97,6960600,yfinance
2024-09-24,CVX,Energy,138.22,138.42,136.39,136.89,6014200,yfinance
2024-09-25,CVX,Energy,136.43,136.85,133.22,133.66,7888400,yfinance
2024-09-26,CVX,Energy,130.81,132.96,130.56,131.82,8046200,yfinance
2024-09-27,CVX,Energy,132.74,135.33,132.61,135.07,8049200,yfinance
2024-09-30,CVX,Energy,134.96,136.92,133.95,136.72,7491700,yfinance
2024-10-01,CVX,Energy,135.87,139.74,135.03,138.98,9489100,yfinance
2024-10-02,CVX,Energy,140.82,141.37,138.57,140.14,8105400,yfinance
2024-10-03,CVX,Energy,140.47,141.27,139.28,140.42,6553300,yfinance
2024-10-04,CVX,Energy,141.56,141.58,139.39,139.94,7892400,yfinance
2024-10-07,CVX,Energy,140.65,141.81,139.9,140.3,5895900,yfinance
2024-10-08,CVX,Energy,138.51,138.89,137.15,138.1,5892700,yfinance
2024-10-09,CVX,Energy,136.95,139.6,136.81,138.93,4973500,yfinance
2024-10-10,CVX,Energy,139.89,140.7,139.12,139.83,4420900,yfinance
2024-10-11,CVX,Energy,139.61,141.42,139.49,140.58,5051300,yfinance
2024-10-14,CVX,Energy,139.74,141.02,139.42,140.91,4214700,yfinance
2024-10-15,CVX,Energy,138.14,139.22,136.99,137.15,6704600,yfinance
2024-10-16,CVX,Energy,137.72,138.36,137.59,138.08,4303700,yfinance
2024-10-17,CVX,Energy,138.57,140.49,138.3,140.37,6593100,yfinance
2024-10-18,CVX,Energy,140.02,140.26,138.68,139.95,5208200,yfinance
2024-10-21,CVX,Energy,141.11,141.56,139.71,140.07,5074000,yfinance
2024-10-22,CVX,Energy,140.42,140.82,139.46,140.11,4416400,yfinance
2024-10-23,CVX,Energy,139.59,140.19,138.6,139.7,5248600,yfinance
2024-10-24,CVX,Energy,140.31,140.6,138.68,139.67,5474300,yfinance
2024-10-25,CVX,Energy,140.55,141.22,139.68,140.01,6839900,yfinance
2024-10-28,CVX,Energy,137.63,139.91,137.55,139.76,8892000,yfinance
2024-10-29,CVX,Energy,139.29,139.65,137.28,137.88,6014700,yfinance
2024-10-30,CVX,Energy,138.4,138.93,137.08,137.45,5784000,yfinance
2024-10-31,CVX,Energy,138.11,138.86,137.3,138.16,8400900,yfinance
2024-11-01,CVX,Energy,141.56,144.76,140.83,142.11,11728000,yfinance
2024-11-04,CVX,Energy,143.36,143.36,141.69,142.94,6130000,yfinance
2024-11-05,CVX,Energy,143.46,143.59,141.62,142.42,5978900,yfinance
2024-11-06,CVX,Energy,145.85,147.25,144.94,146.42,12118900,yfinance
2024-11-07,CVX,Energy,146.63,146.69,145.2,145.54,8143200,yfinance
2024-11-08,CVX,Energy,145.38,146.29,144.52,145.69,6041500,yfinance
2024-11-11,CVX,Energy,145.89,146.63,144.73,145.29,7771700,yfinance
2024-11-12,CVX,Energy,146.03,146.19,144.01,144.17,5681900,yfinance
2024-11-13,CVX,Energy,144.89,147.63,143.46,147.35,8824000,yfinance
2024-11-14,CVX,Energy,148.39,150.24,148.24,150.21,10111200,yfinance
2024-11-15,CVX,Energy,149.95,150.75,149.25,149.86,9022800,yfinance
2024-11-18,CVX,Energy,150.58,151.48,149.18,150.77,6075400,yfinance
2024-11-19,CVX,Energy,150.04,150.46,148.88,149.68,4657400,yfinance
2024-11-20,CVX,Energy,149.97,151.41,149.85,151.3,6391300,yfinance
2024-11-21,CVX,Energy,151.95,152.54,151.27,151.58,7945200,yfinance
2024-11-22,CVX,Energy,151.47,152.5,151.13,152.27,7005900,yfinance
2024-11-25,CVX,Energy,152.07,153.03,149.9,150.39,10702400,yfinance
2024-11-26,CVX,Energy,152.22,152.81,151.37,152.43,7369500,yfinance
2024-11-27,CVX,Energy,152.64,154.44,151.57,152.03,7674500,yfinance
2024-11-29,CVX,Energy,152.17,152.63,150.67,151.87,5077000,yfinance
2024-12-02,CVX,Energy,152.2,152.82,150.16,152.13,6229600,yfinance
2024-12-03,CVX,Energy,152.85,153.06,151.36,151.86,5900100,yfinance
2024-12-04,CVX,Energy,151.77,151.78,148.05,148.48,7862700,yfinance
2024-12-05,CVX,Energy,149.39,150.68,148.83,149.43,6358400,yfinance
2024-12-06,CVX,Energy,148.88,148.96,145.53,145.59,9701700,yfinance
2024-12-09,CVX,Energy,147.24,150.13,147.07,147.32,9404500,yfinance
2024-12-10,CVX,Energy,149.17,149.61,146.96,147.24,9126200,yfinance
2024-12-11,CVX,Energy,147.11,147.4,146.12,146.5,13764700,yfinance
2024-12-12,CVX,Energy,146.18,146.8,144.68,145.09,7621500,yfinance
2024-12-13,CVX,Energy,145.24,145.33,143.56,144.31,5816200,yfinance
2024-12-16,CVX,Energy,144.33,144.33,139.97,140.08,11961200,yfinance
2024-12-17,CVX,Energy,138.8,139.41,137.78,138.9,11909300,yfinance
2024-12-18,CVX,Energy,138.58,139.43,135.03,135.13,10174500,yfinance
2024-12-19,CVX,Energy,135.58,135.76,132.19,132.38,16544300,yfinance
2024-12-20,CVX,Energy,132.07,133.97,131.81,133.97,32209200,yfinance
2024-12-23,CVX,Energy,133.62,134.44,132.74,134.08,8156500,yfinance
2024-12-24,CVX,Energy,134.21,135.09,133.42,134.9,3556100,yfinance
2024-12-26,CVX,Energy,134.74,135.34,134.02,135.03,4492600,yfinance
2024-12-27,CVX,Energy,135.32,136.65,134.48,135.05,5296500,yfinance
2024-12-30,CVX,Energy,134.85,135.03,133.5,134.18,6194800,yfinance
2024-12-31,CVX,Energy,134.6,136.31,134.41,135.84,6137800,yfinance
2025-01-02,CVX,Energy,136.44,138.87,136.44,137.59,7170300,yfinance
2025-01-03,CVX,Energy,138.37,139.27,138.15,138.66,5809000,yfinance
2025-01-06,CVX,Energy,139.18,140.99,137.74,138.11,5888700,yfinance
2025-01-07,CVX,Energy,139.28,141.15,138.45,140.29,7736000,yfinance
2025-01-08,CVX,Energy,138.84,141.78,138.83,140.96,7640900,yfinance
2025-01-10,CVX,Energy,143.88,144.75,141.49,143.62,11074700,yfinance
2025-01-13,CVX,Energy,144.52,147.57,144.43,145.69,11774100,yfinance
2025-01-14,CVX,Energy,145.56,147.16,144.86,147.15,6830200,yfinance
2025-01-15,CVX,Energy,147.13,148.83,146.66,148.49,7900000,yfinance
2025-01-16,CVX,Energy,148.21,149.96,148.21,149.47,5578900,yfinance
2025-01-17,CVX,Energy,149.24,151.72,148.93,151.43,9260400,yfinance
2025-01-21,CVX,Energy,151.13,151.37,147.7,148.41,10131400,yfinance
2025-01-22,CVX,Energy,147.88,148.59,146.56,146.69,7232200,yfinance
2025-01-23,CVX,Energy,147.83,148.12,145.95,146.31,5979800,yfinance
2025-01-24,CVX,Energy,146.74,147.68,145.62,145.98,8003800,yfinance
2025-01-27,CVX,Energy,146.61,148.08,145.85,147.46,7141000,yfinance
2025-01-28,CVX,Energy,147.91,149.04,145.54,146.5,6425400,yfinance
2025-01-29,CVX,Energy,146.04,146.85,145.19,146.01,5630600,yfinance
2025-01-30,CVX,Energy,146.83,147.66,145.85,146.6,6931900,yfinance
2025-01-31,CVX,Energy,144.2,144.78,139.41,139.92,16726800,yfinance
2025-02-03,CVX,Energy,139.74,141.48,138.61,140.06,7605000,yfinance
2025-02-04,CVX,Energy,139.48,143.86,139.48,143.7,8458100,yfinance
2025-02-05,CVX,Energy,143.48,144.24,142.82,143.48,6533700,yfinance
2025-02-06,CVX,Energy,144.64,145.61,141.67,142.46,6420500,yfinance
2025-02-07,CVX,Energy,143.0,144.25,142.48,143.13,4724900,yfinance
2025-02-10,CVX,Energy,144.7,146.12,144.48,146.09,5653800,yfinance
2025-02-11,CVX,Energy,146.63,148.85,146.42,147.65,6011800,yfinance
2025-02-12,CVX,Energy,147.01,147.68,144.96,145.27,6693500,yfinance
2025-02-13,CVX,Energy,145.16,146.7,143.79,146.19,7836400,yfinance
2025-02-14,CVX,Energy,147.05,149.3,146.87,147.3,5828800,yfinance
2025-02-18,CVX,Energy,147.3,149.17,146.77,148.08,5981500,yfinance
2025-02-19,CVX,Energy,148.42,150.17,147.93,149.09,4945800,yfinance
2025-02-20,CVX,Energy,149.35,150.72,148.94,150.57,6256200,yfinance
2025-02-21,CVX,Energy,149.95,150.72,148.7,148.8,6689800,yfinance
2025-02-24,CVX,Energy,148.96,150.14,148.64,149.72,5925000,yfinance
2025-02-25,CVX,Energy,149.81,150.76,147.42,148.33,6810900,yfinance
2025-02-26,CVX,Energy,148.52,148.58,146.41,147.11,6005200,yfinance
2025-02-27,CVX,Energy,147.63,150.1,146.8,148.56,7517200,yfinance
2025-02-28,CVX,Energy,148.59,150.46,146.9,150.41,8828500,yfinance
2025-03-03,CVX,Energy,151.21,151.81,143.91,145.17,9059800,yfinance
2025-03-04,CVX,Energy,143.39,146.17,142.29,144.13,8826300,yfinance
2025-03-05,CVX,Energy,142.38,143.54,140.09,143.01,9288300,yfinance
2025-03-06,CVX,Energy,142.72,145.4,141.74,145.03,7314700,yfinance
2025-03-07,CVX,Energy,145.98,149.3,145.76,148.25,8562600,yfinance
2025-03-10,CVX,Energy,149.06,152.07,148.09,149.42,11750300,yfinance
2025-03-11,CVX,Energy,150.23,150.62,145.83,146.11,10466300,yfinance
2025-03-12,CVX,Energy,145.69,146.78,144.34,144.77,9710200,yfinance
2025-03-13,CVX,Energy,144.38,146.44,144.06,145.66,9022800,yfinance
2025-03-14,CVX,Energy,146.02,149.1,145.09,148.89,6671500,yfinance
2025-03-17,CVX,Energy,149.08,151.2,148.65,150.51,7615200,yfinance
2025-03-18,CVX,Energy,151.47,152.75,150.6,152.49,9289500,yfinance
2025-03-19,CVX,Energy,152.64,156.03,152.57,155.56,11503900,yfinance
2025-03-20,CVX,Energy,154.69,156.76,154.01,156.24,9545900,yfinance
2025-03-21,CVX,Energy,155.98,156.36,154.67,156.22,21625500,yfinance
2025-03-24,CVX,Energy,156.17,157.82,155.82,156.48,8068000,yfinance
2025-03-25,CVX,Energy,157.49,159.14,156.57,157.35,7869200,yfinance
2025-03-26,CVX,Energy,158.71,160.22,158.59,159.28,10076100,yfinance
2025-03-27,CVX,Energy,158.59,159.51,157.27,158.03,6862700,yfinance
2025-03-28,CVX,Energy,158.07,158.48,156.75,157.49,4923000,yfinance
2025-03-31,CVX,Energy,157.59,160.18,157.53,158.63,10675300,yfinance
2025-04-01,CVX,Energy,158.63,159.88,157.56,159.79,6378600,yfinance
2025-04-02,CVX,Energy,158.74,159.29,157.27,157.86,7044900,yfinance
2025-04-03,CVX,Energy,151.83,153.0,147.74,148.04,15501000,yfinance
2025-04-04,CVX,Energy,143.91,144.57,135.36,135.87,20374700,yfinance
2025-04-07,CVX,Energy,131.55,138.62,130.19,132.9,17817000,yfinance
2025-04-08,CVX,Energy,136.69,137.01,127.89,129.84,12904400,yfinance
2025-04-09,CVX,Energy,128.03,139.84,126.95,138.47,16846800,yfinance
2025-04-10,CVX,Energy,135.81,136.2,126.54,127.99,20991200,yfinance
2025-04-11,CVX,Energy,128.02,130.02,125.21,128.61,17224400,yfinance
2025-04-14,CVX,Energy,131.31,131.37,127.16,128.32,9628200,yfinance
2025-04-15,CVX,Energy,127.37,129.56,127.3,127.58,9334800,yfinance
2025-04-16,CVX,Energy,128.39,130.43,127.82,128.36,8637200,yfinance
2025-04-17,CVX,Energy,129.62,132.98,129.39,130.74,8434400,yfinance
2025-04-21,CVX,Energy,128.98,129.24,125.48,126.81,9967500,yfinance
2025-04-22,CVX,Energy,128.26,131.09,127.96,130.19,7984700,yfinance
2025-04-23,CVX,Energy,130.11,131.38,128.16,129.61,10002000,yfinance
2025-04-24,CVX,Energy,130.78,132.19,130.12,131.87,7745800,yfinance
2025-04-25,CVX,Energy,131.17,131.85,130.15,131.55,6878500,yfinance
2025-04-28,CVX,Energy,131.78,133.19,131.5,132.85,6715500,yfinance
2025-04-29,CVX,Energy,131.51,132.76,131.4,132.09,7343800,yfinance
2025-04-30,CVX,Energy,130.86,131.0,127.2,129.02,13858000,yfinance
2025-05-01,CVX,Energy,128.41,130.81,128.13,129.21,10199800,yfinance
2025-05-02,CVX,Energy,130.74,132.55,128.29,131.33,12393200,yfinance
2025-05-05,CVX,Energy,129.69,129.91,128.18,128.49,9665000,yfinance
2025-05-06,CVX,Energy,129.29,130.2,128.05,128.58,9916200,yfinance
2025-05-07,CVX,Energy,129.03,129.25,127.65,128.76,8422100,yfinance
2025-05-08,CVX,Energy,129.62,131.7,129.41,129.95,8669300,yfinance
2025-05-09,CVX,Energy,131.71,132.16,130.57,131.32,5965700,yfinance
2025-05-12,CVX,Energy,135.08,136.27,133.3,134.29,8028200,yfinance
2025-05-13,CVX,Energy,134.21,135.82,133.63,134.98,8536800,yfinance
2025-05-14,CVX,Energy,134.42,134.87,133.45,134.34,6453600,yfinance
2025-05-15,CVX,Energy,132.76,135.09,132.29,134.9,7545400,yfinance
2025-05-16,CVX,Energy,135.32,135.6,133.42,134.75,8200100,yfinance
2025-05-19,CVX,Energy,133.86,133.91,131.61,132.92,7713600,yfinance
2025-05-20,CVX,Energy,132.73,133.17,131.52,131.75,6503900,yfinance
2025-05-21,CVX,Energy,131.13,131.62,130.04,130.11,9073200,yfinance
2025-05-22,CVX,Energy,129.56,130.52,128.39,129.85,8877600,yfinance
2025-05-23,CVX,Energy,128.99,131.29,128.67,131.05,7025900,yfinance
2025-05-27,CVX,Energy,131.86,132.42,130.93,132.29,8348900,yfinance
2025-05-28,CVX,Energy,133.2,133.21,130.21,130.55,6876300,yfinance
2025-05-29,CVX,Energy,131.01,132.39,130.63,132.37,7554300,yfinance
2025-05-30,CVX,Energy,131.38,131.92,129.77,131.2,12858900,yfinance
2025-06-02,CVX,Energy,132.92,133.11,130.95,132.3,9076600,yfinance
2025-06-03,CVX,Energy,132.12,134.94,131.11,133.94,9001300,yfinance
2025-06-04,CVX,Energy,133.82,134.98,131.81,131.85,8735600,yfinance
2025-06-05,CVX,Energy,132.6,132.73,131.2,131.4,6342600,yfinance
2025-06-06,CVX,Energy,132.54,134.96,132.54,134.57,6563500,yfinance
2025-06-09,CVX,Energy,134.9,136.43,134.07,135.1,7159500,yfinance
2025-06-10,CVX,Energy,136.5,139.11,136.21,137.59,9841500,yfinance
2025-06-11,CVX,Energy,138.39,139.29,136.88,138.96,9256700,yfinance
2025-06-12,CVX,Energy,138.69,139.36,137.66,139.14,6999400,yfinance
2025-06-13,CVX,Energy,141.17,141.67,138.73,140.04,14148000,yfinance
2025-06-16,CVX,Energy,139.87,140.97,137.96,140.16,10105100,yfinance
2025-06-17,CVX,Energy,141.41,143.95,140.61,142.87,11330300,yfinance
2025-06-18,CVX,Energy,143.43,144.13,141.76,142.23,9841900,yfinance
2025-06-20,CVX,Energy,142.55,143.87,141.95,143.54,23705900,yfinance
2025-06-23,CVX,Energy,146.0,146.03,140.44,140.96,10540600,yfinance
2025-06-24,CVX,Energy,138.73,140.51,137.41,137.78,10778400,yfinance
2025-06-25,CVX,Energy,137.65,138.4,136.78,137.47,7386100,yfinance
2025-06-26,CVX,Energy,137.92,139.25,137.64,138.63,7415700,yfinance
2025-06-27,CVX,Energy,138.74,138.85,136.84,138.01,9213500,yfinance
2025-06-30,CVX,Energy,137.29,138.31,136.68,137.43,6980300,yfinance
2025-07-01,CVX,Energy,137.58,140.39,136.78,139.72,8508200,yfinance
2025-07-02,CVX,Energy,141.1,142.06,139.62,142.03,8228700,yfinance
2025-07-03,CVX,Energy,141.9,142.99,141.44,142.41,5173300,yfinance
2025-07-07,CVX,Energy,141.47,142.21,139.73,141.47,9460900,yfinance
2025-07-08,CVX,Energy,141.4,147.08,141.34,147.08,14082100,yfinance
2025-07-09,CVX,Energy,146.79,147.77,146.35,146.87,9495900,yfinance
2025-07-10,CVX,Energy,146.65,149.04,145.58,147.97,8395100,yfinance
2025-07-11,CVX,Energy,148.09,149.62,147.4,149.07,8333200,yfinance
2025-07-14,CVX,Energy,148.67,148.67,145.06,145.55,10706300,yfinance
2025-07-15,CVX,Energy,145.51,146.19,144.21,144.63,7346300,yfinance
2025-07-16,CVX,Energy,144.7,145.39,143.22,143.89,7923400,yfinance
2025-07-17,CVX,Energy,143.16,145.74,142.63,145.29,8359600,yfinance
2025-07-18,CVX,Energy,148.79,149.64,140.64,144.01,45782600,yfinance
2025-07-21,CVX,Energy,145.12,145.57,143.14,143.66,17982200,yfinance
2025-07-22,CVX,Energy,143.26,144.87,142.51,144.01,26196500,yfinance
2025-07-23,CVX,Energy,144.84,146.98,144.42,146.96,13162800,yfinance
2025-07-24,CVX,Energy,146.55,149.73,146.08,149.57,15701000,yfinance
2025-07-25,CVX,Energy,149.57,149.92,147.77,148.62,7875500,yfinance
2025-07-28,CVX,Energy,149.15,150.26,148.72,150.0,8755400,yfinance
2025-07-29,CVX,Energy,150.38,150.89,149.2,150.72,6446000,yfinance
2025-07-30,CVX,Energy,149.86,150.03,146.56,147.39,9191700,yfinance
2025-07-31,CVX,Energy,145.89,147.74,145.06,145.54,10237100,yfinance
2025-08-01,CVX,Energy,146.41,148.43,144.31,145.31,10706500,yfinance
2025-08-04,CVX,Energy,145.17,145.97,143.8,144.97,10116600,yfinance
2025-08-05,CVX,Energy,144.96,146.95,143.87,146.89,8604100,yfinance
2025-08-06,CVX,Energy,148.27,148.92,146.1,146.64,7840900,yfinance
2025-08-07,CVX,Energy,147.61,148.91,146.69,147.0,6510400,yfinance
2025-08-08,CVX,Energy,147.8,149.49,147.33,148.78,6332800,yfinance
2025-08-11,CVX,Energy,149.1,149.66,146.84,147.28,6169700,yfinance
2025-08-12,CVX,Energy,147.9,149.78,147.2,148.23,6641600,yfinance
2025-08-13,CVX,Energy,148.36,149.74,148.0,149.6,6581900,yfinance
2025-08-14,CVX,Energy,149.44,149.44,147.91,148.92,7337300,yfinance
2025-08-15,CVX,Energy,149.23,152.17,149.05,150.26,11617000,yfinance
2025-08-18,CVX,Energy,149.85,150.2,148.53,149.08,8174300,yfinance
2025-08-19,CVX,Energy,148.93,149.4,147.37,147.51,8567500,yfinance
2025-08-20,CVX,Energy,147.92,148.96,147.45,148.7,8076300,yfinance
2025-08-21,CVX,Energy,148.31,151.08,148.22,150.96,7533600,yfinance
2025-08-22,CVX,Energy,150.74,154.1,150.74,153.51,9084300,yfinance
2025-08-25,CVX,Energy,153.24,153.65,152.53,153.53,7030000,yfinance
2025-08-26,CVX,Energy,152.86,155.28,151.93,152.72,10270000,yfinance
2025-08-27,CVX,Energy,152.75,155.27,152.57,154.54,7483000,yfinance
2025-08-28,CVX,Energy,154.32,154.81,153.19,154.62,6502000,yfinance
2025-08-29,CVX,Energy,154.99,156.35,154.74,155.86,6934800,yfinance
2025-09-02,CVX,Energy,155.74,157.08,154.68,157.05,8947300,yfinance
2025-09-03,CVX,Energy,155.28,157.07,152.39,153.39,9556100,yfinance
2025-09-04,CVX,Energy,153.39,154.94,152.85,153.04,7243000,yfinance
2025-09-05,CVX,Energy,151.45,152.09,148.96,149.12,11011700,yfinance
2025-09-08,CVX,Energy,149.37,150.45,148.37,149.45,9462000,yfinance
2025-09-09,CVX,Energy,150.34,152.36,150.04,150.28,7769200,yfinance
2025-09-10,CVX,Energy,150.47,153.26,150.43,153.13,7440800,yfinance
2025-09-11,CVX,Energy,151.88,154.23,151.41,153.58,6417400,yfinance
2025-09-12,CVX,Energy,154.16,155.06,152.46,152.47,5546300,yfinance
2025-09-15,CVX,Energy,152.74,153.65,151.88,152.67,5030500,yfinance
2025-09-16,CVX,Energy,153.58,155.37,153.45,154.83,8011000,yfinance
2025-09-17,CVX,Energy,154.5,155.93,153.93,155.37,5736800,yfinance
2025-09-18,CVX,Energy,155.31,155.56,153.42,154.15,6244200,yfinance
2025-09-19,CVX,Energy,154.31,154.31,150.96,151.6,16734000,yfinance
2025-09-22,CVX,Energy,151.03,152.48,150.57,151.44,5244000,yfinance
2025-09-23,CVX,Energy,152.48,155.11,152.36,152.77,7181400,yfinance
2025-09-24,CVX,Energy,153.65,155.75,153.58,154.48,6285200,yfinance
2025-09-25,CVX,Energy,154.73,156.26,154.65,155.98,6311000,yfinance
2025-09-26,CVX,Energy,155.83,156.54,154.8,155.43,7015200,yfinance
2025-09-29,CVX,Energy,154.43,154.43,150.97,151.49,8315100,yfinance
2025-09-30,CVX,Energy,150.32,151.13,149.39,150.71,7755700,yfinance
2025-10-01,CVX,Energy,150.26,150.51,148.67,150.02,6768400,yfinance
2025-10-02,CVX,Energy,149.42,151.98,148.79,148.84,7562400,yfinance
2025-10-03,CVX,Energy,149.05,149.73,147.74,149.02,7249300,yfinance
2025-10-06,CVX,Energy,149.43,150.09,148.41,149.47,4778900,yfinance
2025-10-07,CVX,Energy,149.12,150.39,146.82,150.34,5479600,yfinance
2025-10-08,CVX,Energy,149.8,150.11,148.33,149.2,5678000,yfinance
2025-10-09,CVX,Energy,149.58,150.4,147.09,147.16,6178600,yfinance
2025-10-10,CVX,Energy,146.25,146.88,144.5,144.51,7796600,yfinance
2025-10-13,CVX,Energy,145.57,147.49,145.02,147.46,5978800,yfinance
2025-10-14,CVX,Energy,145.39,148.93,145.24,147.89,6419400,yfinance
2025-10-15,CVX,Energy,148.39,149.66,146.58,147.62,5824900,yfinance
2025-10-16,CVX,Energy,147.65,148.22,145.8,147.23,5276800,yfinance
2025-10-17,CVX,Energy,147.77,149.64,147.71,148.56,7735500,yfinance
2025-10-20,CVX,Energy,148.9,150.15,148.66,149.92,5676500,yfinance
2025-10-21,CVX,Energy,150.17,150.71,148.69,149.25,6304900,yfinance
2025-10-22,CVX,Energy,150.09,151.38,149.08,150.98,6036700,yfinance
2025-10-23,CVX,Energy,153.53,153.91,151.51,151.94,9810900,yfinance
2025-10-24,CVX,Energy,152.77,152.98,150.84,150.97,4979900,yfinance
2025-10-27,CVX,Energy,151.2,151.88,150.3,150.7,4884400,yfinance
2025-10-28,CVX,Energy,150.33,151.62,149.35,149.58,5066500,yfinance
2025-10-29,CVX,Energy,149.32,151.54,149.32,150.52,7344400,yfinance
2025-10-30,CVX,Energy,150.65,150.65,148.72,148.99,8971200,yfinance
2025-10-31,CVX,Energy,151.13,154.48,150.53,153.06,11136100,yfinance
2025-11-03,CVX,Energy,152.76,153.06,149.04,149.49,8512200,yfinance
2025-11-04,CVX,Energy,148.9,149.22,147.66,148.86,6976800,yfinance
2025-11-05,CVX,Energy,149.0,149.84,148.15,148.15,5894700,yfinance
2025-11-06,CVX,Energy,148.4,150.22,148.17,148.43,6466300,yfinance
2025-11-07,CVX,Energy,148.9,151.56,148.9,150.44,9835900,yfinance
2025-11-10,CVX,Energy,150.83,151.38,147.87,151.06,8436800,yfinance
2025-11-11,CVX,Energy,152.12,153.33,151.3,151.63,6361400,yfinance
2025-11-12,CVX,Energy,150.99,151.19,147.59,148.79,11670900,yfinance
2025-11-13,CVX,Energy,149.45,151.59,149.39,150.99,7998700,yfinance
2025-11-14,CVX,Energy,151.62,153.29,150.24,152.97,8484800,yfinance
2025-11-17,CVX,Energy,153.06,153.23,149.88,150.25,8745000,yfinance
2025-11-18,CVX,Energy,149.65,151.4,148.93,150.75,10813400,yfinance
2025-11-19,CVX,Energy,148.34,149.12,147.44,148.87,7539900,yfinance
2025-11-20,CVX,Energy,149.69,150.18,147.25,147.5,7623400,yfinance
2025-11-21,CVX,Energy,147.63,148.19,145.97,147.18,9248400,yfinance
2025-11-24,CVX,Energy,147.02,147.32,144.98,146.95,14181100,yfinance
2025-11-25,CVX,Energy,146.12,147.1,145.5,145.76,11447900,yfinance
2025-11-26,CVX,Energy,145.49,147.65,145.43,146.72,7578900,yfinance
2025-11-28,CVX,Energy,146.67,148.69,146.47,148.31,3848600,yfinance
2025-12-01,CVX,Energy,148.92,151.07,148.67,149.69,8209000,yfinance
2025-12-02,CVX,Energy,149.18,149.61,146.47,147.44,9196300,yfinance
2025-12-03,CVX,Energy,148.22,149.65,148.16,148.76,8060200,yfinance
2025-12-04,CVX,Energy,148.92,150.08,148.4,149.42,7254700,yfinance
2025-12-05,CVX,Energy,149.16,149.78,147.03,147.2,12659800,yfinance
2025-12-08,CVX,Energy,146.46,147.27,144.9,145.93,10237200,yfinance
2025-12-09,CVX,Energy,146.27,147.3,145.45,145.72,8916700,yfinance
2025-12-10,CVX,Energy,146.39,148.97,145.92,148.58,10976300,yfinance
2025-12-11,CVX,Energy,148.01,149.1,147.3,147.91,8414200,yfinance
2025-12-12,CVX,Energy,148.33,148.72,146.84,147.19,5848100,yfinance
2025-12-15,CVX,Energy,147.04,147.3,145.66,147.0,7503000,yfinance
2025-12-16,CVX,Energy,145.77,146.04,143.75,144.01,11290500,yfinance
2025-12-17,CVX,Energy,144.75,147.07,144.6,146.73,8805300,yfinance
2025-12-18,CVX,Energy,146.07,146.48,144.33,144.93,6998800,yfinance
2025-12-19,CVX,Energy,145.2,146.23,144.44,144.99,21701400,yfinance
2025-12-22,CVX,Energy,146.03,147.68,145.92,147.0,8143600,yfinance
2025-12-23,CVX,Energy,147.24,148.26,147.05,147.7,4663700,yfinance
2025-12-24,CVX,Energy,147.57,148.17,147.3,147.69,2227600,yfinance
2025-12-26,CVX,Energy,147.57,148.32,146.86,147.22,3706900,yfinance
2025-12-29,CVX,Energy,148.18,148.81,147.29,148.17,5589100,yfinance
2025-12-30,CVX,Energy,148.67,149.82,148.64,149.47,5150500,yfinance
2025-12-31,CVX,Energy,149.54,149.7,148.84,149.56,4953100,yfinance
2026-01-02,CVX,Energy,149.33,152.99,148.43,152.99,6862100,yfinance
2026-01-05,CVX,Energy,162.65,162.65,156.33,160.79,35094900,yfinance
2026-01-06,CVX,Energy,161.8,161.97,153.19,153.62,20564900,yfinance
2026-01-07,CVX,Energy,154.5,155.06,152.01,152.3,13537900,yfinance
2026-01-08,CVX,Energy,152.6,157.44,152.31,156.28,12929600,yfinance
2026-01-09,CVX,Energy,157.56,159.66,156.95,159.08,12549600,yfinance
2026-01-12,CVX,Energy,159.66,160.51,157.71,159.31,9796800,yfinance
2026-01-13,CVX,Energy,160.42,163.03,160.25,160.81,12068600,yfinance
2026-01-14,CVX,Energy,161.04,166.21,161.04,164.12,16414900,yfinance
2026-01-15,CVX,Energy,162.67,164.21,162.02,163.06,8097400,yfinance
2026-01-16,CVX,Energy,163.48,164.17,162.71,163.15,9745800,yfinance
2026-01-20,CVX,Energy,163.6,164.52,162.07,162.21,11142500,yfinance
2026-01-21,CVX,Energy,163.88,165.33,162.96,163.62,10918500,yfinance
2026-01-22,CVX,Energy,163.15,164.43,162.63,163.55,8957400,yfinance
2026-01-23,CVX,Energy,164.81,165.29,163.33,163.61,8368700,yfinance
2026-01-26,CVX,Energy,165.19,165.26,163.66,164.37,8912600,yfinance
2026-01-27,CVX,Energy,164.64,166.19,163.54,165.89,9784900,yfinance
2026-01-28,CVX,Energy,166.79,167.24,165.06,166.76,9200200,yfinance
2026-01-29,CVX,Energy,169.43,171.65,167.85,167.99,16786600,yfinance
2026-01-30,CVX,Energy,169.4,173.99,168.07,173.6,22946600,yfinance
2026-02-02,CVX,Energy,170.2,172.98,169.43,170.78,14235300,yfinance
2026-02-03,CVX,Energy,170.63,175.48,170.51,174.71,18425400,yfinance
2026-02-04,CVX,Energy,175.54,179.18,175.54,177.85,16170500,yfinance
2026-02-05,CVX,Energy,176.29,177.09,174.1,175.88,10474100,yfinance
2026-02-06,CVX,Energy,176.93,178.7,176.16,177.48,9901800,yfinance
2026-02-09,CVX,Energy,177.63,179.41,176.59,179.19,12021300,yfinance
2026-02-10,CVX,Energy,179.32,179.53,177.48,178.86,7458200,yfinance
2026-02-11,CVX,Energy,180.5,183.04,180.12,182.35,10502100,yfinance
2026-02-12,CVX,Energy,182.33,182.33,178.69,178.99,9673700,yfinance
2026-02-13,CVX,Energy,179.13,181.39,178.33,180.31,9034700,yfinance
2026-02-17,CVX,Energy,181.64,182.13,177.12,178.91,9849000,yfinance
2026-02-18,CVX,Energy,181.57,182.25,180.33,182.2,10313400,yfinance
2026-02-19,CVX,Energy,183.61,186.19,183.06,183.1,10773300,yfinance
2026-02-20,CVX,Energy,182.91,183.21,180.67,182.26,9566200,yfinance
2026-02-23,CVX,Energy,182.99,184.94,182.38,183.23,7047200,yfinance
2026-02-24,CVX,Energy,183.61,184.27,182.18,183.66,7451800,yfinance
2026-02-25,CVX,Energy,184.15,184.29,180.85,182.55,9440700,yfinance
2026-02-26,CVX,Energy,181.24,184.57,180.11,182.49,7133800,yfinance
2026-02-27,CVX,Energy,184.31,185.85,182.1,185.06,12035500,yfinance
2026-03-02,CVX,Energy,188.6,189.7,185.52,187.88,15809100,yfinance
2026-03-03,CVX,Energy,188.79,189.82,185.72,187.06,14004200,yfinance
2026-03-04,CVX,Energy,185.75,186.75,182.48,184.34,11054400,yfinance
2026-03-05,CVX,Energy,184.91,188.25,184.8,188.18,13567200,yfinance
2026-03-06,CVX,Energy,189.15,190.66,186.41,188.22,13073100,yfinance
2026-03-09,CVX,Energy,189.27,189.91,186.4,187.72,15987500,yfinance
2026-03-10,CVX,Energy,186.92,187.46,183.96,184.6,11999600,yfinance
2026-03-11,CVX,Energy,184.9,190.12,184.8,190.05,11371700,yfinance
2026-03-12,CVX,Energy,190.83,197.07,190.03,195.18,27151800,yfinance
2026-03-13,CVX,Energy,194.22,195.84,192.92,195.03,13017000,yfinance
2026-03-16,CVX,Energy,194.82,196.04,193.8,195.05,12683900,yfinance
2026-03-17,CVX,Energy,195.7,198.76,194.68,196.17,14018600,yfinance
2026-03-18,CVX,Energy,197.41,198.91,196.71,196.81,13305000,yfinance
2026-03-19,CVX,Energy,197.98,200.6,197.19,199.61,16918400,yfinance
2026-03-20,CVX,Energy,199.57,203.22,199.18,199.9,35849500,yfinance
2026-03-23,CVX,Energy,196.83,203.5,195.58,203.35,15735700,yfinance
2026-03-24,CVX,Energy,204.18,207.89,203.94,204.91,16695500,yfinance
2026-03-25,CVX,Energy,204.13,205.36,202.76,203.29,8865000,yfinance
2026-03-26,CVX,Energy,204.16,207.31,203.3,205.9,11085600,yfinance
2026-03-27,CVX,Energy,206.26,210.53,204.38,209.23,13907800,yfinance
2026-03-30,CVX,Energy,211.32,212.76,208.38,208.8,10409000,yfinance
2026-03-31,CVX,Energy,208.99,211.17,200.13,205.02,17403900,yfinance
2026-04-01,CVX,Energy,200.16,202.92,193.14,195.62,23051900,yfinance
2026-04-02,CVX,Energy,200.67,203.62,196.24,197.16,11528000,yfinance
2026-04-06,CVX,Energy,196.7,197.96,194.57,197.06,8245700,yfinance
2026-04-07,CVX,Energy,198.16,202.76,197.43,199.71,11672600,yfinance
2026-04-08,CVX,Energy,189.67,191.42,186.89,191.14,17195400,yfinance
2026-04-09,CVX,Energy,192.55,194.89,187.55,188.63,11634000,yfinance
2026-04-10,CVX,Energy,187.99,189.23,184.78,186.84,11151400,yfinance
2026-04-13,CVX,Energy,189.71,190.86,188.0,190.04,12000200,yfinance
2026-04-14,CVX,Energy,186.89,187.45,182.92,185.32,12111000,yfinance
2026-04-15,CVX,Energy,184.67,185.54,182.37,183.23,8661600,yfinance
2026-04-16,CVX,Energy,183.94,186.52,183.66,186.44,8013200,yfinance
2026-04-17,CVX,Energy,180.24,182.63,176.13,182.32,15720600,yfinance
2026-04-20,CVX,Energy,182.83,184.58,181.17,181.59,9661100,yfinance
2026-04-21,CVX,Energy,182.3,184.68,180.69,184.29,9799000,yfinance
2026-04-22,CVX,Energy,185.57,187.7,184.43,184.63,8708300,yfinance
2026-04-23,CVX,Energy,185.42,186.71,183.82,185.9,6684700,yfinance
2026-04-24,CVX,Energy,183.55,184.73,181.54,183.53,9626700,yfinance
2026-04-27,CVX,Energy,184.5,186.66,182.0,183.1,10836600,yfinance
2026-04-28,CVX,Energy,186.57,188.24,184.86,186.65,10754900,yfinance
2026-04-29,CVX,Energy,188.4,190.87,187.78,190.48,8644600,yfinance
2026-04-30,CVX,Energy,188.52,192.37,186.79,191.56,11748600,yfinance
2026-05-01,CVX,Energy,189.56,192.33,188.03,188.9,10435900,yfinance
2026-05-04,CVX,Energy,189.12,191.95,186.26,190.53,8229500,yfinance
2026-05-05,CVX,Energy,189.48,191.91,188.72,190.89,5642800,yfinance
2026-05-06,CVX,Energy,183.91,185.08,181.48,183.48,11082900,yfinance
2026-05-07,CVX,Energy,179.93,181.78,177.9,180.84,12194000,yfinance
2026-05-08,CVX,Energy,180.39,181.07,179.1,179.97,13053000,yfinance
2026-05-11,CVX,Energy,181.34,183.52,181.34,183.06,12042100,yfinance
2026-05-12,CVX,Energy,184.81,185.19,182.98,184.26,8995100,yfinance
2026-05-13,CVX,Energy,184.12,184.32,182.29,184.31,7554700,yfinance
2026-05-14,CVX,Energy,184.5,185.87,183.57,184.95,6222400,yfinance
2026-05-15,CVX,Energy,186.89,189.76,186.19,189.37,11210800,yfinance
2026-05-18,CVX,Energy,189.43,194.42,187.31,194.34,9869700,yfinance
2026-05-19,CVX,Energy,194.93,198.87,193.47,197.25,11819200,yfinance
2026-05-20,CVX,Energy,196.25,198.19,191.27,191.33,14564900,yfinance
2026-05-21,CVX,Energy,193.79,194.16,189.0,191.01,9051200,yfinance
2026-05-22,CVX,Energy,190.37,192.0,189.8,191.43,7209600,yfinance
2026-05-26,CVX,Energy,190.0,190.49,183.9,184.71,14264600,yfinance
2026-05-27,CVX,Energy,181.85,183.72,180.67,182.4,9442800,yfinance
2026-05-28,CVX,Energy,183.71,185.26,182.09,183.03,8725400,yfinance
2026-05-29,CVX,Energy,182.72,182.97,180.4,182.46,13886500,yfinance
2026-06-01,CVX,Energy,184.38,187.94,184.02,185.83,8850500,yfinance
2026-06-02,CVX,Energy,184.88,188.45,184.88,187.55,6549800,yfinance
2026-06-03,CVX,Energy,188.89,191.48,187.96,189.71,7983700,yfinance
2026-06-04,CVX,Energy,189.0,190.1,187.67,188.35,5163200,yfinance
2026-06-05,CVX,Energy,189.06,189.61,186.59,187.31,6310900,yfinance
2023-09-12,GS,Financials,304.54,315.14,304.53,311.02,2054700,yfinance
2023-09-13,GS,Financials,313.46,316.76,310.94,314.85,2165000,yfinance
2023-09-14,GS,Financials,318.63,324.38,316.61,323.87,2822700,yfinance
2023-09-15,GS,Financials,324.41,325.39,321.32,321.96,3063900,yfinance
2023-09-18,GS,Financials,321.96,323.58,318.89,322.69,1356600,yfinance
2023-09-19,GS,Financials,322.82,324.24,317.66,321.35,1660200,yfinance
2023-09-20,GS,Financials,322.03,323.14,316.09,316.47,1224400,yfinance
2023-09-21,GS,Financials,314.4,314.58,310.25,310.4,1685100,yfinance
2023-09-22,GS,Financials,310.27,311.62,307.19,308.19,1669100,yfinance
2023-09-25,GS,Financials,307.42,309.51,305.74,309.08,833300,yfinance
2023-09-26,GS,Financials,306.05,307.76,303.05,304.36,1481800,yfinance
2023-09-27,GS,Financials,305.45,305.47,299.82,302.61,1493000,yfinance
2023-09-28,GS,Financials,300.97,307.2,300.97,305.66,1389600,yfinance
2023-09-29,GS,Financials,307.54,308.26,302.91,304.13,1403900,yfinance
2023-10-02,GS,Financials,302.68,304.14,298.05,299.36,1303800,yfinance
2023-10-03,GS,Financials,296.33,296.71,286.1,287.73,3118600,yfinance
2023-10-04,GS,Financials,286.53,290.49,285.25,290.06,1872000,yfinance
2023-10-05,GS,Financials,288.89,291.89,285.93,291.84,1584600,yfinance
2023-10-06,GS,Financials,289.6,296.38,288.71,293.71,1595100,yfinance
2023-10-09,GS,Financials,290.34,294.65,289.84,293.83,1094400,yfinance
2023-10-10,GS,Financials,295.58,297.81,293.53,295.86,1193800,yfinance
2023-10-11,GS,Financials,296.48,297.61,292.88,294.21,1672500,yfinance
2023-10-12,GS,Financials,295.28,295.37,289.51,291.23,1727700,yfinance
2023-10-13,GS,Financials,293.25,297.18,289.65,290.72,1785200,yfinance
2023-10-16,GS,Financials,294.36,296.92,291.61,295.5,2273900,yfinance
2023-10-17,GS,Financials,294.55,297.18,287.53,290.77,4123000,yfinance
2023-10-18,GS,Financials,288.55,288.76,283.37,283.82,3460300,yfinance
2023-10-19,GS,Financials,283.82,286.99,280.69,281.21,3211800,yfinance
2023-10-20,GS,Financials,280.57,285.03,280.19,282.02,2329000,yfinance
2023-10-23,GS,Financials,280.37,285.31,280.27,281.24,2959800,yfinance
2023-10-24,GS,Financials,281.98,284.89,281.11,281.2,1697100,yfinance
2023-10-25,GS,Financials,280.66,281.98,277.3,278.93,1809300,yfinance
2023-10-26,GS,Financials,279.12,282.11,277.07,279.15,2011200,yfinance
2023-10-27,GS,Financials,279.67,280.35,271.97,272.49,2601700,yfinance
2023-10-30,GS,Financials,275.82,283.68,275.67,282.76,3065200,yfinance
2023-10-31,GS,Financials,283.55,286.01,282.63,285.37,2611000,yfinance
2023-11-01,GS,Financials,285.11,289.73,284.64,288.71,2345400,yfinance
2023-11-02,GS,Financials,291.08,295.64,289.49,294.91,2597000,yfinance
2023-11-03,GS,Financials,299.33,309.54,298.83,307.94,3742000,yfinance
2023-11-06,GS,Financials,307.03,309.14,302.75,304.45,2087600,yfinance
2023-11-07,GS,Financials,302.78,306.78,301.99,304.49,1505000,yfinance
2023-11-08,GS,Financials,304.49,307.03,304.22,305.06,1484400,yfinance
2023-11-09,GS,Financials,306.41,307.02,300.45,301.51,1787900,yfinance
2023-11-10,GS,Financials,303.89,306.47,302.32,305.95,1781400,yfinance
2023-11-13,GS,Financials,304.68,308.97,304.09,307.27,1403300,yfinance
2023-11-14,GS,Financials,313.49,321.25,312.49,318.37,3592700,yfinance
2023-11-15,GS,Financials,319.48,320.59,315.19,317.32,2534500,yfinance
2023-11-16,GS,Financials,317.47,319.34,314.88,316.44,1620400,yfinance
2023-11-17,GS,Financials,319.1,320.0,317.81,318.81,1465200,yfinance
2023-11-20,GS,Financials,319.57,320.81,317.22,319.06,3146000,yfinance
2023-11-21,GS,Financials,318.03,318.72,314.45,314.84,1900900,yfinance
2023-11-22,GS,Financials,316.7,318.55,315.22,318.29,1235200,yfinance
2023-11-24,GS,Financials,318.44,319.83,317.35,318.77,460100,yfinance
2023-11-27,GS,Financials,318.81,319.59,315.57,317.42,1250500,yfinance
2023-11-28,GS,Financials,317.11,318.07,314.75,317.36,1419000,yfinance
2023-11-29,GS,Financials,319.35,325.54,318.89,322.44,2038100,yfinance
2023-11-30,GS,Financials,323.79,326.71,322.28,323.66,1903600,yfinance
2023-12-01,GS,Financials,323.58,330.62,322.59,330.18,3623300,yfinance
2023-12-04,GS,Financials,328.17,332.14,327.21,331.09,2178100,yfinance
2023-12-05,GS,Financials,328.45,328.67,322.71,323.85,2429700,yfinance
2023-12-06,GS,Financials,325.52,328.83,323.71,324.06,1869300,yfinance
2023-12-07,GS,Financials,325.71,326.64,324.09,326.57,2162400,yfinance
2023-12-08,GS,Financials,326.28,333.84,325.78,332.46,2238800,yfinance
2023-12-11,GS,Financials,333.04,334.54,330.77,333.34,1636000,yfinance
2023-12-12,GS,Financials,333.01,335.46,331.27,334.15,1597600,yfinance
2023-12-13,GS,Financials,334.46,343.85,333.19,343.74,2876500,yfinance
2023-12-14,GS,Financials,347.31,365.98,345.89,363.39,5376300,yfinance
2023-12-15,GS,Financials,360.28,365.69,359.46,360.59,4522300,yfinance
2023-12-18,GS,Financials,361.3,362.72,356.23,356.69,2740900,yfinance
2023-12-19,GS,Financials,356.32,363.67,354.94,362.42,2091800,yfinance
2023-12-20,GS,Financials,360.79,364.96,357.5,357.75,1836500,yfinance
2023-12-21,GS,Financials,360.15,361.51,357.27,360.64,1301600,yfinance
2023-12-22,GS,Financials,362.0,363.41,359.54,360.72,1538200,yfinance
2023-12-26,GS,Financials,360.72,362.58,360.15,361.63,837300,yfinance
2023-12-27,GS,Financials,361.24,365.55,360.4,364.35,1367200,yfinance
2023-12-28,GS,Financials,364.39,367.46,363.54,366.18,1024700,yfinance
2023-12-29,GS,Financials,365.38,366.39,363.48,365.57,881300,yfinance
2024-01-02,GS,Financials,362.94,368.76,362.18,367.97,2263100,yfinance
2024-01-03,GS,Financials,363.78,365.22,357.03,361.8,2265300,yfinance
2024-01-04,GS,Financials,363.47,366.82,361.95,362.9,1618300,yfinance
2024-01-05,GS,Financials,361.92,369.08,361.13,366.2,2913900,yfinance
2024-01-08,GS,Financials,365.76,368.71,362.03,368.5,1902600,yfinance
2024-01-09,GS,Financials,364.46,365.74,361.78,363.65,1708800,yfinance
2024-01-10,GS,Financials,361.38,362.99,358.71,361.96,1547300,yfinance
2024-01-11,GS,Financials,360.95,361.03,355.06,359.86,2209900,yfinance
2024-01-12,GS,Financials,363.27,365.65,356.86,357.97,2223800,yfinance
2024-01-16,GS,Financials,358.55,364.85,354.72,360.53,3926600,yfinance
2024-01-17,GS,Financials,355.55,360.29,354.54,357.43,2415100,yfinance
2024-01-18,GS,Financials,360.41,361.66,354.95,357.17,1771200,yfinance
2024-01-19,GS,Financials,357.0,363.23,352.59,362.19,2603300,yfinance
2024-01-22,GS,Financials,366.13,372.17,364.42,365.75,2922700,yfinance
2024-01-23,GS,Financials,360.08,363.29,358.8,360.83,3313300,yfinance
2024-01-24,GS,Financials,361.82,364.47,359.32,359.53,2235800,yfinance
2024-01-25,GS,Financials,362.65,366.46,362.01,362.66,2376300,yfinance
2024-01-26,GS,Financials,358.82,360.95,357.02,358.01,3464700,yfinance
2024-01-29,GS,Financials,356.21,360.9,354.64,360.63,1632300,yfinance
2024-01-30,GS,Financials,363.89,367.61,361.61,366.61,3897900,yfinance
2024-01-31,GS,Financials,365.79,373.28,363.61,363.9,3421100,yfinance
2024-02-01,GS,Financials,364.3,369.14,358.96,363.75,2138500,yfinance
2024-02-02,GS,Financials,361.81,368.38,360.67,367.55,2180900,yfinance
2024-02-05,GS,Financials,364.46,365.15,361.05,362.96,2231100,yfinance
2024-02-06,GS,Financials,362.96,366.56,362.94,364.83,1487800,yfinance
2024-02-07,GS,Financials,365.13,366.8,362.47,366.41,1963200,yfinance
2024-02-08,GS,Financials,365.79,367.79,361.37,364.88,1913700,yfinance
2024-02-09,GS,Financials,364.62,365.91,362.56,364.14,2028200,yfinance
2024-02-12,GS,Financials,364.84,375.6,364.2,372.08,2797200,yfinance
2024-02-13,GS,Financials,367.29,368.78,355.55,358.92,3030800,yfinance
2024-02-14,GS,Financials,360.94,361.5,356.1,358.24,2041300,yfinance
2024-02-15,GS,Financials,359.55,366.93,359.29,365.24,2218900,yfinance
2024-02-16,GS,Financials,363.17,367.28,361.0,364.31,2376800,yfinance
2024-02-20,GS,Financials,361.0,365.39,360.91,364.39,2358900,yfinance
2024-02-21,GS,Financials,361.85,368.31,361.3,367.94,1772500,yfinance
2024-02-22,GS,Financials,368.85,374.88,368.63,370.02,2326800,yfinance
2024-02-23,GS,Financials,369.58,376.01,368.83,370.57,2247400,yfinance
2024-02-26,GS,Financials,370.57,375.32,368.46,369.79,1797800,yfinance
2024-02-27,GS,Financials,371.72,375.17,368.94,370.35,1724900,yfinance
2024-02-28,GS,Financials,369.52,375.31,369.33,375.23,2572900,yfinance
2024-02-29,GS,Financials,377.18,377.9,368.06,371.29,3139100,yfinance
2024-03-01,GS,Financials,371.84,373.19,367.66,370.38,1697700,yfinance
2024-03-04,GS,Financials,371.06,378.47,368.57,374.34,1955100,yfinance
2024-03-05,GS,Financials,372.88,379.35,372.49,373.07,2697800,yfinance
2024-03-06,GS,Financials,376.97,377.25,366.97,371.79,2692400,yfinance
2024-03-07,GS,Financials,374.01,376.5,369.39,370.7,2033100,yfinance
2024-03-08,GS,Financials,370.99,377.56,369.06,369.32,1657200,yfinance
2024-03-11,GS,Financials,368.06,368.77,364.01,368.53,1654200,yfinance
2024-03-12,GS,Financials,369.93,371.37,366.26,370.46,1703900,yfinance
2024-03-13,GS,Financials,371.16,377.21,370.46,374.4,2370600,yfinance
2024-03-14,GS,Financials,376.42,378.29,367.85,370.87,3029500,yfinance
2024-03-15,GS,Financials,371.12,373.28,368.76,369.53,3763900,yfinance
2024-03-18,GS,Financials,370.91,371.27,365.91,366.82,2069000,yfinance
2024-03-19,GS,Financials,366.54,372.94,366.19,370.92,1858200,yfinance
2024-03-20,GS,Financials,368.72,378.4,368.38,378.37,2157400,yfinance
2024-03-21,GS,Financials,381.52,395.12,380.87,394.82,4613800,yfinance
2024-03-22,GS,Financials,395.48,397.74,387.26,388.25,2190300,yfinance
2024-03-25,GS,Financials,388.3,391.72,385.42,386.46,1683900,yfinance
2024-03-26,GS,Financials,387.55,390.64,386.05,387.64,1407000,yfinance
2024-03-27,GS,Financials,390.92,396.52,389.73,396.29,2353600,yfinance
2024-03-28,GS,Financials,397.21,400.06,396.04,398.62,2409700,yfinance
2024-04-01,GS,Financials,397.66,398.87,393.19,394.63,1863900,yfinance
2024-04-02,GS,Financials,391.99,394.31,389.01,391.43,1976000,yfinance
2024-04-03,GS,Financials,392.24,397.61,392.24,395.1,1549200,yfinance
2024-04-04,GS,Financials,398.92,399.87,387.18,387.71,1704700,yfinance
2024-04-05,GS,Financials,388.0,390.46,383.14,389.44,1694900,yfinance
2024-04-08,GS,Financials,390.43,393.7,388.95,391.8,1181900,yfinance
2024-04-09,GS,Financials,392.73,394.36,388.47,391.96,1247200,yfinance
2024-04-10,GS,Financials,385.57,386.94,379.15,382.47,1903300,yfinance
2024-04-11,GS,Financials,382.2,383.14,376.82,379.34,2176200,yfinance
2024-04-12,GS,Financials,374.91,376.1,369.45,371.71,2815800,yfinance
2024-04-15,GS,Financials,388.42,394.02,380.49,382.58,6177000,yfinance
2024-04-16,GS,Financials,385.99,386.48,377.14,378.74,3459700,yfinance
2024-04-17,GS,Financials,384.03,388.54,382.87,385.47,4373800,yfinance
2024-04-18,GS,Financials,386.98,389.24,384.04,384.71,2776300,yfinance
2024-04-19,GS,Financials,385.62,389.38,384.61,385.56,2805500,yfinance
2024-04-22,GS,Financials,388.36,398.9,386.1,398.3,4165600,yfinance
2024-04-23,GS,Financials,398.64,405.93,397.2,404.65,2662300,yfinance
2024-04-24,GS,Financials,402.26,405.2,400.46,403.73,1575900,yfinance
2024-04-25,GS,Financials,401.77,404.27,395.91,400.88,1970100,yfinance
2024-04-26,GS,Financials,401.05,408.97,400.48,408.05,2322700,yfinance
2024-04-29,GS,Financials,408.05,413.55,407.7,411.14,2453000,yfinance
2024-04-30,GS,Financials,408.94,411.7,406.55,407.23,1829900,yfinance
2024-05-01,GS,Financials,407.21,413.64,405.78,407.46,2310100,yfinance
2024-05-02,GS,Financials,411.52,413.85,408.62,412.82,2087500,yfinance
2024-05-03,GS,Financials,415.14,422.11,415.07,418.18,2406300,yfinance
2024-05-06,GS,Financials,421.58,424.09,419.61,423.42,1914300,yfinance
2024-05-07,GS,Financials,424.85,427.0,422.65,423.54,2058200,yfinance
2024-05-08,GS,Financials,422.59,427.57,421.87,426.55,2006700,yfinance
2024-05-09,GS,Financials,425.97,435.59,425.97,434.76,2710200,yfinance
2024-05-10,GS,Financials,435.68,437.81,433.58,433.97,1823900,yfinance
2024-05-13,GS,Financials,435.44,436.33,432.63,432.86,1579600,yfinance
2024-05-14,GS,Financials,434.08,440.69,433.29,437.54,2412900,yfinance
2024-05-15,GS,Financials,440.52,444.91,439.91,444.81,2217700,yfinance
2024-05-16,GS,Financials,443.17,446.88,441.18,443.32,2070300,yfinance
2024-05-17,GS,Financials,445.09,447.27,443.06,446.37,1655900,yfinance
2024-05-20,GS,Financials,446.83,449.96,441.48,441.81,2591500,yfinance
2024-05-21,GS,Financials,441.13,449.8,441.1,448.94,2762600,yfinance
2024-05-22,GS,Financials,446.03,448.86,438.76,441.27,2729500,yfinance
2024-05-23,GS,Financials,443.04,443.12,436.53,437.24,2254500,yfinance
2024-05-24,GS,Financials,438.85,444.01,438.14,440.13,1932200,yfinance
2024-05-28,GS,Financials,438.94,442.52,437.96,438.82,1930800,yfinance
2024-05-29,GS,Financials,434.08,437.8,431.03,436.3,2315700,yfinance
2024-05-30,GS,Financials,434.94,437.68,429.75,432.28,2135000,yfinance
2024-05-31,GS,Financials,431.83,438.56,430.25,438.32,2638300,yfinance
2024-06-03,GS,Financials,440.57,440.57,432.25,436.84,1930700,yfinance
2024-06-04,GS,Financials,432.54,439.46,431.3,437.15,1835000,yfinance
2024-06-05,GS,Financials,439.31,444.56,439.26,443.27,1678900,yfinance
2024-06-06,GS,Financials,443.41,446.0,438.79,439.83,1598000,yfinance
2024-06-07,GS,Financials,437.28,442.77,436.38,436.77,1736100,yfinance
2024-06-10,GS,Financials,434.29,437.2,432.35,435.47,1698600,yfinance
2024-06-11,GS,Financials,433.06,433.84,425.7,426.56,1938200,yfinance
2024-06-12,GS,Financials,437.43,439.39,428.4,430.81,1733000,yfinance
2024-06-13,GS,Financials,428.92,430.44,424.52,428.55,1849100,yfinance
2024-06-14,GS,Financials,424.37,430.36,421.64,428.66,1559100,yfinance
2024-06-17,GS,Financials,427.35,432.81,425.71,432.23,1531600,yfinance
2024-06-18,GS,Financials,431.64,439.44,430.63,439.19,1798400,yfinance
2024-06-20,GS,Financials,439.74,442.05,437.09,439.79,2080600,yfinance
2024-06-21,GS,Financials,440.39,440.51,431.96,432.23,3780800,yfinance
2024-06-24,GS,Financials,433.26,445.04,432.06,443.67,1882200,yfinance
2024-06-25,GS,Financials,441.14,445.58,438.54,439.14,1555900,yfinance
2024-06-26,GS,Financials,437.25,439.67,434.41,437.68,2131700,yfinance
2024-06-27,GS,Financials,431.85,431.85,425.14,428.18,2835200,yfinance
2024-06-28,GS,Financials,432.15,439.1,431.61,434.28,3839700,yfinance
2024-07-01,GS,Financials,436.39,445.52,435.91,445.17,1850500,yfinance
2024-07-02,GS,Financials,443.11,447.68,441.27,447.04,1491800,yfinance
2024-07-03,GS,Financials,450.34,451.15,447.25,449.26,993900,yfinance
2024-07-05,GS,Financials,448.83,448.94,441.78,446.22,1593800,yfinance
2024-07-08,GS,Financials,449.0,455.93,445.54,446.29,2214300,yfinance
2024-07-09,GS,Financials,447.04,460.19,443.18,453.98,4525100,yfinance
2024-07-10,GS,Financials,453.67,460.73,451.12,459.8,1946000,yfinance
2024-07-11,GS,Financials,460.86,463.9,457.28,460.12,2251400,yfinance
2024-07-12,GS,Financials,461.75,464.16,459.04,460.75,2727800,yfinance
2024-07-15,GS,Financials,461.1,473.34,457.32,472.6,3568200,yfinance
2024-07-16,GS,Financials,474.3,486.39,472.37,482.96,3981700,yfinance
2024-07-17,GS,Financials,482.94,489.17,479.52,482.16,3908900,yfinance
2024-07-18,GS,Financials,479.6,483.61,464.91,466.82,3320200,yfinance
2024-07-19,GS,Financials,469.62,472.96,463.92,465.59,2032700,yfinance
2024-07-22,GS,Financials,465.24,469.95,463.15,467.62,1792500,yfinance
2024-07-23,GS,Financials,467.66,476.04,466.89,472.53,2020500,yfinance
2024-07-24,GS,Financials,469.75,476.21,466.45,467.29,1598600,yfinance
2024-07-25,GS,Financials,466.67,476.33,463.96,472.1,1489700,yfinance
2024-07-26,GS,Financials,475.95,483.9,475.89,479.13,2249700,yfinance
2024-07-29,GS,Financials,480.47,481.98,471.48,473.07,1599500,yfinance
2024-07-30,GS,Financials,478.44,489.16,478.43,485.51,2642500,yfinance
2024-07-31,GS,Financials,484.73,496.64,484.73,488.73,2658900,yfinance
2024-08-01,GS,Financials,489.66,493.52,474.96,480.18,4006800,yfinance
2024-08-02,GS,Financials,471.52,474.74,448.58,451.87,6115500,yfinance
2024-08-05,GS,Financials,429.74,444.71,419.93,440.72,4177200,yfinance
2024-08-06,GS,Financials,442.63,456.3,439.19,451.47,2209300,yfinance
2024-08-07,GS,Financials,460.28,469.07,453.73,454.15,2587600,yfinance
2024-08-08,GS,Financials,458.82,468.28,458.13,466.4,1936400,yfinance
2024-08-09,GS,Financials,465.68,472.38,462.97,470.71,1622700,yfinance
2024-08-12,GS,Financials,470.71,473.22,464.46,466.14,1839300,yfinance
2024-08-13,GS,Financials,470.74,473.6,467.07,472.33,1243700,yfinance
2024-08-14,GS,Financials,473.25,479.44,468.93,478.82,1545600,yfinance
2024-08-15,GS,Financials,484.86,486.7,478.39,479.12,1732300,yfinance
2024-08-16,GS,Financials,477.23,484.78,477.18,484.15,1587000,yfinance
2024-08-19,GS,Financials,484.86,487.53,481.85,484.56,1027900,yfinance
2024-08-20,GS,Financials,483.78,484.06,476.7,477.51,2122700,yfinance
2024-08-21,GS,Financials,479.58,480.81,474.33,476.66,917100,yfinance
2024-08-22,GS,Financials,477.18,479.78,475.06,477.9,943800,yfinance
2024-08-23,GS,Financials,482.7,492.01,479.92,489.11,1751800,yfinance
2024-08-26,GS,Financials,491.91,493.03,485.17,487.62,1084200,yfinance
2024-08-27,GS,Financials,487.59,491.09,486.39,487.03,977900,yfinance
2024-08-28,GS,Financials,486.4,488.1,478.59,483.26,1568100,yfinance
2024-08-29,GS,Financials,485.82,492.78,481.16,489.76,1566300,yfinance
2024-08-30,GS,Financials,490.47,493.71,487.9,492.8,1838900,yfinance
2024-09-03,GS,Financials,490.12,492.27,468.8,470.79,2373600,yfinance
2024-09-04,GS,Financials,470.06,479.23,470.06,473.86,1509400,yfinance
2024-09-05,GS,Financials,476.7,478.82,466.55,471.2,1828300,yfinance
2024-09-06,GS,Financials,469.96,478.47,460.75,463.21,1995600,yfinance
2024-09-09,GS,Financials,468.93,477.38,466.86,471.86,1714200,yfinance
2024-09-10,GS,Financials,472.41,472.47,445.79,451.16,3583100,yfinance
2024-09-11,GS,Financials,448.12,455.75,441.84,455.06,2426500,yfinance
2024-09-12,GS,Financials,455.18,458.12,449.49,457.85,1480500,yfinance
2024-09-13,GS,Financials,459.71,465.62,459.24,462.61,1794500,yfinance
2024-09-16,GS,Financials,464.97,470.72,463.09,468.57,1500300,yfinance
2024-09-17,GS,Financials,471.31,472.98,465.33,468.79,1444900,yfinance
2024-09-18,GS,Financials,468.8,476.13,465.3,468.01,1699500,yfinance
2024-09-19,GS,Financials,477.82,489.09,476.59,486.6,3060700,yfinance
2024-09-20,GS,Financials,483.09,484.88,478.54,481.39,4452600,yfinance
2024-09-23,GS,Financials,481.17,484.26,478.29,480.4,953200,yfinance
2024-09-24,GS,Financials,480.58,482.48,477.21,480.99,1035400,yfinance
2024-09-25,GS,Financials,481.45,484.84,473.63,474.35,1763900,yfinance
2024-09-26,GS,Financials,477.11,481.36,475.64,479.93,1378100,yfinance
2024-09-27,GS,Financials,481.91,488.12,478.91,481.46,1420100,yfinance
2024-09-30,GS,Financials,477.97,479.54,472.18,478.18,1602500,yfinance
2024-10-01,GS,Financials,477.67,477.67,468.04,473.41,1528600,yfinance
2024-10-02,GS,Financials,474.38,477.94,471.27,475.17,1445100,yfinance
2024-10-03,GS,Financials,473.18,473.74,467.64,469.48,1290600,yfinance
2024-10-04,GS,Financials,478.69,479.34,469.38,478.23,1721600,yfinance
2024-10-07,GS,Financials,477.72,481.95,474.01,477.71,1173300,yfinance
2024-10-08,GS,Financials,480.01,481.3,475.93,479.59,1296700,yfinance
2024-10-09,GS,Financials,481.17,488.96,478.32,487.91,1695900,yfinance
2024-10-10,GS,Financials,489.0,489.47,482.51,486.5,1309000,yfinance
2024-10-11,GS,Financials,490.63,500.26,490.44,498.65,2409700,yfinance
2024-10-14,GS,Financials,499.95,505.18,497.88,504.88,2174900,yfinance
2024-10-15,GS,Financials,520.38,522.03,497.88,504.52,4525400,yfinance
2024-10-16,GS,Financials,511.88,517.89,508.0,511.74,2649000,yfinance
2024-10-17,GS,Financials,513.08,516.99,510.17,510.91,2123500,yfinance
2024-10-18,GS,Financials,511.29,512.62,508.85,510.43,1779200,yfinance
2024-10-21,GS,Financials,509.95,511.73,499.32,500.1,1752100,yfinance
2024-10-22,GS,Financials,497.98,501.86,495.4,500.58,1588000,yfinance
2024-10-23,GS,Financials,498.16,502.22,495.85,499.52,1263200,yfinance
2024-10-24,GS,Financials,501.25,507.05,500.48,506.57,2058200,yfinance
2024-10-25,GS,Financials,509.99,510.72,493.28,495.07,1633200,yfinance
2024-10-28,GS,Financials,497.78,506.65,497.37,505.68,1687100,yfinance
2024-10-29,GS,Financials,503.36,509.21,503.19,506.35,1281600,yfinance
2024-10-30,GS,Financials,505.5,512.64,505.18,506.47,1441600,yfinance
2024-10-31,GS,Financials,504.58,507.05,496.94,500.09,2061700,yfinance
2024-11-01,GS,Financials,502.22,508.63,499.36,501.59,1625000,yfinance
2024-11-04,GS,Financials,500.29,500.34,493.05,493.98,1797800,yfinance
2024-11-05,GS,Financials,495.46,509.42,495.07,508.94,2169900,yfinance
2024-11-06,GS,Financials,547.9,578.14,546.74,575.6,8042800,yfinance
2024-11-07,GS,Financials,569.83,574.66,561.64,562.26,4475600,yfinance
2024-11-08,GS,Financials,566.37,574.8,561.42,569.11,2714000,yfinance
2024-11-11,GS,Financials,578.42,586.39,575.79,581.74,2510800,yfinance
2024-11-12,GS,Financials,577.6,581.5,571.25,572.33,2392900,yfinance
2024-11-13,GS,Financials,574.3,582.91,572.39,573.9,1763100,yfinance
2024-11-14,GS,Financials,579.48,580.96,566.19,568.48,1670500,yfinance
2024-11-15,GS,Financials,573.07,574.79,567.02,573.25,2007700,yfinance
2024-11-18,GS,Financials,574.38,574.72,564.73,567.89,1848900,yfinance
2024-11-19,GS,Financials,559.84,564.77,555.83,561.5,2217400,yfinance
2024-11-20,GS,Financials,563.87,567.7,556.9,562.03,1528600,yfinance
2024-11-21,GS,Financials,566.46,580.16,564.52,575.73,2281900,yfinance
2024-11-22,GS,Financials,575.83,583.29,574.11,582.17,1733700,yfinance
2024-11-25,GS,Financials,587.97,590.4,578.35,582.41,2940800,yfinance
2024-11-26,GS,Financials,579.61,586.43,572.72,584.8,2846500,yfinance
2024-11-27,GS,Financials,586.9,591.32,582.65,584.73,1424500,yfinance
2024-11-29,GS,Financials,588.48,591.78,586.3,587.76,1170200,yfinance
2024-12-02,GS,Financials,590.12,593.91,583.62,584.01,1804100,yfinance
2024-12-03,GS,Financials,591.05,593.44,583.13,584.37,1718100,yfinance
2024-12-04,GS,Financials,585.27,586.51,579.21,581.1,1617300,yfinance
2024-12-05,GS,Financials,582.87,588.72,578.81,579.25,1672800,yfinance
2024-12-06,GS,Financials,579.6,582.36,576.89,582.04,1405700,yfinance
2024-12-09,GS,Financials,581.37,585.27,576.26,576.65,1633200,yfinance
2024-12-10,GS,Financials,572.65,578.73,566.59,567.83,2600800,yfinance
2024-12-11,GS,Financials,572.77,576.25,569.64,575.13,2195300,yfinance
2024-12-12,GS,Financials,575.16,578.78,571.3,574.21,1218400,yfinance
2024-12-13,GS,Financials,576.53,577.5,567.87,568.26,1215000,yfinance
2024-12-16,GS,Financials,570.71,570.97,561.68,569.09,1713300,yfinance
2024-12-17,GS,Financials,563.76,564.51,555.46,557.78,2314100,yfinance
2024-12-18,GS,Financials,560.51,562.43,528.48,534.07,3271600,yfinance
2024-12-19,GS,Financials,544.93,550.33,537.32,537.7,2753300,yfinance
2024-12-20,GS,Financials,538.62,556.05,537.11,549.45,4515900,yfinance
2024-12-23,GS,Financials,548.38,554.83,545.28,553.99,1519500,yfinance
2024-12-24,GS,Financials,557.31,565.65,554.56,565.65,913400,yfinance
2024-12-26,GS,Financials,561.15,565.46,560.52,564.14,1092000,yfinance
2024-12-27,GS,Financials,560.03,564.85,554.55,559.24,1486000,yfinance
2024-12-30,GS,Financials,550.59,559.08,548.48,556.68,1265900,yfinance
2024-12-31,GS,Financials,558.16,559.95,553.63,555.78,1055800,yfinance
2025-01-02,GS,Financials,562.27,567.13,552.99,558.06,2219000,yfinance
2025-01-03,GS,Financials,563.91,565.02,554.92,563.07,1422600,yfinance
2025-01-06,GS,Financials,567.78,576.19,562.77,566.23,2257000,yfinance
2025-01-07,GS,Financials,569.84,570.98,551.68,563.06,2021900,yfinance
2025-01-08,GS,Financials,563.95,564.11,555.83,562.96,1513400,yfinance
2025-01-10,GS,Financials,559.3,559.3,541.6,543.53,2817900,yfinance
2025-01-13,GS,Financials,541.47,549.54,540.39,546.39,1871200,yfinance
2025-01-14,GS,Financials,552.91,556.72,548.58,554.72,2221900,yfinance
2025-01-15,GS,Financials,580.41,591.49,575.56,588.1,5119800,yfinance
2025-01-16,GS,Financials,592.05,598.7,588.18,594.96,3224500,yfinance
2025-01-17,GS,Financials,599.63,608.56,594.97,607.53,3425200,yfinance
2025-01-21,GS,Financials,598.67,616.74,591.09,616.07,5076700,yfinance
2025-01-22,GS,Financials,614.81,616.91,611.19,614.12,2835700,yfinance
2025-01-23,GS,Financials,616.25,626.56,615.83,620.69,2582700,yfinance
2025-01-24,GS,Financials,611.47,621.76,610.46,618.17,3183500,yfinance
2025-01-27,GS,Financials,606.62,617.02,606.1,614.66,3351700,yfinance
2025-01-28,GS,Financials,613.61,620.29,613.23,619.04,2338000,yfinance
2025-01-29,GS,Financials,618.27,629.91,617.69,618.64,1918900,yfinance
2025-01-30,GS,Financials,625.54,630.42,622.15,626.71,1812800,yfinance
2025-01-31,GS,Financials,630.88,630.88,618.69,621.57,1995100,yfinance
2025-02-03,GS,Financials,607.59,619.7,604.17,613.77,2102600,yfinance
2025-02-04,GS,Financials,613.41,618.92,610.59,615.53,1743400,yfinance
2025-02-05,GS,Financials,619.24,627.4,616.84,626.47,1908200,yfinance
2025-02-06,GS,Financials,630.88,639.47,629.86,638.86,2439200,yfinance
2025-02-07,GS,Financials,640.01,644.35,633.95,636.61,2616700,yfinance
2025-02-10,GS,Financials,639.64,643.01,625.3,631.4,2351600,yfinance
2025-02-11,GS,Financials,627.76,629.95,624.67,628.21,2711400,yfinance
2025-02-12,GS,Financials,624.83,631.34,620.31,629.91,2295800,yfinance
2025-02-13,GS,Financials,632.66,632.83,621.67,629.87,2031800,yfinance
2025-02-14,GS,Financials,631.2,643.75,631.2,641.12,2246000,yfinance
2025-02-18,GS,Financials,643.1,652.42,641.58,652.42,2350100,yfinance
2025-02-19,GS,Financials,649.4,651.31,643.77,648.5,1953600,yfinance
2025-02-20,GS,Financials,648.38,650.57,613.08,623.37,3929000,yfinance
2025-02-21,GS,Financials,625.79,628.46,605.1,607.2,3000800,yfinance
2025-02-24,GS,Financials,614.88,618.56,596.72,607.73,3274100,yfinance
2025-02-25,GS,Financials,610.05,612.75,588.18,596.83,2885900,yfinance
2025-02-26,GS,Financials,598.53,604.8,597.11,599.6,2001200,yfinance
2025-02-27,GS,Financials,599.38,606.84,589.45,590.12,2396300,yfinance
2025-02-28,GS,Financials,592.84,608.31,589.15,606.98,3337200,yfinance
2025-03-03,GS,Financials,607.09,613.32,583.6,590.37,3152300,yfinance
2025-03-04,GS,Financials,581.32,585.24,553.61,566.85,4061000,yfinance
2025-03-05,GS,Financials,567.77,582.43,562.59,578.48,2600600,yfinance
2025-03-06,GS,Financials,566.31,572.28,550.73,553.71,4332300,yfinance
2025-03-07,GS,Financials,554.2,554.2,531.51,545.9,4069600,yfinance
2025-03-10,GS,Financials,528.96,533.03,510.26,518.58,5272100,yfinance
2025-03-11,GS,Financials,519.37,526.71,511.31,518.36,4190500,yfinance
2025-03-12,GS,Financials,530.62,531.6,515.59,522.53,3078100,yfinance
2025-03-13,GS,Financials,522.5,524.9,507.27,511.9,2529100,yfinance
2025-03-14,GS,Financials,520.86,530.2,513.75,528.09,2808100,yfinance
2025-03-17,GS,Financials,527.92,543.46,526.72,537.78,2695600,yfinance
2025-03-18,GS,Financials,536.76,540.13,533.21,538.21,2641000,yfinance
2025-03-19,GS,Financials,535.5,549.15,531.21,543.63,2769800,yfinance
2025-03-20,GS,Financials,539.5,554.46,538.42,548.84,2531300,yfinance
2025-03-21,GS,Financials,541.67,553.05,537.65,551.24,3565600,yfinance
2025-03-24,GS,Financials,560.86,568.39,558.96,565.83,1877700,yfinance
2025-03-25,GS,Financials,570.31,572.46,563.99,571.53,1875500,yfinance
2025-03-26,GS,Financials,573.92,578.06,556.96,559.8,1944200,yfinance
2025-03-27,GS,Financials,551.1,552.08,538.96,545.17,2100900,yfinance
2025-03-28,GS,Financials,542.28,546.71,524.48,529.76,2773100,yfinance
2025-03-31,GS,Financials,520.69,533.93,515.59,532.85,2455100,yfinance
2025-04-01,GS,Financials,529.89,538.38,520.12,534.96,1869600,yfinance
2025-04-02,GS,Financials,526.52,553.37,525.82,549.25,2560700,yfinance
2025-04-03,GS,Financials,512.51,516.95,497.03,498.66,5193900,yfinance
2025-04-04,GS,Financials,475.02,479.9,448.69,459.23,8105200,yfinance
2025-04-07,GS,Financials,435.91,477.93,428.57,454.06,6353800,yfinance
2025-04-08,GS,Financials,476.24,479.82,441.69,450.85,4240900,yfinance
2025-04-09,GS,Financials,440.26,509.16,436.11,504.16,7024100,yfinance
2025-04-10,GS,Financials,490.73,490.73,462.34,477.75,5374500,yfinance
2025-04-11,GS,Financials,475.02,486.26,466.81,482.28,3770200,yfinance
2025-04-14,GS,Financials,497.46,499.41,484.92,491.58,4392600,yfinance
2025-04-15,GS,Financials,494.93,505.89,494.53,495.4,2501200,yfinance
2025-04-16,GS,Financials,489.38,496.92,480.57,486.78,2765600,yfinance
2025-04-17,GS,Financials,490.86,502.17,486.84,496.96,2593500,yfinance
2025-04-21,GS,Financials,492.97,496.74,482.51,489.03,2859300,yfinance
2025-04-22,GS,Financials,497.68,508.19,496.41,507.2,2514600,yfinance
2025-04-23,GS,Financials,520.51,538.22,515.27,516.29,3048100,yfinance
2025-04-24,GS,Financials,514.14,533.39,510.55,531.96,2223600,yfinance
2025-04-25,GS,Financials,531.21,535.58,527.91,531.46,1612700,yfinance
2025-04-28,GS,Financials,531.46,540.86,529.13,532.96,1459700,yfinance
2025-04-29,GS,Financials,530.42,537.33,527.99,535.42,1695600,yfinance
2025-04-30,GS,Financials,522.58,536.0,518.38,534.08,2438300,yfinance
2025-05-01,GS,Financials,534.62,544.62,532.08,540.21,2583000,yfinance
2025-05-02,GS,Financials,547.77,555.77,545.93,552.18,2883000,yfinance
2025-05-05,GS,Financials,544.63,552.63,543.79,545.8,2197200,yfinance
2025-05-06,GS,Financials,536.08,543.73,533.6,535.85,2902500,yfinance
2025-05-07,GS,Financials,536.68,541.72,534.27,538.35,1954900,yfinance
2025-05-08,GS,Financials,545.08,558.09,544.48,551.79,1994600,yfinance
2025-05-09,GS,Financials,556.22,558.03,551.86,553.15,1522500,yfinance
2025-05-12,GS,Financials,581.59,588.53,573.62,576.8,3527700,yfinance
2025-05-13,GS,Financials,578.71,592.76,578.47,588.96,2765800,yfinance
2025-05-14,GS,Financials,588.95,599.87,587.68,596.56,2874400,yfinance
2025-05-15,GS,Financials,594.73,603.98,594.73,600.75,2428100,yfinance
2025-05-16,GS,Financials,601.78,605.52,598.47,603.8,2021800,yfinance
2025-05-19,GS,Financials,594.21,604.15,583.62,597.24,2842100,yfinance
2025-05-20,GS,Financials,592.8,596.51,588.18,591.6,1601600,yfinance
2025-05-21,GS,Financials,587.0,594.87,577.44,578.86,2635900,yfinance
2025-05-22,GS,Financials,577.98,587.39,577.94,583.52,1939600,yfinance
2025-05-23,GS,Financials,570.61,587.15,568.17,583.82,1530600,yfinance
2025-05-27,GS,Financials,591.0,602.48,590.07,600.59,2364700,yfinance
2025-05-28,GS,Financials,602.1,603.41,592.37,593.48,2001900,yfinance
2025-05-29,GS,Financials,593.55,595.0,583.58,589.98,1736100,yfinance
2025-05-30,GS,Financials,588.16,591.69,582.11,588.6,2129500,yfinance
2025-06-02,GS,Financials,586.79,587.35,580.48,586.91,1221200,yfinance
2025-06-03,GS,Financials,588.16,594.36,582.01,591.91,1730300,yfinance
2025-06-04,GS,Financials,593.53,594.37,586.91,587.39,1294900,yfinance
2025-06-05,GS,Financials,588.16,597.69,581.2,593.92,2086700,yfinance
2025-06-06,GS,Financials,600.9,609.12,597.96,601.88,1675900,yfinance
2025-06-09,GS,Financials,602.62,606.88,598.95,601.41,1610700,yfinance
2025-06-10,GS,Financials,600.9,604.38,597.29,602.74,1376400,yfinance
2025-06-11,GS,Financials,605.0,617.41,602.46,611.85,2063600,yfinance
2025-06-12,GS,Financials,608.75,613.66,603.65,612.77,1634700,yfinance
2025-06-13,GS,Financials,603.89,607.88,597.56,601.43,1674800,yfinance
2025-06-16,GS,Financials,606.79,619.79,605.8,615.46,1870400,yfinance
2025-06-17,GS,Financials,612.37,619.21,610.71,612.31,1479300,yfinance
2025-06-18,GS,Financials,612.19,627.25,611.34,622.7,2423100,yfinance
2025-06-20,GS,Financials,626.22,629.96,624.13,628.15,4115400,yfinance
2025-06-23,GS,Financials,626.65,634.64,617.58,634.11,2020800,yfinance
2025-06-24,GS,Financials,641.54,650.67,640.35,649.04,2307800,yfinance
2025-06-25,GS,Financials,651.49,656.9,647.75,656.65,1566400,yfinance
2025-06-26,GS,Financials,657.39,675.73,657.28,673.6,2849500,yfinance
2025-06-27,GS,Financials,677.36,680.5,671.86,677.18,3650500,yfinance
2025-06-30,GS,Financials,700.18,700.2,689.08,693.78,3976400,yfinance
2025-07-01,GS,Financials,694.03,698.94,686.78,692.52,3301000,yfinance
2025-07-02,GS,Financials,694.81,704.55,691.17,701.76,2906500,yfinance
2025-07-03,GS,Financials,701.78,711.67,699.32,709.4,1502000,yfinance
2025-07-07,GS,Financials,707.46,709.68,692.4,696.9,2863700,yfinance
2025-07-08,GS,Financials,696.7,697.16,680.08,683.52,3100700,yfinance
2025-07-09,GS,Financials,690.44,690.44,681.0,682.81,1763400,yfinance
2025-07-10,GS,Financials,682.99,696.36,682.71,695.13,1733500,yfinance
2025-07-11,GS,Financials,689.71,692.07,686.41,691.04,1681800,yfinance
2025-07-14,GS,Financials,690.83,699.35,688.27,699.22,1909300,yfinance
2025-07-15,GS,Financials,699.22,700.59,686.23,688.65,1981200,yfinance
2025-07-16,GS,Financials,694.52,695.77,677.66,694.83,3323200,yfinance
2025-07-17,GS,Financials,692.34,703.29,690.38,691.91,2046100,yfinance
2025-07-18,GS,Financials,693.11,696.27,684.61,694.28,1925200,yfinance
2025-07-21,GS,Financials,695.15,698.69,690.45,692.07,2006500,yfinance
2025-07-22,GS,Financials,689.77,692.55,678.23,686.59,1978900,yfinance
2025-07-23,GS,Financials,688.15,704.82,687.66,703.36,2395700,yfinance
2025-07-24,GS,Financials,704.74,711.45,700.63,704.99,1974700,yfinance
2025-07-25,GS,Financials,706.54,715.49,704.17,714.59,1851400,yfinance
2025-07-28,GS,Financials,713.63,718.06,707.92,709.37,1464800,yfinance
2025-07-29,GS,Financials,712.51,719.64,708.16,717.54,2136000,yfinance
2025-07-30,GS,Financials,716.71,723.32,708.91,716.33,1816200,yfinance
2025-07-31,GS,Financials,712.25,719.56,706.22,709.31,2358100,yfinance
2025-08-01,GS,Financials,696.49,700.42,680.35,695.57,2999100,yfinance
2025-08-04,GS,Financials,701.09,712.45,701.09,711.7,1753700,yfinance
2025-08-05,GS,Financials,713.63,715.01,700.45,706.68,1977300,yfinance
2025-08-06,GS,Financials,710.2,713.93,707.75,710.44,1477100,yfinance
2025-08-07,GS,Financials,716.2,718.48,703.45,705.54,1400400,yfinance
2025-08-08,GS,Financials,711.54,713.63,704.47,707.04,1275400,yfinance
2025-08-11,GS,Financials,707.95,709.56,701.62,705.05,1273500,yfinance
2025-08-12,GS,Financials,710.97,733.38,710.06,728.71,2418100,yfinance
2025-08-13,GS,Financials,731.06,734.13,718.16,729.99,1862600,yfinance
2025-08-14,GS,Financials,728.06,733.4,722.46,732.46,1371200,yfinance
2025-08-15,GS,Financials,734.22,734.27,714.79,716.3,1645900,yfinance
2025-08-18,GS,Financials,715.1,717.17,709.59,716.54,1157800,yfinance
2025-08-19,GS,Financials,714.77,715.59,703.57,707.14,1856400,yfinance
2025-08-20,GS,Financials,706.97,708.0,691.63,706.46,1872700,yfinance
2025-08-21,GS,Financials,702.4,705.03,698.9,701.82,1162000,yfinance
2025-08-22,GS,Financials,705.93,730.14,704.4,727.25,1948600,yfinance
2025-08-25,GS,Financials,727.25,731.77,723.76,724.21,1381200,yfinance
2025-08-26,GS,Financials,723.15,734.38,719.38,734.17,1511600,yfinance
2025-08-27,GS,Financials,731.25,738.14,730.32,734.88,1534800,yfinance
2025-08-28,GS,Financials,736.17,738.46,732.25,736.4,1411200,yfinance
2025-08-29,GS,Financials,735.89,738.07,728.2,734.45,1467000,yfinance
2025-09-02,GS,Financials,725.72,725.72,710.71,720.26,2296400,yfinance
2025-09-03,GS,Financials,718.01,721.42,711.84,719.98,1485600,yfinance
2025-09-04,GS,Financials,723.12,738.06,720.58,738.05,1778200,yfinance
2025-09-05,GS,Financials,741.29,746.38,716.62,727.52,1822800,yfinance
2025-09-08,GS,Financials,728.71,732.77,722.94,731.1,1400100,yfinance
2025-09-09,GS,Financials,729.41,754.53,727.84,752.85,2611300,yfinance
2025-09-10,GS,Financials,750.82,763.25,750.6,758.43,1996200,yfinance
2025-09-11,GS,Financials,760.82,781.68,760.18,773.36,2075700,yfinance
2025-09-12,GS,Financials,772.15,775.63,765.02,768.76,1099400,yfinance
2025-09-15,GS,Financials,771.61,780.9,770.12,775.36,1292000,yfinance
2025-09-16,GS,Financials,778.09,778.57,768.4,774.15,1529500,yfinance
2025-09-17,GS,Financials,777.43,787.0,773.86,782.72,1945300,yfinance
2025-09-18,GS,Financials,784.05,795.59,780.92,792.66,1501600,yfinance
2025-09-19,GS,Financials,792.44,797.93,785.82,793.34,3789800,yfinance
2025-09-22,GS,Financials,789.53,794.35,785.99,793.89,1151000,yfinance
2025-09-23,GS,Financials,795.41,813.3,790.38,794.64,1758800,yfinance
2025-09-24,GS,Financials,797.82,801.07,780.86,780.95,1402500,yfinance
2025-09-25,GS,Financials,774.61,786.62,770.68,783.25,1413100,yfinance
2025-09-26,GS,Financials,785.61,797.77,783.61,790.89,1376200,yfinance
2025-09-29,GS,Financials,796.1,797.12,786.43,792.47,1059000,yfinance
2025-09-30,GS,Financials,793.83,797.89,775.06,784.81,2463900,yfinance
2025-10-01,GS,Financials,782.12,784.75,771.88,774.13,1788900,yfinance
2025-10-02,GS,Financials,777.45,779.54,761.25,768.09,1553700,yfinance
2025-10-03,GS,Financials,771.66,783.4,766.59,778.54,1470500,yfinance
2025-10-06,GS,Financials,783.48,790.88,768.75,785.24,1632600,yfinance
2025-10-07,GS,Financials,786.44,793.65,770.07,778.21,1547200,yfinance
2025-10-08,GS,Financials,780.28,783.48,763.12,765.26,1939300,yfinance
2025-10-09,GS,Financials,767.57,771.57,760.18,768.66,1575000,yfinance
2025-10-10,GS,Financials,771.78,780.19,752.93,753.29,2457900,yfinance
2025-10-13,GS,Financials,766.61,779.59,766.61,775.38,2766000,yfinance
2025-10-14,GS,Financials,753.38,775.18,731.7,759.59,4710800,yfinance
2025-10-15,GS,Financials,767.34,771.15,751.61,756.81,3217400,yfinance
2025-10-16,GS,Financials,759.5,770.12,741.51,747.11,3160900,yfinance
2025-10-17,GS,Financials,747.17,747.95,729.29,739.89,2884700,yfinance
2025-10-20,GS,Financials,746.03,755.32,741.97,752.26,1925400,yfinance
2025-10-21,GS,Financials,748.01,754.21,747.29,747.99,1782200,yfinance
2025-10-22,GS,Financials,749.59,749.59,732.35,733.81,2141400,yfinance
2025-10-23,GS,Financials,738.49,744.06,733.87,739.9,1615400,yfinance
2025-10-24,GS,Financials,748.84,773.24,745.05,772.52,2505600,yfinance
2025-10-27,GS,Financials,777.57,785.17,775.61,778.55,1645300,yfinance
2025-10-28,GS,Financials,780.58,786.8,775.94,780.62,1242000,yfinance
2025-10-29,GS,Financials,776.59,788.89,767.54,771.72,2251500,yfinance
2025-10-30,GS,Financials,772.21,795.45,769.29,778.71,1829500,yfinance
2025-10-31,GS,Financials,773.61,780.25,771.66,777.94,1328100,yfinance
2025-11-03,GS,Financials,778.13,784.47,770.12,774.14,1569100,yfinance
2025-11-04,GS,Financials,765.74,794.32,761.8,779.37,2046000,yfinance
2025-11-05,GS,Financials,778.99,785.81,764.35,781.6,1832700,yfinance
2025-11-06,GS,Financials,782.5,786.64,765.74,776.17,1572500,yfinance
2025-11-07,GS,Financials,771.66,775.66,751.75,774.95,2098400,yfinance
2025-11-10,GS,Financials,784.55,794.68,777.37,785.65,1698200,yfinance
2025-11-11,GS,Financials,786.91,800.24,784.08,798.57,1521500,yfinance
2025-11-12,GS,Financials,802.34,827.83,802.34,826.82,2954100,yfinance
2025-11-13,GS,Financials,820.99,829.09,793.36,793.83,2557400,yfinance
2025-11-14,GS,Financials,784.03,789.01,766.73,779.45,2552000,yfinance
2025-11-17,GS,Financials,778.56,785.19,759.34,764.33,1850600,yfinance
2025-11-18,GS,Financials,760.88,776.29,755.44,765.05,1673500,yfinance
2025-11-19,GS,Financials,765.05,776.46,763.77,774.6,1521100,yfinance
2025-11-20,GS,Financials,783.73,804.18,761.0,762.49,2599000,yfinance
2025-11-21,GS,Financials,765.58,769.07,743.08,762.82,2284700,yfinance
2025-11-24,GS,Financials,767.36,782.49,764.13,779.26,2319500,yfinance
2025-11-25,GS,Financials,785.45,793.6,766.72,790.7,2252900,yfinance
2025-11-26,GS,Financials,794.17,807.71,793.34,804.19,1862500,yfinance
2025-11-28,GS,Financials,808.12,818.54,807.09,814.07,868300,yfinance
2025-12-01,GS,Financials,806.73,812.78,797.88,799.11,2133200,yfinance
2025-12-02,GS,Financials,803.33,811.83,800.54,807.38,2254200,yfinance
2025-12-03,GS,Financials,805.15,829.87,805.15,828.54,2347900,yfinance
2025-12-04,GS,Financials,827.52,835.89,826.49,829.79,1670800,yfinance
2025-12-05,GS,Financials,829.22,847.98,828.49,846.36,2277500,yfinance
2025-12-08,GS,Financials,852.83,862.2,848.08,858.37,2238100,yfinance
2025-12-09,GS,Financials,857.69,875.24,856.01,868.16,2274800,yfinance
2025-12-10,GS,Financials,862.98,888.59,860.92,880.7,2394300,yfinance
2025-12-11,GS,Financials,881.44,910.28,879.48,902.28,2683000,yfinance
2025-12-12,GS,Financials,904.98,906.21,878.47,879.44,2715200,yfinance
2025-12-15,GS,Financials,883.44,895.79,881.05,881.05,1976600,yfinance
2025-12-16,GS,Financials,881.68,887.64,865.93,870.71,2161600,yfinance
2025-12-17,GS,Financials,877.82,887.37,860.1,863.96,2213300,yfinance
2025-12-18,GS,Financials,872.05,884.22,866.3,867.89,2066300,yfinance
2025-12-19,GS,Financials,874.69,891.11,873.48,884.9,4808300,yfinance
2025-12-22,GS,Financials,887.91,896.79,886.25,890.37,1442300,yfinance
2025-12-23,GS,Financials,891.71,897.22,885.12,893.05,1210200,yfinance
2025-12-24,GS,Financials,892.51,903.13,890.07,902.04,771800,yfinance
2025-12-26,GS,Financials,902.25,904.55,896.62,898.33,995300,yfinance
2025-12-29,GS,Financials,897.75,897.78,883.0,883.61,1578000,yfinance
2025-12-30,GS,Financials,886.15,886.43,872.72,875.93,1833300,yfinance
2025-12-31,GS,Financials,875.61,877.49,868.37,870.56,1221500,yfinance
2026-01-02,GS,Financials,875.51,905.66,872.29,905.56,2817600,yfinance
2026-01-05,GS,Financials,905.62,952.46,903.84,939.33,3742000,yfinance
2026-01-06,GS,Financials,940.3,949.37,934.19,946.3,1966000,yfinance
2026-01-07,GS,Financials,947.69,949.05,925.03,931.99,2683300,yfinance
2026-01-08,GS,Financials,926.5,936.12,923.05,925.86,1960800,yfinance
2026-01-09,GS,Financials,929.76,937.06,923.75,929.97,1334100,yfinance
2026-01-12,GS,Financials,925.03,941.43,920.19,940.43,2179600,yfinance
2026-01-13,GS,Financials,938.23,940.82,922.06,929.14,1969600,yfinance
2026-01-14,GS,Financials,923.35,929.14,909.09,923.72,2513000,yfinance
2026-01-15,GS,Financials,916.02,971.84,915.79,966.49,3773700,yfinance
2026-01-16,GS,Financials,963.66,975.25,947.81,952.76,3071600,yfinance
2026-01-20,GS,Financials,937.29,953.36,930.08,934.31,2629100,yfinance
2026-01-21,GS,Financials,934.94,959.62,934.39,943.86,2251300,yfinance
2026-01-22,GS,Financials,950.84,961.63,941.68,945.49,2468300,yfinance
2026-01-23,GS,Financials,925.11,928.19,908.25,910.06,3872600,yfinance
2026-01-26,GS,Financials,909.59,924.78,909.17,922.91,2655900,yfinance
2026-01-27,GS,Financials,915.13,924.44,911.55,920.79,2012500,yfinance
2026-01-28,GS,Financials,923.56,928.17,913.9,927.82,1674100,yfinance
2026-01-29,GS,Financials,928.3,946.21,916.25,931.09,2335400,yfinance
2026-01-30,GS,Financials,924.98,937.91,914.31,926.43,1893700,yfinance
2026-02-02,GS,Financials,923.18,940.33,903.32,937.25,1802000,yfinance
2026-02-03,GS,Financials,940.38,955.24,910.24,929.98,2321900,yfinance
2026-02-04,GS,Financials,928.12,935.1,885.22,904.53,3561900,yfinance
2026-02-05,GS,Financials,893.01,902.09,868.3,881.86,3214300,yfinance
2026-02-06,GS,Financials,899.15,922.82,898.52,919.83,2473200,yfinance
2026-02-09,GS,Financials,920.08,939.89,918.21,934.56,2322600,yfinance
2026-02-10,GS,Financials,936.62,952.6,921.0,939.88,3324900,yfinance
2026-02-11,GS,Financials,941.51,958.84,922.34,935.52,2654300,yfinance
2026-02-12,GS,Financials,946.99,959.09,895.3,895.87,3188700,yfinance
2026-02-13,GS,Financials,885.82,897.29,860.66,896.45,2623000,yfinance
2026-02-17,GS,Financials,899.02,912.7,896.99,907.25,2008500,yfinance
2026-02-18,GS,Financials,912.73,938.6,911.15,924.77,1864900,yfinance
2026-02-19,GS,Financials,916.12,920.74,897.79,907.85,1974200,yfinance
2026-02-20,GS,Financials,903.79,913.52,891.92,913.39,2009100,yfinance
2026-02-23,GS,Financials,909.68,923.05,875.27,883.74,2535900,yfinance
2026-02-24,GS,Financials,876.94,903.02,873.19,893.61,1971500,yfinance
2026-02-25,GS,Financials,905.94,913.65,898.81,912.53,1763600,yfinance
2026-02-26,GS,Financials,918.85,929.38,912.69,920.08,2220300,yfinance
2026-02-27,GS,Financials,903.24,907.45,845.95,851.32,5552300,yfinance
2026-03-02,GS,Financials,836.31,869.8,832.33,857.92,2873200,yfinance
2026-03-03,GS,Financials,832.33,864.53,821.02,858.8,3782100,yfinance
2026-03-04,GS,Financials,866.02,874.94,856.23,863.44,2081700,yfinance
2026-03-05,GS,Financials,858.23,862.72,818.59,831.79,3093700,yfinance
2026-03-06,GS,Financials,812.42,823.53,797.81,817.82,2473000,yfinance
2026-03-09,GS,Financials,806.45,833.01,791.51,828.38,3258200,yfinance
2026-03-10,GS,Financials,831.02,842.38,822.72,830.15,1871900,yfinance
2026-03-11,GS,Financials,826.31,829.15,806.98,820.15,2227000,yfinance
2026-03-12,GS,Financials,801.79,803.67,780.66,784.06,3533000,yfinance
2026-03-13,GS,Financials,785.9,794.5,777.08,778.78,2567400,yfinance
2026-03-16,GS,Financials,788.52,801.93,786.53,791.28,2082700,yfinance
2026-03-17,GS,Financials,802.76,816.84,799.94,803.5,1955600,yfinance
2026-03-18,GS,Financials,797.49,812.61,797.49,801.95,1541300,yfinance
2026-03-19,GS,Financials,789.45,812.6,787.12,805.95,1765900,yfinance
2026-03-20,GS,Financials,803.46,823.6,801.4,809.96,3918400,yfinance
2026-03-23,GS,Financials,829.34,845.8,825.36,827.62,2190300,yfinance
2026-03-24,GS,Financials,821.31,840.79,814.41,832.05,1656100,yfinance
2026-03-25,GS,Financials,841.3,851.0,830.24,838.15,1628900,yfinance
2026-03-26,GS,Financials,830.13,841.09,812.53,819.03,2052200,yfinance
2026-03-27,GS,Financials,810.1,813.51,794.28,799.37,2106800,yfinance
2026-03-30,GS,Financials,807.56,815.04,798.36,804.06,1621400,yfinance
2026-03-31,GS,Financials,820.28,844.78,806.45,842.28,2689800,yfinance
2026-04-01,GS,Financials,856.18,866.38,846.42,856.44,1803600,yfinance
2026-04-02,GS,Financials,834.71,863.49,827.35,859.25,1717700,yfinance
2026-04-06,GS,Financials,859.21,869.38,856.0,862.25,1444500,yfinance
2026-04-07,GS,Financials,854.24,864.16,846.27,860.36,1498400,yfinance
2026-04-08,GS,Financials,899.05,914.09,889.68,901.78,2439000,yfinance
2026-04-09,GS,Financials,898.04,905.41,891.36,899.75,1797800,yfinance
2026-04-10,GS,Financials,899.41,904.97,891.07,903.82,1642700,yfinance
2026-04-13,GS,Financials,871.71,893.0,861.54,886.88,4236200,yfinance
2026-04-14,GS,Financials,890.5,910.18,886.19,905.64,2822600,yfinance
2026-04-15,GS,Financials,910.99,923.72,893.16,895.54,2403900,yfinance
2026-04-16,GS,Financials,894.05,903.98,891.92,896.05,1742100,yfinance
2026-04-17,GS,Financials,911.48,925.11,908.22,921.89,2805100,yfinance
2026-04-20,GS,Financials,919.63,937.67,918.94,937.61,2374300,yfinance
2026-04-21,GS,Financials,940.36,947.83,918.49,922.48,1765400,yfinance
2026-04-22,GS,Financials,934.88,936.85,927.06,930.74,1382600,yfinance
2026-04-23,GS,Financials,930.9,940.25,916.65,927.21,1655000,yfinance
2026-04-24,GS,Financials,926.41,928.83,915.19,922.84,1263300,yfinance
2026-04-27,GS,Financials,921.98,937.6,921.94,933.7,1223000,yfinance
2026-04-28,GS,Financials,937.11,941.15,920.18,922.48,1501600,yfinance
2026-04-29,GS,Financials,923.43,925.92,895.21,901.63,1725900,yfinance
2026-04-30,GS,Financials,906.42,923.93,901.03,919.72,1880300,yfinance
2026-05-01,GS,Financials,912.38,931.67,908.14,919.66,1359800,yfinance
2026-05-04,GS,Financials,918.22,920.94,895.06,899.31,1660100,yfinance
2026-05-05,GS,Financials,905.74,917.71,904.23,914.86,1507200,yfinance
2026-05-06,GS,Financials,931.82,939.92,927.24,933.24,2318200,yfinance
2026-05-07,GS,Financials,933.81,941.14,917.93,921.81,1715300,yfinance
2026-05-08,GS,Financials,931.89,935.66,923.39,932.37,1665000,yfinance
2026-05-11,GS,Financials,928.56,945.61,922.56,940.71,2411400,yfinance
2026-05-12,GS,Financials,938.03,944.34,916.76,941.75,2236500,yfinance
2026-05-13,GS,Financials,937.71,955.34,928.99,951.23,2355200,yfinance
2026-05-14,GS,Financials,962.66,971.38,956.29,964.71,1898000,yfinance
2026-05-15,GS,Financials,949.47,955.29,937.48,944.31,1862700,yfinance
2026-05-18,GS,Financials,943.58,957.47,934.43,942.21,1508000,yfinance
2026-05-19,GS,Financials,929.13,935.52,919.76,924.66,1767300,yfinance
2026-05-20,GS,Financials,940.85,978.42,936.37,977.81,3104400,yfinance
2026-05-21,GS,Financials,977.9,995.11,966.04,983.83,2452300,yfinance
2026-05-22,GS,Financials,990.27,1000.95,986.55,992.36,1923500,yfinance
2026-05-26,GS,Financials,1002.11,1012.08,982.7,990.16,2080600,yfinance
2026-05-27,GS,Financials,991.54,999.25,970.14,992.1,2195000,yfinance
2026-05-28,GS,Financials,982.09,1005.54,978.14,1003.95,2273000,yfinance
2026-05-29,GS,Financials,1004.84,1022.71,999.59,1021.06,2158000,yfinance
2026-06-01,GS,Financials,1015.33,1051.2,1011.6,1048.58,2666700,yfinance
2026-06-02,GS,Financials,1049.74,1073.97,1047.89,1064.58,2125600,yfinance
2026-06-03,GS,Financials,1055.28,1055.97,1031.01,1041.02,2562200,yfinance
2026-06-04,GS,Financials,1052.87,1095.9,1050.0,1092.61,2608800,yfinance
2026-06-05,GS,Financials,1092.82,1098.36,1035.6,1038.68,2643800,yfinance
2023-09-12,JNJ,Healthcare,149.7,151.28,149.06,150.95,6045800,yfinance
2023-09-13,JNJ,Healthcare,151.12,152.22,150.42,151.33,7397500,yfinance
2023-09-14,JNJ,Healthcare,151.97,152.51,150.82,151.1,7758400,yfinance
2023-09-15,JNJ,Healthcare,151.32,152.1,148.77,148.99,13392100,yfinance
2023-09-18,JNJ,Healthcare,149.61,150.56,148.34,149.93,5789000,yfinance
2023-09-19,JNJ,Healthcare,149.73,150.28,148.92,149.68,5550800,yfinance
2023-09-20,JNJ,Healthcare,149.67,150.92,149.18,150.33,3837400,yfinance
2023-09-21,JNJ,Healthcare,150.02,150.88,149.12,149.18,4526700,yfinance
2023-09-22,JNJ,Healthcare,148.85,148.94,147.88,148.11,4976700,yfinance
2023-09-25,JNJ,Healthcare,147.71,147.98,146.48,147.89,6722500,yfinance
2023-09-26,JNJ,Healthcare,147.47,147.72,146.6,146.75,4904800,yfinance
2023-09-27,JNJ,Healthcare,146.34,146.51,143.28,144.98,10211600,yfinance
2023-09-28,JNJ,Healthcare,145.34,145.77,144.16,144.77,7861900,yfinance
2023-09-29,JNJ,Healthcare,145.22,145.43,143.36,143.73,7680700,yfinance
2023-10-02,JNJ,Healthcare,143.42,143.42,141.49,143.17,7259700,yfinance
2023-10-03,JNJ,Healthcare,142.74,143.5,142.01,143.35,5740800,yfinance
2023-10-04,JNJ,Healthcare,143.56,143.89,142.64,143.52,4955200,yfinance
2023-10-05,JNJ,Healthcare,144.21,145.84,144.02,145.01,5993300,yfinance
2023-10-06,JNJ,Healthcare,144.95,146.08,144.5,145.47,5802200,yfinance
2023-10-09,JNJ,Healthcare,145.05,146.62,144.96,146.3,4414100,yfinance
2023-10-10,JNJ,Healthcare,146.15,146.98,145.71,146.14,5273500,yfinance
2023-10-11,JNJ,Healthcare,146.23,146.77,144.0,144.12,6922900,yfinance
2023-10-12,JNJ,Healthcare,143.88,144.48,143.1,144.26,5792400,yfinance
2023-10-13,JNJ,Healthcare,144.63,145.21,144.0,144.74,5359800,yfinance
2023-10-16,JNJ,Healthcare,145.64,146.03,144.73,145.37,6408100,yfinance
2023-10-17,JNJ,Healthcare,143.94,146.68,142.68,144.04,12244400,yfinance
2023-10-18,JNJ,Healthcare,143.41,143.91,140.31,140.94,9097300,yfinance
2023-10-19,JNJ,Healthcare,139.96,141.29,138.56,140.56,7733800,yfinance
2023-10-20,JNJ,Healthcare,140.95,141.99,140.57,141.19,7207000,yfinance
2023-10-23,JNJ,Healthcare,141.06,141.65,139.54,139.7,5874000,yfinance
2023-10-24,JNJ,Healthcare,139.11,140.23,138.54,139.56,6155300,yfinance
2023-10-25,JNJ,Healthcare,139.57,140.42,138.63,139.87,5880800,yfinance
2023-10-26,JNJ,Healthcare,140.24,140.24,137.39,137.5,7612500,yfinance
2023-10-27,JNJ,Healthcare,137.03,137.18,133.76,134.36,11385800,yfinance
2023-10-30,JNJ,Healthcare,134.81,135.87,134.73,135.68,8205300,yfinance
2023-10-31,JNJ,Healthcare,136.15,137.07,135.32,136.89,7576900,yfinance
2023-11-01,JNJ,Healthcare,137.67,138.2,137.0,137.21,5733000,yfinance
2023-11-02,JNJ,Healthcare,136.31,138.79,136.15,138.64,5349100,yfinance
2023-11-03,JNJ,Healthcare,139.54,140.52,138.56,139.66,4926800,yfinance
2023-11-06,JNJ,Healthcare,140.06,140.66,139.69,139.99,4851400,yfinance
2023-11-07,JNJ,Healthcare,140.2,140.5,139.05,139.25,4840400,yfinance
2023-11-08,JNJ,Healthcare,139.67,140.11,138.74,138.74,5460000,yfinance
2023-11-09,JNJ,Healthcare,138.88,138.88,135.89,136.04,6973600,yfinance
2023-11-10,JNJ,Healthcare,136.81,137.04,134.4,135.88,6930700,yfinance
2023-11-13,JNJ,Healthcare,135.88,136.48,135.33,136.23,5889300,yfinance
2023-11-14,JNJ,Healthcare,136.24,137.07,135.63,136.26,6713600,yfinance
2023-11-15,JNJ,Healthcare,135.98,137.89,135.9,137.31,6729100,yfinance
2023-11-16,JNJ,Healthcare,137.96,138.58,137.17,138.51,6875600,yfinance
2023-11-17,JNJ,Healthcare,138.93,139.15,137.56,138.23,7023300,yfinance
2023-11-20,JNJ,Healthcare,137.59,139.9,137.24,139.45,8851700,yfinance
2023-11-21,JNJ,Healthcare,139.62,140.73,139.17,140.57,5916300,yfinance
2023-11-22,JNJ,Healthcare,141.05,141.43,139.89,140.29,4633500,yfinance
2023-11-24,JNJ,Healthcare,140.33,142.02,140.33,141.86,3351400,yfinance
2023-11-27,JNJ,Healthcare,141.66,141.69,140.43,140.72,6449700,yfinance
2023-11-28,JNJ,Healthcare,140.83,141.21,140.31,141.05,5909000,yfinance
2023-11-29,JNJ,Healthcare,140.77,141.58,140.53,141.49,5190000,yfinance
2023-11-30,JNJ,Healthcare,141.63,144.31,141.32,143.86,12481900,yfinance
2023-12-01,JNJ,Healthcare,145.52,147.4,144.62,147.32,10342900,yfinance
2023-12-04,JNJ,Healthcare,146.97,148.85,146.97,147.79,8920300,yfinance
2023-12-05,JNJ,Healthcare,147.72,148.49,147.18,147.48,7268200,yfinance
2023-12-06,JNJ,Healthcare,147.46,147.59,145.27,145.69,6642900,yfinance
2023-12-07,JNJ,Healthcare,145.65,145.65,143.91,144.55,6532400,yfinance
2023-12-08,JNJ,Healthcare,144.57,144.97,143.1,143.64,6254700,yfinance
2023-12-11,JNJ,Healthcare,143.72,144.63,143.58,144.24,6090400,yfinance
2023-12-12,JNJ,Healthcare,144.18,144.48,142.93,144.25,5324400,yfinance
2023-12-13,JNJ,Healthcare,142.93,145.06,141.18,144.92,10764600,yfinance
2023-12-14,JNJ,Healthcare,145.55,146.19,144.23,145.92,9240700,yfinance
2023-12-15,JNJ,Healthcare,144.64,145.75,143.03,144.33,21727800,yfinance
2023-12-18,JNJ,Healthcare,144.38,145.52,143.96,144.59,7231400,yfinance
2023-12-19,JNJ,Healthcare,144.46,145.58,144.13,145.54,6651500,yfinance
2023-12-20,JNJ,Healthcare,145.61,145.73,142.42,142.57,7008300,yfinance
2023-12-21,JNJ,Healthcare,142.96,144.3,142.6,144.03,4598600,yfinance
2023-12-22,JNJ,Healthcare,144.41,145.6,144.2,144.61,3798900,yfinance
2023-12-26,JNJ,Healthcare,144.18,145.44,144.04,145.24,4170000,yfinance
2023-12-27,JNJ,Healthcare,144.65,145.59,144.57,145.44,5288100,yfinance
2023-12-28,JNJ,Healthcare,145.11,146.26,145.1,145.65,4377500,yfinance
2023-12-29,JNJ,Healthcare,145.59,145.95,145.09,145.8,4313700,yfinance
2024-01-02,JNJ,Healthcare,145.98,150.36,145.85,148.8,9622100,yfinance
2024-01-03,JNJ,Healthcare,149.43,150.17,148.65,149.73,8232000,yfinance
2024-01-04,JNJ,Healthcare,150.31,150.67,149.22,149.42,6766600,yfinance
2024-01-05,JNJ,Healthcare,149.3,150.08,148.34,149.88,5602500,yfinance
2024-01-08,JNJ,Healthcare,149.86,150.38,148.47,150.26,6569800,yfinance
2024-01-09,JNJ,Healthcare,150.35,151.88,149.39,150.35,6357000,yfinance
2024-01-10,JNJ,Healthcare,150.52,151.27,149.95,150.57,4945100,yfinance
2024-01-11,JNJ,Healthcare,150.76,150.88,149.56,149.9,4946000,yfinance
2024-01-12,JNJ,Healthcare,150.54,151.13,150.4,151.06,4496900,yfinance
2024-01-16,JNJ,Healthcare,150.29,150.92,149.0,149.32,6923200,yfinance
2024-01-17,JNJ,Healthcare,149.06,150.04,148.71,149.23,5072100,yfinance
2024-01-18,JNJ,Healthcare,148.83,150.11,148.54,149.96,5368500,yfinance
2024-01-19,JNJ,Healthcare,149.9,150.62,149.09,150.39,7071300,yfinance
2024-01-22,JNJ,Healthcare,150.69,152.16,150.08,151.13,6824200,yfinance
2024-01-23,JNJ,Healthcare,148.52,149.31,145.96,148.66,9149800,yfinance
2024-01-24,JNJ,Healthcare,148.6,149.39,147.12,147.86,7247900,yfinance
2024-01-25,JNJ,Healthcare,147.9,148.48,147.41,148.42,5478900,yfinance
2024-01-26,JNJ,Healthcare,149.23,149.52,148.24,148.37,5591900,yfinance
2024-01-29,JNJ,Healthcare,147.91,148.9,147.86,148.24,6483200,yfinance
2024-01-30,JNJ,Healthcare,148.23,148.61,147.09,147.69,7200500,yfinance
2024-01-31,JNJ,Healthcare,149.2,149.41,147.59,147.81,8256800,yfinance
2024-02-01,JNJ,Healthcare,147.12,147.43,146.09,147.31,8012000,yfinance
2024-02-02,JNJ,Healthcare,146.94,147.26,145.06,145.68,8295900,yfinance
2024-02-05,JNJ,Healthcare,145.68,145.94,144.5,144.93,9121600,yfinance
2024-02-06,JNJ,Healthcare,144.95,147.65,144.74,147.03,9229900,yfinance
2024-02-07,JNJ,Healthcare,146.79,148.25,146.68,146.95,8690300,yfinance
2024-02-08,JNJ,Healthcare,146.36,146.36,144.47,145.48,9755000,yfinance
2024-02-09,JNJ,Healthcare,145.36,146.23,144.8,145.82,6529200,yfinance
2024-02-12,JNJ,Healthcare,145.65,147.35,145.44,146.83,6701500,yfinance
2024-02-13,JNJ,Healthcare,146.64,147.39,144.88,145.55,8621000,yfinance
2024-02-14,JNJ,Healthcare,145.44,145.54,144.03,144.87,9098800,yfinance
2024-02-15,JNJ,Healthcare,145.09,147.42,145.01,146.9,7462500,yfinance
2024-02-16,JNJ,Healthcare,146.78,147.39,145.9,146.73,8541000,yfinance
2024-02-20,JNJ,Healthcare,146.74,148.66,146.63,147.96,9501700,yfinance
2024-02-21,JNJ,Healthcare,148.11,148.73,147.27,148.72,7472500,yfinance
2024-02-22,JNJ,Healthcare,149.01,150.66,147.87,150.38,8065000,yfinance
2024-02-23,JNJ,Healthcare,150.79,152.07,150.11,151.69,6726000,yfinance
2024-02-26,JNJ,Healthcare,151.65,151.85,150.5,150.7,5465400,yfinance
2024-02-27,JNJ,Healthcare,150.28,150.94,149.62,150.88,5078600,yfinance
2024-02-28,JNJ,Healthcare,150.9,151.47,150.23,151.41,6071100,yfinance
2024-02-29,JNJ,Healthcare,151.84,152.01,150.84,151.26,9849100,yfinance
2024-03-01,JNJ,Healthcare,151.68,152.37,150.98,151.95,5670100,yfinance
2024-03-04,JNJ,Healthcare,151.2,151.47,148.34,149.81,8532900,yfinance
2024-03-05,JNJ,Healthcare,150.54,151.12,149.21,149.93,8298200,yfinance
2024-03-06,JNJ,Healthcare,149.46,150.83,149.23,149.34,5773700,yfinance
2024-03-07,JNJ,Healthcare,149.96,150.3,148.31,148.9,5188700,yfinance
2024-03-08,JNJ,Healthcare,148.9,150.33,148.49,149.51,5284000,yfinance
2024-03-11,JNJ,Healthcare,149.48,151.2,148.91,151.11,4620800,yfinance
2024-03-12,JNJ,Healthcare,151.44,152.88,151.02,152.53,8018700,yfinance
2024-03-13,JNJ,Healthcare,152.33,152.47,149.78,150.99,6260000,yfinance
2024-03-14,JNJ,Healthcare,150.84,151.41,148.73,149.22,6988300,yfinance
2024-03-15,JNJ,Healthcare,148.14,149.2,147.24,148.26,13165500,yfinance
2024-03-18,JNJ,Healthcare,148.62,148.73,146.68,146.93,6602300,yfinance
2024-03-19,JNJ,Healthcare,146.84,147.02,145.89,146.41,7840600,yfinance
2024-03-20,JNJ,Healthcare,145.93,146.63,145.47,145.99,5982300,yfinance
2024-03-21,JNJ,Healthcare,145.83,147.1,145.37,145.98,5915800,yfinance
2024-03-22,JNJ,Healthcare,145.92,146.55,145.38,145.49,7248600,yfinance
2024-03-25,JNJ,Healthcare,145.65,146.19,145.18,145.48,7498100,yfinance
2024-03-26,JNJ,Healthcare,145.85,146.43,145.05,146.0,6864100,yfinance
2024-03-27,JNJ,Healthcare,146.2,148.29,145.69,148.05,8461600,yfinance
2024-03-28,JNJ,Healthcare,148.27,149.16,148.19,148.27,6181500,yfinance
2024-04-01,JNJ,Healthcare,147.82,148.23,146.93,147.88,4364700,yfinance
2024-04-02,JNJ,Healthcare,146.75,147.93,146.17,147.83,6102300,yfinance
2024-04-03,JNJ,Healthcare,147.89,148.13,144.57,144.58,8098200,yfinance
2024-04-04,JNJ,Healthcare,145.57,145.74,142.85,142.93,6947400,yfinance
2024-04-05,JNJ,Healthcare,142.49,143.41,142.1,142.83,6783000,yfinance
2024-04-08,JNJ,Healthcare,142.45,143.44,142.05,142.08,5935400,yfinance
2024-04-09,JNJ,Healthcare,142.04,142.96,141.47,142.74,6135300,yfinance
2024-04-10,JNJ,Healthcare,142.02,142.3,140.36,140.78,6809500,yfinance
2024-04-11,JNJ,Healthcare,141.34,141.4,139.08,139.46,8374400,yfinance
2024-04-12,JNJ,Healthcare,138.77,139.72,137.92,138.26,7100200,yfinance
2024-04-15,JNJ,Healthcare,139.06,140.11,138.12,138.33,8502300,yfinance
2024-04-16,JNJ,Healthcare,135.91,137.07,134.39,135.39,12774900,yfinance
2024-04-17,JNJ,Healthcare,135.9,136.29,134.53,135.69,9378100,yfinance
2024-04-18,JNJ,Healthcare,135.88,136.65,134.15,136.6,9887700,yfinance
2024-04-19,JNJ,Healthcare,136.98,138.84,135.47,138.63,9750800,yfinance
2024-04-22,JNJ,Healthcare,139.19,140.84,138.06,139.76,10118700,yfinance
2024-04-23,JNJ,Healthcare,140.46,141.05,138.9,140.18,10110400,yfinance
2024-04-24,JNJ,Healthcare,138.85,139.64,137.65,139.21,9756300,yfinance
2024-04-25,JNJ,Healthcare,140.0,140.2,137.15,137.61,7642700,yfinance
2024-04-26,JNJ,Healthcare,137.5,137.95,136.79,136.97,6183000,yfinance
2024-04-29,JNJ,Healthcare,136.97,137.98,136.83,137.61,6149600,yfinance
2024-04-30,JNJ,Healthcare,137.67,137.67,135.46,135.52,8817700,yfinance
2024-05-01,JNJ,Healthcare,139.41,142.32,138.36,141.7,14470900,yfinance
2024-05-02,JNJ,Healthcare,142.5,142.77,139.78,140.51,8459800,yfinance
2024-05-03,JNJ,Healthcare,140.49,140.49,138.55,139.91,6532700,yfinance
2024-05-06,JNJ,Healthcare,140.47,140.64,138.63,139.26,5042800,yfinance
2024-05-07,JNJ,Healthcare,140.01,140.34,139.14,139.39,7333500,yfinance
2024-05-08,JNJ,Healthcare,139.76,140.34,139.37,139.61,7735100,yfinance
2024-05-09,JNJ,Healthcare,139.63,140.68,139.55,140.45,6546200,yfinance
2024-05-10,JNJ,Healthcare,140.59,140.67,139.83,140.5,5710600,yfinance
2024-05-13,JNJ,Healthcare,140.63,142.46,140.32,141.73,5628500,yfinance
2024-05-14,JNJ,Healthcare,142.32,142.66,141.25,141.88,8254200,yfinance
2024-05-15,JNJ,Healthcare,142.3,143.35,141.81,143.09,5548000,yfinance
2024-05-16,JNJ,Healthcare,143.4,144.69,142.77,144.6,7591000,yfinance
2024-05-17,JNJ,Healthcare,145.14,145.14,144.07,144.94,6521800,yfinance
2024-05-20,JNJ,Healthcare,144.65,144.93,142.92,142.93,7742300,yfinance
2024-05-21,JNJ,Healthcare,143.41,144.17,142.47,142.9,5492400,yfinance
2024-05-22,JNJ,Healthcare,142.52,145.58,142.03,145.03,6609800,yfinance
2024-05-23,JNJ,Healthcare,144.32,144.41,141.14,141.44,8000400,yfinance
2024-05-24,JNJ,Healthcare,141.28,141.55,138.66,138.86,9520600,yfinance
2024-05-28,JNJ,Healthcare,138.69,138.69,136.2,136.42,10499800,yfinance
2024-05-29,JNJ,Healthcare,135.89,137.4,135.78,136.47,8263800,yfinance
2024-05-30,JNJ,Healthcare,136.64,137.58,136.08,137.27,8490300,yfinance
2024-05-31,JNJ,Healthcare,137.54,139.34,137.18,138.58,14621200,yfinance
2024-06-03,JNJ,Healthcare,139.13,140.69,138.67,139.59,7329200,yfinance
2024-06-04,JNJ,Healthcare,139.34,140.13,138.13,139.65,8876400,yfinance
2024-06-05,JNJ,Healthcare,139.81,139.83,137.8,137.92,5891300,yfinance
2024-06-06,JNJ,Healthcare,137.47,138.89,136.68,138.34,5016300,yfinance
2024-06-07,JNJ,Healthcare,138.59,140.12,138.27,138.97,5111600,yfinance
2024-06-10,JNJ,Healthcare,138.45,139.42,137.57,139.01,5749900,yfinance
2024-06-11,JNJ,Healthcare,138.71,139.04,137.42,138.66,5661200,yfinance
2024-06-12,JNJ,Healthcare,138.95,139.09,136.79,137.39,6180500,yfinance
2024-06-13,JNJ,Healthcare,137.07,137.95,135.94,137.43,6840400,yfinance
2024-06-14,JNJ,Healthcare,137.13,137.92,136.51,137.51,4075300,yfinance
2024-06-17,JNJ,Healthcare,137.02,138.35,136.76,137.9,6666600,yfinance
2024-06-18,JNJ,Healthcare,137.91,138.31,137.25,137.62,6156600,yfinance
2024-06-20,JNJ,Healthcare,137.26,139.91,137.01,139.63,8749700,yfinance
2024-06-21,JNJ,Healthcare,139.73,140.86,139.24,140.54,15172300,yfinance
2024-06-24,JNJ,Healthcare,140.78,141.46,140.0,140.89,6914700,yfinance
2024-06-25,JNJ,Healthcare,140.95,140.97,138.83,139.07,5912500,yfinance
2024-06-26,JNJ,Healthcare,138.14,139.07,137.74,138.72,5267800,yfinance
2024-06-27,JNJ,Healthcare,138.7,139.23,136.85,137.76,5739200,yfinance
2024-06-28,JNJ,Healthcare,137.98,138.96,137.62,138.1,10495700,yfinance
2024-07-01,JNJ,Healthcare,138.01,140.5,137.59,138.36,5144400,yfinance
2024-07-02,JNJ,Healthcare,138.35,139.03,137.7,137.97,5492000,yfinance
2024-07-03,JNJ,Healthcare,138.14,138.56,136.76,137.65,3246200,yfinance
2024-07-05,JNJ,Healthcare,137.73,138.47,136.53,138.4,4888500,yfinance
2024-07-08,JNJ,Healthcare,138.32,139.1,137.24,137.46,5260200,yfinance
2024-07-09,JNJ,Healthcare,137.63,139.01,137.17,138.94,5890400,yfinance
2024-07-10,JNJ,Healthcare,139.14,141.22,138.59,141.19,6093200,yfinance
2024-07-11,JNJ,Healthcare,141.33,142.27,140.44,141.44,6350400,yfinance
2024-07-12,JNJ,Healthcare,141.73,142.56,141.01,141.61,5336400,yfinance
2024-07-15,JNJ,Healthcare,141.8,141.96,140.66,141.01,6711400,yfinance
2024-07-16,JNJ,Healthcare,141.43,142.75,140.93,142.68,6469600,yfinance
2024-07-17,JNJ,Healthcare,143.19,148.8,143.07,147.94,13801400,yfinance
2024-07-18,JNJ,Healthcare,147.02,148.41,146.09,146.85,10166200,yfinance
2024-07-19,JNJ,Healthcare,147.88,147.88,145.62,146.16,7398000,yfinance
2024-07-22,JNJ,Healthcare,146.23,146.55,145.12,145.73,6840600,yfinance
2024-07-23,JNJ,Healthcare,144.85,145.03,143.21,143.95,6261900,yfinance
2024-07-24,JNJ,Healthcare,144.33,147.78,143.93,147.66,7168200,yfinance
2024-07-25,JNJ,Healthcare,147.85,151.72,147.39,150.83,10019600,yfinance
2024-07-26,JNJ,Healthcare,150.94,152.67,150.67,151.78,8356900,yfinance
2024-07-29,JNJ,Healthcare,151.15,151.17,149.33,149.81,5625000,yfinance
2024-07-30,JNJ,Healthcare,149.79,152.64,149.62,152.43,6545700,yfinance
2024-07-31,JNJ,Healthcare,151.03,151.5,149.04,149.14,8293200,yfinance
2024-08-01,JNJ,Healthcare,149.74,151.94,149.01,151.89,7213400,yfinance
2024-08-02,JNJ,Healthcare,152.97,155.76,152.12,155.09,11280400,yfinance
2024-08-05,JNJ,Healthcare,154.76,156.64,151.72,152.36,12032200,yfinance
2024-08-06,JNJ,Healthcare,152.17,152.57,150.17,150.2,7607100,yfinance
2024-08-07,JNJ,Healthcare,150.11,151.76,149.46,150.13,5993000,yfinance
2024-08-08,JNJ,Healthcare,149.82,151.84,149.31,151.38,5094800,yfinance
2024-08-09,JNJ,Healthcare,151.29,152.05,150.55,151.76,4579200,yfinance
2024-08-12,JNJ,Healthcare,152.09,152.78,149.96,151.06,7605400,yfinance
2024-08-13,JNJ,Healthcare,151.43,151.52,147.81,149.65,9711400,yfinance
2024-08-14,JNJ,Healthcare,149.12,150.75,148.72,149.74,5141200,yfinance
2024-08-15,JNJ,Healthcare,149.63,150.7,149.13,150.31,7237800,yfinance
2024-08-16,JNJ,Healthcare,150.36,151.12,149.45,150.6,5012800,yfinance
2024-08-19,JNJ,Healthcare,150.66,151.45,150.35,150.82,4408400,yfinance
2024-08-20,JNJ,Healthcare,151.17,152.05,150.86,151.33,7275100,yfinance
2024-08-21,JNJ,Healthcare,151.55,152.57,151.47,152.53,5019400,yfinance
2024-08-22,JNJ,Healthcare,153.06,153.53,151.92,153.39,6552100,yfinance
2024-08-23,JNJ,Healthcare,153.54,155.16,152.78,155.08,7093400,yfinance
2024-08-26,JNJ,Healthcare,155.11,156.57,154.52,155.53,6870600,yfinance
2024-08-27,JNJ,Healthcare,155.65,156.17,154.38,155.13,4388700,yfinance
2024-08-28,JNJ,Healthcare,155.18,157.08,154.9,156.05,5187000,yfinance
2024-08-29,JNJ,Healthcare,156.73,156.82,155.52,156.35,7390100,yfinance
2024-08-30,JNJ,Healthcare,156.24,158.01,155.95,157.9,7971000,yfinance
2024-09-03,JNJ,Healthcare,157.31,159.76,156.86,159.14,6956500,yfinance
2024-09-04,JNJ,Healthcare,159.76,160.75,158.07,159.33,6939100,yfinance
2024-09-05,JNJ,Healthcare,159.18,159.34,156.92,157.07,4600400,yfinance
2024-09-06,JNJ,Healthcare,157.25,157.98,156.24,156.49,6016900,yfinance
2024-09-09,JNJ,Healthcare,156.93,159.38,156.58,158.61,7538200,yfinance
2024-09-10,JNJ,Healthcare,159.46,160.38,158.75,159.35,6559600,yfinance
2024-09-11,JNJ,Healthcare,158.79,158.79,156.22,156.91,5920200,yfinance
2024-09-12,JNJ,Healthcare,156.32,157.18,154.9,156.74,4540900,yfinance
2024-09-13,JNJ,Healthcare,156.83,157.8,155.96,157.58,3693400,yfinance
2024-09-16,JNJ,Healthcare,158.38,159.22,157.82,158.98,5187800,yfinance
2024-09-17,JNJ,Healthcare,158.26,159.67,157.97,159.05,5066500,yfinance
2024-09-18,JNJ,Healthcare,158.63,160.27,157.79,158.18,4722800,yfinance
2024-09-19,JNJ,Healthcare,158.25,158.39,156.53,156.91,4956100,yfinance
2024-09-20,JNJ,Healthcare,156.42,156.96,155.7,156.28,11839000,yfinance
2024-09-23,JNJ,Healthcare,156.51,156.61,154.91,155.39,4671600,yfinance
2024-09-24,JNJ,Healthcare,154.98,155.64,153.8,154.97,6041600,yfinance
2024-09-25,JNJ,Healthcare,155.18,155.48,152.66,152.89,5420000,yfinance
2024-09-26,JNJ,Healthcare,152.55,153.79,152.34,153.64,6122000,yfinance
2024-09-27,JNJ,Healthcare,154.23,155.59,153.6,153.65,7553800,yfinance
2024-09-30,JNJ,Healthcare,153.82,154.4,152.97,154.28,6010000,yfinance
2024-10-01,JNJ,Healthcare,154.63,154.94,153.44,154.22,4408000,yfinance
2024-10-02,JNJ,Healthcare,153.76,154.34,152.94,153.44,4684400,yfinance
2024-10-03,JNJ,Healthcare,153.06,153.69,152.53,152.8,4791200,yfinance
2024-10-04,JNJ,Healthcare,151.97,152.8,151.16,152.6,5331100,yfinance
2024-10-07,JNJ,Healthcare,152.56,153.14,151.58,151.87,4266000,yfinance
2024-10-08,JNJ,Healthcare,151.84,152.56,151.32,152.03,4766300,yfinance
2024-10-09,JNJ,Healthcare,152.25,153.48,151.86,152.94,6047200,yfinance
2024-10-10,JNJ,Healthcare,153.62,153.64,152.32,152.81,4793900,yfinance
2024-10-11,JNJ,Healthcare,154.4,154.85,153.46,153.71,5253500,yfinance
2024-10-14,JNJ,Healthcare,153.65,154.36,153.18,153.84,5964000,yfinance
2024-10-15,JNJ,Healthcare,152.32,158.75,151.37,156.22,10548000,yfinance
2024-10-16,JNJ,Healthcare,156.13,157.07,154.83,156.4,5982100,yfinance
2024-10-17,JNJ,Healthcare,156.38,157.08,155.78,156.58,4798000,yfinance
2024-10-18,JNJ,Healthcare,156.98,157.36,156.06,157.2,5908000,yfinance
2024-10-21,JNJ,Healthcare,157.18,157.32,154.52,155.02,6082700,yfinance
2024-10-22,JNJ,Healthcare,154.53,155.87,154.13,155.61,5680300,yfinance
2024-10-23,JNJ,Healthcare,155.01,158.03,154.63,157.9,7441600,yfinance
2024-10-24,JNJ,Healthcare,157.08,157.57,155.5,155.82,5386300,yfinance
2024-10-25,JNJ,Healthcare,155.82,156.05,152.9,153.16,6400400,yfinance
2024-10-28,JNJ,Healthcare,153.4,154.2,153.27,153.84,4842500,yfinance
2024-10-29,JNJ,Healthcare,153.71,154.39,152.38,152.41,5216900,yfinance
2024-10-30,JNJ,Healthcare,151.8,153.54,151.4,152.9,5820500,yfinance
2024-10-31,JNJ,Healthcare,152.31,153.15,151.81,152.19,8613900,yfinance
2024-11-01,JNJ,Healthcare,152.87,153.33,152.21,152.45,5256400,yfinance
2024-11-04,JNJ,Healthcare,152.04,152.59,150.48,150.65,4644000,yfinance
2024-11-05,JNJ,Healthcare,150.1,150.98,148.85,150.75,6547100,yfinance
2024-11-06,JNJ,Healthcare,152.23,153.13,149.8,150.3,8926600,yfinance
2024-11-07,JNJ,Healthcare,150.86,151.13,149.0,149.21,7522800,yfinance
2024-11-08,JNJ,Healthcare,149.47,149.54,147.95,148.01,8926100,yfinance
2024-11-11,JNJ,Healthcare,148.15,150.02,147.48,147.6,7146800,yfinance
2024-11-12,JNJ,Healthcare,147.11,147.6,145.06,145.31,7181400,yfinance
2024-11-13,JNJ,Healthcare,145.18,146.14,144.15,145.89,7161900,yfinance
2024-11-14,JNJ,Healthcare,145.83,146.22,143.52,144.58,7716400,yfinance
2024-11-15,JNJ,Healthcare,143.66,147.02,143.66,146.61,11328500,yfinance
2024-11-18,JNJ,Healthcare,145.27,147.88,145.02,147.34,7510600,yfinance
2024-11-19,JNJ,Healthcare,146.56,146.6,144.75,145.66,8233700,yfinance
2024-11-20,JNJ,Healthcare,145.69,145.9,144.52,145.76,9061300,yfinance
2024-11-21,JNJ,Healthcare,146.25,148.57,145.48,148.04,10141100,yfinance
2024-11-22,JNJ,Healthcare,148.42,149.58,146.71,147.72,8266000,yfinance
2024-11-25,JNJ,Healthcare,147.72,149.5,147.69,148.3,12256200,yfinance
2024-11-26,JNJ,Healthcare,148.9,148.99,146.98,148.28,5683500,yfinance
2024-11-27,JNJ,Healthcare,148.39,150.31,148.36,149.13,4140400,yfinance
2024-11-29,JNJ,Healthcare,148.64,149.39,147.95,148.76,5687800,yfinance
2024-12-02,JNJ,Healthcare,148.51,148.75,147.72,148.55,6946500,yfinance
2024-12-03,JNJ,Healthcare,148.55,148.55,146.16,146.21,8674400,yfinance
2024-12-04,JNJ,Healthcare,145.19,145.44,143.71,144.4,10333100,yfinance
2024-12-05,JNJ,Healthcare,143.95,144.31,142.94,143.49,7898100,yfinance
2024-12-06,JNJ,Healthcare,143.36,144.0,142.39,143.29,8389600,yfinance
2024-12-09,JNJ,Healthcare,143.27,144.8,142.45,143.56,8410300,yfinance
2024-12-10,JNJ,Healthcare,143.88,144.74,142.34,143.21,9398700,yfinance
2024-12-11,JNJ,Healthcare,142.51,142.51,140.46,140.72,13446700,yfinance
2024-12-12,JNJ,Healthcare,141.26,141.81,140.12,140.34,6176300,yfinance
2024-12-13,JNJ,Healthcare,139.78,141.0,139.19,140.7,8324900,yfinance
2024-12-16,JNJ,Healthcare,140.81,141.31,137.73,138.05,8732400,yfinance
2024-12-17,JNJ,Healthcare,138.04,140.74,137.91,140.5,10343000,yfinance
2024-12-18,JNJ,Healthcare,139.8,140.82,138.83,138.91,9336100,yfinance
2024-12-19,JNJ,Healthcare,138.32,139.36,137.58,137.79,9516700,yfinance
2024-12-20,JNJ,Healthcare,137.28,139.6,136.99,138.64,17702800,yfinance
2024-12-23,JNJ,Healthcare,138.79,139.47,137.66,139.41,8720800,yfinance
2024-12-24,JNJ,Healthcare,139.15,139.96,138.51,139.96,3164100,yfinance
2024-12-26,JNJ,Healthcare,139.64,140.46,139.24,139.71,4656300,yfinance
2024-12-27,JNJ,Healthcare,139.02,140.68,138.84,139.2,5588300,yfinance
2024-12-30,JNJ,Healthcare,139.0,139.03,137.18,137.56,6268700,yfinance
2024-12-31,JNJ,Healthcare,137.96,138.83,137.53,138.78,5811400,yfinance
2025-01-02,JNJ,Healthcare,139.37,139.89,137.98,138.21,6051300,yfinance
2025-01-03,JNJ,Healthcare,138.26,138.74,137.82,138.37,5878800,yfinance
2025-01-06,JNJ,Healthcare,137.72,138.98,137.16,137.86,7910500,yfinance
2025-01-07,JNJ,Healthcare,137.96,141.24,137.8,140.33,8422000,yfinance
2025-01-08,JNJ,Healthcare,139.62,139.72,135.73,136.53,11175600,yfinance
2025-01-10,JNJ,Healthcare,135.31,137.87,135.0,136.33,8821500,yfinance
2025-01-13,JNJ,Healthcare,137.21,139.22,136.57,138.64,10376400,yfinance
2025-01-14,JNJ,Healthcare,138.67,138.97,137.1,138.91,8681700,yfinance
2025-01-15,JNJ,Healthcare,139.45,140.16,138.44,139.12,7434600,yfinance
2025-01-16,JNJ,Healthcare,138.5,142.1,138.25,141.81,8964000,yfinance
2025-01-17,JNJ,Healthcare,141.49,142.39,140.69,141.1,10773100,yfinance
2025-01-21,JNJ,Healthcare,141.61,142.85,141.12,142.17,11111700,yfinance
2025-01-22,JNJ,Healthcare,138.19,139.6,136.38,139.41,16834700,yfinance
2025-01-23,JNJ,Healthcare,139.57,141.94,138.97,140.72,10506400,yfinance
2025-01-24,JNJ,Healthcare,140.89,141.67,140.47,140.9,9887300,yfinance
2025-01-27,JNJ,Healthcare,142.46,147.26,142.03,146.72,15152300,yfinance
2025-01-28,JNJ,Healthcare,146.5,146.8,144.24,144.31,10320600,yfinance
2025-01-29,JNJ,Healthcare,144.43,145.75,143.95,145.05,7156400,yfinance
2025-01-30,JNJ,Healthcare,145.78,147.92,145.25,146.7,8911000,yfinance
2025-01-31,JNJ,Healthcare,146.46,147.0,145.92,146.01,8457800,yfinance
2025-02-03,JNJ,Healthcare,145.87,146.32,144.7,145.74,6687500,yfinance
2025-02-04,JNJ,Healthcare,145.25,147.96,144.86,147.3,9645000,yfinance
2025-02-05,JNJ,Healthcare,147.61,148.49,147.12,148.45,8947000,yfinance
2025-02-06,JNJ,Healthcare,148.54,148.59,147.19,147.32,7418100,yfinance
2025-02-07,JNJ,Healthcare,147.33,148.26,146.63,146.94,6204900,yfinance
2025-02-10,JNJ,Healthcare,147.41,148.14,146.14,148.02,6936200,yfinance
2025-02-11,JNJ,Healthcare,147.89,150.08,147.73,149.83,7554500,yfinance
2025-02-12,JNJ,Healthcare,149.0,149.38,148.04,149.0,7746000,yfinance
2025-02-13,JNJ,Healthcare,149.0,151.75,148.54,150.9,10704700,yfinance
2025-02-14,JNJ,Healthcare,150.94,151.12,149.76,149.85,6411800,yfinance
2025-02-18,JNJ,Healthcare,149.1,150.37,148.23,149.93,9670700,yfinance
2025-02-19,JNJ,Healthcare,149.94,153.13,149.69,152.73,7974700,yfinance
2025-02-20,JNJ,Healthcare,151.82,154.72,151.82,154.46,7224000,yfinance
2025-02-21,JNJ,Healthcare,154.66,158.17,154.08,157.0,12546900,yfinance
2025-02-24,JNJ,Healthcare,157.37,159.48,156.76,158.39,10201900,yfinance
2025-02-25,JNJ,Healthcare,158.74,160.99,158.58,160.66,12303700,yfinance
2025-02-26,JNJ,Healthcare,159.69,159.74,157.25,157.75,11396400,yfinance
2025-02-27,JNJ,Healthcare,157.01,158.59,156.45,158.38,8364600,yfinance
2025-02-28,JNJ,Healthcare,158.94,160.52,157.38,159.63,12037200,yfinance
2025-03-03,JNJ,Healthcare,159.57,161.86,159.45,161.81,9191500,yfinance
2025-03-04,JNJ,Healthcare,162.59,164.44,159.92,160.02,11999700,yfinance
2025-03-05,JNJ,Healthcare,159.14,161.02,158.19,159.73,8744800,yfinance
2025-03-06,JNJ,Healthcare,159.61,160.45,158.17,160.41,8037900,yfinance
2025-03-07,JNJ,Healthcare,159.74,162.96,159.32,161.24,9637600,yfinance
2025-03-10,JNJ,Healthcare,162.01,164.35,161.59,162.22,17559000,yfinance
2025-03-11,JNJ,Healthcare,161.74,161.83,159.66,160.44,9890300,yfinance
2025-03-12,JNJ,Healthcare,158.38,158.85,156.93,157.53,8010700,yfinance
2025-03-13,JNJ,Healthcare,158.09,159.16,157.35,157.67,5286700,yfinance
2025-03-14,JNJ,Healthcare,156.82,157.82,155.84,157.49,6235800,yfinance
2025-03-17,JNJ,Healthcare,157.1,158.16,156.45,157.52,6669800,yfinance
2025-03-18,JNJ,Healthcare,158.1,159.47,157.65,158.88,7348800,yfinance
2025-03-19,JNJ,Healthcare,158.61,158.99,156.91,157.67,5936400,yfinance
2025-03-20,JNJ,Healthcare,157.67,157.87,156.64,157.69,7485900,yfinance
2025-03-21,JNJ,Healthcare,157.67,158.77,157.17,158.28,17047100,yfinance
2025-03-24,JNJ,Healthcare,157.52,159.02,157.19,157.96,8046400,yfinance
2025-03-25,JNJ,Healthcare,158.18,158.83,155.31,155.76,7456200,yfinance
2025-03-26,JNJ,Healthcare,155.94,157.18,155.39,156.44,7223500,yfinance
2025-03-27,JNJ,Healthcare,157.05,158.71,156.05,157.8,6752500,yfinance
2025-03-28,JNJ,Healthcare,158.25,159.15,157.59,158.36,5760300,yfinance
2025-03-31,JNJ,Healthcare,159.0,161.19,158.86,160.42,12481400,yfinance
2025-04-01,JNJ,Healthcare,155.48,156.52,148.13,148.24,23303100,yfinance
2025-04-02,JNJ,Healthcare,148.98,150.7,148.44,150.28,10356900,yfinance
2025-04-03,JNJ,Healthcare,153.56,155.4,152.34,154.6,13249300,yfinance
2025-04-04,JNJ,Healthcare,153.96,154.6,147.93,148.23,16601700,yfinance
2025-04-07,JNJ,Healthcare,146.34,147.72,142.58,145.7,18083000,yfinance
2025-04-08,JNJ,Healthcare,148.57,148.57,143.16,145.1,12018400,yfinance
2025-04-09,JNJ,Healthcare,137.55,148.19,136.88,146.04,18773700,yfinance
2025-04-10,JNJ,Healthcare,145.46,146.26,140.39,143.83,13830500,yfinance
2025-04-11,JNJ,Healthcare,144.45,147.37,143.35,146.77,9943900,yfinance
2025-04-14,JNJ,Healthcare,146.64,149.62,146.23,149.32,10685300,yfinance
2025-04-15,JNJ,Healthcare,150.61,151.19,147.13,148.6,10847700,yfinance
2025-04-16,JNJ,Healthcare,150.29,150.55,147.27,148.88,7986900,yfinance
2025-04-17,JNJ,Healthcare,149.12,154.23,149.12,152.33,10981100,yfinance
2025-04-21,JNJ,Healthcare,152.8,153.06,150.41,151.79,6285400,yfinance
2025-04-22,JNJ,Healthcare,152.4,153.53,151.16,152.6,7136300,yfinance
2025-04-23,JNJ,Healthcare,151.38,151.97,149.29,150.3,9099400,yfinance
2025-04-24,JNJ,Healthcare,150.71,150.81,148.43,149.87,8310400,yfinance
2025-04-25,JNJ,Healthcare,149.28,149.84,147.47,149.53,8643600,yfinance
2025-04-28,JNJ,Healthcare,150.42,150.72,148.79,150.27,5815200,yfinance
2025-04-29,JNJ,Healthcare,150.37,151.89,149.25,150.82,5246700,yfinance
2025-04-30,JNJ,Healthcare,153.03,153.03,149.96,151.2,9598200,yfinance
2025-05-01,JNJ,Healthcare,149.94,150.02,148.35,149.41,7325800,yfinance
2025-05-02,JNJ,Healthcare,150.97,151.6,149.97,151.02,5974500,yfinance
2025-05-05,JNJ,Healthcare,151.55,151.67,149.67,149.94,5464100,yfinance
2025-05-06,JNJ,Healthcare,149.76,150.81,148.67,149.42,8644200,yfinance
2025-05-07,JNJ,Healthcare,149.68,152.78,149.45,152.16,7853100,yfinance
2025-05-08,JNJ,Healthcare,150.73,151.9,149.72,150.57,7606100,yfinance
2025-05-09,JNJ,Healthcare,150.34,150.96,148.79,149.18,6520400,yfinance
2025-05-12,JNJ,Healthcare,147.05,150.28,146.24,149.1,9023800,yfinance
2025-05-13,JNJ,Healthcare,146.74,146.74,143.24,143.59,10549600,yfinance
2025-05-14,JNJ,Healthcare,143.81,143.96,141.35,141.58,10216000,yfinance
2025-05-15,JNJ,Healthcare,143.16,144.76,142.52,144.72,7945800,yfinance
2025-05-16,JNJ,Healthcare,144.78,146.55,144.35,146.39,8051200,yfinance
2025-05-19,JNJ,Healthcare,146.93,147.67,146.12,147.51,12639900,yfinance
2025-05-20,JNJ,Healthcare,147.35,149.01,147.15,148.64,7351500,yfinance
2025-05-21,JNJ,Healthcare,148.19,149.38,148.0,148.18,7032200,yfinance
2025-05-22,JNJ,Healthcare,147.66,148.31,146.42,147.62,7535300,yfinance
2025-05-23,JNJ,Healthcare,148.0,148.47,147.24,147.94,6727300,yfinance
2025-05-27,JNJ,Healthcare,148.8,150.28,148.23,149.51,6990700,yfinance
2025-05-28,JNJ,Healthcare,149.54,149.89,148.23,148.71,8459300,yfinance
2025-05-29,JNJ,Healthcare,148.05,150.28,147.87,149.84,6810600,yfinance
2025-05-30,JNJ,Healthcare,150.15,151.91,149.48,151.43,15529700,yfinance
2025-06-02,JNJ,Healthcare,150.71,151.75,148.59,151.61,6669300,yfinance
2025-06-03,JNJ,Healthcare,151.03,151.87,150.32,150.66,8209800,yfinance
2025-06-04,JNJ,Healthcare,151.15,151.15,149.4,149.48,6983900,yfinance
2025-06-05,JNJ,Healthcare,149.93,150.33,148.92,149.91,5295400,yfinance
2025-06-06,JNJ,Healthcare,150.25,152.23,150.25,151.25,5391500,yfinance
2025-06-09,JNJ,Healthcare,151.08,152.19,150.68,151.45,5319000,yfinance
2025-06-10,JNJ,Healthcare,151.64,153.6,151.24,152.64,6791600,yfinance
2025-06-11,JNJ,Healthcare,152.49,152.78,150.96,151.48,6016000,yfinance
2025-06-12,JNJ,Healthcare,152.43,152.86,151.39,152.84,7075500,yfinance
2025-06-13,JNJ,Healthcare,152.17,153.83,152.17,153.27,6587500,yfinance
2025-06-16,JNJ,Healthcare,152.61,152.68,150.68,151.44,7024000,yfinance
2025-06-17,JNJ,Healthcare,151.19,151.49,148.39,148.67,6407100,yfinance
2025-06-18,JNJ,Healthcare,148.85,148.93,147.04,147.06,8325200,yfinance
2025-06-20,JNJ,Healthcare,147.57,147.71,145.41,146.14,22605500,yfinance
2025-06-23,JNJ,Healthcare,146.09,147.74,146.09,147.63,7397900,yfinance
2025-06-24,JNJ,Healthcare,147.81,149.0,147.3,148.48,9544200,yfinance
2025-06-25,JNJ,Healthcare,147.69,149.34,147.06,148.57,7153700,yfinance
2025-06-26,JNJ,Healthcare,148.98,149.48,147.84,148.3,7156900,yfinance
2025-06-27,JNJ,Healthcare,148.3,149.59,147.33,148.69,10010800,yfinance
2025-06-30,JNJ,Healthcare,148.45,149.24,147.83,149.03,9039300,yfinance
2025-07-01,JNJ,Healthcare,149.27,153.9,149.08,152.12,10896700,yfinance
2025-07-02,JNJ,Healthcare,152.2,152.49,151.29,151.77,5544000,yfinance
2025-07-03,JNJ,Healthcare,151.64,152.47,151.1,152.21,3482500,yfinance
2025-07-07,JNJ,Healthcare,152.22,152.54,151.11,151.48,6270900,yfinance
2025-07-08,JNJ,Healthcare,150.71,152.94,150.45,151.99,6438200,yfinance
2025-07-09,JNJ,Healthcare,151.99,152.87,151.29,152.47,6147400,yfinance
2025-07-10,JNJ,Healthcare,152.29,155.36,152.02,153.85,6732900,yfinance
2025-07-11,JNJ,Healthcare,153.26,153.35,151.4,153.08,7872000,yfinance
2025-07-14,JNJ,Healthcare,153.05,153.63,151.73,153.0,10185600,yfinance
2025-07-15,JNJ,Healthcare,152.55,153.36,151.03,151.39,6873200,yfinance
2025-07-16,JNJ,Healthcare,156.39,162.07,155.9,160.76,22134800,yfinance
2025-07-17,JNJ,Healthcare,159.2,160.69,158.34,159.01,11295700,yfinance
2025-07-18,JNJ,Healthcare,159.93,161.08,159.38,159.71,9792600,yfinance
2025-07-21,JNJ,Healthcare,159.78,160.9,158.81,160.35,8254000,yfinance
2025-07-22,JNJ,Healthcare,160.98,163.96,160.69,163.84,9288000,yfinance
2025-07-23,JNJ,Healthcare,164.49,165.0,162.53,164.98,10617600,yfinance
2025-07-24,JNJ,Healthcare,165.37,165.85,164.76,165.43,6636900,yfinance
2025-07-25,JNJ,Healthcare,165.61,165.74,163.36,164.2,6254900,yfinance
2025-07-28,JNJ,Healthcare,163.77,163.85,161.03,162.17,8014600,yfinance
2025-07-29,JNJ,Healthcare,162.61,164.67,162.31,164.01,7663400,yfinance
2025-07-30,JNJ,Healthcare,163.61,164.5,162.71,163.18,6189200,yfinance
2025-07-31,JNJ,Healthcare,161.89,163.0,160.23,160.72,11036200,yfinance
2025-08-01,JNJ,Healthcare,161.45,163.53,160.77,163.25,8927800,yfinance
2025-08-04,JNJ,Healthcare,162.96,167.02,162.58,166.87,12679100,yfinance
2025-08-05,JNJ,Healthcare,166.38,167.38,165.51,166.58,7934400,yfinance
2025-08-06,JNJ,Healthcare,165.77,167.98,165.54,166.43,8957200,yfinance
2025-08-07,JNJ,Healthcare,167.0,167.44,165.78,167.35,9315900,yfinance
2025-08-08,JNJ,Healthcare,166.85,169.72,166.24,169.1,7686800,yfinance
2025-08-11,JNJ,Healthcare,169.17,170.34,168.83,169.58,7256800,yfinance
2025-08-12,JNJ,Healthcare,169.76,170.5,167.62,168.57,7916700,yfinance
2025-08-13,JNJ,Healthcare,168.78,170.29,168.49,170.17,5878700,yfinance
2025-08-14,JNJ,Healthcare,170.06,171.44,168.51,170.46,8241700,yfinance
2025-08-15,JNJ,Healthcare,171.29,172.95,170.69,172.33,9477600,yfinance
2025-08-18,JNJ,Healthcare,172.2,173.24,171.81,171.95,9284000,yfinance
2025-08-19,JNJ,Healthcare,171.75,173.84,171.69,173.47,9274200,yfinance
2025-08-20,JNJ,Healthcare,174.15,176.21,173.66,174.48,9030000,yfinance
2025-08-21,JNJ,Healthcare,174.2,175.69,173.82,174.57,8859600,yfinance
2025-08-22,JNJ,Healthcare,175.65,176.74,173.14,174.92,9524000,yfinance
2025-08-25,JNJ,Healthcare,175.14,175.87,173.94,174.06,6229100,yfinance
2025-08-26,JNJ,Healthcare,173.71,174.11,172.74,173.45,9145000,yfinance
2025-08-27,JNJ,Healthcare,173.92,174.63,173.13,173.75,5951100,yfinance
2025-08-28,JNJ,Healthcare,173.33,173.45,171.62,172.43,6424700,yfinance
2025-08-29,JNJ,Healthcare,172.94,174.36,172.43,174.12,6942300,yfinance
2025-09-02,JNJ,Healthcare,174.41,176.11,173.84,174.99,9049000,yfinance
2025-09-03,JNJ,Healthcare,174.61,175.22,173.49,174.94,7111700,yfinance
2025-09-04,JNJ,Healthcare,174.94,175.82,174.49,175.68,7854800,yfinance
2025-09-05,JNJ,Healthcare,174.94,176.42,173.52,175.36,9733800,yfinance
2025-09-08,JNJ,Healthcare,174.31,176.36,173.66,175.06,8382500,yfinance
2025-09-09,JNJ,Healthcare,174.94,175.02,173.41,173.91,6005700,yfinance
2025-09-10,JNJ,Healthcare,173.26,173.57,171.33,172.76,6891600,yfinance
2025-09-11,JNJ,Healthcare,172.72,175.77,172.61,175.43,5792500,yfinance
2025-09-12,JNJ,Healthcare,174.65,175.72,173.68,174.99,7220200,yfinance
2025-09-15,JNJ,Healthcare,174.7,175.91,173.88,174.35,4768100,yfinance
2025-09-16,JNJ,Healthcare,174.51,174.56,172.63,173.42,7959300,yfinance
2025-09-17,JNJ,Healthcare,173.67,175.44,173.55,174.15,6714900,yfinance
2025-09-18,JNJ,Healthcare,173.56,173.97,170.88,171.16,8200900,yfinance
2025-09-19,JNJ,Healthcare,171.68,174.11,170.35,173.16,25621000,yfinance
2025-09-22,JNJ,Healthcare,173.06,173.6,171.12,171.21,7193900,yfinance
2025-09-23,JNJ,Healthcare,171.88,173.92,171.82,173.54,8350400,yfinance
2025-09-24,JNJ,Healthcare,173.11,173.9,172.71,173.65,6676800,yfinance
2025-09-25,JNJ,Healthcare,174.15,175.33,172.88,174.67,8475000,yfinance
2025-09-26,JNJ,Healthcare,175.53,176.81,174.27,176.62,8634400,yfinance
2025-09-29,JNJ,Healthcare,176.73,178.74,176.7,178.49,8597100,yfinance
2025-09-30,JNJ,Healthcare,178.57,182.79,177.95,182.23,11569000,yfinance
2025-10-01,JNJ,Healthcare,182.8,183.35,180.74,182.85,13063800,yfinance
2025-10-02,JNJ,Healthcare,181.02,183.38,180.92,182.78,7728100,yfinance
2025-10-03,JNJ,Healthcare,183.84,186.51,183.69,185.39,8675100,yfinance
2025-10-06,JNJ,Healthcare,184.76,186.65,184.14,184.92,5806100,yfinance
2025-10-07,JNJ,Healthcare,180.61,185.97,179.79,185.64,8776800,yfinance
2025-10-08,JNJ,Healthcare,185.62,186.95,185.03,186.42,5751200,yfinance
2025-10-09,JNJ,Healthcare,186.73,188.79,186.46,187.79,7484800,yfinance
2025-10-10,JNJ,Healthcare,188.7,188.76,186.58,187.44,9598000,yfinance
2025-10-13,JNJ,Healthcare,186.56,188.01,186.02,187.61,7979500,yfinance
2025-10-14,JNJ,Healthcare,189.6,191.05,182.68,187.56,13613300,yfinance
2025-10-15,JNJ,Healthcare,188.18,190.24,186.04,187.88,9473000,yfinance
2025-10-16,JNJ,Healthcare,188.05,189.73,187.15,188.81,10611800,yfinance
2025-10-17,JNJ,Healthcare,189.19,190.27,188.38,189.89,7764400,yfinance
2025-10-20,JNJ,Healthcare,190.17,191.13,189.02,190.38,8034700,yfinance
2025-10-21,JNJ,Healthcare,189.69,190.22,188.47,188.58,6716000,yfinance
2025-10-22,JNJ,Healthcare,188.69,190.12,188.48,189.62,6343100,yfinance
2025-10-23,JNJ,Healthcare,189.24,190.66,188.24,189.16,8882500,yfinance
2025-10-24,JNJ,Healthcare,188.89,189.0,186.16,187.12,6903400,yfinance
2025-10-27,JNJ,Healthcare,186.72,187.52,186.27,187.02,7126000,yfinance
2025-10-28,JNJ,Healthcare,186.0,186.25,183.41,183.71,8329500,yfinance
2025-10-29,JNJ,Healthcare,183.49,183.88,181.48,183.39,10551100,yfinance
2025-10-30,JNJ,Healthcare,183.86,186.12,183.69,185.8,7072500,yfinance
2025-10-31,JNJ,Healthcare,184.23,186.24,183.54,185.62,8791700,yfinance
2025-11-03,JNJ,Healthcare,185.75,185.78,182.33,183.05,7542600,yfinance
2025-11-04,JNJ,Healthcare,183.61,184.59,182.42,183.64,7209400,yfinance
2025-11-05,JNJ,Healthcare,183.43,184.6,182.21,182.8,5049400,yfinance
2025-11-06,JNJ,Healthcare,183.54,184.29,182.18,183.75,6767400,yfinance
2025-11-07,JNJ,Healthcare,184.51,185.11,182.5,183.36,6959200,yfinance
2025-11-10,JNJ,Healthcare,182.8,185.18,181.93,185.17,5323800,yfinance
2025-11-11,JNJ,Healthcare,186.13,190.58,185.8,190.49,7465600,yfinance
2025-11-12,JNJ,Healthcare,190.03,192.18,189.75,191.04,8803000,yfinance
2025-11-13,JNJ,Healthcare,190.87,192.63,190.12,191.89,8631600,yfinance
2025-11-14,JNJ,Healthcare,191.64,193.79,190.22,192.56,8824800,yfinance
2025-11-17,JNJ,Healthcare,193.57,196.83,192.53,196.14,13257000,yfinance
2025-11-18,JNJ,Healthcare,195.58,196.85,195.11,196.56,12468600,yfinance
2025-11-19,JNJ,Healthcare,196.56,199.98,195.95,199.02,14690800,yfinance
2025-11-20,JNJ,Healthcare,198.52,200.99,198.1,199.57,10612600,yfinance
2025-11-21,JNJ,Healthcare,200.45,203.38,199.5,200.39,13189100,yfinance
2025-11-24,JNJ,Healthcare,200.2,202.57,199.51,202.5,14803900,yfinance
2025-11-25,JNJ,Healthcare,202.93,205.44,202.93,204.4,10275300,yfinance
2025-11-26,JNJ,Healthcare,204.22,205.53,203.68,205.28,6729000,yfinance
2025-11-28,JNJ,Healthcare,204.73,205.18,202.38,204.65,5638300,yfinance
2025-12-01,JNJ,Healthcare,204.23,205.42,203.09,203.09,8473700,yfinance
2025-12-02,JNJ,Healthcare,202.99,203.35,200.87,203.17,8393600,yfinance
2025-12-03,JNJ,Healthcare,203.64,204.75,202.74,203.08,8363300,yfinance
2025-12-04,JNJ,Healthcare,202.34,202.61,199.5,200.26,9049900,yfinance
2025-12-05,JNJ,Healthcare,200.75,201.22,198.61,199.71,7785300,yfinance
2025-12-08,JNJ,Healthcare,200.44,201.03,198.78,199.41,7785700,yfinance
2025-12-09,JNJ,Healthcare,200.69,203.28,197.72,197.77,7509400,yfinance
2025-12-10,JNJ,Healthcare,198.39,204.53,197.98,204.27,11599800,yfinance
2025-12-11,JNJ,Healthcare,205.62,208.92,205.55,207.7,9009000,yfinance
2025-12-12,JNJ,Healthcare,207.97,209.94,206.67,209.26,6922700,yfinance
2025-12-15,JNJ,Healthcare,208.04,212.83,206.72,211.82,8467000,yfinance
2025-12-16,JNJ,Healthcare,211.65,212.37,206.52,207.0,9949800,yfinance
2025-12-17,JNJ,Healthcare,207.09,209.2,206.17,208.02,8457600,yfinance
2025-12-18,JNJ,Healthcare,207.5,208.74,205.48,206.02,7499900,yfinance
2025-12-19,JNJ,Healthcare,205.28,206.94,203.77,204.1,24803900,yfinance
2025-12-22,JNJ,Healthcare,203.87,205.8,203.24,205.04,8187800,yfinance
2025-12-23,JNJ,Healthcare,202.77,204.26,201.05,203.52,7047300,yfinance
2025-12-24,JNJ,Healthcare,203.74,205.66,203.31,205.5,2376500,yfinance
2025-12-26,JNJ,Healthcare,205.25,205.76,204.44,205.35,2316700,yfinance
2025-12-29,JNJ,Healthcare,205.72,207.17,205.1,205.28,4348900,yfinance
2025-12-30,JNJ,Healthcare,205.23,205.41,204.25,204.64,3937400,yfinance
2025-12-31,JNJ,Healthcare,204.64,205.22,204.1,204.68,4083800,yfinance
2026-01-02,JNJ,Healthcare,204.55,205.11,201.44,205.07,6325500,yfinance
2026-01-05,JNJ,Healthcare,203.61,203.68,198.7,202.07,9477000,yfinance
2026-01-06,JNJ,Healthcare,202.35,204.44,201.88,202.54,8107900,yfinance
2026-01-07,JNJ,Healthcare,203.01,205.97,202.78,205.21,7545900,yfinance
2026-01-08,JNJ,Healthcare,204.66,206.69,202.72,203.49,6557800,yfinance
2026-01-09,JNJ,Healthcare,203.65,204.43,201.77,202.15,6154300,yfinance
2026-01-12,JNJ,Healthcare,203.29,207.6,201.61,207.42,11794300,yfinance
2026-01-13,JNJ,Healthcare,207.61,212.04,206.57,211.3,11379600,yfinance
2026-01-14,JNJ,Healthcare,212.37,216.46,211.8,216.15,11858800,yfinance
2026-01-15,JNJ,Healthcare,215.83,217.34,213.54,217.16,8492100,yfinance
2026-01-16,JNJ,Healthcare,216.64,217.69,215.75,216.26,10021500,yfinance
2026-01-20,JNJ,Healthcare,214.71,216.33,212.15,215.81,14057100,yfinance
2026-01-21,JNJ,Healthcare,208.68,216.28,208.19,215.62,14762900,yfinance
2026-01-22,JNJ,Healthcare,216.37,219.73,215.71,216.09,13160000,yfinance
2026-01-23,JNJ,Healthcare,217.39,218.78,215.45,217.72,6950600,yfinance
2026-01-26,JNJ,Healthcare,217.79,219.59,217.59,219.06,6856700,yfinance
2026-01-27,JNJ,Healthcare,219.56,223.02,218.28,221.98,8154100,yfinance
2026-01-28,JNJ,Healthcare,223.92,226.06,223.6,225.22,9026500,yfinance
2026-01-29,JNJ,Healthcare,226.3,227.48,224.59,224.8,9645300,yfinance
2026-01-30,JNJ,Healthcare,225.75,225.99,222.86,224.76,11045500,yfinance
2026-02-02,JNJ,Healthcare,225.81,228.65,224.76,228.22,8187500,yfinance
2026-02-03,JNJ,Healthcare,228.96,232.62,227.95,230.54,9346600,yfinance
2026-02-04,JNJ,Healthcare,232.42,233.24,230.38,231.9,8641400,yfinance
2026-02-05,JNJ,Healthcare,232.42,236.95,232.41,235.18,10267500,yfinance
2026-02-06,JNJ,Healthcare,236.34,238.3,235.37,237.36,8274000,yfinance
2026-02-09,JNJ,Healthcare,237.61,238.1,234.44,236.02,9378500,yfinance
2026-02-10,JNJ,Healthcare,237.35,237.86,235.27,235.73,6723300,yfinance
2026-02-11,JNJ,Healthcare,236.71,238.61,234.79,238.22,6803900,yfinance
2026-02-12,JNJ,Healthcare,237.84,243.65,237.05,241.87,10254300,yfinance
2026-02-13,JNJ,Healthcare,241.91,242.26,239.95,240.78,13268500,yfinance
2026-02-17,JNJ,Healthcare,241.45,241.81,239.22,240.66,12703000,yfinance
2026-02-18,JNJ,Healthcare,240.57,242.38,240.15,242.3,8129700,yfinance
2026-02-19,JNJ,Healthcare,241.94,244.25,241.59,244.2,7553900,yfinance
2026-02-20,JNJ,Healthcare,243.76,244.17,237.64,239.83,13565800,yfinance
2026-02-23,JNJ,Healthcare,240.96,244.1,239.94,243.14,9622700,yfinance
2026-02-24,JNJ,Healthcare,243.95,245.84,243.14,244.87,7246300,yfinance
2026-02-25,JNJ,Healthcare,243.46,245.84,242.33,243.77,7698200,yfinance
2026-02-26,JNJ,Healthcare,243.71,244.07,240.64,242.08,7172600,yfinance
2026-02-27,JNJ,Healthcare,242.63,247.52,241.11,247.01,16428600,yfinance
2026-03-02,JNJ,Healthcare,247.77,250.27,245.46,247.14,9042400,yfinance
2026-03-03,JNJ,Healthcare,245.05,246.46,242.96,245.34,6178700,yfinance
2026-03-04,JNJ,Healthcare,244.34,245.16,241.79,243.9,5768000,yfinance
2026-03-05,JNJ,Healthcare,241.24,241.61,234.58,238.26,9375400,yfinance
2026-03-06,JNJ,Healthcare,236.76,239.41,234.08,239.03,7179800,yfinance
2026-03-09,JNJ,Healthcare,239.49,242.69,238.67,241.2,7844000,yfinance
2026-03-10,JNJ,Healthcare,240.91,243.6,239.44,242.32,7214100,yfinance
2026-03-11,JNJ,Healthcare,241.48,242.3,239.98,241.6,6933200,yfinance
2026-03-12,JNJ,Healthcare,240.08,243.0,238.93,240.66,7710200,yfinance
2026-03-13,JNJ,Healthcare,242.81,244.19,240.12,240.14,6415300,yfinance
2026-03-16,JNJ,Healthcare,242.53,243.66,240.29,241.8,7571500,yfinance
2026-03-17,JNJ,Healthcare,242.19,242.74,235.86,236.75,7281800,yfinance
2026-03-18,JNJ,Healthcare,236.51,237.74,234.07,235.92,6811500,yfinance
2026-03-19,JNJ,Healthcare,236.98,237.89,234.96,236.24,7511500,yfinance
2026-03-20,JNJ,Healthcare,235.48,236.93,233.16,234.02,17156600,yfinance
2026-03-23,JNJ,Healthcare,236.04,236.95,232.91,234.07,7313700,yfinance
2026-03-24,JNJ,Healthcare,232.8,234.65,230.91,233.92,9046200,yfinance
2026-03-25,JNJ,Healthcare,235.45,240.08,234.38,238.56,6456400,yfinance
2026-03-26,JNJ,Healthcare,238.63,240.27,237.56,237.87,5171400,yfinance
2026-03-27,JNJ,Healthcare,239.81,241.29,237.76,239.08,7617600,yfinance
2026-03-30,JNJ,Healthcare,242.1,242.81,239.13,241.1,7241300,yfinance
2026-03-31,JNJ,Healthcare,241.62,243.93,241.26,243.04,7554200,yfinance
2026-04-01,JNJ,Healthcare,244.2,245.79,242.35,242.72,6314600,yfinance
2026-04-02,JNJ,Healthcare,243.71,245.8,240.49,241.65,6878700,yfinance
2026-04-06,JNJ,Healthcare,241.26,242.13,239.12,239.59,4442400,yfinance
2026-04-07,JNJ,Healthcare,239.4,239.4,234.66,237.05,6241100,yfinance
2026-04-08,JNJ,Healthcare,235.29,239.95,232.56,239.92,8771100,yfinance
2026-04-09,JNJ,Healthcare,239.92,242.8,239.16,239.93,6216500,yfinance
2026-04-10,JNJ,Healthcare,240.62,240.87,236.55,237.1,7354500,yfinance
2026-04-13,JNJ,Healthcare,236.35,237.03,233.84,236.6,7663600,yfinance
2026-04-14,JNJ,Healthcare,233.67,240.81,231.92,238.73,10318700,yfinance
2026-04-15,JNJ,Healthcare,238.57,239.05,235.4,237.31,6463500,yfinance
2026-04-16,JNJ,Healthcare,236.06,236.78,230.79,233.2,8668900,yfinance
2026-04-17,JNJ,Healthcare,233.02,234.19,230.71,232.84,8946300,yfinance
2026-04-20,JNJ,Healthcare,233.47,233.91,228.22,229.37,7810500,yfinance
2026-04-21,JNJ,Healthcare,228.04,228.38,223.42,224.87,11681200,yfinance
2026-04-22,JNJ,Healthcare,224.89,226.18,222.5,224.81,9003400,yfinance
2026-04-23,JNJ,Healthcare,225.95,230.07,225.73,229.33,7097600,yfinance
2026-04-24,JNJ,Healthcare,227.72,228.67,225.72,226.2,6067500,yfinance
2026-04-27,JNJ,Healthcare,224.48,226.61,223.07,224.05,7897800,yfinance
2026-04-28,JNJ,Healthcare,226.43,229.71,225.08,226.49,7179800,yfinance
2026-04-29,JNJ,Healthcare,224.23,227.4,223.57,226.05,7071100,yfinance
2026-04-30,JNJ,Healthcare,226.65,229.84,226.51,228.54,8157200,yfinance
2026-05-01,JNJ,Healthcare,227.75,228.46,225.72,225.89,6863600,yfinance
2026-05-04,JNJ,Healthcare,224.22,225.77,222.3,222.92,8215200,yfinance
2026-05-05,JNJ,Healthcare,224.1,225.23,223.61,224.26,5556700,yfinance
2026-05-06,JNJ,Healthcare,223.96,225.05,221.68,223.34,7982300,yfinance
2026-05-07,JNJ,Healthcare,223.49,223.49,219.37,221.24,7269700,yfinance
2026-05-08,JNJ,Healthcare,221.67,222.09,219.66,220.05,5550600,yfinance
2026-05-11,JNJ,Healthcare,220.05,222.0,219.11,220.16,6223200,yfinance
2026-05-12,JNJ,Healthcare,221.72,226.35,220.38,222.98,8632500,yfinance
2026-05-13,JNJ,Healthcare,224.53,229.48,224.15,229.1,7464500,yfinance
2026-05-14,JNJ,Healthcare,229.68,230.43,227.85,229.48,6974400,yfinance
2026-05-15,JNJ,Healthcare,229.45,230.81,225.15,225.41,12167000,yfinance
2026-05-18,JNJ,Healthcare,225.41,228.39,224.57,227.61,10141600,yfinance
2026-05-19,JNJ,Healthcare,227.63,229.53,226.74,228.68,9677900,yfinance
2026-05-20,JNJ,Healthcare,230.37,230.67,227.86,228.01,7353800,yfinance
2026-05-21,JNJ,Healthcare,228.01,230.56,226.05,230.4,5239000,yfinance
2026-05-22,JNJ,Healthcare,231.67,234.15,231.39,233.0,5462300,yfinance
2026-05-26,JNJ,Healthcare,233.0,233.24,229.08,230.18,6619600,yfinance
2026-05-27,JNJ,Healthcare,229.98,232.89,229.02,231.29,5835500,yfinance
2026-05-28,JNJ,Healthcare,230.03,231.87,229.73,230.8,7193400,yfinance
2026-05-29,JNJ,Healthcare,231.23,231.5,224.59,225.33,13897700,yfinance
2026-06-01,JNJ,Healthcare,223.2,224.44,220.84,223.51,8041000,yfinance
2026-06-02,JNJ,Healthcare,222.58,225.5,221.17,222.89,5669000,yfinance
2026-06-03,JNJ,Healthcare,222.45,224.93,222.0,223.24,6507200,yfinance
2026-06-04,JNJ,Healthcare,227.09,228.67,225.9,228.17,7274800,yfinance
2026-06-05,JNJ,Healthcare,230.0,235.22,229.0,232.77,8034900,yfinance
2023-09-12,JPM,Financials,135.88,138.53,135.46,137.61,8363200,yfinance
2023-09-13,JPM,Financials,138.55,138.89,137.12,137.68,8325900,yfinance
2023-09-14,JPM,Financials,139.02,140.96,138.72,140.35,10034900,yfinance
2023-09-15,JPM,Financials,140.04,140.8,139.46,139.93,19863400,yfinance
2023-09-18,JPM,Financials,139.32,140.24,138.94,140.22,6512400,yfinance
2023-09-19,JPM,Financials,140.58,140.79,138.43,140.05,7943400,yfinance
2023-09-20,JPM,Financials,140.72,141.29,139.3,139.45,7332000,yfinance
2023-09-21,JPM,Financials,138.78,139.97,137.88,138.36,8052400,yfinance
2023-09-22,JPM,Financials,138.5,138.71,136.53,137.04,7071700,yfinance
2023-09-25,JPM,Financials,136.68,137.78,135.13,137.71,7044700,yfinance
2023-09-26,JPM,Financials,135.97,137.14,135.63,136.28,7468400,yfinance
2023-09-27,JPM,Financials,136.53,137.38,135.89,137.08,6717800,yfinance
2023-09-28,JPM,Financials,137.55,139.99,137.3,138.79,8868100,yfinance
2023-09-29,JPM,Financials,139.74,139.89,136.22,136.37,11917800,yfinance
2023-10-02,JPM,Financials,136.19,136.93,134.12,135.19,9170600,yfinance
2023-10-03,JPM,Financials,134.66,135.02,133.86,134.2,9431100,yfinance
2023-10-04,JPM,Financials,134.65,134.91,133.46,134.8,8128700,yfinance
2023-10-05,JPM,Financials,134.55,135.56,133.41,135.37,8576200,yfinance
2023-10-06,JPM,Financials,135.38,138.19,134.65,137.45,10270600,yfinance
2023-10-09,JPM,Financials,136.09,137.74,135.94,137.14,6964900,yfinance
2023-10-10,JPM,Financials,137.75,139.03,137.62,137.97,11288800,yfinance
2023-10-11,JPM,Financials,138.79,139.47,137.38,138.45,8698200,yfinance
2023-10-12,JPM,Financials,138.59,139.21,137.48,138.12,10484400,yfinance
2023-10-13,JPM,Financials,140.67,145.04,140.05,140.2,29427000,yfinance
2023-10-16,JPM,Financials,141.57,141.64,138.99,140.06,12663500,yfinance
2023-10-17,JPM,Financials,139.79,141.44,139.05,139.75,11482700,yfinance
2023-10-18,JPM,Financials,138.86,139.71,137.71,138.22,9620300,yfinance
2023-10-19,JPM,Financials,137.81,139.27,137.24,137.63,11143600,yfinance
2023-10-20,JPM,Financials,136.95,137.49,134.63,135.41,13332900,yfinance
2023-10-23,JPM,Financials,135.41,136.11,133.31,133.57,10133400,yfinance
2023-10-24,JPM,Financials,133.75,134.26,132.96,133.73,8881400,yfinance
2023-10-25,JPM,Financials,133.16,133.74,132.16,133.0,8242600,yfinance
2023-10-26,JPM,Financials,132.39,134.2,132.08,133.34,9109400,yfinance
2023-10-27,JPM,Financials,131.63,131.77,128.06,128.54,17434700,yfinance
2023-10-30,JPM,Financials,129.25,130.76,128.87,130.18,9855500,yfinance
2023-10-31,JPM,Financials,130.45,131.9,130.22,131.73,9672500,yfinance
2023-11-01,JPM,Financials,131.91,133.12,131.17,131.62,9432000,yfinance
2023-11-02,JPM,Financials,132.71,134.02,131.89,133.97,10186200,yfinance
2023-11-03,JPM,Financials,134.69,136.19,134.37,135.46,9538700,yfinance
2023-11-06,JPM,Financials,135.62,136.59,135.26,136.49,7625100,yfinance
2023-11-07,JPM,Financials,135.95,136.66,135.29,136.42,6297900,yfinance
2023-11-08,JPM,Financials,136.51,137.21,136.05,137.09,7618200,yfinance
2023-11-09,JPM,Financials,137.77,137.97,136.13,136.68,7992500,yfinance
2023-11-10,JPM,Financials,137.3,138.76,136.49,138.71,7983300,yfinance
2023-11-13,JPM,Financials,138.02,138.54,137.51,138.1,6676300,yfinance
2023-11-14,JPM,Financials,138.95,141.38,138.8,140.62,9927700,yfinance
2023-11-15,JPM,Financials,140.63,142.24,140.63,141.85,8365300,yfinance
2023-11-16,JPM,Financials,142.18,143.54,142.18,143.47,8126200,yfinance
2023-11-17,JPM,Financials,144.18,144.8,143.55,144.76,7812400,yfinance
2023-11-20,JPM,Financials,144.06,145.65,143.91,145.21,7019000,yfinance
2023-11-21,JPM,Financials,145.12,145.53,144.53,144.91,7083500,yfinance
2023-11-22,JPM,Financials,145.32,145.77,144.84,145.25,5174500,yfinance
2023-11-24,JPM,Financials,145.49,146.3,145.2,145.45,3496900,yfinance
2023-11-27,JPM,Financials,145.34,145.44,144.66,145.12,6259100,yfinance
2023-11-28,JPM,Financials,145.14,145.76,144.67,145.45,6582700,yfinance
2023-11-29,JPM,Financials,146.04,147.43,145.88,146.19,9126100,yfinance
2023-11-30,JPM,Financials,146.74,147.9,146.24,147.85,9869800,yfinance
2023-12-01,JPM,Financials,147.61,149.54,147.61,148.57,8916000,yfinance
2023-12-04,JPM,Financials,147.8,149.72,147.66,149.66,9607500,yfinance
2023-12-05,JPM,Financials,148.97,150.15,148.7,149.64,9135600,yfinance
2023-12-06,JPM,Financials,150.47,150.83,147.78,148.07,9366000,yfinance
2023-12-07,JPM,Financials,148.43,149.02,147.92,148.53,8130900,yfinance
2023-12-08,JPM,Financials,148.97,150.41,148.71,150.16,7369400,yfinance
2023-12-11,JPM,Financials,150.16,150.9,149.81,150.71,8093900,yfinance
2023-12-12,JPM,Financials,150.84,152.18,150.51,152.06,10223000,yfinance
2023-12-13,JPM,Financials,152.06,153.49,151.35,152.57,12379100,yfinance
2023-12-14,JPM,Financials,153.3,156.15,153.19,155.35,13643000,yfinance
2023-12-15,JPM,Financials,154.48,156.57,153.83,156.52,20309300,yfinance
2023-12-18,JPM,Financials,157.17,158.32,156.9,157.47,8469600,yfinance
2023-12-19,JPM,Financials,157.25,159.59,156.82,159.57,10345700,yfinance
2023-12-20,JPM,Financials,159.13,160.48,157.68,157.77,10734700,yfinance
2023-12-21,JPM,Financials,158.05,159.23,156.95,158.67,7601700,yfinance
2023-12-22,JPM,Financials,158.67,159.36,158.42,158.58,6576300,yfinance
2023-12-26,JPM,Financials,158.63,159.87,158.37,159.51,4683600,yfinance
2023-12-27,JPM,Financials,158.99,160.54,158.75,160.47,6428600,yfinance
2023-12-28,JPM,Financials,160.42,161.66,160.09,161.32,6320100,yfinance
2023-12-29,JPM,Financials,161.04,161.69,160.69,161.13,6435100,yfinance
2024-01-02,JPM,Financials,160.18,163.09,160.01,163.01,9977400,yfinance
2024-01-03,JPM,Financials,162.8,162.97,161.39,162.3,9852300,yfinance
2024-01-04,JPM,Financials,162.64,165.22,162.55,163.38,11972500,yfinance
2024-01-05,JPM,Financials,163.43,165.25,163.43,164.2,10066000,yfinance
2024-01-08,JPM,Financials,163.96,164.28,161.55,163.96,11229900,yfinance
2024-01-09,JPM,Financials,163.58,163.74,162.13,162.66,9923600,yfinance
2024-01-10,JPM,Financials,162.03,163.06,161.03,163.0,9670200,yfinance
2024-01-11,JPM,Financials,162.35,162.38,160.74,162.32,11919500,yfinance
2024-01-12,JPM,Financials,165.65,168.05,160.98,161.13,19436500,yfinance
2024-01-16,JPM,Financials,157.14,160.21,156.6,160.12,17206400,yfinance
2024-01-17,JPM,Financials,159.5,161.15,158.69,159.26,11107500,yfinance
2024-01-18,JPM,Financials,159.29,159.68,157.5,159.57,9382300,yfinance
2024-01-19,JPM,Financials,159.7,162.58,159.25,162.33,13115700,yfinance
2024-01-22,JPM,Financials,162.47,163.92,161.76,162.14,12837500,yfinance
2024-01-23,JPM,Financials,161.72,161.79,160.55,161.07,8360800,yfinance
2024-01-24,JPM,Financials,161.42,162.99,160.95,162.51,9967100,yfinance
2024-01-25,JPM,Financials,164.23,164.88,162.9,164.83,8873500,yfinance
2024-01-26,JPM,Financials,164.52,164.95,163.73,164.21,7443000,yfinance
2024-01-29,JPM,Financials,164.17,164.74,163.27,164.63,6971200,yfinance
2024-01-30,JPM,Financials,164.73,168.48,164.73,168.01,10822100,yfinance
2024-01-31,JPM,Financials,167.94,169.94,166.17,166.19,11521800,yfinance
2024-02-01,JPM,Financials,165.5,166.65,163.39,165.59,9354800,yfinance
2024-02-02,JPM,Financials,165.18,167.58,165.14,166.54,8607600,yfinance
2024-02-05,JPM,Financials,165.71,166.88,164.82,166.32,7820200,yfinance
2024-02-06,JPM,Financials,166.43,167.63,165.62,166.89,6764800,yfinance
2024-02-07,JPM,Financials,167.46,167.63,165.81,167.21,7225500,yfinance
2024-02-08,JPM,Financials,166.8,167.09,165.43,166.61,6060300,yfinance
2024-02-09,JPM,Financials,166.8,166.89,165.53,166.81,6296700,yfinance
2024-02-12,JPM,Financials,166.59,168.52,165.56,167.55,8539300,yfinance
2024-02-13,JPM,Financials,167.1,167.97,164.53,166.09,8397600,yfinance
2024-02-14,JPM,Financials,166.86,167.85,166.24,167.78,7056700,yfinance
2024-02-15,JPM,Financials,167.89,171.76,167.89,171.44,8723400,yfinance
2024-02-16,JPM,Financials,171.19,171.54,169.81,170.64,8152600,yfinance
2024-02-20,JPM,Financials,170.79,172.0,170.05,171.31,9668000,yfinance
2024-02-21,JPM,Financials,171.52,172.51,170.15,172.42,7024000,yfinance
2024-02-22,JPM,Financials,173.3,174.82,172.75,174.49,9296500,yfinance
2024-02-23,JPM,Financials,175.19,176.52,174.6,175.37,7105800,yfinance
2024-02-26,JPM,Financials,175.14,175.81,173.93,174.77,7145400,yfinance
2024-02-27,JPM,Financials,174.72,174.94,173.7,174.85,5717100,yfinance
2024-02-28,JPM,Financials,174.83,176.52,174.38,175.74,6131600,yfinance
2024-02-29,JPM,Financials,176.96,177.69,175.23,177.34,9643000,yfinance
2024-03-01,JPM,Financials,177.0,177.7,176.42,176.61,6311800,yfinance
2024-03-04,JPM,Financials,176.05,178.8,175.63,177.93,7063600,yfinance
2024-03-05,JPM,Financials,177.63,180.43,177.63,179.71,6617800,yfinance
2024-03-06,JPM,Financials,180.38,181.16,178.84,180.65,7572900,yfinance
2024-03-07,JPM,Financials,181.01,181.57,177.88,179.06,7618300,yfinance
2024-03-08,JPM,Financials,179.61,181.53,179.11,179.4,6172200,yfinance
2024-03-11,JPM,Financials,178.5,179.61,177.49,179.46,5762600,yfinance
2024-03-12,JPM,Financials,180.09,181.25,179.1,180.94,5708400,yfinance
2024-03-13,JPM,Financials,181.44,182.74,180.94,182.41,7795500,yfinance
2024-03-14,JPM,Financials,182.08,182.65,178.33,179.16,10310900,yfinance
2024-03-15,JPM,Financials,177.74,181.99,177.74,181.38,17214200,yfinance
2024-03-18,JPM,Financials,181.7,183.67,180.99,183.63,9013800,yfinance
2024-03-19,JPM,Financials,183.68,184.84,183.36,184.71,8478700,yfinance
2024-03-20,JPM,Financials,185.09,187.35,184.54,187.13,9367000,yfinance
2024-03-21,JPM,Financials,187.31,190.08,187.13,189.73,11203800,yfinance
2024-03-22,JPM,Financials,189.68,191.08,187.33,187.4,8108800,yfinance
2024-03-25,JPM,Financials,187.39,187.71,185.25,185.69,8620000,yfinance
2024-03-26,JPM,Financials,185.47,187.44,184.96,186.56,5961500,yfinance
2024-03-27,JPM,Financials,187.29,190.24,187.18,190.17,8725800,yfinance
2024-03-28,JPM,Financials,190.14,191.31,189.23,190.91,8628300,yfinance
2024-04-01,JPM,Financials,190.62,191.52,189.26,189.62,7309000,yfinance
2024-04-02,JPM,Financials,189.09,190.42,188.8,189.54,7014700,yfinance
2024-04-03,JPM,Financials,189.71,190.21,188.43,189.01,9353400,yfinance
2024-04-04,JPM,Financials,190.92,191.43,187.47,187.57,9243800,yfinance
2024-04-05,JPM,Financials,188.06,189.94,187.05,189.29,6532300,yfinance
2024-04-08,JPM,Financials,189.46,190.76,189.46,190.28,8001000,yfinance
2024-04-09,JPM,Financials,189.89,190.66,186.86,189.01,7351500,yfinance
2024-04-10,JPM,Financials,187.47,188.93,186.16,187.39,7681400,yfinance
2024-04-11,JPM,Financials,187.9,188.45,185.26,187.36,10137700,yfinance
2024-04-12,JPM,Financials,180.54,181.13,175.0,175.24,31532300,yfinance
2024-04-15,JPM,Financials,176.88,179.72,174.67,175.33,14766600,yfinance
2024-04-16,JPM,Financials,175.34,175.59,172.23,173.33,16451800,yfinance
2024-04-17,JPM,Financials,173.88,174.88,171.8,172.64,9017100,yfinance
2024-04-18,JPM,Financials,173.62,175.79,172.54,173.76,9557700,yfinance
2024-04-19,JPM,Financials,174.86,178.2,173.92,178.12,13402300,yfinance
2024-04-22,JPM,Financials,178.31,182.28,178.3,181.59,11529700,yfinance
2024-04-23,JPM,Financials,183.23,184.29,182.65,184.2,9144400,yfinance
2024-04-24,JPM,Financials,182.66,185.25,182.31,185.1,6964900,yfinance
2024-04-25,JPM,Financials,184.31,185.93,183.28,185.38,9802300,yfinance
2024-04-26,JPM,Financials,185.57,186.82,185.08,185.5,6413700,yfinance
2024-04-29,JPM,Financials,185.49,186.23,184.48,185.3,5387800,yfinance
2024-04-30,JPM,Financials,184.84,186.93,183.72,183.82,8153700,yfinance
2024-05-01,JPM,Financials,184.33,186.43,182.91,183.93,7445300,yfinance
2024-05-02,JPM,Financials,185.09,185.51,181.69,183.74,6501700,yfinance
2024-05-03,JPM,Financials,184.07,184.58,180.67,182.64,8922800,yfinance
2024-05-06,JPM,Financials,183.81,184.26,181.98,184.07,7911100,yfinance
2024-05-07,JPM,Financials,183.78,184.96,183.73,183.83,7688800,yfinance
2024-05-08,JPM,Financials,183.11,188.53,183.11,187.57,9227600,yfinance
2024-05-09,JPM,Financials,187.11,189.43,187.04,189.34,7977300,yfinance
2024-05-10,JPM,Financials,190.34,191.11,190.08,190.56,7529800,yfinance
2024-05-13,JPM,Financials,190.59,191.59,189.86,190.52,7049200,yfinance
2024-05-14,JPM,Financials,190.78,193.25,189.97,193.19,8596200,yfinance
2024-05-15,JPM,Financials,193.66,194.32,191.52,193.76,8370000,yfinance
2024-05-16,JPM,Financials,193.87,196.03,193.65,194.11,8497900,yfinance
2024-05-17,JPM,Financials,195.39,196.58,194.43,196.33,9260500,yfinance
2024-05-20,JPM,Financials,195.95,197.37,187.33,187.5,17373300,yfinance
2024-05-21,JPM,Financials,188.86,191.64,188.48,191.28,14420800,yfinance
2024-05-22,JPM,Financials,190.78,192.64,189.52,190.12,9425300,yfinance
2024-05-23,JPM,Financials,189.64,190.11,187.97,188.79,8069400,yfinance
2024-05-24,JPM,Financials,189.58,192.47,189.4,192.42,7356200,yfinance
2024-05-28,JPM,Financials,191.6,192.13,190.45,191.26,6910200,yfinance
2024-05-29,JPM,Financials,189.82,190.77,188.76,189.93,6120000,yfinance
2024-05-30,JPM,Financials,190.36,191.59,190.2,191.1,6829100,yfinance
2024-05-31,JPM,Financials,191.07,194.9,190.16,194.26,14417900,yfinance
2024-06-03,JPM,Financials,193.95,194.06,190.96,193.48,6444300,yfinance
2024-06-04,JPM,Financials,191.89,193.64,190.09,190.93,6848300,yfinance
2024-06-05,JPM,Financials,191.51,191.57,188.79,189.11,8351600,yfinance
2024-06-06,JPM,Financials,189.11,189.84,187.26,188.78,7640300,yfinance
2024-06-07,JPM,Financials,189.27,192.62,188.87,191.69,6964500,yfinance
2024-06-10,JPM,Financials,191.01,192.54,190.24,191.36,6070800,yfinance
2024-06-11,JPM,Financials,189.73,189.76,185.6,186.33,9235300,yfinance
2024-06-12,JPM,Financials,187.9,188.59,183.41,183.62,12751300,yfinance
2024-06-13,JPM,Financials,184.38,186.54,182.99,185.66,8587800,yfinance
2024-06-14,JPM,Financials,183.54,186.81,183.51,185.77,6874000,yfinance
2024-06-17,JPM,Financials,185.49,187.5,184.68,186.93,8725400,yfinance
2024-06-18,JPM,Financials,186.56,189.78,186.11,188.86,9023000,yfinance
2024-06-20,JPM,Financials,188.28,191.21,188.01,190.46,8731100,yfinance
2024-06-21,JPM,Financials,188.58,189.02,186.2,188.19,20972100,yfinance
2024-06-24,JPM,Financials,189.64,191.0,188.96,190.66,9785900,yfinance
2024-06-25,JPM,Financials,189.91,191.8,189.57,189.89,6862500,yfinance
2024-06-26,JPM,Financials,189.29,189.76,188.17,189.27,7758600,yfinance
2024-06-27,JPM,Financials,189.28,191.6,188.77,190.94,7913500,yfinance
2024-06-28,JPM,Financials,191.75,194.23,191.07,193.9,15307600,yfinance
2024-07-01,JPM,Financials,194.46,198.53,194.29,196.96,10205800,yfinance
2024-07-02,JPM,Financials,196.81,200.23,196.31,200.2,7802900,yfinance
2024-07-03,JPM,Financials,200.89,201.69,199.07,200.07,5560900,yfinance
2024-07-05,JPM,Financials,199.54,199.9,197.16,197.42,8093100,yfinance
2024-07-08,JPM,Financials,197.66,199.45,196.63,197.78,8707000,yfinance
2024-07-09,JPM,Financials,198.23,202.21,198.05,200.16,9058900,yfinance
2024-07-10,JPM,Financials,198.72,200.48,198.18,200.32,8328500,yfinance
2024-07-11,JPM,Financials,198.79,200.61,197.99,199.98,10658100,yfinance
2024-07-12,JPM,Financials,196.66,199.98,194.82,197.56,15443400,yfinance
2024-07-15,JPM,Financials,199.73,203.99,199.28,202.49,10719700,yfinance
2024-07-16,JPM,Financials,202.44,206.05,200.59,205.93,11557000,yfinance
2024-07-17,JPM,Financials,206.1,209.73,205.59,209.06,11572500,yfinance
2024-07-18,JPM,Financials,207.87,208.84,201.71,202.42,12415100,yfinance
2024-07-19,JPM,Financials,203.6,204.71,201.4,202.23,8095900,yfinance
2024-07-22,JPM,Financials,202.88,204.53,202.16,202.71,7663200,yfinance
2024-07-23,JPM,Financials,203.42,203.87,201.81,202.76,5557300,yfinance
2024-07-24,JPM,Financials,202.01,204.4,200.58,201.08,7119000,yfinance
2024-07-25,JPM,Financials,201.14,202.62,200.56,201.16,6403800,yfinance
2024-07-26,JPM,Financials,201.71,205.49,201.11,204.6,8027800,yfinance
2024-07-29,JPM,Financials,204.99,205.92,202.97,203.26,6533600,yfinance
2024-07-30,JPM,Financials,205.55,208.02,205.29,207.44,8850700,yfinance
2024-07-31,JPM,Financials,207.05,208.6,205.01,205.14,9071600,yfinance
2024-08-01,JPM,Financials,205.53,206.13,198.95,200.47,10918600,yfinance
2024-08-02,JPM,Financials,196.54,197.3,189.8,191.97,18041700,yfinance
2024-08-05,JPM,Financials,187.06,189.11,184.03,187.88,13927000,yfinance
2024-08-06,JPM,Financials,188.37,195.31,187.02,193.13,10605800,yfinance
2024-08-07,JPM,Financials,196.18,198.34,192.99,193.19,9204400,yfinance
2024-08-08,JPM,Financials,195.18,197.53,194.53,196.71,7761200,yfinance
2024-08-09,JPM,Financials,196.15,199.04,195.6,198.39,5540200,yfinance
2024-08-12,JPM,Financials,198.98,199.68,196.33,198.77,6936000,yfinance
2024-08-13,JPM,Financials,200.25,200.6,198.01,200.45,6387800,yfinance
2024-08-14,JPM,Financials,200.26,203.17,199.66,202.67,6999800,yfinance
2024-08-15,JPM,Financials,205.33,206.19,203.5,203.93,7001000,yfinance
2024-08-16,JPM,Financials,204.07,206.38,203.97,206.27,7931200,yfinance
2024-08-19,JPM,Financials,206.3,207.77,206.12,207.69,6090800,yfinance
2024-08-20,JPM,Financials,207.26,208.22,205.99,206.8,5640000,yfinance
2024-08-21,JPM,Financials,206.71,207.26,205.18,206.87,5202300,yfinance
2024-08-22,JPM,Financials,206.86,209.0,206.62,208.83,5247100,yfinance
2024-08-23,JPM,Financials,209.77,211.3,208.71,210.45,7214000,yfinance
2024-08-26,JPM,Financials,211.13,211.77,210.2,211.28,5105200,yfinance
2024-08-27,JPM,Financials,211.61,212.49,211.3,212.25,5185200,yfinance
2024-08-28,JPM,Financials,211.36,214.21,211.3,213.32,6506400,yfinance
2024-08-29,JPM,Financials,214.15,214.95,211.06,214.21,6416100,yfinance
2024-08-30,JPM,Financials,214.49,217.36,213.94,216.71,8574100,yfinance
2024-09-03,JPM,Financials,214.3,216.03,211.35,212.37,8956100,yfinance
2024-09-04,JPM,Financials,213.08,214.08,209.39,211.43,7389500,yfinance
2024-09-05,JPM,Financials,212.22,212.85,208.25,209.8,8067900,yfinance
2024-09-06,JPM,Financials,209.77,210.87,203.49,204.81,7777000,yfinance
2024-09-09,JPM,Financials,207.44,210.3,206.47,209.01,8935100,yfinance
2024-09-10,JPM,Financials,210.73,210.77,193.39,198.16,28406900,yfinance
2024-09-11,JPM,Financials,197.86,200.22,194.56,199.77,13658700,yfinance
2024-09-12,JPM,Financials,200.17,201.26,197.51,199.16,9054400,yfinance
2024-09-13,JPM,Financials,199.41,200.37,195.71,196.96,10226700,yfinance
2024-09-16,JPM,Financials,198.42,200.71,198.19,200.38,8634900,yfinance
2024-09-17,JPM,Financials,200.25,202.37,200.18,201.72,7573300,yfinance
2024-09-18,JPM,Financials,201.49,203.73,199.26,200.06,8259900,yfinance
2024-09-19,JPM,Financials,202.23,204.28,199.88,202.9,11635200,yfinance
2024-09-20,JPM,Financials,202.37,203.81,201.96,203.49,20885000,yfinance
2024-09-23,JPM,Financials,203.4,204.18,202.43,203.83,7223500,yfinance
2024-09-24,JPM,Financials,203.55,205.28,202.8,203.97,7323200,yfinance
2024-09-25,JPM,Financials,204.06,204.6,201.1,202.62,8976500,yfinance
2024-09-26,JPM,Financials,203.53,204.08,201.49,202.23,7807500,yfinance
2024-09-27,JPM,Financials,203.07,204.79,201.79,202.92,7032500,yfinance
2024-09-30,JPM,Financials,198.88,203.37,197.87,203.27,8663800,yfinance
2024-10-01,JPM,Financials,201.38,201.56,198.77,199.59,8540100,yfinance
2024-10-02,JPM,Financials,199.63,201.43,198.29,199.83,5810900,yfinance
2024-10-03,JPM,Financials,198.75,199.06,196.98,197.84,7251300,yfinance
2024-10-04,JPM,Financials,203.0,205.3,200.68,204.86,10211700,yfinance
2024-10-07,JPM,Financials,204.68,206.91,203.38,204.58,6718900,yfinance
2024-10-08,JPM,Financials,204.24,204.97,202.11,204.41,6021800,yfinance
2024-10-09,JPM,Financials,203.39,207.79,203.08,207.0,7024000,yfinance
2024-10-10,JPM,Financials,208.35,208.35,205.11,206.44,7927100,yfinance
2024-10-11,JPM,Financials,209.18,217.87,208.69,215.6,18320700,yfinance
2024-10-14,JPM,Financials,216.48,216.97,212.29,214.82,9048900,yfinance
2024-10-15,JPM,Financials,216.93,218.67,215.15,215.7,9235800,yfinance
2024-10-16,JPM,Financials,215.64,216.95,214.39,216.91,6382500,yfinance
2024-10-17,JPM,Financials,217.52,219.05,216.59,217.67,6470200,yfinance
2024-10-18,JPM,Financials,218.23,219.12,216.39,218.59,7000500,yfinance
2024-10-21,JPM,Financials,218.44,218.91,216.19,216.29,5870000,yfinance
2024-10-22,JPM,Financials,216.31,218.5,214.45,217.38,9586800,yfinance
2024-10-23,JPM,Financials,216.93,218.04,215.83,216.69,6180500,yfinance
2024-10-24,JPM,Financials,215.15,218.29,214.99,218.21,6002200,yfinance
2024-10-25,JPM,Financials,218.23,218.83,214.23,215.62,6369700,yfinance
2024-10-28,JPM,Financials,216.63,218.85,216.24,218.71,6843000,yfinance
2024-10-29,JPM,Financials,218.43,219.93,216.11,216.19,6580000,yfinance
2024-10-30,JPM,Financials,215.84,219.5,214.91,217.66,7110900,yfinance
2024-10-31,JPM,Financials,217.94,218.9,215.15,215.24,7829900,yfinance
2024-11-01,JPM,Financials,216.83,219.34,216.0,216.23,6923500,yfinance
2024-11-04,JPM,Financials,215.95,217.03,212.57,213.17,8229600,yfinance
2024-11-05,JPM,Financials,213.41,215.28,213.38,214.83,5600700,yfinance
2024-11-06,JPM,Financials,227.93,240.54,227.71,239.63,23987800,yfinance
2024-11-07,JPM,Financials,237.14,237.21,228.14,229.27,16451100,yfinance
2024-11-08,JPM,Financials,232.14,232.14,228.69,229.85,9502100,yfinance
2024-11-11,JPM,Financials,232.78,234.81,231.81,232.09,9017100,yfinance
2024-11-12,JPM,Financials,233.31,234.19,231.58,232.35,6861000,yfinance
2024-11-13,JPM,Financials,233.34,236.75,233.08,233.9,11472600,yfinance
2024-11-14,JPM,Financials,235.13,236.94,233.8,234.59,10172200,yfinance
2024-11-15,JPM,Financials,234.19,239.0,234.19,237.93,11518800,yfinance
2024-11-18,JPM,Financials,240.3,240.47,235.38,237.66,9051400,yfinance
2024-11-19,JPM,Financials,234.96,237.77,234.28,235.78,6792700,yfinance
2024-11-20,JPM,Financials,237.05,237.25,231.46,233.53,9015300,yfinance
2024-11-21,JPM,Financials,235.91,238.1,234.82,237.39,8783500,yfinance
2024-11-22,JPM,Financials,236.28,241.65,235.72,241.07,7997300,yfinance
2024-11-25,JPM,Financials,242.08,246.66,241.57,242.76,10295400,yfinance
2024-11-26,JPM,Financials,242.95,243.45,240.87,242.45,6212100,yfinance
2024-11-27,JPM,Financials,241.85,243.63,241.28,242.27,5472300,yfinance
2024-11-29,JPM,Financials,242.34,244.19,241.94,242.21,5494800,yfinance
2024-12-02,JPM,Financials,242.04,242.72,237.66,238.84,8899700,yfinance
2024-12-03,JPM,Financials,240.76,241.55,237.27,237.45,6657700,yfinance
2024-12-04,JPM,Financials,237.34,237.97,234.94,236.08,7346300,yfinance
2024-12-05,JPM,Financials,238.01,239.74,237.26,238.09,6572500,yfinance
2024-12-06,JPM,Financials,238.31,240.29,237.47,239.92,5519700,yfinance
2024-12-09,JPM,Financials,239.69,240.41,236.42,236.47,7076500,yfinance
2024-12-10,JPM,Financials,236.55,240.5,234.93,235.55,9108300,yfinance
2024-12-11,JPM,Financials,236.66,236.92,234.89,236.2,7884400,yfinance
2024-12-12,JPM,Financials,235.69,236.75,233.79,234.26,6113800,yfinance
2024-12-13,JPM,Financials,234.79,235.42,231.94,232.72,10392700,yfinance
2024-12-16,JPM,Financials,233.37,233.43,230.37,232.37,9032000,yfinance
2024-12-17,JPM,Financials,231.47,231.83,229.51,231.19,8083600,yfinance
2024-12-18,JPM,Financials,231.81,231.88,222.62,223.44,11322400,yfinance
2024-12-19,JPM,Financials,225.28,229.25,225.28,225.95,11790800,yfinance
2024-12-20,JPM,Financials,224.94,232.01,224.62,230.45,32348400,yfinance
2024-12-23,JPM,Financials,228.97,231.44,227.81,231.22,8611500,yfinance
2024-12-24,JPM,Financials,232.23,235.19,231.88,235.02,3729100,yfinance
2024-12-26,JPM,Financials,234.17,235.94,233.54,235.82,4451800,yfinance
2024-12-27,JPM,Financials,235.42,236.07,232.82,233.91,5730200,yfinance
2024-12-30,JPM,Financials,231.59,233.59,229.98,232.12,5723800,yfinance
2024-12-31,JPM,Financials,232.83,234.17,231.84,232.5,4871000,yfinance
2025-01-02,JPM,Financials,233.67,235.96,232.24,232.78,9220900,yfinance
2025-01-03,JPM,Financials,236.55,237.51,233.03,235.96,9491100,yfinance
2025-01-06,JPM,Financials,237.59,239.53,234.55,234.81,9917800,yfinance
2025-01-07,JPM,Financials,236.07,239.11,234.86,237.07,8753400,yfinance
2025-01-08,JPM,Financials,236.66,238.12,234.47,237.03,8675300,yfinance
2025-01-10,JPM,Financials,236.99,237.69,232.75,233.85,10256800,yfinance
2025-01-13,JPM,Financials,233.66,238.41,233.01,238.08,10005300,yfinance
2025-01-14,JPM,Financials,236.57,241.51,236.12,241.26,12407400,yfinance
2025-01-15,JPM,Financials,244.12,247.31,237.57,246.02,18448500,yfinance
2025-01-16,JPM,Financials,247.63,250.59,246.0,247.89,15292300,yfinance
2025-01-17,JPM,Financials,247.77,254.08,245.82,252.66,17678100,yfinance
2025-01-21,JPM,Financials,253.55,257.62,252.99,256.43,13712100,yfinance
2025-01-22,JPM,Financials,256.31,256.77,253.72,256.25,9021900,yfinance
2025-01-23,JPM,Financials,258.05,260.17,257.19,259.28,10749700,yfinance
2025-01-24,JPM,Financials,257.08,260.4,256.41,258.2,7666300,yfinance
2025-01-27,JPM,Financials,257.54,259.3,255.68,259.18,7522300,yfinance
2025-01-28,JPM,Financials,259.18,260.62,258.19,260.44,7375400,yfinance
2025-01-29,JPM,Financials,260.51,263.89,258.95,259.89,7684900,yfinance
2025-01-30,JPM,Financials,261.89,262.94,259.93,261.5,8753500,yfinance
2025-01-31,JPM,Financials,262.48,264.03,260.26,260.6,7193800,yfinance
2025-02-03,JPM,Financials,255.26,261.44,255.14,260.12,8381400,yfinance
2025-02-04,JPM,Financials,263.07,263.07,260.14,261.22,5626000,yfinance
2025-02-05,JPM,Financials,262.17,263.85,261.6,263.65,5704400,yfinance
2025-02-06,JPM,Financials,265.62,270.03,264.39,269.95,7264400,yfinance
2025-02-07,JPM,Financials,270.32,271.56,267.82,268.88,6857900,yfinance
2025-02-10,JPM,Financials,269.22,269.25,262.83,264.24,8627400,yfinance
2025-02-11,JPM,Financials,263.48,269.29,262.9,268.09,7196400,yfinance
2025-02-12,JPM,Financials,267.21,269.52,266.4,268.54,6683900,yfinance
2025-02-13,JPM,Financials,268.59,270.02,266.94,269.39,8398700,yfinance
2025-02-14,JPM,Financials,270.41,272.23,269.52,269.65,5688600,yfinance
2025-02-18,JPM,Financials,269.82,272.95,269.1,272.93,7919800,yfinance
2025-02-19,JPM,Financials,271.4,273.22,270.27,272.25,7007200,yfinance
2025-02-20,JPM,Financials,271.69,271.75,259.07,260.11,13846700,yfinance
2025-02-21,JPM,Financials,261.59,262.45,256.25,257.61,12835600,yfinance
2025-02-24,JPM,Financials,258.83,260.3,252.12,254.79,10372800,yfinance
2025-02-25,JPM,Financials,255.65,256.4,247.0,250.94,9608400,yfinance
2025-02-26,JPM,Financials,250.71,254.37,250.49,252.3,5943600,yfinance
2025-02-27,JPM,Financials,253.65,257.03,251.39,252.55,8204400,yfinance
2025-02-28,JPM,Financials,254.19,258.17,251.42,258.01,10467100,yfinance
2025-03-03,JPM,Financials,257.38,259.64,251.35,254.08,9058300,yfinance
2025-03-04,JPM,Financials,248.88,250.78,239.78,243.97,13465600,yfinance
2025-03-05,JPM,Financials,244.95,246.7,241.61,245.22,7861400,yfinance
2025-03-06,JPM,Financials,241.89,243.11,237.73,240.36,9983200,yfinance
2025-03-07,JPM,Financials,239.08,240.53,233.41,236.2,20498700,yfinance
2025-03-10,JPM,Financials,230.29,231.55,222.96,226.4,18887200,yfinance
2025-03-11,JPM,Financials,225.94,227.47,221.0,223.39,18143000,yfinance
2025-03-12,JPM,Financials,228.13,228.44,221.56,222.18,16054000,yfinance
2025-03-13,JPM,Financials,223.55,223.74,218.61,219.54,16467900,yfinance
2025-03-14,JPM,Financials,222.4,227.29,221.87,226.61,11962100,yfinance
2025-03-17,JPM,Financials,225.38,229.76,224.68,228.06,9586000,yfinance
2025-03-18,JPM,Financials,228.44,230.25,227.66,229.08,10344900,yfinance
2025-03-19,JPM,Financials,229.83,236.25,229.0,233.11,10120600,yfinance
2025-03-20,JPM,Financials,230.63,235.7,230.28,233.02,8328500,yfinance
2025-03-21,JPM,Financials,231.85,236.22,230.57,235.57,19326900,yfinance
2025-03-24,JPM,Financials,239.32,242.45,238.28,241.84,9422700,yfinance
2025-03-25,JPM,Financials,243.06,245.5,241.41,244.83,9287700,yfinance
2025-03-26,JPM,Financials,246.26,248.28,243.52,244.73,12779300,yfinance
2025-03-27,JPM,Financials,243.27,244.35,240.98,241.9,8022500,yfinance
2025-03-28,JPM,Financials,240.75,243.25,235.06,236.76,11978400,yfinance
2025-03-31,JPM,Financials,233.41,239.69,231.41,239.15,13603000,yfinance
2025-04-01,JPM,Financials,236.53,239.53,234.84,237.55,8054700,yfinance
2025-04-02,JPM,Financials,235.54,241.05,235.4,239.65,7758800,yfinance
2025-04-03,JPM,Financials,228.39,229.24,221.6,222.95,17188500,yfinance
2025-04-04,JPM,Financials,211.2,213.55,204.94,206.27,27170700,yfinance
2025-04-07,JPM,Financials,201.84,217.81,198.3,210.35,22914400,yfinance
2025-04-08,JPM,Financials,219.26,223.49,209.18,212.73,19485700,yfinance
2025-04-09,JPM,Financials,208.45,232.95,206.97,229.87,24022400,yfinance
2025-04-10,JPM,Financials,225.61,225.96,215.9,222.78,18896400,yfinance
2025-04-11,JPM,Financials,221.99,234.03,220.71,231.69,20284500,yfinance
2025-04-14,JPM,Financials,232.58,235.21,229.17,230.24,13017800,yfinance
2025-04-15,JPM,Financials,231.6,234.1,228.38,228.68,10912900,yfinance
2025-04-16,JPM,Financials,227.57,229.12,223.58,225.23,9322300,yfinance
2025-04-17,JPM,Financials,226.4,229.87,226.15,227.53,9557900,yfinance
2025-04-21,JPM,Financials,226.23,227.39,222.02,224.62,8716200,yfinance
2025-04-22,JPM,Financials,227.55,231.49,226.96,231.1,10701400,yfinance
2025-04-23,JPM,Financials,235.64,242.08,235.42,236.28,14126800,yfinance
2025-04-24,JPM,Financials,235.17,240.79,233.05,239.97,9055200,yfinance
2025-04-25,JPM,Financials,239.98,240.93,237.14,238.9,8588600,yfinance
2025-04-28,JPM,Financials,239.89,242.13,236.25,238.58,7394300,yfinance
2025-04-29,JPM,Financials,237.57,240.57,237.08,239.95,7216800,yfinance
2025-04-30,JPM,Financials,236.61,240.54,233.88,239.95,12991700,yfinance
2025-05-01,JPM,Financials,238.21,243.71,237.55,242.18,8689600,yfinance
2025-05-02,JPM,Financials,246.47,248.78,244.7,247.69,7165000,yfinance
2025-05-05,JPM,Financials,246.39,250.29,245.81,247.74,5450700,yfinance
2025-05-06,JPM,Financials,245.23,247.83,244.25,244.5,6369900,yfinance
2025-05-07,JPM,Financials,245.08,247.63,244.08,244.63,8724100,yfinance
2025-05-08,JPM,Financials,246.77,251.0,246.75,248.63,8320100,yfinance
2025-05-09,JPM,Financials,249.64,250.64,247.53,248.25,5087600,yfinance
2025-05-12,JPM,Financials,257.88,258.57,253.76,255.09,9603900,yfinance
2025-05-13,JPM,Financials,256.05,258.64,255.42,257.99,8589000,yfinance
2025-05-14,JPM,Financials,257.98,261.55,257.29,260.57,8643100,yfinance
2025-05-15,JPM,Financials,261.88,264.38,259.71,262.39,9214600,yfinance
2025-05-16,JPM,Financials,262.4,263.34,259.66,262.46,8932900,yfinance
2025-05-19,JPM,Financials,260.48,263.2,256.93,259.83,12145000,yfinance
2025-05-20,JPM,Financials,257.51,261.57,257.3,260.61,8436300,yfinance
2025-05-21,JPM,Financials,259.31,260.58,255.76,256.06,7464000,yfinance
2025-05-22,JPM,Financials,254.49,257.3,253.93,255.7,6514100,yfinance
2025-05-23,JPM,Financials,251.91,256.99,251.12,255.74,6671800,yfinance
2025-05-27,JPM,Financials,257.04,260.24,256.99,260.23,7506600,yfinance
2025-05-28,JPM,Financials,261.16,261.63,257.88,258.46,5535400,yfinance
2025-05-29,JPM,Financials,259.75,260.35,257.52,259.33,5081200,yfinance
2025-05-30,JPM,Financials,258.42,260.27,257.72,258.96,10977700,yfinance
2025-06-02,JPM,Financials,258.0,259.97,256.9,259.61,6011200,yfinance
2025-06-03,JPM,Financials,258.7,261.49,257.87,261.19,6998400,yfinance
2025-06-04,JPM,Financials,260.85,262.02,259.14,259.18,5915700,yfinance
2025-06-05,JPM,Financials,259.69,259.69,255.34,256.95,8173800,yfinance
2025-06-06,JPM,Financials,259.29,261.56,259.22,260.66,7738100,yfinance
2025-06-09,JPM,Financials,260.93,262.79,258.33,261.65,8285000,yfinance
2025-06-10,JPM,Financials,260.81,263.77,260.78,263.48,7538100,yfinance
2025-06-11,JPM,Financials,263.55,264.48,260.72,263.03,7434100,yfinance
2025-06-12,JPM,Financials,261.77,263.17,260.08,263.12,6618000,yfinance
2025-06-13,JPM,Financials,260.02,261.93,257.7,259.9,7098300,yfinance
2025-06-16,JPM,Financials,261.91,266.55,261.76,265.2,8566000,yfinance
2025-06-17,JPM,Financials,263.05,265.43,262.69,264.38,6739300,yfinance
2025-06-18,JPM,Financials,264.85,272.42,264.57,268.73,9586400,yfinance
2025-06-20,JPM,Financials,270.31,272.01,268.59,269.75,13969700,yfinance
2025-06-23,JPM,Financials,269.81,273.24,266.92,272.96,8094600,yfinance
2025-06-24,JPM,Financials,274.86,277.32,274.18,275.89,9267900,yfinance
2025-06-25,JPM,Financials,276.13,278.86,275.55,278.64,6826900,yfinance
2025-06-26,JPM,Financials,279.27,283.89,279.04,283.24,8942100,yfinance
2025-06-27,JPM,Financials,280.36,283.19,279.6,281.63,17868600,yfinance
2025-06-30,JPM,Financials,284.86,287.07,283.41,284.38,12689200,yfinance
2025-07-01,JPM,Financials,285.34,285.58,281.12,284.87,9338300,yfinance
2025-07-02,JPM,Financials,286.47,287.23,284.17,286.43,8158700,yfinance
2025-07-03,JPM,Financials,287.96,292.15,287.03,291.75,6541600,yfinance
2025-07-07,JPM,Financials,291.01,291.79,285.92,287.78,8825700,yfinance
2025-07-08,JPM,Financials,285.12,285.54,276.29,278.72,15440900,yfinance
2025-07-09,JPM,Financials,283.06,283.08,278.43,279.1,11273800,yfinance
2025-07-10,JPM,Financials,278.94,284.17,278.94,284.05,8410900,yfinance
2025-07-11,JPM,Financials,281.42,283.26,279.58,282.74,7384700,yfinance
2025-07-14,JPM,Financials,282.95,285.15,281.17,284.56,9079900,yfinance
2025-07-15,JPM,Financials,283.87,287.76,281.38,282.44,12526100,yfinance
2025-07-16,JPM,Financials,284.26,286.56,278.95,281.72,9979800,yfinance
2025-07-17,JPM,Financials,279.37,286.13,279.37,285.74,8509500,yfinance
2025-07-18,JPM,Financials,285.36,288.3,284.09,287.09,12217000,yfinance
2025-07-21,JPM,Financials,286.82,289.96,286.41,286.79,7898100,yfinance
2025-07-22,JPM,Financials,287.32,289.42,285.03,287.25,6717500,yfinance
2025-07-23,JPM,Financials,288.64,292.73,288.35,292.5,7083500,yfinance
2025-07-24,JPM,Financials,293.15,295.29,291.95,292.29,7001200,yfinance
2025-07-25,JPM,Financials,292.44,294.61,291.71,294.33,5918500,yfinance
2025-07-28,JPM,Financials,293.39,295.13,292.56,294.0,5840400,yfinance
2025-07-29,JPM,Financials,295.69,296.97,291.95,292.78,7635700,yfinance
2025-07-30,JPM,Financials,293.15,296.3,293.11,295.33,8061700,yfinance
2025-07-31,JPM,Financials,294.85,296.66,291.26,291.99,14749700,yfinance
2025-08-01,JPM,Financials,286.23,287.61,280.16,285.22,12007100,yfinance
2025-08-04,JPM,Financials,286.09,290.1,286.09,290.04,6649500,yfinance
2025-08-05,JPM,Financials,290.46,291.55,283.12,287.19,7182300,yfinance
2025-08-06,JPM,Financials,288.11,289.08,286.0,287.17,6330200,yfinance
2025-08-07,JPM,Financials,288.74,289.25,282.3,282.82,8057100,yfinance
2025-08-08,JPM,Financials,284.83,287.05,280.62,284.62,6634100,yfinance
2025-08-11,JPM,Financials,285.25,287.14,284.64,285.4,5510100,yfinance
2025-08-12,JPM,Financials,287.32,290.52,286.17,288.65,8570900,yfinance
2025-08-13,JPM,Financials,289.73,290.32,283.04,286.36,8420400,yfinance
2025-08-14,JPM,Financials,286.41,289.98,285.48,289.94,6322400,yfinance
2025-08-15,JPM,Financials,290.61,291.26,285.66,286.32,7340500,yfinance
2025-08-18,JPM,Financials,285.84,287.71,284.27,287.35,5386900,yfinance
2025-08-19,JPM,Financials,286.66,288.28,285.37,286.49,6031500,yfinance
2025-08-20,JPM,Financials,286.64,289.12,283.15,288.05,7374200,yfinance
2025-08-21,JPM,Financials,287.75,288.57,285.32,287.29,6624000,yfinance
2025-08-22,JPM,Financials,288.99,292.9,285.97,291.99,8552800,yfinance
2025-08-25,JPM,Financials,291.99,293.08,289.92,290.67,5856300,yfinance
2025-08-26,JPM,Financials,289.94,294.45,289.29,294.29,6714700,yfinance
2025-08-27,JPM,Financials,292.98,296.75,292.78,294.98,6056500,yfinance
2025-08-28,JPM,Financials,295.71,296.92,294.41,296.75,6410500,yfinance
2025-08-29,JPM,Financials,297.71,298.6,295.43,297.09,6796400,yfinance
2025-09-02,JPM,Financials,295.95,296.15,290.27,295.4,7221900,yfinance
2025-09-03,JPM,Financials,296.26,296.26,292.13,295.21,6316900,yfinance
2025-09-04,JPM,Financials,295.69,300.06,294.0,299.46,6605800,yfinance
2025-09-05,JPM,Financials,299.29,300.77,290.09,290.16,9837700,yfinance
2025-09-08,JPM,Financials,290.66,292.21,287.26,288.71,8188500,yfinance
2025-09-09,JPM,Financials,288.4,294.71,288.11,293.58,7848200,yfinance
2025-09-10,JPM,Financials,292.44,297.21,291.16,296.23,7787300,yfinance
2025-09-11,JPM,Financials,296.92,301.34,296.47,301.17,7942500,yfinance
2025-09-12,JPM,Financials,300.62,303.14,299.34,302.51,6846700,yfinance
2025-09-15,JPM,Financials,302.76,305.5,302.76,304.47,7122000,yfinance
2025-09-16,JPM,Financials,305.55,306.44,302.72,304.75,10525600,yfinance
2025-09-17,JPM,Financials,305.94,308.42,304.34,307.28,8657800,yfinance
2025-09-18,JPM,Financials,307.32,308.94,305.17,308.73,8050700,yfinance
2025-09-19,JPM,Financials,309.1,311.27,304.68,310.26,23568600,yfinance
2025-09-22,JPM,Financials,305.35,309.2,305.12,307.96,7520200,yfinance
2025-09-23,JPM,Financials,307.34,311.77,306.12,308.25,8584400,yfinance
2025-09-24,JPM,Financials,309.54,312.04,307.2,308.92,7310500,yfinance
2025-09-25,JPM,Financials,309.61,311.12,307.33,308.95,7083200,yfinance
2025-09-26,JPM,Financials,310.38,313.25,309.2,311.52,7258100,yfinance
2025-09-29,JPM,Financials,312.51,313.45,309.16,311.16,6462400,yfinance
2025-09-30,JPM,Financials,311.71,312.85,305.66,310.9,11823300,yfinance
2025-10-01,JPM,Financials,309.46,310.08,303.0,306.25,9235200,yfinance
2025-10-02,JPM,Financials,305.55,306.1,301.75,303.14,7600000,yfinance
2025-10-03,JPM,Financials,304.08,307.19,303.79,305.58,6029900,yfinance
2025-10-06,JPM,Financials,307.21,308.77,302.21,306.22,7214500,yfinance
2025-10-07,JPM,Financials,306.39,307.05,301.79,304.75,8454200,yfinance
2025-10-08,JPM,Financials,305.26,305.83,300.65,301.12,6489900,yfinance
2025-10-09,JPM,Financials,302.13,305.1,300.49,302.61,7060300,yfinance
2025-10-10,JPM,Financials,302.74,307.5,297.93,298.01,8597400,yfinance
2025-10-13,JPM,Financials,302.68,306.5,302.53,305.03,10788700,yfinance
2025-10-14,JPM,Financials,302.92,304.07,291.4,299.19,16178800,yfinance
2025-10-15,JPM,Financials,303.46,309.14,302.52,302.77,11354800,yfinance
2025-10-16,JPM,Financials,302.43,305.73,294.23,295.69,10549400,yfinance
2025-10-17,JPM,Financials,296.3,296.69,291.39,294.72,10153500,yfinance
2025-10-20,JPM,Financials,295.65,300.79,295.31,299.47,6894900,yfinance
2025-10-21,JPM,Financials,298.78,301.14,294.16,294.25,7372700,yfinance
2025-10-22,JPM,Financials,294.92,295.21,287.76,291.3,8054100,yfinance
2025-10-23,JPM,Financials,291.57,293.54,289.71,291.72,5438800,yfinance
2025-10-24,JPM,Financials,293.25,299.71,292.63,297.57,7228300,yfinance
2025-10-27,JPM,Financials,299.27,301.62,298.13,301.24,5642200,yfinance
2025-10-28,JPM,Financials,301.95,305.03,300.26,302.44,6336000,yfinance
2025-10-29,JPM,Financials,300.61,305.3,300.11,302.59,7520300,yfinance
2025-10-30,JPM,Financials,302.87,309.62,302.18,306.48,7514600,yfinance
2025-10-31,JPM,Financials,305.59,309.88,304.31,308.15,7721300,yfinance
2025-11-03,JPM,Financials,308.03,309.33,303.28,306.39,7770000,yfinance
2025-11-04,JPM,Financials,303.78,309.24,302.18,306.29,7085200,yfinance
2025-11-05,JPM,Financials,306.65,310.11,302.71,308.7,6865200,yfinance
2025-11-06,JPM,Financials,308.02,311.83,307.29,310.42,7206100,yfinance
2025-11-07,JPM,Financials,308.91,311.42,304.7,311.21,7302300,yfinance
2025-11-10,JPM,Financials,311.99,316.51,311.21,313.86,5794100,yfinance
2025-11-11,JPM,Financials,314.46,316.0,312.27,312.6,5030200,yfinance
2025-11-12,JPM,Financials,313.24,319.17,313.19,317.35,10578300,yfinance
2025-11-13,JPM,Financials,316.18,317.57,306.15,306.52,8973300,yfinance
2025-11-14,JPM,Financials,304.57,304.7,298.35,300.71,10327000,yfinance
2025-11-17,JPM,Financials,301.09,302.67,294.82,297.5,8344000,yfinance
2025-11-18,JPM,Financials,296.64,300.05,294.18,296.55,8077300,yfinance
2025-11-19,JPM,Financials,296.87,301.54,296.41,300.37,5546600,yfinance
2025-11-20,JPM,Financials,303.41,306.96,295.31,295.53,7501600,yfinance
2025-11-21,JPM,Financials,298.41,298.8,290.01,295.17,11766800,yfinance
2025-11-24,JPM,Financials,295.39,296.95,291.69,295.15,10940200,yfinance
2025-11-25,JPM,Financials,297.18,301.59,292.73,300.1,8877200,yfinance
2025-11-26,JPM,Financials,302.08,305.58,300.3,304.7,7910900,yfinance
2025-11-28,JPM,Financials,306.15,310.72,305.29,310.09,4322400,yfinance
2025-12-01,JPM,Financials,309.96,311.04,305.59,305.97,7727300,yfinance
2025-12-02,JPM,Financials,305.79,307.51,304.15,304.94,7249000,yfinance
2025-12-03,JPM,Financials,304.26,309.37,303.87,309.15,8535300,yfinance
2025-12-04,JPM,Financials,310.27,315.45,310.01,313.08,9627800,yfinance
2025-12-05,JPM,Financials,312.62,315.44,311.67,312.03,6518900,yfinance
2025-12-08,JPM,Financials,312.05,313.44,310.35,312.2,7417200,yfinance
2025-12-09,JPM,Financials,311.94,315.75,297.15,297.64,18049200,yfinance
2025-12-10,JPM,Financials,297.63,308.22,295.61,307.15,18874100,yfinance
2025-12-11,JPM,Financials,306.28,314.96,306.28,314.35,9721900,yfinance
2025-12-12,JPM,Financials,316.62,317.21,313.57,315.48,8982900,yfinance
2025-12-15,JPM,Financials,316.53,319.79,315.35,316.96,10864100,yfinance
2025-12-16,JPM,Financials,316.04,316.47,311.39,312.53,8331300,yfinance
2025-12-17,JPM,Financials,315.39,316.32,311.65,311.97,8718700,yfinance
2025-12-18,JPM,Financials,312.98,314.66,309.24,310.01,11444900,yfinance
2025-12-19,JPM,Financials,310.79,315.51,310.2,314.18,24494400,yfinance
2025-12-22,JPM,Financials,314.47,320.14,314.47,320.0,8354600,yfinance
2025-12-23,JPM,Financials,320.52,324.65,320.0,322.81,6668300,yfinance
2025-12-24,JPM,Financials,323.12,326.84,322.39,326.02,4289300,yfinance
2025-12-26,JPM,Financials,325.96,327.7,323.42,324.78,4158300,yfinance
2025-12-29,JPM,Financials,323.87,324.64,320.44,320.66,8635300,yfinance
2025-12-30,JPM,Financials,321.71,321.83,319.41,320.33,7904300,yfinance
2025-12-31,JPM,Financials,321.24,321.77,318.96,319.14,5048500,yfinance
2026-01-02,JPM,Financials,319.42,322.62,317.67,322.37,8054000,yfinance
2026-01-05,JPM,Financials,322.39,334.03,322.08,330.85,10752600,yfinance
2026-01-06,JPM,Financials,330.93,334.16,328.97,332.91,7660800,yfinance
2026-01-07,JPM,Financials,329.45,330.46,322.95,325.33,9815200,yfinance
2026-01-08,JPM,Financials,324.73,329.71,323.99,328.11,11737100,yfinance
2026-01-09,JPM,Financials,327.66,330.21,326.5,327.51,6738100,yfinance
2026-01-12,JPM,Financials,320.24,324.36,319.59,322.84,12805100,yfinance
2026-01-13,JPM,Financials,322.65,325.2,308.99,309.32,19371200,yfinance
2026-01-14,JPM,Financials,306.63,310.17,304.56,306.3,25951500,yfinance
2026-01-15,JPM,Financials,306.9,311.35,306.18,307.69,14751400,yfinance
2026-01-16,JPM,Financials,308.77,315.59,308.42,310.88,14652500,yfinance
2026-01-20,JPM,Financials,304.65,309.57,300.32,301.2,12900600,yfinance
2026-01-21,JPM,Financials,301.89,303.85,299.62,300.5,10270100,yfinance
2026-01-22,JPM,Financials,303.31,306.63,301.36,302.08,10535800,yfinance
2026-01-23,JPM,Financials,300.46,300.83,295.0,296.2,11107900,yfinance
2026-01-26,JPM,Financials,296.29,300.24,295.94,299.51,11752700,yfinance
2026-01-27,JPM,Financials,299.8,300.43,296.63,298.78,11527400,yfinance
2026-01-28,JPM,Financials,298.74,300.38,296.53,299.24,9556700,yfinance
2026-01-29,JPM,Financials,300.86,305.27,300.68,304.86,11580000,yfinance
2026-01-30,JPM,Financials,303.7,306.36,301.02,304.33,11953200,yfinance
2026-02-02,JPM,Financials,302.91,307.73,299.84,306.57,9839400,yfinance
2026-02-03,JPM,Financials,308.15,314.64,307.53,313.25,12688000,yfinance
2026-02-04,JPM,Financials,312.81,317.68,312.81,315.65,9848800,yfinance
2026-02-05,JPM,Financials,313.4,314.4,303.98,308.58,9388000,yfinance
2026-02-06,JPM,Financials,313.11,322.6,313.11,320.76,17797400,yfinance
2026-02-09,JPM,Financials,319.7,324.74,318.48,320.46,11477500,yfinance
2026-02-10,JPM,Financials,320.91,324.47,313.52,316.66,9902200,yfinance
2026-02-11,JPM,Financials,321.59,323.62,307.16,309.24,8703500,yfinance
2026-02-12,JPM,Financials,310.69,312.02,298.49,301.1,13443400,yfinance
2026-02-13,JPM,Financials,297.0,302.74,295.01,301.01,9114500,yfinance
2026-02-17,JPM,Financials,301.22,306.67,300.96,305.57,8896800,yfinance
2026-02-18,JPM,Financials,306.89,310.69,305.66,307.21,7209600,yfinance
2026-02-19,JPM,Financials,305.61,307.61,303.57,306.48,6737700,yfinance
2026-02-20,JPM,Financials,306.83,309.42,304.12,309.21,7792700,yfinance
2026-02-23,JPM,Financials,307.23,309.42,293.6,296.15,12955400,yfinance
2026-02-24,JPM,Financials,295.31,298.22,289.9,295.79,13554100,yfinance
2026-02-25,JPM,Financials,297.12,302.11,295.5,301.76,8095500,yfinance
2026-02-26,JPM,Financials,303.03,307.44,302.09,304.57,7007800,yfinance
2026-02-27,JPM,Financials,298.47,301.41,292.95,298.77,18620800,yfinance
2026-03-02,JPM,Financials,293.31,298.45,291.72,296.04,8508900,yfinance
2026-03-03,JPM,Financials,290.8,300.85,288.03,298.73,10278200,yfinance
2026-03-04,JPM,Financials,298.46,299.47,294.31,297.87,8055700,yfinance
2026-03-05,JPM,Financials,296.46,299.71,290.94,292.06,12732500,yfinance
2026-03-06,JPM,Financials,284.88,288.51,282.27,288.01,13496500,yfinance
2026-03-09,JPM,Financials,284.05,289.62,279.02,288.44,12241100,yfinance
2026-03-10,JPM,Financials,287.82,291.26,285.72,287.26,8344900,yfinance
2026-03-11,JPM,Financials,287.34,289.0,283.41,286.06,10205000,yfinance
2026-03-12,JPM,Financials,281.39,282.43,277.68,281.45,13760500,yfinance
2026-03-13,JPM,Financials,283.22,285.73,281.51,282.0,9091200,yfinance
2026-03-16,JPM,Financials,284.88,287.8,283.16,284.7,8149000,yfinance
2026-03-17,JPM,Financials,287.53,290.27,284.49,285.43,8961200,yfinance
2026-03-18,JPM,Financials,285.37,287.94,283.67,286.27,10057000,yfinance
2026-03-19,JPM,Financials,285.42,288.04,283.17,286.5,9846700,yfinance
2026-03-20,JPM,Financials,286.61,289.23,283.82,285.1,22436500,yfinance
2026-03-23,JPM,Financials,292.81,294.24,286.5,288.43,11470800,yfinance
2026-03-24,JPM,Financials,284.71,293.98,283.92,290.91,11092300,yfinance
2026-03-25,JPM,Financials,292.65,296.12,290.95,293.92,12188200,yfinance
2026-03-26,JPM,Financials,291.09,293.49,289.25,290.17,8669200,yfinance
2026-03-27,JPM,Financials,287.67,288.63,280.32,281.4,9873300,yfinance
2026-03-30,JPM,Financials,283.29,285.79,280.89,282.33,11734400,yfinance
2026-03-31,JPM,Financials,287.0,293.57,283.5,292.66,12956900,yfinance
2026-04-01,JPM,Financials,293.89,297.2,291.42,293.88,11267200,yfinance
2026-04-02,JPM,Financials,290.42,294.11,287.25,293.1,6669300,yfinance
2026-04-06,JPM,Financials,294.06,296.83,293.2,295.45,7142600,yfinance
2026-04-07,JPM,Financials,293.14,298.18,292.7,297.4,7849100,yfinance
2026-04-08,JPM,Financials,307.97,311.26,305.33,307.97,10590200,yfinance
2026-04-09,JPM,Financials,306.95,311.26,306.11,310.33,6586600,yfinance
2026-04-10,JPM,Financials,310.0,310.35,306.72,309.87,6069700,yfinance
2026-04-13,JPM,Financials,307.47,313.74,305.46,313.68,8318200,yfinance
2026-04-14,JPM,Financials,309.82,314.32,308.87,311.12,11455500,yfinance
2026-04-15,JPM,Financials,313.95,314.24,304.26,305.93,9885800,yfinance
2026-04-16,JPM,Financials,305.35,309.95,305.2,309.95,8208600,yfinance
2026-04-17,JPM,Financials,312.47,314.9,310.09,310.29,11082400,yfinance
2026-04-20,JPM,Financials,310.85,317.13,310.37,316.99,10772000,yfinance
2026-04-21,JPM,Financials,317.49,320.24,312.75,313.0,7084300,yfinance
2026-04-22,JPM,Financials,314.85,315.15,311.94,313.02,5545900,yfinance
2026-04-23,JPM,Financials,313.52,314.99,308.89,311.69,6969700,yfinance
2026-04-24,JPM,Financials,311.15,311.15,307.89,308.28,5215300,yfinance
2026-04-27,JPM,Financials,306.88,312.58,306.88,311.63,7925300,yfinance
2026-04-28,JPM,Financials,315.2,315.45,311.17,311.45,7398600,yfinance
2026-04-29,JPM,Financials,310.57,312.05,307.29,309.25,8031800,yfinance
2026-04-30,JPM,Financials,307.07,314.1,306.57,313.23,8865400,yfinance
2026-05-01,JPM,Financials,313.95,316.08,311.83,312.47,6135400,yfinance
2026-05-04,JPM,Financials,310.62,310.65,306.51,307.65,7338200,yfinance
2026-05-05,JPM,Financials,307.71,310.97,306.8,309.4,6316800,yfinance
2026-05-06,JPM,Financials,311.45,316.26,311.35,314.9,8629500,yfinance
2026-05-07,JPM,Financials,314.65,316.3,306.14,306.27,8359600,yfinance
2026-05-08,JPM,Financials,308.25,308.99,300.5,302.1,9464300,yfinance
2026-05-11,JPM,Financials,302.1,303.19,298.88,300.0,9512000,yfinance
2026-05-12,JPM,Financials,300.02,306.06,295.55,304.88,9498200,yfinance
2026-05-13,JPM,Financials,302.27,303.0,300.07,300.25,7709500,yfinance
2026-05-14,JPM,Financials,302.25,303.75,298.81,299.91,7364300,yfinance
2026-05-15,JPM,Financials,300.21,300.79,296.45,297.81,8699300,yfinance
2026-05-18,JPM,Financials,298.0,301.26,297.22,300.73,7546300,yfinance
2026-05-19,JPM,Financials,301.09,301.79,295.26,295.7,8066900,yfinance
2026-05-20,JPM,Financials,296.7,302.93,293.67,301.98,9327000,yfinance
2026-05-21,JPM,Financials,301.23,303.98,300.21,303.0,7874400,yfinance
2026-05-22,JPM,Financials,304.68,307.45,303.84,306.38,5973900,yfinance
2026-05-26,JPM,Financials,308.49,309.93,305.44,306.74,7725400,yfinance
2026-05-27,JPM,Financials,305.0,305.9,295.75,299.28,11779200,yfinance
2026-05-28,JPM,Financials,297.57,301.07,295.75,296.73,9757700,yfinance
2026-05-29,JPM,Financials,296.4,299.88,295.2,299.31,13969000,yfinance
2026-06-01,JPM,Financials,297.69,299.55,295.27,296.58,7930000,yfinance
2026-06-02,JPM,Financials,296.5,302.07,295.27,300.96,8296200,yfinance
2026-06-03,JPM,Financials,299.92,301.96,296.56,300.85,7003900,yfinance
2026-06-04,JPM,Financials,305.74,312.91,304.44,310.89,10345200,yfinance
2026-06-05,JPM,Financials,314.29,315.0,309.6,312.37,9118800,yfinance
2023-09-12,LLY,Healthcare,579.75,589.72,576.69,587.92,3212100,yfinance
2023-09-13,LLY,Healthcare,583.37,589.34,580.47,587.51,3126600,yfinance
2023-09-14,LLY,Healthcare,587.86,590.41,578.81,580.38,3244800,yfinance
2023-09-15,LLY,Healthcare,580.76,582.78,564.14,564.73,5941200,yfinance
2023-09-18,LLY,Healthcare,567.03,567.03,553.69,560.43,2723600,yfinance
2023-09-19,LLY,Healthcare,560.77,567.43,559.8,564.04,2185100,yfinance
2023-09-20,LLY,Healthcare,562.53,564.33,558.38,558.82,1869900,yfinance
2023-09-21,LLY,Healthcare,556.42,557.22,532.2,539.68,4049900,yfinance
2023-09-22,LLY,Healthcare,538.39,544.94,537.23,540.09,2353800,yfinance
2023-09-25,LLY,Healthcare,539.65,542.17,535.39,541.8,1686500,yfinance
2023-09-26,LLY,Healthcare,540.24,543.61,537.59,539.57,1864300,yfinance
2023-09-27,LLY,Healthcare,539.45,541.21,533.35,539.32,2004200,yfinance
2023-09-28,LLY,Healthcare,540.85,541.21,531.12,534.11,2178800,yfinance
2023-09-29,LLY,Healthcare,535.13,535.72,522.09,526.93,2967700,yfinance
2023-10-02,LLY,Healthcare,525.83,530.37,516.81,528.07,2810100,yfinance
2023-10-03,LLY,Healthcare,525.82,527.14,506.76,515.22,3266100,yfinance
2023-10-04,LLY,Healthcare,515.58,525.99,513.69,521.37,2220400,yfinance
2023-10-05,LLY,Healthcare,523.41,532.2,521.52,531.2,2950700,yfinance
2023-10-06,LLY,Healthcare,533.67,555.61,532.41,554.49,4745200,yfinance
2023-10-09,LLY,Healthcare,553.31,568.78,552.88,560.9,4208100,yfinance
2023-10-10,LLY,Healthcare,559.18,574.82,558.91,568.31,3526700,yfinance
2023-10-11,LLY,Healthcare,584.88,597.23,573.9,593.79,5850600,yfinance
2023-10-12,LLY,Healthcare,593.96,601.36,590.77,598.91,4063500,yfinance
2023-10-13,LLY,Healthcare,606.16,618.01,591.12,597.63,3963800,yfinance
2023-10-16,LLY,Healthcare,599.39,610.17,596.88,604.93,2941500,yfinance
2023-10-17,LLY,Healthcare,607.25,608.62,591.09,596.76,2911700,yfinance
2023-10-18,LLY,Healthcare,595.71,604.19,591.79,595.71,2049100,yfinance
2023-10-19,LLY,Healthcare,593.51,593.51,567.36,579.58,3493700,yfinance
2023-10-20,LLY,Healthcare,578.8,585.59,569.85,573.54,3666900,yfinance
2023-10-23,LLY,Healthcare,574.93,577.17,565.2,565.7,2781900,yfinance
2023-10-24,LLY,Healthcare,568.99,583.23,568.11,581.18,2633000,yfinance
2023-10-25,LLY,Healthcare,585.61,588.31,574.75,575.32,2283300,yfinance
2023-10-26,LLY,Healthcare,568.99,569.97,555.41,557.31,2846500,yfinance
2023-10-27,LLY,Healthcare,552.32,559.97,546.07,549.59,2717400,yfinance
2023-10-30,LLY,Healthcare,560.36,562.33,551.87,554.97,2290900,yfinance
2023-10-31,LLY,Healthcare,558.17,558.79,537.21,543.41,3661400,yfinance
2023-11-01,LLY,Healthcare,544.46,547.83,540.79,543.93,2935900,yfinance
2023-11-02,LLY,Healthcare,567.35,586.1,561.13,569.27,5181300,yfinance
2023-11-03,LLY,Healthcare,567.45,571.93,556.41,557.03,3056500,yfinance
2023-11-06,LLY,Healthcare,560.26,586.36,560.17,583.89,3978500,yfinance
2023-11-07,LLY,Healthcare,585.66,590.51,578.92,588.54,3168200,yfinance
2023-11-08,LLY,Healthcare,596.12,613.99,580.94,607.37,7776400,yfinance
2023-11-09,LLY,Healthcare,603.09,603.96,572.35,580.09,6279800,yfinance
2023-11-10,LLY,Healthcare,583.7,587.49,574.87,586.36,3645900,yfinance
2023-11-13,LLY,Healthcare,583.06,607.0,567.17,601.08,5744800,yfinance
2023-11-14,LLY,Healthcare,597.77,605.46,592.32,600.33,3827600,yfinance
2023-11-15,LLY,Healthcare,600.39,602.38,574.38,578.43,4287000,yfinance
2023-11-16,LLY,Healthcare,581.34,584.87,571.76,578.64,3030500,yfinance
2023-11-17,LLY,Healthcare,582.27,585.94,577.12,581.55,2628200,yfinance
2023-11-20,LLY,Healthcare,581.28,594.47,580.54,587.34,2827200,yfinance
2023-11-21,LLY,Healthcare,588.16,591.23,581.61,582.42,1851600,yfinance
2023-11-22,LLY,Healthcare,585.17,588.89,576.67,584.87,2052200,yfinance
2023-11-24,LLY,Healthcare,588.08,593.13,586.73,590.78,1341700,yfinance
2023-11-27,LLY,Healthcare,590.84,593.32,580.99,581.37,2630700,yfinance
2023-11-28,LLY,Healthcare,581.83,585.15,579.24,581.44,1793900,yfinance
2023-11-29,LLY,Healthcare,582.03,584.33,574.4,581.69,1908600,yfinance
2023-11-30,LLY,Healthcare,581.3,585.99,576.14,580.89,5658400,yfinance
2023-12-01,LLY,Healthcare,581.54,591.63,572.99,574.01,3638600,yfinance
2023-12-04,LLY,Healthcare,572.13,577.01,564.47,575.62,2577100,yfinance
2023-12-05,LLY,Healthcare,573.26,581.64,569.42,578.05,2157300,yfinance
2023-12-06,LLY,Healthcare,580.59,583.7,574.36,579.13,2093100,yfinance
2023-12-07,LLY,Healthcare,578.18,578.76,567.69,578.17,2095000,yfinance
2023-12-08,LLY,Healthcare,578.88,588.02,574.73,587.78,2446800,yfinance
2023-12-11,LLY,Healthcare,588.38,590.86,557.66,574.01,5614100,yfinance
2023-12-12,LLY,Healthcare,572.0,575.79,568.24,574.72,2846100,yfinance
2023-12-13,LLY,Healthcare,573.24,588.39,572.31,587.24,3112500,yfinance
2023-12-14,LLY,Healthcare,584.29,584.29,558.92,563.82,5275900,yfinance
2023-12-15,LLY,Healthcare,562.27,563.86,552.0,562.22,5317000,yfinance
2023-12-18,LLY,Healthcare,566.57,573.04,565.81,569.8,3033900,yfinance
2023-12-19,LLY,Healthcare,570.28,575.06,567.34,569.85,2192700,yfinance
2023-12-20,LLY,Healthcare,566.58,569.9,560.24,560.42,2647100,yfinance
2023-12-21,LLY,Healthcare,561.6,565.12,557.28,562.18,1786500,yfinance
2023-12-22,LLY,Healthcare,563.18,566.01,557.67,560.59,2226100,yfinance
2023-12-26,LLY,Healthcare,559.72,562.93,557.89,560.87,1678700,yfinance
2023-12-27,LLY,Healthcare,560.7,573.66,560.7,571.52,2163400,yfinance
2023-12-28,LLY,Healthcare,571.98,576.61,570.04,570.87,1973500,yfinance
2023-12-29,LLY,Healthcare,572.84,576.1,569.52,572.91,2000100,yfinance
2024-01-02,LLY,Healthcare,570.44,582.54,569.1,582.03,3226700,yfinance
2024-01-03,LLY,Healthcare,589.7,609.19,588.52,607.09,5130300,yfinance
2024-01-04,LLY,Healthcare,614.52,625.48,602.74,603.95,6272500,yfinance
2024-01-05,LLY,Healthcare,603.45,609.29,599.71,607.93,2404000,yfinance
2024-01-08,LLY,Healthcare,611.74,615.31,599.12,615.28,2453900,yfinance
2024-01-09,LLY,Healthcare,619.29,623.52,613.01,614.74,2918900,yfinance
2024-01-10,LLY,Healthcare,617.7,626.11,615.01,619.37,2679100,yfinance
2024-01-11,LLY,Healthcare,623.49,628.77,617.35,624.8,2690300,yfinance
2024-01-12,LLY,Healthcare,627.24,632.94,622.14,631.88,2067800,yfinance
2024-01-16,LLY,Healthcare,632.85,636.61,622.79,623.67,2413600,yfinance
2024-01-17,LLY,Healthcare,628.47,629.52,614.45,618.11,2124100,yfinance
2024-01-18,LLY,Healthcare,610.61,613.16,602.18,612.64,3385000,yfinance
2024-01-19,LLY,Healthcare,611.7,618.78,609.35,617.78,3125000,yfinance
2024-01-22,LLY,Healthcare,619.18,621.77,614.27,620.04,2030200,yfinance
2024-01-23,LLY,Healthcare,616.91,619.18,604.26,618.87,2525000,yfinance
2024-01-24,LLY,Healthcare,622.64,632.12,621.15,622.82,2276900,yfinance
2024-01-25,LLY,Healthcare,616.59,621.74,613.95,616.84,2407900,yfinance
2024-01-26,LLY,Healthcare,626.4,628.61,619.67,628.27,2410300,yfinance
2024-01-29,LLY,Healthcare,630.48,634.56,628.78,633.92,2718500,yfinance
2024-01-30,LLY,Healthcare,634.61,635.69,629.99,633.9,2006100,yfinance
2024-01-31,LLY,Healthcare,639.21,652.15,626.06,634.52,4719000,yfinance
2024-02-01,LLY,Healthcare,636.21,649.18,632.12,649.09,2494300,yfinance
2024-02-02,LLY,Healthcare,651.0,661.07,648.41,656.18,3019200,yfinance
2024-02-05,LLY,Healthcare,679.15,699.65,670.81,694.07,7602400,yfinance
2024-02-06,LLY,Healthcare,729.26,729.26,679.23,692.92,8187300,yfinance
2024-02-07,LLY,Healthcare,698.18,728.26,694.88,712.92,5798000,yfinance
2024-02-08,LLY,Healthcare,715.81,728.27,713.29,723.04,4636900,yfinance
2024-02-09,LLY,Healthcare,722.87,732.89,721.01,727.45,2833900,yfinance
2024-02-12,LLY,Healthcare,728.08,728.08,713.97,724.6,2932300,yfinance
2024-02-13,LLY,Healthcare,717.64,730.22,717.64,730.21,2860300,yfinance
2024-02-14,LLY,Healthcare,734.3,752.24,733.49,745.61,3394300,yfinance
2024-02-15,LLY,Healthcare,744.12,751.2,738.42,746.07,2507000,yfinance
2024-02-16,LLY,Healthcare,759.12,782.19,751.7,769.98,5009400,yfinance
2024-02-20,LLY,Healthcare,777.79,781.12,741.56,743.98,4701100,yfinance
2024-02-21,LLY,Healthcare,726.67,737.92,721.91,734.38,3541800,yfinance
2024-02-22,LLY,Healthcare,751.78,763.14,744.58,757.75,3167400,yfinance
2024-02-23,LLY,Healthcare,762.04,765.63,750.48,757.65,2394800,yfinance
2024-02-26,LLY,Healthcare,759.38,768.16,757.24,759.99,2243800,yfinance
2024-02-27,LLY,Healthcare,743.24,761.01,733.92,753.18,2716700,yfinance
2024-02-28,LLY,Healthcare,750.47,751.21,740.05,745.93,2716300,yfinance
2024-02-29,LLY,Healthcare,741.44,744.77,732.53,742.03,3905400,yfinance
2024-03-01,LLY,Healthcare,757.14,771.96,752.32,770.03,4247500,yfinance
2024-03-04,LLY,Healthcare,784.13,788.41,774.01,780.04,3855600,yfinance
2024-03-05,LLY,Healthcare,773.18,776.35,757.39,765.57,3168700,yfinance
2024-03-06,LLY,Healthcare,772.17,775.68,762.04,767.72,2518600,yfinance
2024-03-07,LLY,Healthcare,759.91,780.74,749.36,768.1,3977400,yfinance
2024-03-08,LLY,Healthcare,767.95,767.95,743.33,750.36,4054900,yfinance
2024-03-11,LLY,Healthcare,740.59,745.11,716.38,723.02,3968900,yfinance
2024-03-12,LLY,Healthcare,729.51,744.29,726.61,743.28,2701700,yfinance
2024-03-13,LLY,Healthcare,745.3,749.01,734.19,746.13,2357500,yfinance
2024-03-14,LLY,Healthcare,753.13,756.13,737.82,748.98,2647500,yfinance
2024-03-15,LLY,Healthcare,743.71,749.13,736.16,742.52,3730100,yfinance
2024-03-18,LLY,Healthcare,750.5,757.79,746.53,750.88,2521400,yfinance
2024-03-19,LLY,Healthcare,746.72,761.89,743.33,760.84,2557100,yfinance
2024-03-20,LLY,Healthcare,758.21,761.21,744.95,760.92,2038000,yfinance
2024-03-21,LLY,Healthcare,762.04,768.48,747.15,758.36,3013200,yfinance
2024-03-22,LLY,Healthcare,758.1,764.99,755.42,758.7,1981000,yfinance
2024-03-25,LLY,Healthcare,759.18,766.46,756.28,761.19,1806600,yfinance
2024-03-26,LLY,Healthcare,762.24,766.3,757.12,762.93,2099000,yfinance
2024-03-27,LLY,Healthcare,766.68,773.13,755.52,766.16,2297700,yfinance
2024-03-28,LLY,Healthcare,768.26,781.41,764.44,765.94,3209400,yfinance
2024-04-01,LLY,Healthcare,764.01,765.49,742.17,748.8,2921300,yfinance
2024-04-02,LLY,Healthcare,743.4,753.25,741.86,752.16,2596800,yfinance
2024-04-03,LLY,Healthcare,753.86,775.09,753.58,764.0,3044900,yfinance
2024-04-04,LLY,Healthcare,769.46,775.73,755.96,756.21,2354000,yfinance
2024-04-05,LLY,Healthcare,753.64,774.55,751.3,772.09,2113400,yfinance
2024-04-08,LLY,Healthcare,772.89,773.07,761.4,765.28,1664200,yfinance
2024-04-09,LLY,Healthcare,765.62,765.8,739.05,745.54,2464100,yfinance
2024-04-10,LLY,Healthcare,739.67,753.44,735.29,750.21,1700300,yfinance
2024-04-11,LLY,Healthcare,748.04,751.53,739.07,747.85,1594800,yfinance
2024-04-12,LLY,Healthcare,747.83,751.7,738.2,740.03,2495000,yfinance
2024-04-15,LLY,Healthcare,748.33,756.13,737.94,739.17,2358600,yfinance
2024-04-16,LLY,Healthcare,740.06,741.5,731.52,735.2,2569800,yfinance
2024-04-17,LLY,Healthcare,747.47,759.9,733.37,739.17,3069400,yfinance
2024-04-18,LLY,Healthcare,737.84,740.58,732.28,734.42,1717300,yfinance
2024-04-19,LLY,Healthcare,737.58,738.42,710.91,715.09,3505500,yfinance
2024-04-22,LLY,Healthcare,718.46,726.48,714.21,720.03,2354100,yfinance
2024-04-23,LLY,Healthcare,729.75,734.63,720.14,734.17,2042000,yfinance
2024-04-24,LLY,Healthcare,741.01,741.01,717.53,720.89,2133400,yfinance
2024-04-25,LLY,Healthcare,713.8,716.74,707.2,713.67,2608800,yfinance
2024-04-26,LLY,Healthcare,712.3,726.05,709.86,722.18,2009200,yfinance
2024-04-29,LLY,Healthcare,724.38,729.14,718.34,725.81,2665600,yfinance
2024-04-30,LLY,Healthcare,763.02,783.21,755.8,769.03,7437100,yfinance
2024-05-01,LLY,Healthcare,762.79,770.52,756.38,764.75,2802100,yfinance
2024-05-02,LLY,Healthcare,765.33,765.33,742.63,744.23,3205600,yfinance
2024-05-03,LLY,Healthcare,731.52,733.49,719.05,723.61,4595100,yfinance
2024-05-06,LLY,Healthcare,726.64,755.14,724.63,754.83,3398300,yfinance
2024-05-07,LLY,Healthcare,757.02,767.05,750.33,765.75,2879400,yfinance
2024-05-08,LLY,Healthcare,767.06,769.28,760.27,763.02,2089800,yfinance
2024-05-09,LLY,Healthcare,764.99,771.89,757.31,759.63,2522100,yfinance
2024-05-10,LLY,Healthcare,762.06,765.41,748.26,748.26,2082300,yfinance
2024-05-13,LLY,Healthcare,751.7,751.75,738.93,745.99,1848900,yfinance
2024-05-14,LLY,Healthcare,739.91,752.69,739.91,752.17,1956200,yfinance
2024-05-15,LLY,Healthcare,753.62,776.81,752.59,776.18,3038300,yfinance
2024-05-16,LLY,Healthcare,773.9,775.65,759.53,760.5,2299700,yfinance
2024-05-17,LLY,Healthcare,762.24,764.2,756.53,759.39,1670300,yfinance
2024-05-20,LLY,Healthcare,756.34,773.53,755.57,772.39,2188800,yfinance
2024-05-21,LLY,Healthcare,781.54,805.36,780.49,792.11,4334500,yfinance
2024-05-22,LLY,Healthcare,789.97,793.79,784.3,791.85,1767500,yfinance
2024-05-23,LLY,Healthcare,798.84,809.31,791.11,797.31,3025800,yfinance
2024-05-24,LLY,Healthcare,796.87,798.96,793.07,796.31,1778100,yfinance
2024-05-28,LLY,Healthcare,797.86,797.86,777.39,796.73,2483500,yfinance
2024-05-29,LLY,Healthcare,791.94,804.38,791.04,800.35,2380000,yfinance
2024-05-30,LLY,Healthcare,801.59,808.7,795.01,803.83,1984600,yfinance
2024-05-31,LLY,Healthcare,807.52,814.83,799.93,809.04,4472100,yfinance
2024-06-03,LLY,Healthcare,812.48,826.73,807.23,819.81,2537200,yfinance
2024-06-04,LLY,Healthcare,822.51,823.96,813.94,821.12,1748300,yfinance
2024-06-05,LLY,Healthcare,819.05,826.9,806.36,820.3,2169000,yfinance
2024-06-06,LLY,Healthcare,823.38,835.3,820.42,825.76,2109000,yfinance
2024-06-07,LLY,Healthcare,826.22,845.01,825.48,838.28,2468800,yfinance
2024-06-10,LLY,Healthcare,842.22,859.62,837.69,853.09,3417500,yfinance
2024-06-11,LLY,Healthcare,869.99,869.99,840.49,853.89,4109100,yfinance
2024-06-12,LLY,Healthcare,859.99,859.99,842.09,855.35,2594600,yfinance
2024-06-13,LLY,Healthcare,857.06,872.87,849.63,871.16,2243400,yfinance
2024-06-14,LLY,Healthcare,870.18,872.43,863.93,866.35,2023300,yfinance
2024-06-17,LLY,Healthcare,865.91,879.91,864.78,872.82,2532200,yfinance
2024-06-18,LLY,Healthcare,874.78,882.54,871.82,879.18,2437000,yfinance
2024-06-20,LLY,Healthcare,880.7,892.98,858.14,873.79,3360000,yfinance
2024-06-21,LLY,Healthcare,873.46,879.68,867.68,871.71,3445900,yfinance
2024-06-24,LLY,Healthcare,877.72,891.13,870.78,877.85,2878200,yfinance
2024-06-25,LLY,Healthcare,879.49,896.89,879.22,892.15,2830100,yfinance
2024-06-26,LLY,Healthcare,891.55,893.87,885.47,888.85,2232100,yfinance
2024-06-27,LLY,Healthcare,891.08,897.04,887.33,896.52,1948100,yfinance
2024-06-28,LLY,Healthcare,898.76,902.93,892.91,892.91,3375400,yfinance
2024-07-01,LLY,Healthcare,899.21,904.2,891.85,901.78,2546100,yfinance
2024-07-02,LLY,Healthcare,890.28,899.44,866.4,894.22,4584600,yfinance
2024-07-03,LLY,Healthcare,898.45,905.85,871.82,885.73,3078400,yfinance
2024-07-05,LLY,Healthcare,886.05,903.84,884.55,901.97,2880900,yfinance
2024-07-08,LLY,Healthcare,905.25,915.82,899.44,905.36,2364600,yfinance
2024-07-09,LLY,Healthcare,916.25,922.12,908.1,919.66,2416000,yfinance
2024-07-10,LLY,Healthcare,923.67,932.66,920.15,926.84,2683300,yfinance
2024-07-11,LLY,Healthcare,921.22,929.89,905.97,921.27,2855100,yfinance
2024-07-12,LLY,Healthcare,924.09,937.69,923.14,935.34,2315100,yfinance
2024-07-15,LLY,Healthcare,943.03,952.79,935.03,937.37,2358700,yfinance
2024-07-16,LLY,Healthcare,942.59,943.22,925.45,928.63,2111800,yfinance
2024-07-17,LLY,Healthcare,897.48,912.26,890.21,893.12,4200600,yfinance
2024-07-18,LLY,Healthcare,894.54,897.34,825.14,837.21,7649600,yfinance
2024-07-19,LLY,Healthcare,855.71,868.09,841.25,845.66,3782200,yfinance
2024-07-22,LLY,Healthcare,852.89,862.38,845.02,854.04,2904500,yfinance
2024-07-23,LLY,Healthcare,858.02,875.49,852.18,866.19,2087700,yfinance
2024-07-24,LLY,Healthcare,860.48,866.24,842.5,848.04,2726100,yfinance
2024-07-25,LLY,Healthcare,835.33,839.89,795.27,809.88,5468000,yfinance
2024-07-26,LLY,Healthcare,800.69,810.69,790.26,793.54,4173900,yfinance
2024-07-29,LLY,Healthcare,802.8,813.41,792.93,796.66,2473700,yfinance
2024-07-30,LLY,Healthcare,803.95,810.58,765.12,779.33,3848600,yfinance
2024-07-31,LLY,Healthcare,789.15,799.97,781.18,793.19,2961700,yfinance
2024-08-01,LLY,Healthcare,822.14,829.31,808.88,820.97,4060700,yfinance
2024-08-02,LLY,Healthcare,805.42,808.89,776.18,793.38,3515900,yfinance
2024-08-05,LLY,Healthcare,747.56,782.02,737.25,764.58,4661800,yfinance
2024-08-06,LLY,Healthcare,778.27,795.16,774.19,782.25,3437600,yfinance
2024-08-07,LLY,Healthcare,767.58,775.75,752.51,761.5,4407700,yfinance
2024-08-08,LLY,Healthcare,862.95,865.69,813.87,833.67,9434900,yfinance
2024-08-09,LLY,Healthcare,848.15,895.98,848.15,879.4,6587600,yfinance
2024-08-12,LLY,Healthcare,891.76,892.26,870.84,872.2,4206100,yfinance
2024-08-13,LLY,Healthcare,881.76,902.09,878.07,895.54,3506800,yfinance
2024-08-14,LLY,Healthcare,897.47,921.51,891.34,918.85,3562900,yfinance
2024-08-15,LLY,Healthcare,924.4,926.33,908.6,920.03,3080000,yfinance
2024-08-16,LLY,Healthcare,916.88,924.69,907.99,910.69,2364900,yfinance
2024-08-19,LLY,Healthcare,910.69,914.52,905.14,910.38,2374600,yfinance
2024-08-20,LLY,Healthcare,920.55,955.01,918.98,938.19,4961500,yfinance
2024-08-21,LLY,Healthcare,943.77,944.64,927.53,940.17,2617000,yfinance
2024-08-22,LLY,Healthcare,940.18,960.47,936.39,942.34,3183700,yfinance
2024-08-23,LLY,Healthcare,943.6,948.59,931.42,940.93,2063300,yfinance
2024-08-26,LLY,Healthcare,937.43,943.16,931.08,938.75,2166000,yfinance
2024-08-27,LLY,Healthcare,940.69,960.43,938.17,942.65,2912900,yfinance
2024-08-28,LLY,Healthcare,942.32,946.46,931.57,937.18,1701800,yfinance
2024-08-29,LLY,Healthcare,943.16,945.65,924.4,928.55,1762800,yfinance
2024-08-30,LLY,Healthcare,933.29,949.09,928.85,948.12,2555100,yfinance
2024-09-03,LLY,Healthcare,945.9,957.63,939.78,944.67,2529400,yfinance
2024-09-04,LLY,Healthcare,937.98,942.17,926.38,934.58,1891700,yfinance
2024-09-05,LLY,Healthcare,929.49,931.31,894.94,901.44,3201100,yfinance
2024-09-06,LLY,Healthcare,906.38,916.4,881.93,891.52,3440000,yfinance
2024-09-09,LLY,Healthcare,901.26,904.08,884.81,897.01,2405900,yfinance
2024-09-10,LLY,Healthcare,902.78,903.77,883.91,890.08,1930400,yfinance
2024-09-11,LLY,Healthcare,890.97,910.12,886.08,909.47,2721100,yfinance
2024-09-12,LLY,Healthcare,912.85,926.0,907.24,923.43,2510800,yfinance
2024-09-13,LLY,Healthcare,925.39,930.67,910.67,912.26,2045400,yfinance
2024-09-16,LLY,Healthcare,919.59,921.05,909.02,912.09,1760300,yfinance
2024-09-17,LLY,Healthcare,910.08,910.08,891.12,894.95,2248000,yfinance
2024-09-18,LLY,Healthcare,895.08,904.15,892.26,893.75,1777000,yfinance
2024-09-19,LLY,Healthcare,901.53,905.45,892.66,903.7,2446500,yfinance
2024-09-20,LLY,Healthcare,910.56,928.21,901.88,910.07,9921800,yfinance
2024-09-23,LLY,Healthcare,909.58,910.57,898.18,907.13,2292000,yfinance
2024-09-24,LLY,Healthcare,910.69,914.21,897.93,912.97,2767400,yfinance
2024-09-25,LLY,Healthcare,920.24,927.66,909.77,913.1,1805100,yfinance
2024-09-26,LLY,Healthcare,908.85,910.42,894.08,898.05,2693000,yfinance
2024-09-27,LLY,Healthcare,882.54,890.04,864.76,866.91,4377300,yfinance
2024-09-30,LLY,Healthcare,853.8,876.43,848.16,874.96,3244600,yfinance
2024-10-01,LLY,Healthcare,877.81,880.22,867.98,873.52,2455200,yfinance
2024-10-02,LLY,Healthcare,869.09,882.28,867.81,880.02,1751600,yfinance
2024-10-03,LLY,Healthcare,878.51,880.94,869.96,874.57,1974700,yfinance
2024-10-04,LLY,Healthcare,874.93,877.95,866.02,876.16,1970500,yfinance
2024-10-07,LLY,Healthcare,879.47,894.06,878.54,887.26,2915700,yfinance
2024-10-08,LLY,Healthcare,891.81,910.54,891.05,902.39,2200000,yfinance
2024-10-09,LLY,Healthcare,904.93,909.93,900.69,908.34,1820100,yfinance
2024-10-10,LLY,Healthcare,908.6,910.57,893.93,899.4,1682100,yfinance
2024-10-11,LLY,Healthcare,904.68,920.68,899.88,920.51,2293900,yfinance
2024-10-14,LLY,Healthcare,924.4,925.38,914.52,917.99,1550400,yfinance
2024-10-15,LLY,Healthcare,912.98,915.03,896.55,902.0,2284200,yfinance
2024-10-16,LLY,Healthcare,898.75,906.43,886.71,905.06,1645400,yfinance
2024-10-17,LLY,Healthcare,909.58,918.98,904.68,905.75,2191200,yfinance
2024-10-18,LLY,Healthcare,905.81,909.5,894.39,906.59,2286900,yfinance
2024-10-21,LLY,Healthcare,906.6,907.47,893.35,894.9,1592200,yfinance
2024-10-22,LLY,Healthcare,890.5,899.83,889.04,897.88,1391800,yfinance
2024-10-23,LLY,Healthcare,894.39,896.7,880.68,892.05,2646600,yfinance
2024-10-24,LLY,Healthcare,887.19,888.84,877.27,880.27,1797100,yfinance
2024-10-25,LLY,Healthcare,888.58,889.79,878.42,881.63,2228300,yfinance
2024-10-28,LLY,Healthcare,883.78,887.08,879.74,884.49,2084100,yfinance
2024-10-29,LLY,Healthcare,887.08,896.72,887.08,892.38,3187500,yfinance
2024-10-30,LLY,Healthcare,788.6,849.83,759.47,836.33,18257200,yfinance
2024-10-31,LLY,Healthcare,826.14,842.92,815.01,819.45,6582800,yfinance
2024-11-01,LLY,Healthcare,817.74,822.67,806.61,808.78,5266300,yfinance
2024-11-04,LLY,Healthcare,795.02,810.02,793.72,796.15,3918100,yfinance
2024-11-05,LLY,Healthcare,793.87,799.18,787.6,796.07,3733300,yfinance
2024-11-06,LLY,Healthcare,807.2,810.56,758.09,766.76,8257900,yfinance
2024-11-07,LLY,Healthcare,774.92,792.6,768.54,787.56,4557600,yfinance
2024-11-08,LLY,Healthcare,793.54,836.77,791.33,821.23,7212900,yfinance
2024-11-11,LLY,Healthcare,821.0,833.54,814.41,822.12,3342800,yfinance
2024-11-12,LLY,Healthcare,819.91,823.65,800.67,808.71,3378600,yfinance
2024-11-13,LLY,Healthcare,810.15,818.83,801.23,801.75,3059300,yfinance
2024-11-14,LLY,Healthcare,799.16,799.16,773.8,776.48,3998800,yfinance
2024-11-15,LLY,Healthcare,766.85,769.61,736.19,738.17,7334600,yfinance
2024-11-18,LLY,Healthcare,725.3,726.1,703.75,719.38,9148100,yfinance
2024-11-19,LLY,Healthcare,708.6,722.14,704.75,721.88,5832500,yfinance
2024-11-20,LLY,Healthcare,727.87,749.22,727.55,745.3,5158900,yfinance
2024-11-21,LLY,Healthcare,738.09,744.9,727.09,741.85,4143200,yfinance
2024-11-22,LLY,Healthcare,748.9,753.09,737.06,739.96,4015500,yfinance
2024-11-25,LLY,Healthcare,741.93,746.88,732.05,746.88,5690500,yfinance
2024-11-26,LLY,Healthcare,776.75,798.32,765.62,780.83,6622600,yfinance
2024-11-27,LLY,Healthcare,779.64,786.28,771.9,779.71,2714700,yfinance
2024-11-29,LLY,Healthcare,782.81,791.72,780.84,786.79,2206900,yfinance
2024-12-02,LLY,Healthcare,789.52,796.68,786.66,791.19,2895600,yfinance
2024-12-03,LLY,Healthcare,794.29,808.34,792.98,804.58,2782100,yfinance
2024-12-04,LLY,Healthcare,819.19,837.35,811.67,820.91,3871100,yfinance
2024-12-05,LLY,Healthcare,818.87,822.19,808.66,816.74,2423400,yfinance
2024-12-06,LLY,Healthcare,818.77,831.95,816.81,817.81,3047100,yfinance
2024-12-09,LLY,Healthcare,814.84,814.84,792.66,794.93,3176000,yfinance
2024-12-10,LLY,Healthcare,800.56,805.24,788.42,790.98,2695200,yfinance
2024-12-11,LLY,Healthcare,786.69,790.9,777.91,787.46,3510900,yfinance
2024-12-12,LLY,Healthcare,788.16,793.21,770.01,773.93,2823800,yfinance
2024-12-13,LLY,Healthcare,768.77,785.7,764.67,780.63,3059400,yfinance
2024-12-16,LLY,Healthcare,783.48,791.17,766.91,770.62,3426200,yfinance
2024-12-17,LLY,Healthcare,769.49,779.52,764.12,770.24,3924800,yfinance
2024-12-18,LLY,Healthcare,766.66,770.62,754.3,756.48,3354200,yfinance
2024-12-19,LLY,Healthcare,756.87,764.65,744.3,749.39,4032600,yfinance
2024-12-20,LLY,Healthcare,802.62,802.62,758.36,759.5,9942300,yfinance
2024-12-23,LLY,Healthcare,776.72,790.76,764.75,787.71,3622300,yfinance
2024-12-24,LLY,Healthcare,782.85,789.17,778.63,787.11,1165400,yfinance
2024-12-26,LLY,Healthcare,785.57,795.26,782.98,785.59,1274200,yfinance
2024-12-27,LLY,Healthcare,781.5,784.76,770.84,774.74,2096500,yfinance
2024-12-30,LLY,Healthcare,769.55,771.37,762.7,765.51,1719100,yfinance
2024-12-31,LLY,Healthcare,762.7,765.58,756.08,763.69,2327000,yfinance
2025-01-02,LLY,Healthcare,772.19,778.53,763.47,769.7,1938900,yfinance
2025-01-03,LLY,Healthcare,769.8,777.38,767.18,773.57,1799100,yfinance
2025-01-06,LLY,Healthcare,775.29,776.33,755.14,756.87,3991100,yfinance
2025-01-07,LLY,Healthcare,756.67,775.52,753.42,764.97,3576100,yfinance
2025-01-08,LLY,Healthcare,765.5,784.03,762.38,778.75,3478400,yfinance
2025-01-10,LLY,Healthcare,783.41,791.39,776.41,791.29,3973100,yfinance
2025-01-13,LLY,Healthcare,785.85,796.67,775.18,788.9,3683800,yfinance
2025-01-14,LLY,Healthcare,775.79,775.79,721.16,736.89,10373000,yfinance
2025-01-15,LLY,Healthcare,740.94,746.48,727.36,738.7,5736900,yfinance
2025-01-16,LLY,Healthcare,739.46,757.27,738.37,749.45,3070300,yfinance
2025-01-17,LLY,Healthcare,739.78,747.15,717.21,717.91,5560100,yfinance
2025-01-21,LLY,Healthcare,723.4,735.28,718.71,734.36,5122800,yfinance
2025-01-22,LLY,Healthcare,737.56,752.19,731.1,745.87,3737800,yfinance
2025-01-23,LLY,Healthcare,739.61,758.35,736.24,758.35,3127200,yfinance
2025-01-24,LLY,Healthcare,753.75,780.8,752.31,776.96,4170600,yfinance
2025-01-27,LLY,Healthcare,770.33,800.54,770.33,799.47,3915200,yfinance
2025-01-28,LLY,Healthcare,798.55,807.37,791.5,796.33,2808800,yfinance
2025-01-29,LLY,Healthcare,798.31,800.41,790.4,795.43,1827600,yfinance
2025-01-30,LLY,Healthcare,799.71,815.75,796.34,814.37,2643000,yfinance
2025-01-31,LLY,Healthcare,814.14,818.45,802.3,802.35,2561600,yfinance
2025-02-03,LLY,Healthcare,795.62,809.16,793.12,801.71,2808800,yfinance
2025-02-04,LLY,Healthcare,802.32,820.12,797.27,817.18,4299700,yfinance
2025-02-05,LLY,Healthcare,826.16,837.79,822.12,833.12,4578900,yfinance
2025-02-06,LLY,Healthcare,830.49,878.19,826.62,861.0,7138500,yfinance
2025-02-07,LLY,Healthcare,867.1,879.79,860.26,868.86,4426100,yfinance
2025-02-10,LLY,Healthcare,868.29,870.53,850.12,859.53,3065600,yfinance
2025-02-11,LLY,Healthcare,857.7,864.78,851.24,855.69,1944200,yfinance
2025-02-12,LLY,Healthcare,847.71,868.33,846.9,863.58,2533400,yfinance
2025-02-13,LLY,Healthcare,867.63,873.99,858.46,862.48,2472900,yfinance
2025-02-14,LLY,Healthcare,861.23,865.59,833.87,836.62,3222300,yfinance
2025-02-18,LLY,Healthcare,848.66,854.92,843.65,849.44,4289400,yfinance
2025-02-19,LLY,Healthcare,849.42,873.35,849.42,859.2,3205500,yfinance
2025-02-20,LLY,Healthcare,858.99,872.35,856.18,865.21,2990300,yfinance
2025-02-21,LLY,Healthcare,872.65,886.3,865.52,865.77,3940400,yfinance
2025-02-24,LLY,Healthcare,871.33,885.02,862.14,873.42,3017100,yfinance
2025-02-25,LLY,Healthcare,882.67,903.74,882.67,893.63,5111300,yfinance
2025-02-26,LLY,Healthcare,890.23,914.08,888.48,906.72,3032800,yfinance
2025-02-27,LLY,Healthcare,907.43,917.12,895.87,896.96,3085400,yfinance
2025-02-28,LLY,Healthcare,893.67,912.88,884.53,912.29,4071100,yfinance
2025-03-03,LLY,Healthcare,904.53,927.16,901.76,921.3,3979800,yfinance
2025-03-04,LLY,Healthcare,913.89,920.75,894.61,902.81,3343500,yfinance
2025-03-05,LLY,Healthcare,896.61,922.06,893.48,921.3,3109500,yfinance
2025-03-06,LLY,Healthcare,912.09,922.95,890.15,904.49,3273100,yfinance
2025-03-07,LLY,Healthcare,897.19,899.78,853.59,861.71,4818100,yfinance
2025-03-10,LLY,Healthcare,846.18,855.37,818.3,822.25,5962900,yfinance
2025-03-11,LLY,Healthcare,819.71,824.81,804.29,816.6,3796500,yfinance
2025-03-12,LLY,Healthcare,807.57,827.09,805.9,814.42,3014800,yfinance
2025-03-13,LLY,Healthcare,810.83,813.67,788.18,794.39,3566300,yfinance
2025-03-14,LLY,Healthcare,795.84,807.83,792.76,806.11,3102300,yfinance
2025-03-17,LLY,Healthcare,809.55,821.49,807.19,817.29,2546600,yfinance
2025-03-18,LLY,Healthcare,825.87,828.72,805.26,815.06,2354900,yfinance
2025-03-19,LLY,Healthcare,814.28,834.5,812.08,829.43,3790500,yfinance
2025-03-20,LLY,Healthcare,831.43,846.65,824.92,834.94,4402700,yfinance
2025-03-21,LLY,Healthcare,830.21,842.73,817.85,829.99,5963800,yfinance
2025-03-24,LLY,Healthcare,837.67,859.02,830.17,857.07,3102400,yfinance
2025-03-25,LLY,Healthcare,861.68,867.0,840.24,844.63,2670600,yfinance
2025-03-26,LLY,Healthcare,838.03,843.7,818.92,819.27,2562100,yfinance
2025-03-27,LLY,Healthcare,815.37,819.28,807.91,814.23,2128200,yfinance
2025-03-28,LLY,Healthcare,812.57,822.27,810.03,815.06,2124700,yfinance
2025-03-31,LLY,Healthcare,801.65,820.51,782.25,818.43,3737000,yfinance
2025-04-01,LLY,Healthcare,811.19,813.23,789.78,797.94,2987700,yfinance
2025-04-02,LLY,Healthcare,787.84,812.43,787.84,810.81,2683800,yfinance
2025-04-03,LLY,Healthcare,803.17,811.38,779.93,781.94,2675100,yfinance
2025-04-04,LLY,Healthcare,755.21,761.31,728.05,731.53,5299400,yfinance
2025-04-07,LLY,Healthcare,691.61,741.23,670.96,717.18,6274400,yfinance
2025-04-08,LLY,Healthcare,748.14,756.59,706.82,719.66,4115200,yfinance
2025-04-09,LLY,Healthcare,698.02,747.99,682.76,746.88,6619000,yfinance
2025-04-10,LLY,Healthcare,732.21,735.23,685.51,714.38,4182700,yfinance
2025-04-11,LLY,Healthcare,716.34,729.18,705.53,725.78,3603400,yfinance
2025-04-14,LLY,Healthcare,743.65,752.68,727.87,747.52,3461200,yfinance
2025-04-15,LLY,Healthcare,748.73,758.38,744.68,750.32,2458100,yfinance
2025-04-16,LLY,Healthcare,748.8,749.45,723.73,728.25,3302600,yfinance
2025-04-17,LLY,Healthcare,833.19,850.23,814.4,832.35,10853400,yfinance
2025-04-21,LLY,Healthcare,833.89,836.27,799.69,810.61,3326600,yfinance
2025-04-22,LLY,Healthcare,814.44,824.47,806.63,820.05,3086500,yfinance
2025-04-23,LLY,Healthcare,829.38,838.35,811.23,821.91,2714600,yfinance
2025-04-24,LLY,Healthcare,828.43,854.44,821.7,851.94,2939500,yfinance
2025-04-25,LLY,Healthcare,851.88,877.56,843.36,876.53,3398900,yfinance
2025-04-28,LLY,Healthcare,862.56,874.26,856.58,869.35,3457600,yfinance
2025-04-29,LLY,Healthcare,869.75,884.39,866.12,877.18,2454400,yfinance
2025-04-30,LLY,Healthcare,880.16,894.33,874.13,890.81,4374100,yfinance
2025-05-01,LLY,Healthcare,836.36,843.22,784.9,786.91,12601100,yfinance
2025-05-02,LLY,Healthcare,817.65,824.0,800.28,816.16,6059400,yfinance
2025-05-05,LLY,Healthcare,809.6,822.13,804.68,814.02,2889600,yfinance
2025-05-06,LLY,Healthcare,809.49,811.01,763.37,768.1,5982000,yfinance
2025-05-07,LLY,Healthcare,773.43,777.24,765.27,769.69,3807800,yfinance
2025-05-08,LLY,Healthcare,758.07,763.01,732.39,744.65,6162000,yfinance
2025-05-09,LLY,Healthcare,745.2,755.11,726.36,727.92,4072600,yfinance
2025-05-12,LLY,Healthcare,721.28,758.4,715.64,748.73,9176100,yfinance
2025-05-13,LLY,Healthcare,748.71,752.62,734.14,739.3,4523900,yfinance
2025-05-14,LLY,Healthcare,742.46,752.62,707.56,709.08,7558500,yfinance
2025-05-15,LLY,Healthcare,719.13,731.99,705.76,726.65,5212900,yfinance
2025-05-16,LLY,Healthcare,734.8,753.54,732.82,752.07,4645100,yfinance
2025-05-19,LLY,Healthcare,747.71,753.39,742.31,749.81,4062700,yfinance
2025-05-20,LLY,Healthcare,750.69,758.14,737.78,741.76,3873500,yfinance
2025-05-21,LLY,Healthcare,741.8,745.25,718.88,719.86,4060000,yfinance
2025-05-22,LLY,Healthcare,712.06,717.12,706.55,710.18,4249900,yfinance
2025-05-23,LLY,Healthcare,705.01,714.58,704.02,708.7,2635700,yfinance
2025-05-27,LLY,Healthcare,711.99,726.17,709.31,720.13,3792700,yfinance
2025-05-28,LLY,Healthcare,720.13,724.86,709.72,714.34,2948800,yfinance
2025-05-29,LLY,Healthcare,714.18,722.22,711.92,717.49,2785500,yfinance
2025-05-30,LLY,Healthcare,719.91,740.66,712.07,732.49,6106200,yfinance
2025-06-02,LLY,Healthcare,727.35,742.12,725.57,741.87,2946900,yfinance
2025-06-03,LLY,Healthcare,741.01,751.68,736.25,745.51,3056500,yfinance
2025-06-04,LLY,Healthcare,751.08,767.19,750.69,760.46,3135900,yfinance
2025-06-05,LLY,Healthcare,764.09,764.59,747.76,760.3,3636400,yfinance
2025-06-06,LLY,Healthcare,763.08,767.17,759.83,764.47,2069900,yfinance
2025-06-09,LLY,Healthcare,766.53,773.82,762.2,768.28,2262200,yfinance
2025-06-10,LLY,Healthcare,771.63,802.95,771.54,801.52,4744400,yfinance
2025-06-11,LLY,Healthcare,803.96,814.95,799.38,802.93,3125400,yfinance
2025-06-12,LLY,Healthcare,804.64,812.81,800.69,806.33,2271100,yfinance
2025-06-13,LLY,Healthcare,804.65,819.2,802.42,813.6,2754600,yfinance
2025-06-16,LLY,Healthcare,815.91,819.2,800.1,801.91,2821800,yfinance
2025-06-17,LLY,Healthcare,799.5,799.5,783.4,785.68,2875600,yfinance
2025-06-18,LLY,Healthcare,784.4,785.08,773.96,779.52,2442900,yfinance
2025-06-20,LLY,Healthcare,780.48,780.48,750.25,757.37,6210600,yfinance
2025-06-23,LLY,Healthcare,765.12,787.64,758.46,765.23,3951500,yfinance
2025-06-24,LLY,Healthcare,767.46,778.93,757.66,772.61,2788500,yfinance
2025-06-25,LLY,Healthcare,773.53,793.34,768.17,786.73,3023100,yfinance
2025-06-26,LLY,Healthcare,788.37,793.19,782.71,789.53,3118200,yfinance
2025-06-27,LLY,Healthcare,790.21,796.86,769.2,770.0,4115100,yfinance
2025-06-30,LLY,Healthcare,773.07,779.49,768.56,774.05,3041500,yfinance
2025-07-01,LLY,Healthcare,774.05,784.45,767.57,770.45,2734000,yfinance
2025-07-02,LLY,Healthcare,771.05,774.36,762.61,773.81,1978300,yfinance
2025-07-03,LLY,Healthcare,774.98,778.05,767.57,775.19,1450800,yfinance
2025-07-07,LLY,Healthcare,775.2,775.66,756.68,767.44,2576900,yfinance
2025-07-08,LLY,Healthcare,769.41,787.12,763.4,772.2,3301800,yfinance
2025-07-09,LLY,Healthcare,778.29,788.42,776.5,781.39,2703100,yfinance
2025-07-10,LLY,Healthcare,784.12,793.87,780.91,785.1,3130400,yfinance
2025-07-11,LLY,Healthcare,780.83,790.14,771.74,787.44,2852500,yfinance
2025-07-14,LLY,Healthcare,784.45,795.25,781.83,793.73,2401400,yfinance
2025-07-15,LLY,Healthcare,796.04,799.76,759.01,766.33,4174100,yfinance
2025-07-16,LLY,Healthcare,768.07,790.45,766.74,784.25,3255400,yfinance
2025-07-17,LLY,Healthcare,781.26,784.45,754.68,756.15,4107300,yfinance
2025-07-18,LLY,Healthcare,758.49,770.51,755.16,766.29,3357700,yfinance
2025-07-21,LLY,Healthcare,762.77,766.58,755.16,756.83,3058000,yfinance
2025-07-22,LLY,Healthcare,757.98,772.82,757.14,770.99,2496600,yfinance
2025-07-23,LLY,Healthcare,774.52,794.47,771.62,793.28,2683600,yfinance
2025-07-24,LLY,Healthcare,795.73,804.45,792.05,799.77,2786400,yfinance
2025-07-25,LLY,Healthcare,803.32,809.46,796.73,806.98,2976900,yfinance
2025-07-28,LLY,Healthcare,806.94,814.46,796.86,802.43,2587700,yfinance
2025-07-29,LLY,Healthcare,769.06,774.01,749.88,757.59,7100700,yfinance
2025-07-30,LLY,Healthcare,768.56,772.63,753.08,754.74,4338700,yfinance
2025-07-31,LLY,Healthcare,742.05,761.07,730.27,734.87,5810300,yfinance
2025-08-01,LLY,Healthcare,741.57,762.61,740.75,756.98,4859500,yfinance
2025-08-04,LLY,Healthcare,754.63,769.04,747.28,763.6,3353400,yfinance
2025-08-05,LLY,Healthcare,760.19,764.53,754.18,760.57,3615200,yfinance
2025-08-06,LLY,Healthcare,751.25,757.64,734.99,741.13,4752100,yfinance
2025-08-07,LLY,Healthcare,670.91,673.53,628.75,636.36,26101600,yfinance
2025-08-08,LLY,Healthcare,650.4,651.57,619.4,621.26,14125100,yfinance
2025-08-11,LLY,Healthcare,625.0,649.84,621.5,630.76,11294200,yfinance
2025-08-12,LLY,Healthcare,635.01,641.64,624.98,634.94,6897400,yfinance
2025-08-13,LLY,Healthcare,645.83,657.1,639.97,655.85,6310000,yfinance
2025-08-14,LLY,Healthcare,657.35,680.66,650.5,679.62,8395900,yfinance
2025-08-15,LLY,Healthcare,690.84,703.37,682.48,697.83,8224600,yfinance
2025-08-18,LLY,Healthcare,691.65,704.32,690.14,694.67,4997300,yfinance
2025-08-19,LLY,Healthcare,703.19,710.81,695.17,699.8,5941000,yfinance
2025-08-20,LLY,Healthcare,698.12,702.38,681.83,702.02,4139400,yfinance
2025-08-21,LLY,Healthcare,701.78,714.92,701.78,706.38,3617300,yfinance
2025-08-22,LLY,Healthcare,711.58,715.98,705.99,708.23,3222700,yfinance
2025-08-25,LLY,Healthcare,707.56,710.04,690.87,691.96,2898100,yfinance
2025-08-26,LLY,Healthcare,712.77,732.61,709.65,732.47,7695600,yfinance
2025-08-27,LLY,Healthcare,733.39,742.97,728.01,730.61,4326200,yfinance
2025-08-28,LLY,Healthcare,732.24,735.01,722.82,728.41,3117000,yfinance
2025-08-29,LLY,Healthcare,728.77,733.85,724.97,729.03,2551200,yfinance
2025-09-02,LLY,Healthcare,724.46,733.57,720.14,731.63,3222500,yfinance
2025-09-03,LLY,Healthcare,728.47,734.26,725.49,734.26,2222500,yfinance
2025-09-04,LLY,Healthcare,732.75,743.38,731.77,739.31,2423400,yfinance
2025-09-05,LLY,Healthcare,741.09,741.09,719.07,723.69,3958200,yfinance
2025-09-08,LLY,Healthcare,726.18,739.1,715.74,735.06,4534600,yfinance
2025-09-09,LLY,Healthcare,730.62,749.19,730.32,746.97,2986900,yfinance
2025-09-10,LLY,Healthcare,744.47,752.14,738.89,750.97,2477400,yfinance
2025-09-11,LLY,Healthcare,748.84,757.44,746.74,752.62,2197500,yfinance
2025-09-12,LLY,Healthcare,756.49,757.91,744.38,751.73,2198300,yfinance
2025-09-15,LLY,Healthcare,749.42,752.68,738.52,744.57,2790900,yfinance
2025-09-16,LLY,Healthcare,741.8,766.65,740.93,761.01,3881300,yfinance
2025-09-17,LLY,Healthcare,757.8,773.2,752.68,756.45,3471200,yfinance
2025-09-18,LLY,Healthcare,757.69,768.8,755.33,759.23,3464000,yfinance
2025-09-19,LLY,Healthcare,761.29,761.29,745.57,748.35,7349500,yfinance
2025-09-22,LLY,Healthcare,744.93,758.35,742.66,751.29,2527400,yfinance
2025-09-23,LLY,Healthcare,746.93,749.35,739.57,743.36,2910100,yfinance
2025-09-24,LLY,Healthcare,742.38,743.32,732.59,738.26,2243000,yfinance
2025-09-25,LLY,Healthcare,734.1,736.42,708.6,711.13,5136400,yfinance
2025-09-26,LLY,Healthcare,720.61,725.47,713.61,721.03,3559700,yfinance
2025-09-29,LLY,Healthcare,722.04,724.33,712.61,722.99,3309200,yfinance
2025-09-30,LLY,Healthcare,723.44,762.64,721.8,759.3,6234300,yfinance
2025-10-01,LLY,Healthcare,759.6,829.26,759.6,821.42,10124500,yfinance
2025-10-02,LLY,Healthcare,810.42,830.42,808.87,815.88,4291800,yfinance
2025-10-03,LLY,Healthcare,820.94,844.02,812.15,835.8,5088500,yfinance
2025-10-06,LLY,Healthcare,835.88,852.42,834.6,840.96,3651400,yfinance
2025-10-07,LLY,Healthcare,840.91,844.43,832.53,839.54,2610800,yfinance
2025-10-08,LLY,Healthcare,845.88,851.85,840.9,841.62,2180900,yfinance
2025-10-09,LLY,Healthcare,847.56,856.08,841.6,851.21,3071700,yfinance
2025-10-10,LLY,Healthcare,853.84,860.16,826.09,829.45,3431000,yfinance
2025-10-13,LLY,Healthcare,828.65,831.27,813.39,815.43,2167500,yfinance
2025-10-14,LLY,Healthcare,818.11,818.11,802.1,808.42,1928400,yfinance
2025-10-15,LLY,Healthcare,808.56,826.17,804.66,822.57,2355800,yfinance
2025-10-16,LLY,Healthcare,821.07,830.66,811.42,815.41,2272900,yfinance
2025-10-17,LLY,Healthcare,785.14,800.54,780.05,798.94,3983000,yfinance
2025-10-20,LLY,Healthcare,801.7,805.49,795.9,805.04,2279700,yfinance
2025-10-21,LLY,Healthcare,803.02,809.05,794.84,795.7,2099500,yfinance
2025-10-22,LLY,Healthcare,794.53,811.99,789.98,808.5,2930600,yfinance
2025-10-23,LLY,Healthcare,802.49,820.71,802.12,817.06,2632900,yfinance
2025-10-24,LLY,Healthcare,811.26,830.11,808.56,821.45,2211200,yfinance
2025-10-27,LLY,Healthcare,821.0,822.42,807.55,822.41,2114800,yfinance
2025-10-28,LLY,Healthcare,822.0,825.44,810.11,816.13,2493500,yfinance
2025-10-29,LLY,Healthcare,823.3,826.27,805.71,809.59,3591200,yfinance
2025-10-30,LLY,Healthcare,833.44,848.87,808.32,840.41,6037200,yfinance
2025-10-31,LLY,Healthcare,835.1,865.7,830.15,858.68,5015000,yfinance
2025-11-03,LLY,Healthcare,862.33,896.97,858.44,892.19,5401500,yfinance
2025-11-04,LLY,Healthcare,887.09,910.79,879.36,902.47,5911500,yfinance
2025-11-05,LLY,Healthcare,906.59,950.83,903.46,921.33,7272900,yfinance
2025-11-06,LLY,Healthcare,923.51,945.3,911.82,932.9,6417400,yfinance
2025-11-07,LLY,Healthcare,926.66,927.49,896.54,919.89,4373400,yfinance
2025-11-10,LLY,Healthcare,935.19,977.23,933.86,961.96,5696600,yfinance
2025-11-11,LLY,Healthcare,961.87,995.11,960.61,983.83,4166400,yfinance
2025-11-12,LLY,Healthcare,988.31,1017.47,985.3,1012.85,5185200,yfinance
2025-11-13,LLY,Healthcare,1005.2,1027.95,1005.2,1017.92,4153600,yfinance
2025-11-14,LLY,Healthcare,1005.59,1030.12,1004.38,1021.81,3862300,yfinance
2025-11-17,LLY,Healthcare,1000.33,1028.65,994.92,1018.24,4720000,yfinance
2025-11-18,LLY,Healthcare,1010.58,1037.2,1010.58,1026.57,3430500,yfinance
2025-11-19,LLY,Healthcare,1026.16,1052.02,1022.78,1046.05,3571200,yfinance
2025-11-20,LLY,Healthcare,1041.96,1053.43,1034.74,1039.76,3135700,yfinance
2025-11-21,LLY,Healthcare,1037.48,1063.04,1034.49,1056.12,4266700,yfinance
2025-11-24,LLY,Healthcare,1053.2,1072.08,1045.83,1066.54,5497200,yfinance
2025-11-25,LLY,Healthcare,1072.19,1107.35,1069.62,1106.19,4181500,yfinance
2025-11-26,LLY,Healthcare,1098.27,1108.23,1094.39,1100.61,3093700,yfinance
2025-11-28,LLY,Healthcare,1093.01,1095.33,1064.08,1071.83,2732200,yfinance
2025-12-01,LLY,Healthcare,1070.75,1080.48,1051.43,1054.31,3070200,yfinance
2025-12-02,LLY,Healthcare,1049.01,1064.57,1036.84,1042.58,3280000,yfinance
2025-12-03,LLY,Healthcare,1042.85,1047.92,1018.86,1030.06,3447000,yfinance
2025-12-04,LLY,Healthcare,1029.14,1029.14,1003.77,1011.06,3854900,yfinance
2025-12-05,LLY,Healthcare,1020.38,1023.92,1000.6,1006.89,2502100,yfinance
2025-12-08,LLY,Healthcare,1007.32,1010.77,985.54,994.22,3088600,yfinance
2025-12-09,LLY,Healthcare,999.45,1008.58,975.87,978.9,2569700,yfinance
2025-12-10,LLY,Healthcare,981.67,999.61,973.82,990.28,2966300,yfinance
2025-12-11,LLY,Healthcare,1004.74,1028.07,983.66,1005.97,4517000,yfinance
2025-12-12,LLY,Healthcare,1005.35,1025.42,1000.11,1024.04,3275200,yfinance
2025-12-15,LLY,Healthcare,1029.06,1061.4,1029.06,1058.6,4648400,yfinance
2025-12-16,LLY,Healthcare,1059.9,1064.64,1032.73,1050.72,4024500,yfinance
2025-12-17,LLY,Healthcare,1060.7,1060.7,1032.91,1038.27,3726600,yfinance
2025-12-18,LLY,Healthcare,1038.28,1075.61,1036.02,1053.31,3848600,yfinance
2025-12-19,LLY,Healthcare,1055.43,1071.74,1055.43,1067.82,5829100,yfinance
2025-12-22,LLY,Healthcare,1073.08,1079.82,1059.41,1072.84,2625600,yfinance
2025-12-23,LLY,Healthcare,1059.9,1084.8,1059.9,1068.02,2108600,yfinance
2025-12-24,LLY,Healthcare,1071.01,1082.06,1069.08,1073.34,932800,yfinance
2025-12-26,LLY,Healthcare,1073.34,1077.73,1064.69,1074.11,1014600,yfinance
2025-12-29,LLY,Healthcare,1074.3,1081.83,1070.75,1075.08,1653000,yfinance
2025-12-30,LLY,Healthcare,1075.31,1078.71,1068.44,1076.1,1251500,yfinance
2025-12-31,LLY,Healthcare,1076.11,1079.84,1070.8,1071.05,1646700,yfinance
2026-01-02,LLY,Healthcare,1072.76,1077.01,1048.52,1076.71,2469100,yfinance
2026-01-05,LLY,Healthcare,1065.61,1081.71,1029.89,1037.99,4084800,yfinance
2026-01-06,LLY,Healthcare,1040.58,1067.21,1036.41,1060.44,2690700,yfinance
2026-01-07,LLY,Healthcare,1073.36,1113.88,1072.32,1104.34,4652800,yfinance
2026-01-08,LLY,Healthcare,1109.92,1130.12,1066.53,1081.52,3156000,yfinance
2026-01-09,LLY,Healthcare,1083.15,1100.78,1059.44,1059.96,2561900,yfinance
2026-01-12,LLY,Healthcare,1054.42,1079.7,1054.42,1077.34,2380200,yfinance
2026-01-13,LLY,Healthcare,1079.34,1086.53,1065.47,1073.55,2194200,yfinance
2026-01-14,LLY,Healthcare,1078.09,1080.33,1057.53,1069.66,1912600,yfinance
2026-01-15,LLY,Healthcare,1058.97,1064.04,1009.15,1029.48,4183400,yfinance
2026-01-16,LLY,Healthcare,1020.97,1046.39,1014.56,1034.89,3829000,yfinance
2026-01-20,LLY,Healthcare,1024.67,1042.31,1012.52,1037.77,2484900,yfinance
2026-01-21,LLY,Healthcare,1040.33,1077.67,1038.5,1074.87,3685900,yfinance
2026-01-22,LLY,Healthcare,1074.87,1091.78,1068.12,1083.7,2478200,yfinance
2026-01-23,LLY,Healthcare,1080.06,1080.65,1059.43,1060.69,2592900,yfinance
2026-01-26,LLY,Healthcare,1058.62,1063.47,1039.79,1059.16,2244900,yfinance
2026-01-27,LLY,Healthcare,1060.51,1069.76,1031.31,1035.99,2587900,yfinance
2026-01-28,LLY,Healthcare,1025.63,1026.21,1000.74,1020.34,3300200,yfinance
2026-01-29,LLY,Healthcare,1021.89,1036.48,1014.56,1020.68,2293000,yfinance
2026-01-30,LLY,Healthcare,1029.81,1045.02,1016.55,1033.64,3303100,yfinance
2026-02-02,LLY,Healthcare,1034.06,1053.83,1034.06,1040.6,2757100,yfinance
2026-02-03,LLY,Healthcare,1037.23,1045.25,990.22,1000.07,5483900,yfinance
2026-02-04,LLY,Healthcare,1071.48,1110.23,1061.4,1103.38,7119400,yfinance
2026-02-05,LLY,Healthcare,1061.9,1071.36,1002.43,1017.39,7742400,yfinance
2026-02-06,LLY,Healthcare,1052.43,1056.44,1029.78,1054.6,4887100,yfinance
2026-02-09,LLY,Healthcare,1073.45,1103.2,1039.39,1041.14,3423800,yfinance
2026-02-10,LLY,Healthcare,1047.11,1052.08,1020.42,1021.53,3539400,yfinance
2026-02-11,LLY,Healthcare,1023.03,1026.62,1009.2,1011.78,2599900,yfinance
2026-02-12,LLY,Healthcare,1021.4,1056.26,1008.58,1034.76,3592200,yfinance
2026-02-13,LLY,Healthcare,1038.19,1062.51,1031.91,1038.21,2698700,yfinance
2026-02-17,LLY,Healthcare,1043.81,1065.17,1033.1,1034.27,2984600,yfinance
2026-02-18,LLY,Healthcare,1030.59,1035.76,1009.57,1018.81,3236900,yfinance
2026-02-19,LLY,Healthcare,1009.08,1023.47,1005.27,1021.46,2145800,yfinance
2026-02-20,LLY,Healthcare,1022.1,1026.88,1000.74,1007.79,3249400,yfinance
2026-02-23,LLY,Healthcare,1045.22,1062.62,1032.22,1056.74,4767600,yfinance
2026-02-24,LLY,Healthcare,1041.16,1057.08,1022.32,1040.36,2803100,yfinance
2026-02-25,LLY,Healthcare,1034.8,1051.82,1025.24,1027.06,2481900,yfinance
2026-02-26,LLY,Healthcare,1022.32,1025.16,1005.65,1020.26,2666400,yfinance
2026-02-27,LLY,Healthcare,1017.42,1051.19,1015.61,1050.18,4325900,yfinance
2026-03-02,LLY,Healthcare,1042.82,1054.38,1011.26,1016.22,3094300,yfinance
2026-03-03,LLY,Healthcare,1013.26,1018.26,993.36,1006.0,2846000,yfinance
2026-03-04,LLY,Healthcare,1009.89,1013.91,991.95,1001.85,1965500,yfinance
2026-03-05,LLY,Healthcare,988.3,991.85,963.94,981.57,3769900,yfinance
2026-03-06,LLY,Healthcare,973.32,989.52,964.43,988.63,2627800,yfinance
2026-03-09,LLY,Healthcare,985.19,1007.2,978.89,1006.66,2802200,yfinance
2026-03-10,LLY,Healthcare,1004.27,1010.26,992.29,999.63,1663700,yfinance
2026-03-11,LLY,Healthcare,998.31,1001.21,988.6,998.12,1446900,yfinance
2026-03-12,LLY,Healthcare,991.74,992.79,971.49,975.57,2340100,yfinance
2026-03-13,LLY,Healthcare,978.45,1001.5,976.32,983.39,1984400,yfinance
2026-03-16,LLY,Healthcare,990.28,996.45,973.83,987.42,2289900,yfinance
2026-03-17,LLY,Healthcare,977.24,979.48,923.66,928.75,5637500,yfinance
2026-03-18,LLY,Healthcare,923.41,927.4,903.55,916.47,3443800,yfinance
2026-03-19,LLY,Healthcare,912.43,922.94,909.29,915.92,2379000,yfinance
2026-03-20,LLY,Healthcare,908.99,923.79,897.74,905.14,4818800,yfinance
2026-03-23,LLY,Healthcare,911.92,925.19,905.67,908.99,2817500,yfinance
2026-03-24,LLY,Healthcare,905.44,907.11,894.07,901.47,2572700,yfinance
2026-03-25,LLY,Healthcare,910.92,920.57,907.53,914.74,2177700,yfinance
2026-03-26,LLY,Healthcare,910.81,914.78,894.75,895.46,2163200,yfinance
2026-03-27,LLY,Healthcare,894.46,899.28,875.6,876.73,2740800,yfinance
2026-03-30,LLY,Healthcare,886.95,895.89,881.59,885.11,3070200,yfinance
2026-03-31,LLY,Healthcare,891.95,922.55,890.61,918.19,3464200,yfinance
2026-04-01,LLY,Healthcare,925.29,975.0,924.4,952.88,6267900,yfinance
2026-04-02,LLY,Healthcare,943.38,956.04,928.42,933.97,2727100,yfinance
2026-04-06,LLY,Healthcare,930.44,934.39,918.2,925.47,1821100,yfinance
2026-04-07,LLY,Healthcare,922.91,931.06,896.91,929.49,2726900,yfinance
2026-04-08,LLY,Healthcare,939.9,959.49,931.53,951.66,2568000,yfinance
2026-04-09,LLY,Healthcare,946.84,962.1,937.68,953.55,1672100,yfinance
2026-04-10,LLY,Healthcare,962.03,962.28,933.93,937.86,1958900,yfinance
2026-04-13,LLY,Healthcare,938.35,944.27,925.58,927.95,2089600,yfinance
2026-04-14,LLY,Healthcare,923.41,938.31,913.47,920.91,2360200,yfinance
2026-04-15,LLY,Healthcare,921.91,928.4,886.5,903.47,4233400,yfinance
2026-04-16,LLY,Healthcare,910.1,918.42,896.61,902.44,2836600,yfinance
2026-04-17,LLY,Healthcare,916.22,928.39,916.22,925.44,3266100,yfinance
2026-04-20,LLY,Healthcare,925.31,928.04,910.93,918.32,1926300,yfinance
2026-04-21,LLY,Healthcare,908.64,911.48,879.6,901.47,4062800,yfinance
2026-04-22,LLY,Healthcare,904.84,920.95,900.68,919.9,2623800,yfinance
2026-04-23,LLY,Healthcare,927.89,928.4,910.32,916.07,2149200,yfinance
2026-04-24,LLY,Healthcare,898.46,898.87,870.23,882.44,4463700,yfinance
2026-04-27,LLY,Healthcare,876.62,889.67,866.55,866.78,2700300,yfinance
2026-04-28,LLY,Healthcare,870.4,876.64,861.87,872.5,2561300,yfinance
2026-04-29,LLY,Healthcare,864.55,867.53,849.05,849.75,3904600,yfinance
2026-04-30,LLY,Healthcare,897.24,943.88,895.26,932.99,8236700,yfinance
2026-05-01,LLY,Healthcare,947.32,982.76,942.18,961.67,4352400,yfinance
2026-05-04,LLY,Healthcare,958.35,972.55,950.12,966.27,3696900,yfinance
2026-05-05,LLY,Healthcare,970.22,991.09,962.75,987.17,2955500,yfinance
2026-05-06,LLY,Healthcare,989.65,994.78,981.81,985.35,3921200,yfinance
2026-05-07,LLY,Healthcare,983.68,987.3,965.44,973.28,3494900,yfinance
2026-05-08,LLY,Healthcare,972.4,978.32,945.88,946.82,3559200,yfinance
2026-05-11,LLY,Healthcare,947.37,993.29,941.64,965.33,3517500,yfinance
2026-05-12,LLY,Healthcare,972.77,995.81,969.51,988.17,3037500,yfinance
2026-05-13,LLY,Healthcare,993.04,1021.06,990.3,1014.0,3486400,yfinance
2026-05-14,LLY,Healthcare,1015.74,1016.42,994.3,1004.97,1751700,yfinance
2026-05-15,LLY,Healthcare,1006.98,1014.38,997.41,1004.92,2820700,yfinance
2026-05-18,LLY,Healthcare,1000.61,1003.0,978.87,988.09,2016000,yfinance
2026-05-19,LLY,Healthcare,989.51,1021.8,984.6,1021.41,3796000,yfinance
2026-05-20,LLY,Healthcare,1024.99,1037.88,1003.69,1018.87,2998800,yfinance
2026-05-21,LLY,Healthcare,1024.3,1047.3,1022.0,1041.65,2705200,yfinance
2026-05-22,LLY,Healthcare,1049.81,1070.34,1047.07,1065.0,3470600,yfinance
2026-05-26,LLY,Healthcare,1075.0,1082.0,1060.36,1064.74,2981000,yfinance
2026-05-27,LLY,Healthcare,1072.26,1093.0,1069.9,1082.92,2583000,yfinance
2026-05-28,LLY,Healthcare,1096.64,1149.1,1092.01,1126.8,4600700,yfinance
2026-05-29,LLY,Healthcare,1127.0,1132.66,1089.01,1105.0,4600800,yfinance
2026-06-01,LLY,Healthcare,1095.0,1106.17,1071.6,1082.2,2693400,yfinance
2026-06-02,LLY,Healthcare,1067.37,1078.22,1052.15,1064.15,2408500,yfinance
2026-06-03,LLY,Healthcare,1059.5,1093.28,1053.51,1078.78,2655600,yfinance
2026-06-04,LLY,Healthcare,1108.6,1140.46,1101.62,1125.27,4046700,yfinance
2026-06-05,LLY,Healthcare,1142.97,1166.29,1131.03,1131.42,4126200,yfinance
2023-09-12,MSFT,Technology,328.75,329.7,324.5,324.79,17565500,yfinance
2023-09-13,MSFT,Technology,324.34,329.76,324.2,328.99,16544400,yfinance
2023-09-14,MSFT,Technology,332.01,333.69,329.49,331.57,20267000,yfinance
2023-09-15,MSFT,Technology,329.83,330.3,322.71,323.27,37679800,yfinance
2023-09-18,MSFT,Technology,320.9,323.45,319.49,322.13,16834200,yfinance
2023-09-19,MSFT,Technology,319.31,322.46,317.68,321.73,16505900,yfinance
2023-09-20,MSFT,Technology,322.58,322.65,313.76,314.02,21436500,yfinance
2023-09-21,MSFT,Technology,312.54,318.5,308.37,312.81,35560400,yfinance
2023-09-22,MSFT,Technology,314.56,314.68,309.5,310.34,21447900,yfinance
2023-09-25,MSFT,Technology,309.93,310.98,308.37,310.86,17836000,yfinance
2023-09-26,MSFT,Technology,308.5,309.23,303.5,305.57,26297600,yfinance
2023-09-27,MSFT,Technology,305.73,307.69,303.17,306.21,19410100,yfinance
2023-09-28,MSFT,Technology,304.44,308.84,302.94,307.04,19683600,yfinance
2023-09-29,MSFT,Technology,311.06,312.75,308.35,309.1,24147300,yfinance
2023-10-02,MSFT,Technology,309.62,315.12,308.55,315.03,20570000,yfinance
2023-10-03,MSFT,Technology,314.08,314.63,304.66,306.79,21033500,yfinance
2023-10-04,MSFT,Technology,307.42,313.3,307.39,312.25,20720100,yfinance
2023-10-05,MSFT,Technology,312.37,313.25,308.27,312.64,16965600,yfinance
2023-10-06,MSFT,Technology,309.89,322.26,309.64,320.37,25673600,yfinance
2023-10-09,MSFT,Technology,317.92,323.35,316.38,322.88,19891200,yfinance
2023-10-10,MSFT,Technology,323.99,324.13,320.77,321.48,20557100,yfinance
2023-10-11,MSFT,Technology,324.24,325.82,322.21,325.42,20063200,yfinance
2023-10-12,MSFT,Technology,323.61,326.61,321.8,324.19,19313100,yfinance
2023-10-13,MSFT,Technology,325.38,326.8,319.49,320.83,21072400,yfinance
2023-10-16,MSFT,Technology,324.08,329.07,323.64,325.64,22158000,yfinance
2023-10-17,MSFT,Technology,322.65,326.44,320.52,325.07,18338500,yfinance
2023-10-18,MSFT,Technology,325.49,328.53,321.39,323.16,23153600,yfinance
2023-10-19,MSFT,Technology,325.16,329.79,323.95,324.35,25052100,yfinance
2023-10-20,MSFT,Technology,324.74,324.93,318.6,319.79,25027700,yfinance
2023-10-23,MSFT,Technology,318.62,325.73,317.56,322.39,24374700,yfinance
2023-10-24,MSFT,Technology,324.33,324.86,320.71,323.57,31153600,yfinance
2023-10-25,MSFT,Technology,337.76,338.91,330.51,333.5,55053800,yfinance
2023-10-26,MSFT,Technology,333.37,334.44,320.06,320.99,37828500,yfinance
2023-10-27,MSFT,Technology,323.48,329.63,321.49,322.87,29856500,yfinance
2023-10-30,MSFT,Technology,326.39,332.31,324.85,330.21,22828100,yfinance
2023-10-31,MSFT,Technology,331.72,331.87,327.65,330.99,20265300,yfinance
2023-11-01,MSFT,Technology,332.64,340.11,332.5,338.79,28158800,yfinance
2023-11-02,MSFT,Technology,339.93,341.49,337.51,340.99,24348100,yfinance
2023-11-03,MSFT,Technology,342.27,346.93,340.02,345.37,23637700,yfinance
2023-11-06,MSFT,Technology,346.01,350.02,345.91,349.03,23828300,yfinance
2023-11-07,MSFT,Technology,351.84,354.83,350.1,352.94,25833900,yfinance
2023-11-08,MSFT,Technology,354.07,356.21,352.96,355.56,26767800,yfinance
2023-11-09,MSFT,Technology,354.67,357.11,352.78,353.1,24847300,yfinance
2023-11-10,MSFT,Technology,353.88,362.31,353.47,361.89,28042100,yfinance
2023-11-13,MSFT,Technology,360.47,360.72,358.2,358.96,19986500,yfinance
2023-11-14,MSFT,Technology,363.2,364.12,359.62,362.48,27683900,yfinance
2023-11-15,MSFT,Technology,364.2,366.02,360.11,362.62,26860100,yfinance
2023-11-16,MSFT,Technology,363.89,369.18,363.12,369.0,27182300,yfinance
2023-11-17,MSFT,Technology,366.49,367.23,360.01,362.8,40157000,yfinance
2023-11-20,MSFT,Technology,364.14,371.65,363.93,370.25,52465100,yfinance
2023-11-21,MSFT,Technology,368.51,369.05,364.05,365.96,28423100,yfinance
2023-11-22,MSFT,Technology,370.8,372.55,367.82,370.65,23345300,yfinance
2023-11-24,MSFT,Technology,370.14,370.77,367.99,370.24,10176600,yfinance
2023-11-27,MSFT,Technology,369.6,373.39,369.03,371.39,22179200,yfinance
2023-11-28,MSFT,Technology,371.14,375.7,370.95,375.41,20453100,yfinance
2023-11-29,MSFT,Technology,376.45,376.98,370.25,371.63,28963400,yfinance
2023-11-30,MSFT,Technology,371.28,372.85,368.31,371.69,30554400,yfinance
2023-12-01,MSFT,Technology,369.58,370.95,364.23,367.37,33040500,yfinance
2023-12-04,MSFT,Technology,362.07,362.48,355.98,362.1,32063300,yfinance
2023-12-05,MSFT,Technology,359.47,365.97,358.65,365.42,23065000,yfinance
2023-12-06,MSFT,Technology,366.42,367.05,361.02,361.77,21182100,yfinance
2023-12-07,MSFT,Technology,361.21,364.37,359.34,363.88,23118900,yfinance
2023-12-08,MSFT,Technology,362.16,367.32,361.21,367.1,20154400,yfinance
2023-12-11,MSFT,Technology,361.46,364.52,359.12,364.22,27708800,yfinance
2023-12-12,MSFT,Technology,363.78,367.28,363.4,367.24,24838300,yfinance
2023-12-13,MSFT,Technology,368.85,370.44,363.7,367.23,30955500,yfinance
2023-12-14,MSFT,Technology,366.2,366.64,357.19,358.96,43277500,yfinance
2023-12-15,MSFT,Technology,359.86,365.3,359.3,363.66,78502300,yfinance
2023-12-18,MSFT,Technology,362.41,365.89,361.65,365.55,21802900,yfinance
2023-12-19,MSFT,Technology,364.41,366.15,362.79,366.15,20603700,yfinance
2023-12-20,MSFT,Technology,367.85,368.86,363.47,363.56,26316700,yfinance
2023-12-21,MSFT,Technology,365.46,367.27,362.99,366.42,17708000,yfinance
2023-12-22,MSFT,Technology,366.56,368.03,365.61,367.44,17107500,yfinance
2023-12-26,MSFT,Technology,367.85,369.76,366.38,367.52,12673100,yfinance
2023-12-27,MSFT,Technology,366.57,367.91,365.7,366.94,14905400,yfinance
2023-12-28,MSFT,Technology,368.22,369.28,367.03,368.13,14327000,yfinance
2023-12-29,MSFT,Technology,368.83,369.97,366.36,368.87,18730800,yfinance
2024-01-02,MSFT,Technology,366.73,368.74,359.78,363.8,25258600,yfinance
2024-01-03,MSFT,Technology,361.98,366.15,361.49,363.54,23083500,yfinance
2024-01-04,MSFT,Technology,363.61,365.99,360.17,360.93,20901500,yfinance
2024-01-05,MSFT,Technology,361.94,364.97,359.51,360.74,21004600,yfinance
2024-01-08,MSFT,Technology,362.26,368.05,361.98,367.55,23134000,yfinance
2024-01-09,MSFT,Technology,364.92,368.82,364.12,368.63,20830000,yfinance
2024-01-10,MSFT,Technology,369.2,376.85,369.15,375.47,25514200,yfinance
2024-01-11,MSFT,Technology,378.64,383.23,373.13,377.3,27850800,yfinance
2024-01-12,MSFT,Technology,378.14,381.27,377.32,381.07,21661200,yfinance
2024-01-16,MSFT,Technology,386.16,386.52,380.23,382.83,27202300,yfinance
2024-01-17,MSFT,Technology,380.59,382.67,377.48,382.05,22234100,yfinance
2024-01-18,MSFT,Technology,384.25,386.48,382.68,386.36,23392100,yfinance
2024-01-19,MSFT,Technology,388.22,391.07,386.0,391.07,29331100,yfinance
2024-01-22,MSFT,Technology,392.4,392.98,386.09,388.95,27016900,yfinance
2024-01-23,MSFT,Technology,388.21,391.77,386.42,391.3,20525900,yfinance
2024-01-24,MSFT,Technology,393.89,397.9,392.82,394.89,24867000,yfinance
2024-01-25,MSFT,Technology,396.61,399.25,394.86,397.15,21021200,yfinance
2024-01-26,MSFT,Technology,396.66,398.43,394.76,396.23,17803300,yfinance
2024-01-29,MSFT,Technology,398.32,402.17,396.62,401.91,24510200,yfinance
2024-01-30,MSFT,Technology,404.4,405.18,398.7,400.8,33477600,yfinance
2024-01-31,MSFT,Technology,399.2,407.4,389.64,390.0,47871100,yfinance
2024-02-01,MSFT,Technology,394.17,400.22,394.14,396.08,30657700,yfinance
2024-02-02,MSFT,Technology,396.11,404.79,395.87,403.38,28256700,yfinance
2024-02-05,MSFT,Technology,402.09,403.32,396.29,397.92,25352300,yfinance
2024-02-06,MSFT,Technology,398.14,400.19,395.23,397.76,18382600,yfinance
2024-02-07,MSFT,Technology,399.67,406.4,399.64,406.16,22340500,yfinance
2024-02-08,MSFT,Technology,406.16,407.64,404.67,406.22,21225300,yfinance
2024-02-09,MSFT,Technology,407.34,412.8,407.18,412.53,22032800,yfinance
2024-02-12,MSFT,Technology,412.54,412.72,406.85,407.35,21202900,yfinance
2024-02-13,MSFT,Technology,397.22,402.25,395.7,398.58,27824900,yfinance
2024-02-14,MSFT,Technology,401.03,402.77,397.59,402.43,20401200,yfinance
2024-02-15,MSFT,Technology,401.1,402.07,397.32,399.55,21825500,yfinance
2024-02-16,MSFT,Technology,400.92,401.25,396.48,397.09,22296500,yfinance
2024-02-20,MSFT,Technology,396.29,397.51,391.15,395.84,24307900,yfinance
2024-02-21,MSFT,Technology,393.27,395.35,390.37,395.24,18518900,yfinance
2024-02-22,MSFT,Technology,403.12,405.71,401.52,404.55,27009900,yfinance
2024-02-23,MSFT,Technology,408.5,408.69,401.92,403.26,16295900,yfinance
2024-02-26,MSFT,Technology,404.36,405.05,400.33,400.51,16193500,yfinance
2024-02-27,MSFT,Technology,400.95,401.28,396.89,400.45,14835800,yfinance
2024-02-28,MSFT,Technology,401.14,402.24,398.33,400.69,13183100,yfinance
2024-02-29,MSFT,Technology,401.59,407.06,398.92,406.51,31947300,yfinance
2024-03-01,MSFT,Technology,404.18,408.7,403.79,408.33,17823400,yfinance
2024-03-04,MSFT,Technology,406.31,410.15,405.21,407.76,17596000,yfinance
2024-03-05,MSFT,Technology,406.82,407.11,393.73,395.71,26919200,yfinance
2024-03-06,MSFT,Technology,396.02,398.17,391.52,395.16,22344100,yfinance
2024-03-07,MSFT,Technology,399.12,402.71,395.3,402.08,18718500,yfinance
2024-03-08,MSFT,Technology,400.92,403.34,397.36,399.21,18002200,yfinance
2024-03-11,MSFT,Technology,396.8,398.68,394.34,397.54,16120800,yfinance
2024-03-12,MSFT,Technology,400.59,408.4,399.77,408.12,22457000,yfinance
2024-03-13,MSFT,Technology,410.89,410.97,404.35,407.94,17115900,yfinance
2024-03-14,MSFT,Technology,412.99,420.44,410.78,417.89,34157300,yfinance
2024-03-15,MSFT,Technology,412.06,415.31,405.67,409.24,45079900,yfinance
2024-03-18,MSFT,Technology,407.11,413.47,406.64,410.12,20106000,yfinance
2024-03-19,MSFT,Technology,410.62,414.4,408.38,414.14,19837900,yfinance
2024-03-20,MSFT,Technology,414.72,418.61,413.41,417.9,17860100,yfinance
2024-03-21,MSFT,Technology,422.42,423.39,419.79,421.97,21296200,yfinance
2024-03-22,MSFT,Technology,422.29,422.45,418.72,421.35,17648500,yfinance
2024-03-25,MSFT,Technology,417.91,420.04,414.34,415.57,18060500,yfinance
2024-03-26,MSFT,Technology,418.27,418.64,414.08,414.38,16725600,yfinance
2024-03-27,MSFT,Technology,417.12,417.13,411.78,414.16,16705000,yfinance
2024-03-28,MSFT,Technology,413.7,414.59,411.89,413.46,21871200,yfinance
2024-04-01,MSFT,Technology,416.64,420.51,414.94,417.25,16316000,yfinance
2024-04-02,MSFT,Technology,412.87,415.1,410.63,414.17,17912000,yfinance
2024-04-03,MSFT,Technology,412.49,415.96,411.86,413.2,16502300,yfinance
2024-04-04,MSFT,Technology,417.66,421.28,410.37,410.67,19370900,yfinance
2024-04-05,MSFT,Technology,412.77,419.15,411.11,418.18,16554800,yfinance
2024-04-08,MSFT,Technology,417.84,419.91,416.0,417.27,14272400,yfinance
2024-04-09,MSFT,Technology,419.09,420.36,414.35,418.93,12496900,yfinance
2024-04-10,MSFT,Technology,414.91,416.72,412.46,415.96,16216600,yfinance
2024-04-11,MSFT,Technology,418.48,421.97,415.08,420.55,17966400,yfinance
2024-04-12,MSFT,Technology,416.74,417.85,412.53,414.62,19253800,yfinance
2024-04-15,MSFT,Technology,419.24,419.46,406.3,406.51,20273500,yfinance
2024-04-16,MSFT,Technology,407.42,411.18,406.6,407.43,16765600,yfinance
2024-04-17,MSFT,Technology,410.05,411.66,403.25,404.74,15855500,yfinance
2024-04-18,MSFT,Technology,403.55,404.79,396.98,397.3,21029900,yfinance
2024-04-19,MSFT,Technology,397.06,398.49,390.91,392.24,30565800,yfinance
2024-04-22,MSFT,Technology,393.18,395.9,388.93,394.05,20286900,yfinance
2024-04-23,MSFT,Technology,397.27,401.16,396.11,400.54,15734500,yfinance
2024-04-24,MSFT,Technology,402.5,405.36,399.76,402.01,15065300,yfinance
2024-04-25,MSFT,Technology,387.23,392.99,381.34,392.16,40586500,yfinance
2024-04-26,MSFT,Technology,405.06,405.88,398.76,399.31,29694700,yfinance
2024-04-29,MSFT,Technology,398.26,399.31,392.31,395.31,19582100,yfinance
2024-04-30,MSFT,Technology,394.57,395.22,382.46,382.62,28781400,yfinance
2024-05-01,MSFT,Technology,385.84,394.79,383.58,388.13,23562500,yfinance
2024-05-02,MSFT,Technology,390.8,393.03,387.84,390.98,17709400,yfinance
2024-05-03,MSFT,Technology,395.34,400.13,394.93,399.65,17446700,yfinance
2024-05-06,MSFT,Technology,401.71,406.79,399.36,406.41,16996600,yfinance
2024-05-07,MSFT,Technology,407.51,407.52,402.04,402.28,20018200,yfinance
2024-05-08,MSFT,Technology,401.13,405.12,399.7,403.46,11792300,yfinance
2024-05-09,MSFT,Technology,403.49,405.6,402.04,405.21,14689700,yfinance
2024-05-10,MSFT,Technology,405.82,408.22,404.7,407.59,13402300,yfinance
2024-05-13,MSFT,Technology,410.8,411.14,403.74,406.59,15440200,yfinance
2024-05-14,MSFT,Technology,404.91,410.29,404.45,409.38,15109300,yfinance
2024-05-15,MSFT,Technology,411.43,417.25,410.81,416.53,22239500,yfinance
2024-05-16,MSFT,Technology,415.27,418.84,413.85,414.48,17530100,yfinance
2024-05-17,MSFT,Technology,416.0,416.38,411.56,413.71,15352200,yfinance
2024-05-20,MSFT,Technology,413.71,420.17,413.49,418.76,16272100,yfinance
2024-05-21,MSFT,Technology,420.23,426.27,418.28,422.4,21453300,yfinance
2024-05-22,MSFT,Technology,423.44,425.72,420.52,423.86,18073700,yfinance
2024-05-23,MSFT,Technology,426.27,426.89,418.84,420.39,17211700,yfinance
2024-05-24,MSFT,Technology,420.58,424.39,417.84,423.5,11855300,yfinance
2024-05-28,MSFT,Technology,422.98,424.15,420.0,423.66,15718000,yfinance
2024-05-29,MSFT,Technology,419.1,424.27,419.1,422.53,15517100,yfinance
2024-05-30,MSFT,Technology,417.73,417.73,407.83,408.25,28394500,yfinance
2024-05-31,MSFT,Technology,410.3,410.3,398.25,408.71,47995300,yfinance
2024-06-03,MSFT,Technology,409.1,409.99,402.59,407.12,17484700,yfinance
2024-06-04,MSFT,Technology,406.05,410.0,403.34,409.63,14348900,yfinance
2024-06-05,MSFT,Technology,411.35,417.52,409.86,417.45,16988000,yfinance
2024-06-06,MSFT,Technology,417.45,418.73,414.07,417.95,14861300,yfinance
2024-06-07,MSFT,Technology,419.61,419.68,416.46,417.29,13621700,yfinance
2024-06-10,MSFT,Technology,418.13,421.46,417.33,421.25,13982900,yfinance
2024-06-11,MSFT,Technology,418.9,426.12,418.67,425.99,14551100,yfinance
2024-06-12,MSFT,Technology,428.58,436.54,426.55,434.24,22366200,yfinance
2024-06-13,MSFT,Technology,434.03,436.53,432.57,434.75,15960600,yfinance
2024-06-14,MSFT,Technology,431.5,436.28,429.96,435.72,13582000,yfinance
2024-06-17,MSFT,Technology,435.74,443.96,433.9,441.43,20790000,yfinance
2024-06-18,MSFT,Technology,442.75,443.18,438.01,439.43,17112500,yfinance
2024-06-20,MSFT,Technology,439.39,439.62,434.44,438.8,19877400,yfinance
2024-06-21,MSFT,Technology,440.46,443.61,439.6,442.82,34187100,yfinance
2024-06-24,MSFT,Technology,442.84,445.74,439.5,440.74,15913700,yfinance
2024-06-25,MSFT,Technology,441.31,444.44,439.84,443.97,16413400,yfinance
2024-06-26,MSFT,Technology,442.05,446.58,441.26,445.16,16507000,yfinance
2024-06-27,MSFT,Technology,445.18,449.11,444.78,445.84,14806300,yfinance
2024-06-28,MSFT,Technology,446.06,448.33,439.5,440.03,28362300,yfinance
2024-07-01,MSFT,Technology,441.72,450.29,438.76,449.66,17662800,yfinance
2024-07-02,MSFT,Technology,446.19,452.48,446.1,452.17,13979800,yfinance
2024-07-03,MSFT,Technology,451.1,453.89,450.8,453.64,9932800,yfinance
2024-07-05,MSFT,Technology,452.5,461.1,451.87,460.33,16000300,yfinance
2024-07-08,MSFT,Technology,459.33,460.46,457.27,459.03,12962300,yfinance
2024-07-09,MSFT,Technology,459.77,460.1,450.91,452.43,17207200,yfinance
2024-07-10,MSFT,Technology,454.08,459.24,451.76,459.04,18196100,yfinance
2024-07-11,MSFT,Technology,455.82,457.59,444.56,447.66,23111200,yfinance
2024-07-12,MSFT,Technology,447.3,449.3,443.68,446.53,16324300,yfinance
2024-07-15,MSFT,Technology,446.29,450.18,444.45,446.94,14429400,yfinance
2024-07-16,MSFT,Technology,447.19,447.27,439.75,442.56,17175700,yfinance
2024-07-17,MSFT,Technology,435.74,437.97,432.38,436.66,21778000,yfinance
2024-07-18,MSFT,Technology,437.46,437.77,427.68,433.56,20794800,yfinance
2024-07-19,MSFT,Technology,426.4,434.31,425.32,430.35,20940400,yfinance
2024-07-22,MSFT,Technology,434.95,437.72,432.12,436.09,15808800,yfinance
2024-07-23,MSFT,Technology,437.03,441.45,436.24,437.97,13107100,yfinance
2024-07-24,MSFT,Technology,433.64,434.65,420.97,422.26,26805800,yfinance
2024-07-25,MSFT,Technology,422.17,423.15,411.05,411.93,29943800,yfinance
2024-07-26,MSFT,Technology,411.73,422.28,410.81,418.69,23583800,yfinance
2024-07-29,MSFT,Technology,424.9,425.46,418.13,420.13,15125800,yfinance
2024-07-30,MSFT,Technology,421.1,422.41,410.9,416.38,32687600,yfinance
2024-07-31,MSFT,Technology,413.99,415.25,405.83,411.88,42891400,yfinance
2024-08-01,MSFT,Technology,414.28,420.85,406.7,410.66,30296400,yfinance
2024-08-02,MSFT,Technology,406.11,408.58,398.08,402.17,29437900,yfinance
2024-08-05,MSFT,Technology,383.15,394.83,379.61,389.04,40709200,yfinance
2024-08-06,MSFT,Technology,393.81,399.39,392.33,393.43,24946500,yfinance
2024-08-07,MSFT,Technology,402.32,403.74,391.32,392.27,20650900,yfinance
2024-08-08,MSFT,Technology,396.21,399.58,393.75,396.46,20203000,yfinance
2024-08-09,MSFT,Technology,397.78,401.74,396.04,399.74,19276700,yfinance
2024-08-12,MSFT,Technology,400.76,402.44,397.99,400.52,16762900,yfinance
2024-08-13,MSFT,Technology,403.25,408.53,403.23,407.6,19414300,yfinance
2024-08-14,MSFT,Technology,408.38,411.26,406.07,410.41,18267000,yfinance
2024-08-15,MSFT,Technology,414.05,415.34,411.94,415.26,20752100,yfinance
2024-08-16,MSFT,Technology,414.84,415.57,411.58,412.74,22775600,yfinance
2024-08-19,MSFT,Technology,413.22,415.97,410.76,415.76,15234000,yfinance
2024-08-20,MSFT,Technology,415.92,420.03,415.86,418.98,16387600,yfinance
2024-08-21,MSFT,Technology,418.27,420.56,415.94,418.33,16067300,yfinance
2024-08-22,MSFT,Technology,418.55,420.94,408.93,409.86,19361900,yfinance
2024-08-23,MSFT,Technology,411.27,413.52,406.45,411.08,18493800,yfinance
2024-08-26,MSFT,Technology,410.67,411.56,405.71,407.83,13152800,yfinance
2024-08-27,MSFT,Technology,407.2,408.68,404.63,408.17,13492900,yfinance
2024-08-28,MSFT,Technology,409.2,409.32,401.73,404.98,14882700,yfinance
2024-08-29,MSFT,Technology,409.26,416.27,404.98,407.46,17045200,yfinance
2024-08-30,MSFT,Technology,409.91,411.77,406.48,411.43,24308300,yfinance
2024-09-03,MSFT,Technology,412.19,414.13,401.45,403.83,20313600,yfinance
2024-09-04,MSFT,Technology,400.35,405.61,398.83,403.3,15135800,yfinance
2024-09-05,MSFT,Technology,402.04,407.44,400.57,402.8,14195500,yfinance
2024-09-06,MSFT,Technology,403.46,405.02,395.31,396.2,19609500,yfinance
2024-09-09,MSFT,Technology,401.66,403.05,396.64,400.16,15295100,yfinance
2024-09-10,MSFT,Technology,402.61,410.63,402.12,408.53,19594300,yfinance
2024-09-11,MSFT,Technology,409.81,418.18,403.97,417.25,19266900,yfinance
2024-09-12,MSFT,Technology,417.51,421.52,414.0,421.15,17395700,yfinance
2024-09-13,MSFT,Technology,420.0,425.91,419.63,424.69,15874600,yfinance
2024-09-16,MSFT,Technology,424.7,427.59,422.35,425.43,13834700,yfinance
2024-09-17,MSFT,Technology,434.2,435.8,426.35,429.19,18874200,yfinance
2024-09-18,MSFT,Technology,429.04,430.06,424.51,424.91,18898000,yfinance
2024-09-19,MSFT,Technology,435.19,435.45,430.92,432.68,21706600,yfinance
2024-09-20,MSFT,Technology,431.23,433.22,428.27,429.31,55167100,yfinance
2024-09-23,MSFT,Technology,428.33,430.48,424.49,427.57,15128900,yfinance
2024-09-24,MSFT,Technology,427.07,427.41,420.26,423.29,17015800,yfinance
2024-09-25,MSFT,Technology,423.94,427.19,422.7,426.19,13396400,yfinance
2024-09-26,MSFT,Technology,429.13,429.34,423.25,425.4,14492000,yfinance
2024-09-27,MSFT,Technology,425.61,425.93,421.61,422.16,14896100,yfinance
2024-09-30,MSFT,Technology,422.34,424.52,419.54,424.41,16807300,yfinance
2024-10-01,MSFT,Technology,422.58,422.61,413.07,414.93,19092900,yfinance
2024-10-02,MSFT,Technology,416.79,417.03,411.0,411.42,16582300,yfinance
2024-10-03,MSFT,Technology,411.91,413.8,408.62,410.83,13686400,yfinance
2024-10-04,MSFT,Technology,412.51,414.0,409.29,410.36,19169700,yfinance
2024-10-07,MSFT,Technology,410.3,411.4,403.4,403.93,20919800,yfinance
2024-10-08,MSFT,Technology,405.27,409.97,402.58,409.03,19229300,yfinance
2024-10-09,MSFT,Technology,410.16,414.62,408.62,411.74,14974300,yfinance
2024-10-10,MSFT,Technology,409.54,411.63,407.49,410.14,13848400,yfinance
2024-10-11,MSFT,Technology,410.44,411.42,407.59,410.62,14144900,yfinance
2024-10-14,MSFT,Technology,412.05,418.23,411.8,413.4,16653100,yfinance
2024-10-15,MSFT,Technology,416.4,416.69,409.57,413.0,18900200,yfinance
2024-10-16,MSFT,Technology,409.48,410.66,404.86,410.42,15508900,yfinance
2024-10-17,MSFT,Technology,416.57,416.71,409.9,411.01,14820000,yfinance
2024-10-18,MSFT,Technology,411.43,413.9,410.56,412.43,17145300,yfinance
2024-10-21,MSFT,Technology,410.42,413.22,408.08,413.04,14206100,yfinance
2024-10-22,MSFT,Technology,412.76,424.68,412.31,421.65,25482200,yfinance
2024-10-23,MSFT,Technology,424.96,425.18,416.74,418.78,19654400,yfinance
2024-10-24,MSFT,Technology,419.5,420.14,416.61,418.91,13581600,yfinance
2024-10-25,MSFT,Technology,420.91,426.6,420.73,422.29,16899100,yfinance
2024-10-28,MSFT,Technology,425.75,426.02,420.46,420.75,14882400,yfinance
2024-10-29,MSFT,Technology,422.14,427.24,419.97,426.03,17644100,yfinance
2024-10-30,MSFT,Technology,431.45,432.49,426.18,426.61,29749100,yfinance
2024-10-31,MSFT,Technology,409.67,410.46,400.73,400.78,53971000,yfinance
2024-11-01,MSFT,Technology,403.41,409.81,401.92,404.75,24230400,yfinance
2024-11-04,MSFT,Technology,404.19,404.8,400.01,402.86,19672300,yfinance
2024-11-05,MSFT,Technology,402.78,409.22,402.49,405.82,17626000,yfinance
2024-11-06,MSFT,Technology,406.77,414.69,404.9,414.42,26681800,yfinance
2024-11-07,MSFT,Technology,415.51,421.0,414.13,419.6,19901800,yfinance
2024-11-08,MSFT,Technology,419.49,420.66,416.0,416.75,16891400,yfinance
2024-11-11,MSFT,Technology,416.73,418.99,410.3,412.28,24503300,yfinance
2024-11-12,MSFT,Technology,412.52,418.63,411.49,417.24,19401200,yfinance
2024-11-13,MSFT,Technology,415.86,423.45,412.48,419.38,21502200,yfinance
2024-11-14,MSFT,Technology,419.18,422.3,414.25,421.04,30246900,yfinance
2024-11-15,MSFT,Technology,414.07,417.01,407.97,409.32,28247600,yfinance
2024-11-18,MSFT,Technology,409.19,412.67,406.46,410.06,24727000,yfinance
2024-11-19,MSFT,Technology,407.45,412.22,405.91,412.07,18133500,yfinance
2024-11-20,MSFT,Technology,411.16,411.57,404.96,409.8,19191700,yfinance
2024-11-21,MSFT,Technology,414.58,414.86,405.48,408.03,20780200,yfinance
2024-11-22,MSFT,Technology,406.55,412.51,406.24,412.11,24814600,yfinance
2024-11-25,MSFT,Technology,413.48,416.14,409.99,413.88,27691100,yfinance
2024-11-26,MSFT,Technology,414.67,424.01,413.94,422.97,23458900,yfinance
2024-11-27,MSFT,Technology,420.13,422.22,417.07,418.03,18332400,yfinance
2024-11-29,MSFT,Technology,415.16,419.9,412.9,418.5,16271900,yfinance
2024-12-02,MSFT,Technology,416.63,427.92,416.37,425.93,20207200,yfinance
2024-12-03,MSFT,Technology,424.8,427.4,422.73,426.14,18302000,yfinance
2024-12-04,MSFT,Technology,427.95,434.52,427.56,432.29,26009400,yfinance
2024-12-05,MSFT,Technology,432.79,439.45,431.06,437.43,21697800,yfinance
2024-12-06,MSFT,Technology,437.11,440.87,436.59,438.37,18821000,yfinance
2024-12-09,MSFT,Technology,437.41,443.07,435.34,440.79,19144400,yfinance
2024-12-10,MSFT,Technology,439.18,444.35,436.42,438.13,18469500,yfinance
2024-12-11,MSFT,Technology,438.84,445.07,438.84,443.73,19200200,yfinance
2024-12-12,MSFT,Technology,443.84,450.81,443.84,444.29,20834800,yfinance
2024-12-13,MSFT,Technology,443.18,446.14,440.36,442.03,20177800,yfinance
2024-12-16,MSFT,Technology,442.03,446.88,440.06,446.3,23598800,yfinance
2024-12-17,MSFT,Technology,445.72,449.95,444.3,449.13,22733500,yfinance
2024-12-18,MSFT,Technology,446.03,447.34,431.9,432.26,24444500,yfinance
2024-12-19,MSFT,Technology,436.44,437.98,431.2,431.91,22963700,yfinance
2024-12-20,MSFT,Technology,428.03,438.54,423.6,431.48,64263700,yfinance
2024-12-23,MSFT,Technology,431.62,432.52,427.76,430.15,19152500,yfinance
2024-12-24,MSFT,Technology,429.55,434.45,429.1,434.18,7164500,yfinance
2024-12-26,MSFT,Technology,433.93,435.77,431.51,432.97,8194200,yfinance
2024-12-27,MSFT,Technology,429.5,430.12,421.35,425.48,18117700,yfinance
2024-12-30,MSFT,Technology,421.06,422.54,416.95,419.85,13158700,yfinance
2024-12-31,MSFT,Technology,421.1,421.73,415.73,416.56,13246500,yfinance
2025-01-02,MSFT,Technology,420.54,421.07,409.99,413.67,16896500,yfinance
2025-01-03,MSFT,Technology,416.14,419.06,414.62,418.39,16662900,yfinance
2025-01-06,MSFT,Technology,422.98,429.23,420.49,422.83,20573600,yfinance
2025-01-07,MSFT,Technology,423.97,425.6,415.87,417.42,18139100,yfinance
2025-01-08,MSFT,Technology,418.5,421.96,416.6,419.58,15054600,yfinance
2025-01-10,MSFT,Technology,419.65,419.73,410.15,414.04,20201100,yfinance
2025-01-13,MSFT,Technology,410.37,413.59,407.46,412.3,17604800,yfinance
2025-01-14,MSFT,Technology,412.91,414.82,405.9,410.8,16935900,yfinance
2025-01-15,MSFT,Technology,414.22,423.13,413.37,421.31,19637800,yfinance
2025-01-16,MSFT,Technology,423.67,424.45,419.41,419.6,15300000,yfinance
2025-01-17,MSFT,Technology,429.0,429.39,423.15,424.0,26197500,yfinance
2025-01-21,MSFT,Technology,425.16,425.85,420.61,423.48,26085700,yfinance
2025-01-22,MSFT,Technology,432.43,442.03,430.89,440.97,27803800,yfinance
2025-01-23,MSFT,Technology,436.82,441.51,436.32,441.47,18389300,yfinance
2025-01-24,MSFT,Technology,439.94,441.41,436.23,438.85,15549500,yfinance
2025-01-27,MSFT,Technology,419.04,430.1,418.53,429.47,35647800,yfinance
2025-01-28,MSFT,Technology,429.5,443.12,426.32,441.96,23491700,yfinance
2025-01-29,MSFT,Technology,441.45,441.64,435.24,437.14,23581400,yfinance
2025-01-30,MSFT,Technology,413.86,417.9,408.32,410.12,54586300,yfinance
2025-01-31,MSFT,Technology,414.07,415.76,410.05,410.19,34161900,yfinance
2025-02-03,MSFT,Technology,406.77,410.54,403.87,406.1,25679100,yfinance
2025-02-04,MSFT,Technology,407.85,409.07,404.94,407.54,20532100,yfinance
2025-02-05,MSFT,Technology,407.52,408.98,405.59,408.44,16316700,yfinance
2025-02-06,MSFT,Technology,409.15,413.3,409.15,410.94,16309800,yfinance
2025-02-07,MSFT,Technology,411.6,413.74,403.32,404.95,22886800,yfinance
2025-02-10,MSFT,Technology,408.86,410.59,406.1,407.39,20817900,yfinance
2025-02-11,MSFT,Technology,404.84,407.65,404.5,406.62,18140600,yfinance
2025-02-12,MSFT,Technology,402.44,405.93,399.63,404.24,19121700,yfinance
2025-02-13,MSFT,Technology,402.23,406.18,401.6,405.73,23891700,yfinance
2025-02-14,MSFT,Technology,403.01,404.12,401.12,403.64,22758500,yfinance
2025-02-18,MSFT,Technology,403.22,405.79,401.73,404.84,21423100,yfinance
2025-02-19,MSFT,Technology,403.1,410.62,402.87,409.91,24114200,yfinance
2025-02-20,MSFT,Technology,411.24,415.22,408.52,412.08,23508700,yfinance
2025-02-21,MSFT,Technology,413.27,413.98,403.92,404.23,27524800,yfinance
2025-02-24,MSFT,Technology,404.53,405.38,395.43,400.06,26443700,yfinance
2025-02-25,MSFT,Technology,397.19,398.0,392.84,394.02,29387400,yfinance
2025-02-26,MSFT,Technology,394.13,399.67,390.41,395.84,19619000,yfinance
2025-02-27,MSFT,Technology,397.36,401.79,388.35,388.71,21127400,yfinance
2025-02-28,MSFT,Technology,388.83,393.76,382.8,393.12,32845700,yfinance
2025-03-03,MSFT,Technology,394.93,394.93,382.4,384.71,23007700,yfinance
2025-03-04,MSFT,Technology,379.66,388.76,377.29,384.82,29342900,yfinance
2025-03-05,MSFT,Technology,385.55,397.76,385.02,397.11,23433100,yfinance
2025-03-06,MSFT,Technology,390.44,398.23,388.85,393.02,23304600,yfinance
2025-03-07,MSFT,Technology,388.5,390.95,381.78,389.48,22034100,yfinance
2025-03-10,MSFT,Technology,382.08,382.64,373.55,376.46,32840100,yfinance
2025-03-11,MSFT,Technology,375.31,382.24,373.24,376.74,30380200,yfinance
2025-03-12,MSFT,Technology,379.22,381.47,375.26,379.54,24253600,yfinance
2025-03-13,MSFT,Technology,379.43,381.57,373.77,375.08,20473000,yfinance
2025-03-14,MSFT,Technology,376.08,386.43,375.81,384.77,19952800,yfinance
2025-03-17,MSFT,Technology,382.93,388.88,381.81,384.91,22474300,yfinance
2025-03-18,MSFT,Technology,383.3,383.6,377.39,379.78,19486900,yfinance
2025-03-19,MSFT,Technology,381.77,385.88,380.26,384.04,19185500,yfinance
2025-03-20,MSFT,Technology,381.98,387.97,379.55,383.07,18470500,yfinance
2025-03-21,MSFT,Technology,379.49,387.92,379.07,387.45,39675900,yfinance
2025-03-24,MSFT,Technology,391.55,391.55,386.01,389.25,21004500,yfinance
2025-03-25,MSFT,Technology,390.08,392.5,388.81,391.31,15775000,yfinance
2025-03-26,MSFT,Technology,391.15,391.46,384.78,386.17,16108400,yfinance
2025-03-27,MSFT,Technology,386.33,388.42,383.63,386.77,13766800,yfinance
2025-03-28,MSFT,Technology,384.3,385.34,373.26,375.11,21632000,yfinance
2025-03-31,MSFT,Technology,368.91,373.4,363.66,371.73,35184700,yfinance
2025-04-01,MSFT,Technology,371.0,379.12,369.59,378.47,19689500,yfinance
2025-04-02,MSFT,Technology,374.29,381.33,372.95,378.42,16092600,yfinance
2025-04-03,MSFT,Technology,371.14,373.8,365.75,369.48,30198000,yfinance
2025-04-04,MSFT,Technology,360.58,370.94,355.98,356.33,49209900,yfinance
2025-04-07,MSFT,Technology,347.46,367.39,341.43,354.37,50425000,yfinance
2025-04-08,MSFT,Technology,364.67,370.01,346.84,351.11,35868900,yfinance
2025-04-09,MSFT,Technology,350.1,389.4,349.66,386.69,50199700,yfinance
2025-04-10,MSFT,Technology,378.34,380.16,364.22,377.63,38024400,yfinance
2025-04-11,MSFT,Technology,376.93,386.25,375.2,384.67,23839200,yfinance
2025-04-14,MSFT,Technology,389.39,390.81,380.47,384.03,19251200,yfinance
2025-04-15,MSFT,Technology,384.73,388.07,380.42,381.97,17199900,yfinance
2025-04-16,MSFT,Technology,376.96,377.89,364.41,367.99,21967800,yfinance
2025-04-17,MSFT,Technology,370.11,370.67,363.32,364.2,21120200,yfinance
2025-04-21,MSFT,Technology,359.29,360.93,352.2,355.62,20807300,yfinance
2025-04-22,MSFT,Technology,359.84,364.19,356.35,363.25,19485000,yfinance
2025-04-23,MSFT,Technology,372.4,376.68,369.39,370.74,20545500,yfinance
2025-04-24,MSFT,Technology,372.04,384.67,371.53,383.53,22232300,yfinance
2025-04-25,MSFT,Technology,383.23,388.34,380.85,388.03,18973200,yfinance
2025-04-28,MSFT,Technology,388.14,388.91,382.87,387.35,16579400,yfinance
2025-04-29,MSFT,Technology,387.49,391.25,386.58,390.2,14974000,yfinance
2025-04-30,MSFT,Technology,386.5,392.8,380.69,391.41,36461100,yfinance
2025-05-01,MSFT,Technology,426.91,432.73,420.76,421.26,58938100,yfinance
2025-05-02,MSFT,Technology,427.53,435.16,425.8,431.04,30757400,yfinance
2025-05-05,MSFT,Technology,428.65,435.22,427.9,431.92,20136100,yfinance
2025-05-06,MSFT,Technology,427.99,433.47,426.97,429.09,15104200,yfinance
2025-05-07,MSFT,Technology,429.61,433.85,426.91,429.13,23295300,yfinance
2025-05-08,MSFT,Technology,433.66,439.35,431.42,433.9,23491300,yfinance
2025-05-09,MSFT,Technology,435.71,436.45,431.63,434.46,15324200,yfinance
2025-05-12,MSFT,Technology,441.6,444.99,435.5,444.88,22821900,yfinance
2025-05-13,MSFT,Technology,443.42,446.28,441.02,444.76,23618800,yfinance
2025-05-14,MSFT,Technology,443.77,449.48,443.77,448.53,19902800,yfinance
2025-05-15,MSFT,Technology,447.2,452.58,446.86,449.54,21992300,yfinance
2025-05-16,MSFT,Technology,448.47,450.76,445.17,450.67,23849800,yfinance
2025-05-19,MSFT,Technology,447.31,455.95,447.23,455.23,21336500,yfinance
2025-05-20,MSFT,Technology,451.98,454.71,450.72,454.54,15441800,yfinance
2025-05-21,MSFT,Technology,450.97,454.15,448.23,448.98,19216900,yfinance
2025-05-22,MSFT,Technology,451.34,456.6,450.3,451.26,18025600,yfinance
2025-05-23,MSFT,Technology,446.41,450.09,445.35,446.61,16883500,yfinance
2025-05-27,MSFT,Technology,452.86,457.3,452.51,457.04,20974300,yfinance
2025-05-28,MSFT,Technology,457.57,458.85,453.31,453.74,17086300,yfinance
2025-05-29,MSFT,Technology,457.89,458.06,451.7,455.05,13974800,yfinance
2025-05-30,MSFT,Technology,456.08,458.02,451.93,456.71,34770500,yfinance
2025-06-02,MSFT,Technology,453.52,458.45,453.27,458.31,16626500,yfinance
2025-06-03,MSFT,Technology,457.81,460.46,457.21,459.3,15743800,yfinance
2025-06-04,MSFT,Technology,460.32,462.0,459.35,460.19,14162700,yfinance
2025-06-05,MSFT,Technology,461.28,465.93,460.35,463.97,20131700,yfinance
2025-06-06,MSFT,Technology,466.36,469.59,465.07,466.65,15285600,yfinance
2025-06-09,MSFT,Technology,465.98,469.68,464.91,469.0,16469900,yfinance
2025-06-10,MSFT,Technology,467.46,469.05,463.26,467.19,15375900,yfinance
2025-06-11,MSFT,Technology,466.3,471.7,465.94,468.87,16399200,yfinance
2025-06-12,MSFT,Technology,471.26,476.61,469.77,475.08,18950600,yfinance
2025-06-13,MSFT,Technology,472.63,475.38,469.01,471.2,16814500,yfinance
2025-06-16,MSFT,Technology,471.44,476.88,471.24,475.34,15626100,yfinance
2025-06-17,MSFT,Technology,471.63,474.95,470.32,474.25,15414100,yfinance
2025-06-18,MSFT,Technology,474.21,477.19,470.7,476.43,17526500,yfinance
2025-06-20,MSFT,Technology,478.41,479.63,473.09,473.62,37576200,yfinance
2025-06-23,MSFT,Technology,474.42,483.88,468.77,482.15,24864000,yfinance
2025-06-24,MSFT,Technology,485.08,487.95,482.94,486.23,22305600,yfinance
2025-06-25,MSFT,Technology,488.14,490.64,485.51,488.37,17495100,yfinance
2025-06-26,MSFT,Technology,489.07,494.09,488.9,493.51,21578900,yfinance
2025-06-27,MSFT,Technology,493.61,495.34,489.12,492.01,34539200,yfinance
2025-06-30,MSFT,Technology,493.1,496.79,491.4,493.47,28369000,yfinance
2025-07-01,MSFT,Technology,492.54,494.1,487.09,488.15,19945400,yfinance
2025-07-02,MSFT,Technology,486.11,489.59,484.83,487.2,16319600,yfinance
2025-07-03,MSFT,Technology,489.9,496.17,489.53,494.89,13984800,yfinance
2025-07-07,MSFT,Technology,493.44,494.8,491.31,493.78,13981600,yfinance
2025-07-08,MSFT,Technology,493.3,494.25,490.19,492.68,11846600,yfinance
2025-07-09,MSFT,Technology,496.34,502.76,495.78,499.52,18659500,yfinance
2025-07-10,MSFT,Technology,499.06,500.44,493.81,497.51,16492100,yfinance
2025-07-11,MSFT,Technology,494.52,501.03,493.86,499.33,16459500,yfinance
2025-07-14,MSFT,Technology,497.55,499.98,497.06,499.03,12058800,yfinance
2025-07-15,MSFT,Technology,499.03,504.27,498.81,501.81,14927200,yfinance
2025-07-16,MSFT,Technology,501.18,502.7,497.91,501.61,15154400,yfinance
2025-07-17,MSFT,Technology,501.67,509.3,501.61,507.65,17503100,yfinance
2025-07-18,MSFT,Technology,510.4,510.56,503.41,506.01,21209700,yfinance
2025-07-21,MSFT,Technology,502.69,508.03,501.54,506.02,14066800,yfinance
2025-07-22,MSFT,Technology,506.92,507.15,501.27,501.27,13868600,yfinance
2025-07-23,MSFT,Technology,502.73,502.77,496.73,501.86,16396600,yfinance
2025-07-24,MSFT,Technology,504.74,509.6,503.28,506.83,16107000,yfinance
2025-07-25,MSFT,Technology,508.41,514.18,506.32,509.64,19125700,yfinance
2025-07-28,MSFT,Technology,510.01,510.92,506.08,508.44,14308000,yfinance
2025-07-29,MSFT,Technology,511.44,513.52,507.51,508.51,16469200,yfinance
2025-07-30,MSFT,Technology,511.09,511.86,505.4,509.17,26380400,yfinance
2025-07-31,MSFT,Technology,550.83,551.05,527.69,529.27,51617300,yfinance
2025-08-01,MSFT,Technology,530.76,531.55,516.73,519.96,28977600,yfinance
2025-08-04,MSFT,Technology,524.08,533.98,523.94,531.4,25349000,yfinance
2025-08-05,MSFT,Technology,532.92,533.04,523.06,523.57,19171600,yfinance
2025-08-06,MSFT,Technology,526.69,527.49,519.88,520.78,21355700,yfinance
2025-08-07,MSFT,Technology,522.63,523.91,513.45,516.71,16079100,yfinance
2025-08-08,MSFT,Technology,518.46,520.5,515.29,517.9,15531000,yfinance
2025-08-11,MSFT,Technology,518.16,523.41,515.6,517.64,20194400,yfinance
2025-08-12,MSFT,Technology,519.6,526.77,518.56,525.05,18667000,yfinance
2025-08-13,MSFT,Technology,527.89,528.48,515.25,516.45,19619200,yfinance
2025-08-14,MSFT,Technology,518.42,521.78,516.02,518.34,20269100,yfinance
2025-08-15,MSFT,Technology,518.63,521.93,514.97,516.05,25213300,yfinance
2025-08-18,MSFT,Technology,517.46,518.68,509.95,513.0,23760600,yfinance
2025-08-19,MSFT,Technology,510.92,511.08,504.52,505.73,21481000,yfinance
2025-08-20,MSFT,Technology,505.83,506.95,500.44,501.71,27723000,yfinance
2025-08-21,MSFT,Technology,500.52,504.44,499.56,501.07,18443300,yfinance
2025-08-22,MSFT,Technology,501.08,507.52,499.25,504.04,24324200,yfinance
2025-08-25,MSFT,Technology,503.44,504.99,500.95,501.09,21638600,yfinance
2025-08-26,MSFT,Technology,501.19,501.8,495.37,498.88,30835700,yfinance
2025-08-27,MSFT,Technology,498.84,504.1,496.75,503.55,17277900,yfinance
2025-08-28,MSFT,Technology,503.9,507.87,502.32,506.43,18015600,yfinance
2025-08-29,MSFT,Technology,505.46,506.39,501.32,503.5,20961600,yfinance
2025-09-02,MSFT,Technology,497.32,502.82,493.68,501.94,18128000,yfinance
2025-09-03,MSFT,Technology,500.62,504.59,499.16,502.17,16345100,yfinance
2025-09-04,MSFT,Technology,501.13,504.95,499.98,504.77,15509500,yfinance
2025-09-05,MSFT,Technology,505.87,508.75,489.27,491.88,31994800,yfinance
2025-09-08,MSFT,Technology,494.98,498.05,491.91,495.06,16771000,yfinance
2025-09-09,MSFT,Technology,498.27,499.09,494.57,495.27,14410500,yfinance
2025-09-10,MSFT,Technology,499.81,500.06,493.59,497.22,21611800,yfinance
2025-09-11,MSFT,Technology,499.09,500.0,494.75,497.86,18881600,yfinance
2025-09-12,MSFT,Technology,503.46,509.32,500.68,506.69,23624900,yfinance
2025-09-15,MSFT,Technology,505.59,512.23,503.81,512.12,17143800,yfinance
2025-09-16,MSFT,Technology,513.63,513.97,505.4,505.84,19711900,yfinance
2025-09-17,MSFT,Technology,507.41,508.07,502.75,506.81,15816600,yfinance
2025-09-18,MSFT,Technology,508.27,509.84,504.47,505.25,18913700,yfinance
2025-09-19,MSFT,Technology,507.35,516.03,507.1,514.67,52474100,yfinance
2025-09-22,MSFT,Technology,512.35,514.48,509.31,511.21,20009300,yfinance
2025-09-23,MSFT,Technology,510.57,511.35,504.12,506.03,19799600,yfinance
2025-09-24,MSFT,Technology,507.17,509.25,503.73,506.94,13533700,yfinance
2025-09-25,MSFT,Technology,505.1,506.8,501.86,503.84,15786500,yfinance
2025-09-26,MSFT,Technology,506.85,510.71,503.43,508.24,16213100,yfinance
2025-09-29,MSFT,Technology,508.28,513.6,505.68,511.36,17617800,yfinance
2025-09-30,MSFT,Technology,510.01,514.9,506.45,514.69,19728200,yfinance
2025-10-01,MSFT,Technology,511.56,517.23,508.47,516.44,22632300,yfinance
2025-10-02,MSFT,Technology,514.38,518.32,507.47,512.49,21222900,yfinance
2025-10-03,MSFT,Technology,513.85,517.21,511.76,514.09,15112300,yfinance
2025-10-06,MSFT,Technology,515.35,527.69,514.94,525.24,21388600,yfinance
2025-10-07,MSFT,Technology,524.97,526.47,518.16,520.68,14615200,yfinance
2025-10-08,MSFT,Technology,519.99,523.63,519.8,521.55,13363400,yfinance
2025-10-09,MSFT,Technology,519.05,521.03,514.14,519.11,18343600,yfinance
2025-10-10,MSFT,Technology,516.37,520.28,506.42,507.74,24133800,yfinance
2025-10-13,MSFT,Technology,513.16,513.16,508.46,510.81,14284200,yfinance
2025-10-14,MSFT,Technology,507.02,512.04,502.82,510.34,14684300,yfinance
2025-10-15,MSFT,Technology,511.72,513.94,506.79,510.2,14694700,yfinance
2025-10-16,MSFT,Technology,509.35,513.6,504.93,508.39,15559600,yfinance
2025-10-17,MSFT,Technology,505.84,512.24,504.12,510.35,19867800,yfinance
2025-10-20,MSFT,Technology,511.37,515.44,510.2,513.54,14665600,yfinance
2025-10-21,MSFT,Technology,514.24,515.43,509.81,514.4,15586200,yfinance
2025-10-22,MSFT,Technology,517.87,521.92,514.45,517.26,18962700,yfinance
2025-10-23,MSFT,Technology,519.17,520.65,515.35,517.28,14023500,yfinance
2025-10-24,MSFT,Technology,519.5,522.04,517.43,520.31,15532400,yfinance
2025-10-27,MSFT,Technology,528.43,531.22,525.68,528.17,18734700,yfinance
2025-10-28,MSFT,Technology,546.54,550.24,537.37,538.66,29986700,yfinance
2025-10-29,MSFT,Technology,541.51,542.83,533.35,538.14,36023000,yfinance
2025-10-30,MSFT,Technology,527.14,531.6,518.83,522.45,41023100,yfinance
2025-10-31,MSFT,Technology,525.55,525.99,511.86,514.55,34006400,yfinance
2025-11-03,MSFT,Technology,516.54,521.66,511.35,513.78,22374700,yfinance
2025-11-04,MSFT,Technology,508.54,512.31,504.64,511.09,20958700,yfinance
2025-11-05,MSFT,Technology,510.07,511.59,503.39,503.97,23024300,yfinance
2025-11-06,MSFT,Technology,502.48,502.52,492.69,493.97,27406500,yfinance
2025-11-07,MSFT,Technology,493.82,496.24,490.15,493.69,24019800,yfinance
2025-11-10,MSFT,Technology,496.89,503.66,495.66,502.82,26101500,yfinance
2025-11-11,MSFT,Technology,501.62,506.39,499.19,505.48,17980000,yfinance
2025-11-12,MSFT,Technology,506.15,508.45,495.98,507.92,26574900,yfinance
2025-11-13,MSFT,Technology,507.1,510.27,498.14,500.12,25273100,yfinance
2025-11-14,MSFT,Technology,495.09,508.38,494.31,506.97,28505700,yfinance
2025-11-17,MSFT,Technology,505.25,508.9,501.73,504.3,19092800,yfinance
2025-11-18,MSFT,Technology,492.25,499.81,483.72,490.68,33815100,yfinance
2025-11-19,MSFT,Technology,487.02,492.07,479.79,484.05,23245300,yfinance
2025-11-20,MSFT,Technology,490.53,491.38,473.39,476.31,26802500,yfinance
2025-11-21,MSFT,Technology,476.38,476.8,466.19,470.03,31769200,yfinance
2025-11-24,MSFT,Technology,472.89,474.79,465.95,471.9,34421000,yfinance
2025-11-25,MSFT,Technology,471.97,477.03,462.83,474.88,28019800,yfinance
2025-11-26,MSFT,Technology,484.15,486.15,479.07,483.35,25709100,yfinance
2025-11-28,MSFT,Technology,485.44,490.45,484.49,489.83,14386700,yfinance
2025-12-01,MSFT,Technology,486.27,487.69,482.5,484.58,23964000,yfinance
2025-12-02,MSFT,Technology,484.56,491.31,484.16,487.83,19562700,yfinance
2025-12-03,MSFT,Technology,474.21,482.09,473.09,475.61,34615100,yfinance
2025-12-04,MSFT,Technology,477.63,479.19,474.38,478.71,22318200,yfinance
2025-12-05,MSFT,Technology,480.38,481.26,476.76,481.02,22608700,yfinance
2025-12-08,MSFT,Technology,482.74,490.12,482.23,488.84,21965900,yfinance
2025-12-09,MSFT,Technology,486.93,489.94,486.33,489.84,14696100,yfinance
2025-12-10,MSFT,Technology,481.88,482.1,472.97,476.44,35756200,yfinance
2025-12-11,MSFT,Technology,474.52,483.88,473.75,481.33,24669200,yfinance
2025-12-12,MSFT,Technology,477.69,480.31,474.23,476.41,21248100,yfinance
2025-12-15,MSFT,Technology,477.97,478.59,470.43,472.71,23727700,yfinance
2025-12-16,MSFT,Technology,469.82,475.77,468.79,474.28,20705600,yfinance
2025-12-17,MSFT,Technology,474.8,477.87,472.89,474.01,24527200,yfinance
2025-12-18,MSFT,Technology,476.07,487.43,475.77,481.83,28573500,yfinance
2025-12-19,MSFT,Technology,485.2,485.69,480.35,483.77,70836100,yfinance
2025-12-22,MSFT,Technology,483.96,486.56,480.55,482.77,16963000,yfinance
2025-12-23,MSFT,Technology,482.83,485.67,482.59,484.69,14683600,yfinance
2025-12-24,MSFT,Technology,483.53,486.99,482.68,485.86,5855900,yfinance
2025-12-26,MSFT,Technology,484.55,485.96,483.81,485.55,8842200,yfinance
2025-12-29,MSFT,Technology,482.71,486.18,482.03,484.94,10893400,yfinance
2025-12-30,MSFT,Technology,483.78,487.51,483.35,485.32,13944500,yfinance
2025-12-31,MSFT,Technology,485.68,485.98,481.16,481.48,15601600,yfinance
2026-01-02,MSFT,Technology,482.24,482.51,468.08,470.84,25571600,yfinance
2026-01-05,MSFT,Technology,471.96,473.96,467.42,470.75,25250300,yfinance
2026-01-06,MSFT,Technology,471.7,476.62,467.67,476.39,23037700,yfinance
2026-01-07,MSFT,Technology,477.63,487.53,475.83,481.33,25564200,yfinance
2026-01-08,MSFT,Technology,479.11,480.52,473.75,475.99,18162600,yfinance
2026-01-09,MSFT,Technology,471.96,477.69,470.11,477.16,18491000,yfinance
2026-01-12,MSFT,Technology,474.56,478.86,473.57,475.06,23519900,yfinance
2026-01-13,MSFT,Technology,472.58,473.67,463.88,468.58,28545800,yfinance
2026-01-14,MSFT,Technology,464.39,466.12,455.14,457.34,28184300,yfinance
2026-01-15,MSFT,Technology,462.06,462.19,453.88,454.64,23225800,yfinance
2026-01-16,MSFT,Technology,455.8,461.14,454.46,457.82,34246700,yfinance
2026-01-20,MSFT,Technology,449.22,454.77,447.29,452.5,26130000,yfinance
2026-01-21,MSFT,Technology,450.59,450.68,436.74,442.14,37980500,yfinance
2026-01-22,MSFT,Technology,445.64,450.83,442.73,449.14,25349400,yfinance
2026-01-23,MSFT,Technology,449.87,469.01,448.53,463.88,38000200,yfinance
2026-01-26,MSFT,Technology,463.25,472.15,459.95,468.2,29291200,yfinance
2026-01-27,MSFT,Technology,471.6,480.73,471.06,478.45,29213900,yfinance
2026-01-28,MSFT,Technology,481.07,481.6,475.88,479.49,36875400,yfinance
2026-01-29,MSFT,Technology,438.04,440.54,419.15,431.58,128855300,yfinance
2026-01-30,MSFT,Technology,437.22,437.65,424.56,428.38,58566800,yfinance
2026-02-02,MSFT,Technology,428.33,428.83,420.38,421.49,42219900,yfinance
2026-02-03,MSFT,Technology,420.14,420.18,406.75,409.39,61424100,yfinance
2026-02-04,MSFT,Technology,409.18,417.94,407.43,412.35,45012400,yfinance
2026-02-05,MSFT,Technology,405.63,406.49,390.58,391.92,66289200,yfinance
2026-02-06,MSFT,Technology,397.4,400.01,391.18,399.36,53515300,yfinance
2026-02-09,MSFT,Technology,403.06,413.05,399.09,411.77,45480500,yfinance
2026-02-10,MSFT,Technology,417.76,421.8,410.87,411.44,44857900,yfinance
2026-02-11,MSFT,Technology,414.33,414.61,399.23,402.58,42491000,yfinance
2026-02-12,MSFT,Technology,403.2,404.4,396.25,400.06,40802400,yfinance
2026-02-13,MSFT,Technology,402.66,403.74,396.29,399.54,34091600,yfinance
2026-02-17,MSFT,Technology,397.45,398.74,392.78,395.1,32078800,yfinance
2026-02-18,MSFT,Technology,396.36,400.78,394.56,397.83,23223400,yfinance
2026-02-19,MSFT,Technology,399.82,403.56,395.81,397.6,28234000,yfinance
2026-02-20,MSFT,Technology,395.25,399.26,394.31,396.37,34015200,yfinance
2026-02-23,MSFT,Technology,394.15,394.51,382.27,383.64,43238300,yfinance
2026-02-24,MSFT,Technology,383.31,388.52,380.89,388.16,33884700,yfinance
2026-02-25,MSFT,Technology,389.69,400.6,389.32,399.73,43625500,yfinance
2026-02-26,MSFT,Technology,403.84,406.61,397.88,400.85,34405900,yfinance
2026-02-27,MSFT,Technology,390.04,395.96,389.04,391.89,51367200,yfinance
2026-03-02,MSFT,Technology,392.01,400.32,389.79,397.69,35474900,yfinance
2026-03-03,MSFT,Technology,392.29,405.82,391.82,403.06,38199200,yfinance
2026-03-04,MSFT,Technology,400.4,410.14,399.44,404.32,35808000,yfinance
2026-03-05,MSFT,Technology,403.55,410.72,403.53,409.79,39001300,yfinance
2026-03-06,MSFT,Technology,408.32,412.16,407.63,408.08,31123900,yfinance
2026-03-09,MSFT,Technology,404.04,409.32,402.63,408.53,30131900,yfinance
2026-03-10,MSFT,Technology,409.14,409.31,402.06,404.88,31706400,yfinance
2026-03-11,MSFT,Technology,404.69,408.13,400.72,404.0,25512100,yfinance
2026-03-12,MSFT,Technology,403.76,405.24,400.84,400.99,27263900,yfinance
2026-03-13,MSFT,Technology,400.13,403.93,393.4,394.7,26848000,yfinance
2026-03-16,MSFT,Technology,397.21,399.76,393.94,399.09,27733700,yfinance
2026-03-17,MSFT,Technology,399.4,403.53,396.89,398.55,26228300,yfinance
2026-03-18,MSFT,Technology,396.27,397.14,390.15,390.94,25908500,yfinance
2026-03-19,MSFT,Technology,389.26,391.64,386.22,388.18,25138800,yfinance
2026-03-20,MSFT,Technology,385.95,386.16,379.3,381.04,50853200,yfinance
2026-03-23,MSFT,Technology,383.07,386.37,380.86,382.17,29680100,yfinance
2026-03-24,MSFT,Technology,381.53,381.64,371.05,371.93,42733600,yfinance
2026-03-25,MSFT,Technology,376.11,376.25,368.83,370.24,31181200,yfinance
2026-03-26,MSFT,Technology,370.02,373.91,364.4,365.18,36836600,yfinance
2026-03-27,MSFT,Technology,361.12,361.67,355.74,356.0,37883400,yfinance
2026-03-30,MSFT,Technology,361.12,364.57,355.51,358.18,44797000,yfinance
2026-03-31,MSFT,Technology,363.76,372.09,362.29,369.37,45244400,yfinance
2026-04-01,MSFT,Technology,372.68,373.18,367.4,368.57,29417200,yfinance
2026-04-02,MSFT,Technology,366.42,372.83,363.36,372.65,24099100,yfinance
2026-04-06,MSFT,Technology,372.68,372.92,368.7,372.07,16146600,yfinance
2026-04-07,MSFT,Technology,369.54,371.65,365.77,371.49,21443300,yfinance
2026-04-08,MSFT,Technology,384.15,384.17,370.61,373.52,33064800,yfinance
2026-04-09,MSFT,Technology,371.69,372.69,366.26,372.26,30435300,yfinance
2026-04-10,MSFT,Technology,372.17,374.83,369.23,370.07,28111100,yfinance
2026-04-13,MSFT,Technology,372.8,383.71,370.22,383.54,35745800,yfinance
2026-04-14,MSFT,Technology,387.08,393.84,385.68,392.26,37504500,yfinance
2026-04-15,MSFT,Technology,397.14,413.47,395.87,410.33,45063400,yfinance
2026-04-16,MSFT,Technology,418.95,419.91,411.25,419.35,41642400,yfinance
2026-04-17,MSFT,Technology,423.9,430.65,419.78,421.88,48568200,yfinance
2026-04-20,MSFT,Technology,420.24,422.42,415.4,417.17,27582200,yfinance
2026-04-21,MSFT,Technology,419.33,426.26,416.3,423.24,32048500,yfinance
2026-04-22,MSFT,Technology,425.27,432.76,422.75,431.98,29378200,yfinance
2026-04-23,MSFT,Technology,418.98,422.74,410.52,414.85,38308000,yfinance
2026-04-24,MSFT,Technology,416.07,424.03,414.9,423.7,27457400,yfinance
2026-04-27,MSFT,Technology,421.47,426.19,416.17,423.9,30867300,yfinance
2026-04-28,MSFT,Technology,423.65,428.99,420.99,428.32,30438100,yfinance
2026-04-29,MSFT,Technology,423.66,425.9,419.38,423.54,38288300,yfinance
2026-04-30,MSFT,Technology,409.92,413.52,397.15,406.9,70909400,yfinance
2026-05-01,MSFT,Technology,411.91,416.21,409.55,413.54,31372400,yfinance
2026-05-04,MSFT,Technology,410.65,419.87,409.91,412.73,28066500,yfinance
2026-05-05,MSFT,Technology,414.42,415.88,407.92,410.49,25700900,yfinance
2026-05-06,MSFT,Technology,407.12,417.52,404.23,413.07,30285900,yfinance
2026-05-07,MSFT,Technology,419.2,427.06,417.85,419.86,34942400,yfinance
2026-05-08,MSFT,Technology,416.49,417.73,413.11,414.22,33383800,yfinance
2026-05-11,MSFT,Technology,406.99,411.8,404.62,411.77,35657900,yfinance
2026-05-12,MSFT,Technology,413.58,414.6,405.76,406.89,38594200,yfinance
2026-05-13,MSFT,Technology,402.33,405.43,400.16,404.33,29667100,yfinance
2026-05-14,MSFT,Technology,403.61,410.95,400.01,408.55,27077500,yfinance
2026-05-15,MSFT,Technology,413.37,427.24,412.02,421.01,50771200,yfinance
2026-05-18,MSFT,Technology,415.72,424.2,414.71,422.62,32564100,yfinance
2026-05-19,MSFT,Technology,428.97,431.76,415.59,416.52,33018700,yfinance
2026-05-20,MSFT,Technology,413.27,421.19,410.41,420.15,27864000,yfinance
2026-05-21,MSFT,Technology,424.75,426.34,415.71,419.09,31393500,yfinance
2026-05-22,MSFT,Technology,419.54,424.4,416.33,418.57,22390300,yfinance
2026-05-26,MSFT,Technology,416.43,419.77,413.02,416.03,30398000,yfinance
2026-05-27,MSFT,Technology,411.01,415.94,409.58,412.67,28901500,yfinance
2026-05-28,MSFT,Technology,412.98,429.49,412.67,426.99,47250500,yfinance
2026-05-29,MSFT,Technology,432.55,450.33,432.36,450.24,79654400,yfinance
2026-06-01,MSFT,Technology,464.84,466.32,458.27,460.52,53628900,yfinance
2026-06-02,MSFT,Technology,446.88,453.5,440.43,441.31,37036800,yfinance
2026-06-03,MSFT,Technology,438.45,440.39,424.25,427.34,39037000,yfinance
2026-06-04,MSFT,Technology,435.81,436.15,426.41,428.05,26899500,yfinance
2026-06-05,MSFT,Technology,428.34,429.47,414.4,416.67,34782200,yfinance
2023-09-12,NVDA,Technology,44.65,45.59,44.45,44.79,349256000,yfinance
2023-09-13,NVDA,Technology,44.52,45.84,44.42,45.4,398355000,yfinance
2023-09-14,NVDA,Technology,45.86,45.9,45.05,45.5,370097000,yfinance
2023-09-15,NVDA,Technology,45.26,45.51,43.73,43.82,506831000,yfinance
2023-09-18,NVDA,Technology,42.67,44.16,41.92,43.88,500271000,yfinance
2023-09-19,NVDA,Technology,43.75,43.88,42.92,43.44,373064000,yfinance
2023-09-20,NVDA,Technology,43.52,43.82,42.14,42.16,367108000,yfinance
2023-09-21,NVDA,Technology,41.51,42.02,40.9,40.94,450736000,yfinance
2023-09-22,NVDA,Technology,41.49,42.04,41.15,41.53,479236000,yfinance
2023-09-25,NVDA,Technology,41.51,42.46,41.1,42.14,419091000,yfinance
2023-09-26,NVDA,Technology,41.92,42.74,41.58,41.83,402282000,yfinance
2023-09-27,NVDA,Technology,42.25,42.79,41.55,42.39,444935000,yfinance
2023-09-28,NVDA,Technology,42.38,43.37,42.04,43.01,424663000,yfinance
2023-09-29,NVDA,Technology,43.75,44.06,43.23,43.42,397830000,yfinance
2023-10-02,NVDA,Technology,43.95,45.09,43.78,44.7,433298000,yfinance
2023-10-03,NVDA,Technology,44.72,45.05,43.17,43.44,470850000,yfinance
2023-10-04,NVDA,Technology,43.66,44.06,43.21,43.96,361821000,yfinance
2023-10-05,NVDA,Technology,43.97,44.82,43.81,44.6,393483000,yfinance
2023-10-06,NVDA,Technology,44.11,45.7,43.94,45.68,434436000,yfinance
2023-10-09,NVDA,Technology,44.76,45.52,44.29,45.19,409675000,yfinance
2023-10-10,NVDA,Technology,45.23,46.17,45.0,45.71,368582000,yfinance
2023-10-11,NVDA,Technology,46.11,46.77,45.96,46.72,378137000,yfinance
2023-10-12,NVDA,Technology,46.69,47.52,46.24,46.86,481325000,yfinance
2023-10-13,NVDA,Technology,46.87,47.03,45.2,45.38,474115000,yfinance
2023-10-16,NVDA,Technology,44.98,46.14,44.83,46.01,375099000,yfinance
2023-10-17,NVDA,Technology,43.92,44.67,42.4,43.86,812333000,yfinance
2023-10-18,NVDA,Technology,42.51,43.14,41.75,42.12,627294000,yfinance
2023-10-19,NVDA,Technology,42.73,43.22,41.8,42.02,501233000,yfinance
2023-10-20,NVDA,Technology,41.81,42.39,41.0,41.31,477266000,yfinance
2023-10-23,NVDA,Technology,41.15,43.17,40.87,42.89,478530000,yfinance
2023-10-24,NVDA,Technology,43.0,43.62,42.61,43.58,401463000,yfinance
2023-10-25,NVDA,Technology,43.32,43.57,41.48,41.7,398379000,yfinance
2023-10-26,NVDA,Technology,41.78,42.18,39.81,40.25,541001000,yfinance
2023-10-27,NVDA,Technology,41.05,41.13,39.94,40.42,416784000,yfinance
2023-10-30,NVDA,Technology,41.01,41.69,40.41,41.08,388028000,yfinance
2023-10-31,NVDA,Technology,40.37,40.8,39.16,40.7,517969000,yfinance
2023-11-01,NVDA,Technology,40.81,42.3,40.79,42.25,437593000,yfinance
2023-11-02,NVDA,Technology,43.25,43.8,42.81,43.42,409172000,yfinance
2023-11-03,NVDA,Technology,43.94,45.22,43.64,44.92,424610000,yfinance
2023-11-06,NVDA,Technology,45.2,45.85,44.82,45.67,400733000,yfinance
2023-11-07,NVDA,Technology,45.63,46.13,45.07,45.87,343165000,yfinance
2023-11-08,NVDA,Technology,46.01,46.78,45.88,46.49,346719000,yfinance
2023-11-09,NVDA,Technology,47.38,48.14,46.66,46.86,540496000,yfinance
2023-11-10,NVDA,Technology,47.41,48.38,47.19,48.24,421245000,yfinance
2023-11-13,NVDA,Technology,48.23,49.02,48.01,48.53,384136000,yfinance
2023-11-14,NVDA,Technology,49.59,49.74,48.95,49.56,416954000,yfinance
2023-11-15,NVDA,Technology,49.84,49.87,48.11,48.8,475497000,yfinance
2023-11-16,NVDA,Technology,48.59,49.43,48.24,49.39,339756000,yfinance
2023-11-17,NVDA,Technology,49.43,49.62,48.92,49.21,325205000,yfinance
2023-11-20,NVDA,Technology,49.22,50.45,49.09,50.32,414120000,yfinance
2023-11-21,NVDA,Technology,50.03,50.42,49.13,49.85,565747000,yfinance
2023-11-22,NVDA,Technology,49.76,50.24,47.6,48.63,899420000,yfinance
2023-11-24,NVDA,Technology,48.38,48.83,47.66,47.69,294645000,yfinance
2023-11-27,NVDA,Technology,47.71,48.44,47.56,48.15,395662000,yfinance
2023-11-28,NVDA,Technology,48.15,48.23,47.38,47.73,401491000,yfinance
2023-11-29,NVDA,Technology,48.29,48.67,47.77,48.05,382005000,yfinance
2023-11-30,NVDA,Technology,47.93,48.02,46.34,46.68,526247000,yfinance
2023-12-01,NVDA,Technology,46.44,47.11,46.1,46.68,369317000,yfinance
2023-12-04,NVDA,Technology,45.99,45.99,44.93,45.43,437543000,yfinance
2023-12-05,NVDA,Technology,45.39,46.52,45.19,46.48,371718000,yfinance
2023-12-06,NVDA,Technology,47.13,47.3,45.33,45.42,380590000,yfinance
2023-12-07,NVDA,Technology,45.62,46.55,45.52,46.51,350823000,yfinance
2023-12-08,NVDA,Technology,46.51,47.66,46.47,47.42,359224000,yfinance
2023-12-11,NVDA,Technology,47.41,47.45,45.75,46.54,509728000,yfinance
2023-12-12,NVDA,Technology,45.96,47.58,45.96,47.57,372387000,yfinance
2023-12-13,NVDA,Technology,47.54,48.51,47.52,48.0,447792000,yfinance
2023-12-14,NVDA,Technology,48.3,48.58,47.34,48.26,391232000,yfinance
2023-12-15,NVDA,Technology,48.11,49.32,48.03,48.8,479948000,yfinance
2023-12-18,NVDA,Technology,49.31,50.34,49.06,49.99,412587000,yfinance
2023-12-19,NVDA,Technology,49.34,49.61,48.81,49.52,464444000,yfinance
2023-12-20,NVDA,Technology,49.57,49.91,48.01,48.03,397894000,yfinance
2023-12-21,NVDA,Technology,48.72,49.01,48.33,48.9,300425000,yfinance
2023-12-22,NVDA,Technology,49.11,49.3,48.38,48.74,252507000,yfinance
2023-12-26,NVDA,Technology,48.88,49.51,48.87,49.19,244200000,yfinance
2023-12-27,NVDA,Technology,49.42,49.59,49.0,49.33,233648000,yfinance
2023-12-28,NVDA,Technology,49.55,49.8,49.32,49.43,246587000,yfinance
2023-12-29,NVDA,Technology,49.72,49.91,48.66,49.43,389293000,yfinance
2024-01-02,NVDA,Technology,49.16,49.21,47.51,48.08,411254000,yfinance
2024-01-03,NVDA,Technology,47.4,48.1,47.24,47.48,320896000,yfinance
2024-01-04,NVDA,Technology,47.68,48.41,47.42,47.91,306535000,yfinance
2024-01-05,NVDA,Technology,48.38,49.46,48.22,49.01,415039000,yfinance
2024-01-08,NVDA,Technology,49.42,52.18,49.39,52.16,642510000,yfinance
2024-01-09,NVDA,Technology,52.31,54.23,51.6,53.05,773100000,yfinance
2024-01-10,NVDA,Technology,53.52,54.5,53.39,54.25,533796000,yfinance
2024-01-11,NVDA,Technology,54.9,55.25,53.46,54.72,596759000,yfinance
2024-01-12,NVDA,Technology,54.52,54.87,54.23,54.61,352994000,yfinance
2024-01-16,NVDA,Technology,54.92,56.73,54.8,56.28,449580000,yfinance
2024-01-17,NVDA,Technology,56.25,56.37,54.64,55.95,474394000,yfinance
2024-01-18,NVDA,Technology,57.16,57.5,56.01,57.01,491650000,yfinance
2024-01-19,NVDA,Technology,57.89,59.39,57.12,59.39,543501000,yfinance
2024-01-22,NVDA,Technology,59.94,60.22,58.97,59.55,452955000,yfinance
2024-01-23,NVDA,Technology,59.46,59.8,58.48,59.77,294654000,yfinance
2024-01-24,NVDA,Technology,60.2,62.74,59.83,61.25,560271000,yfinance
2024-01-25,NVDA,Technology,62.24,62.61,60.74,61.51,482777000,yfinance
2024-01-26,NVDA,Technology,60.85,61.67,60.47,60.92,390309000,yfinance
2024-01-29,NVDA,Technology,61.12,62.38,60.8,62.35,348733000,yfinance
2024-01-30,NVDA,Technology,62.79,63.38,62.15,62.66,410735000,yfinance
2024-01-31,NVDA,Technology,61.33,62.16,60.59,61.42,453795000,yfinance
2024-02-01,NVDA,Technology,61.99,63.08,61.54,62.92,369146000,yfinance
2024-02-02,NVDA,Technology,63.86,66.48,63.58,66.04,476578000,yfinance
2024-02-05,NVDA,Technology,68.1,69.37,67.09,69.21,680078000,yfinance
2024-02-06,NVDA,Technology,69.51,69.63,66.18,68.1,683111000,yfinance
2024-02-07,NVDA,Technology,68.2,70.1,67.48,69.97,495575000,yfinance
2024-02-08,NVDA,Technology,69.95,70.67,69.33,69.52,414422000,yfinance
2024-02-09,NVDA,Technology,70.41,72.06,70.09,72.01,436637000,yfinance
2024-02-12,NVDA,Technology,72.47,74.48,71.12,72.12,613710000,yfinance
2024-02-13,NVDA,Technology,70.28,73.32,69.5,72.0,602580000,yfinance
2024-02-14,NVDA,Technology,73.07,74.1,71.81,73.77,504917000,yfinance
2024-02-15,NVDA,Technology,73.74,73.84,72.27,72.53,420122000,yfinance
2024-02-16,NVDA,Technology,73.97,74.27,72.37,72.48,495327000,yfinance
2024-02-20,NVDA,Technology,71.82,71.83,67.61,69.33,704833000,yfinance
2024-02-21,NVDA,Technology,67.89,68.77,66.13,67.35,673755000,yfinance
2024-02-22,NVDA,Technology,74.89,78.44,74.09,78.4,865100000,yfinance
2024-02-23,NVDA,Technology,80.65,82.25,77.43,78.68,829388000,yfinance
2024-02-26,NVDA,Technology,79.56,80.5,78.37,78.95,503973000,yfinance
2024-02-27,NVDA,Technology,79.24,79.34,77.03,78.56,391705000,yfinance
2024-02-28,NVDA,Technology,77.48,78.79,76.99,77.53,393110000,yfinance
2024-02-29,NVDA,Technology,78.95,79.85,78.21,78.97,507289000,yfinance
2024-03-01,NVDA,Technology,79.86,82.15,79.29,82.13,479135000,yfinance
2024-03-04,NVDA,Technology,83.98,87.54,83.57,85.09,615616000,yfinance
2024-03-05,NVDA,Technology,85.12,85.95,83.27,85.82,520639000,yfinance
2024-03-06,NVDA,Technology,87.87,89.57,86.88,88.55,582520000,yfinance
2024-03-07,NVDA,Technology,90.0,92.61,89.45,92.51,608119000,yfinance
2024-03-08,NVDA,Technology,94.97,97.23,86.36,87.38,1142269000,yfinance
2024-03-11,NVDA,Technology,86.28,88.64,84.02,85.63,678364000,yfinance
2024-03-12,NVDA,Technology,87.9,91.8,86.0,91.75,668075000,yfinance
2024-03-13,NVDA,Technology,90.9,91.35,88.28,90.73,635713000,yfinance
2024-03-14,NVDA,Technology,89.42,90.49,86.45,87.79,602318000,yfinance
2024-03-15,NVDA,Technology,86.78,89.39,86.11,87.69,642086000,yfinance
2024-03-18,NVDA,Technology,90.23,92.25,86.93,88.3,668976000,yfinance
2024-03-19,NVDA,Technology,86.55,90.39,84.86,89.24,672171000,yfinance
2024-03-20,NVDA,Technology,89.64,90.25,88.07,90.22,479063000,yfinance
2024-03-21,NVDA,Technology,92.14,92.49,90.25,91.28,480372000,yfinance
2024-03-22,NVDA,Technology,90.98,94.61,90.68,94.13,586719000,yfinance
2024-03-25,NVDA,Technology,93.78,96.6,93.35,94.84,552136000,yfinance
2024-03-26,NVDA,Technology,95.69,96.21,92.34,92.4,513648000,yfinance
2024-03-27,NVDA,Technology,92.95,93.08,88.97,90.09,586067000,yfinance
2024-03-28,NVDA,Technology,89.84,91.14,89.04,90.2,435212000,yfinance
2024-04-01,NVDA,Technology,90.14,92.07,89.05,90.21,452441000,yfinance
2024-04-02,NVDA,Technology,88.3,89.94,87.47,89.3,433064000,yfinance
2024-04-03,NVDA,Technology,88.33,90.22,88.25,88.81,370067000,yfinance
2024-04-04,NVDA,Technology,90.25,90.48,85.73,85.76,434965000,yfinance
2024-04-05,NVDA,Technology,86.72,88.33,85.78,87.86,399678000,yfinance
2024-04-08,NVDA,Technology,88.55,88.68,86.58,86.98,283220000,yfinance
2024-04-09,NVDA,Technology,87.29,87.48,82.88,85.21,501700000,yfinance
2024-04-10,NVDA,Technology,83.78,87.25,83.56,86.89,431929000,yfinance
2024-04-11,NVDA,Technology,87.27,90.58,86.78,90.46,431637000,yfinance
2024-04-12,NVDA,Technology,89.54,90.02,87.38,88.03,426805000,yfinance
2024-04-15,NVDA,Technology,88.94,90.46,85.78,85.85,443077000,yfinance
2024-04-16,NVDA,Technology,86.28,87.97,85.92,87.26,370453000,yfinance
2024-04-17,NVDA,Technology,88.19,88.62,83.8,83.89,495400000,yfinance
2024-04-18,NVDA,Technology,84.82,86.04,82.26,84.52,447260000,yfinance
2024-04-19,NVDA,Technology,83.01,84.18,75.48,76.07,875198000,yfinance
2024-04-22,NVDA,Technology,77.97,79.93,76.27,79.38,596341000,yfinance
2024-04-23,NVDA,Technology,80.63,82.63,80.13,82.28,438559000,yfinance
2024-04-24,NVDA,Technology,83.8,83.94,79.05,79.54,512208000,yfinance
2024-04-25,NVDA,Technology,78.73,83.18,78.09,82.49,424641000,yfinance
2024-04-26,NVDA,Technology,83.67,88.18,83.24,87.58,551011000,yfinance
2024-04-29,NVDA,Technology,87.44,87.84,85.12,87.61,388971000,yfinance
2024-04-30,NVDA,Technology,87.09,88.67,86.15,86.25,363709000,yfinance
2024-05-01,NVDA,Technology,84.93,85.85,81.11,82.9,559863000,yfinance
2024-05-02,NVDA,Technology,84.3,86.09,83.06,85.67,377898000,yfinance
2024-05-03,NVDA,Technology,87.64,89.13,86.89,88.64,398341000,yfinance
2024-05-06,NVDA,Technology,89.24,92.06,88.9,91.98,376203000,yfinance
2024-05-07,NVDA,Technology,90.94,91.62,88.86,90.4,437342000,yfinance
2024-05-08,NVDA,Technology,89.33,91.04,89.27,90.26,325721000,yfinance
2024-05-09,NVDA,Technology,90.37,90.91,88.08,88.59,378013000,yfinance
2024-05-10,NVDA,Technology,90.15,91.24,89.07,89.72,335325000,yfinance
2024-05-13,NVDA,Technology,90.32,90.84,88.38,90.24,289680000,yfinance
2024-05-14,NVDA,Technology,89.44,91.49,88.78,91.2,296507000,yfinance
2024-05-15,NVDA,Technology,92.31,94.7,91.44,94.47,417735000,yfinance
2024-05-16,NVDA,Technology,94.75,95.65,93.94,94.2,323952000,yfinance
2024-05-17,NVDA,Technology,94.21,94.58,91.65,92.32,359691000,yfinance
2024-05-20,NVDA,Technology,93.59,95.04,93.28,94.62,318764000,yfinance
2024-05-21,NVDA,Technology,93.44,95.24,93.02,95.22,328946000,yfinance
2024-05-22,NVDA,Technology,95.29,95.85,93.09,94.79,548648000,yfinance
2024-05-23,NVDA,Technology,101.85,106.14,101.34,103.62,835065000,yfinance
2024-05-24,NVDA,Technology,104.27,106.29,102.82,106.29,429494000,yfinance
2024-05-28,NVDA,Technology,110.05,114.74,109.69,113.7,652728000,yfinance
2024-05-29,NVDA,Technology,112.85,115.29,110.71,114.63,557442000,yfinance
2024-05-30,NVDA,Technology,114.45,115.62,109.47,110.31,484553000,yfinance
2024-05-31,NVDA,Technology,112.33,112.52,106.76,109.44,613263000,yfinance
2024-06-03,NVDA,Technology,113.42,114.8,111.81,114.8,438392000,yfinance
2024-06-04,NVDA,Technology,115.52,116.4,113.85,116.24,403324000,yfinance
2024-06-05,NVDA,Technology,118.17,122.24,117.27,122.23,528402000,yfinance
2024-06-06,NVDA,Technology,123.83,125.37,118.12,120.79,664696000,yfinance
2024-06-07,NVDA,Technology,119.56,121.48,117.82,120.68,412386000,yfinance
2024-06-10,NVDA,Technology,120.16,122.89,116.81,121.58,313434100,yfinance
2024-06-11,NVDA,Technology,121.57,122.67,118.54,120.71,222551200,yfinance
2024-06-12,NVDA,Technology,122.86,126.67,122.37,124.99,299595000,yfinance
2024-06-13,NVDA,Technology,129.18,129.59,126.95,129.4,260704500,yfinance
2024-06-14,NVDA,Technology,129.75,132.62,128.11,131.66,309320400,yfinance
2024-06-17,NVDA,Technology,132.77,133.51,129.37,130.76,288504400,yfinance
2024-06-18,NVDA,Technology,130.92,136.11,130.47,135.36,294335100,yfinance
2024-06-20,NVDA,Technology,139.57,140.53,129.31,130.56,517768400,yfinance
2024-06-21,NVDA,Technology,126.91,130.42,124.1,126.36,649445800,yfinance
2024-06-24,NVDA,Technology,123.04,124.26,117.85,117.92,476060900,yfinance
2024-06-25,NVDA,Technology,121.0,126.29,119.12,125.88,414192600,yfinance
2024-06-26,NVDA,Technology,125.92,127.91,122.4,126.19,362975900,yfinance
2024-06-27,NVDA,Technology,123.9,126.2,122.72,123.79,252571700,yfinance
2024-06-28,NVDA,Technology,124.38,127.5,122.55,123.34,315516700,yfinance
2024-07-01,NVDA,Technology,123.27,124.63,118.63,124.1,284885500,yfinance
2024-07-02,NVDA,Technology,120.93,123.21,120.83,122.47,218374000,yfinance
2024-07-03,NVDA,Technology,121.46,128.07,121.16,128.07,215749000,yfinance
2024-07-05,NVDA,Technology,127.17,128.64,125.47,125.62,214176700,yfinance
2024-07-08,NVDA,Technology,127.28,130.55,126.83,127.99,237677300,yfinance
2024-07-09,NVDA,Technology,130.14,133.6,128.44,131.16,285366600,yfinance
2024-07-10,NVDA,Technology,133.81,134.88,132.2,134.69,248978600,yfinance
2024-07-11,NVDA,Technology,135.53,135.93,126.84,127.19,374782700,yfinance
2024-07-12,NVDA,Technology,128.05,131.7,127.01,129.03,252680500,yfinance
2024-07-15,NVDA,Technology,130.35,131.17,126.97,128.23,208326200,yfinance
2024-07-16,NVDA,Technology,128.23,128.83,124.38,126.15,214769500,yfinance
2024-07-17,NVDA,Technology,121.15,121.65,116.53,117.8,390086200,yfinance
2024-07-18,NVDA,Technology,121.65,122.2,116.37,120.89,320979500,yfinance
2024-07-19,NVDA,Technology,120.15,121.4,117.18,117.74,217223800,yfinance
2024-07-22,NVDA,Technology,120.15,123.87,119.66,123.34,258068900,yfinance
2024-07-23,NVDA,Technology,122.58,124.48,121.9,122.39,173911000,yfinance
2024-07-24,NVDA,Technology,118.97,119.75,113.25,114.06,327776900,yfinance
2024-07-25,NVDA,Technology,112.85,116.44,106.13,112.1,460067000,yfinance
2024-07-26,NVDA,Technology,116.0,116.01,111.4,112.87,293399100,yfinance
2024-07-29,NVDA,Technology,113.5,116.09,111.12,111.41,248152100,yfinance
2024-07-30,NVDA,Technology,111.34,111.81,102.37,103.56,486833300,yfinance
2024-07-31,NVDA,Technology,112.71,118.15,110.7,116.83,473174200,yfinance
2024-08-01,NVDA,Technology,117.34,119.96,106.63,109.03,523462300,yfinance
2024-08-02,NVDA,Technology,103.59,108.54,101.2,107.09,482027500,yfinance
2024-08-05,NVDA,Technology,91.91,103.24,90.54,100.28,552842400,yfinance
2024-08-06,NVDA,Technology,103.67,107.53,100.38,104.08,409012100,yfinance
2024-08-07,NVDA,Technology,107.63,108.62,98.53,98.75,411440400,yfinance
2024-08-08,NVDA,Technology,101.83,105.33,97.36,104.8,391910000,yfinance
2024-08-09,NVDA,Technology,105.47,106.42,103.26,104.58,290844200,yfinance
2024-08-12,NVDA,Technology,106.15,110.89,106.09,108.84,325559900,yfinance
2024-08-13,NVDA,Technology,112.25,116.04,111.4,115.95,312646700,yfinance
2024-08-14,NVDA,Technology,118.33,118.4,113.88,117.89,339246400,yfinance
2024-08-15,NVDA,Technology,118.56,123.04,117.28,122.66,318086700,yfinance
2024-08-16,NVDA,Technology,121.74,124.79,120.98,124.37,302589900,yfinance
2024-08-19,NVDA,Technology,124.08,129.79,123.22,129.79,318333600,yfinance
2024-08-20,NVDA,Technology,128.19,129.67,125.68,127.04,300087400,yfinance
2024-08-21,NVDA,Technology,127.11,129.14,126.45,128.29,257883600,yfinance
2024-08-22,NVDA,Technology,129.81,130.53,122.9,123.54,376189100,yfinance
2024-08-23,NVDA,Technology,125.65,129.39,125.01,129.16,323230300,yfinance
2024-08-26,NVDA,Technology,129.36,131.04,124.17,126.25,331964700,yfinance
2024-08-27,NVDA,Technology,124.84,128.99,123.68,128.09,303134600,yfinance
2024-08-28,NVDA,Technology,127.91,128.12,122.44,125.4,448101100,yfinance
2024-08-29,NVDA,Technology,121.16,124.23,116.52,117.4,453023300,yfinance
2024-08-30,NVDA,Technology,119.33,121.55,117.03,119.17,333751600,yfinance
2024-09-03,NVDA,Technology,115.82,116.02,107.11,107.82,477155100,yfinance
2024-09-04,NVDA,Technology,105.24,113.08,103.95,106.04,372470300,yfinance
2024-09-05,NVDA,Technology,104.82,109.47,104.59,107.03,306850700,yfinance
2024-09-06,NVDA,Technology,107.86,107.97,100.78,102.66,413638100,yfinance
2024-09-09,NVDA,Technology,104.71,106.37,103.52,106.29,273912000,yfinance
2024-09-10,NVDA,Technology,107.63,109.22,104.78,107.92,268283700,yfinance
2024-09-11,NVDA,Technology,109.21,117.0,107.24,116.72,441422400,yfinance
2024-09-12,NVDA,Technology,116.66,120.6,115.2,118.95,366052700,yfinance
2024-09-13,NVDA,Technology,118.89,119.77,117.42,118.91,238358300,yfinance
2024-09-16,NVDA,Technology,116.61,118.0,114.18,116.6,248772300,yfinance
2024-09-17,NVDA,Technology,117.99,118.61,114.65,115.41,231925900,yfinance
2024-09-18,NVDA,Technology,115.71,117.52,113.04,113.19,310318900,yfinance
2024-09-19,NVDA,Technology,117.17,119.47,117.07,117.69,293506400,yfinance
2024-09-20,NVDA,Technology,116.88,118.43,115.21,115.82,382462400,yfinance
2024-09-23,NVDA,Technology,116.37,116.81,114.68,116.08,206228500,yfinance
2024-09-24,NVDA,Technology,116.34,121.61,115.2,120.68,354966800,yfinance
2024-09-25,NVDA,Technology,121.83,124.75,121.42,123.32,284692900,yfinance
2024-09-26,NVDA,Technology,126.6,127.47,121.61,123.85,302582900,yfinance
2024-09-27,NVDA,Technology,123.78,123.84,119.07,121.21,271009200,yfinance
2024-09-30,NVDA,Technology,118.13,121.31,117.97,121.25,226553700,yfinance
2024-10-01,NVDA,Technology,121.58,122.25,115.61,116.82,302094500,yfinance
2024-10-02,NVDA,Technology,116.26,119.19,114.96,118.66,221845900,yfinance
2024-10-03,NVDA,Technology,120.73,124.17,120.15,122.66,277118000,yfinance
2024-10-04,NVDA,Technology,124.75,124.84,121.64,124.73,243678100,yfinance
2024-10-07,NVDA,Technology,124.8,130.44,124.76,127.52,346250200,yfinance
2024-10-08,NVDA,Technology,130.06,133.27,129.22,132.68,285722500,yfinance
2024-10-09,NVDA,Technology,133.9,134.31,131.18,132.44,246191600,yfinance
2024-10-10,NVDA,Technology,131.7,134.79,130.8,134.6,242311300,yfinance
2024-10-11,NVDA,Technology,133.8,135.57,133.45,134.59,170209500,yfinance
2024-10-14,NVDA,Technology,136.26,139.38,136.09,137.85,232347700,yfinance
2024-10-15,NVDA,Technology,137.65,138.35,128.54,131.39,377831000,yfinance
2024-10-16,NVDA,Technology,133.77,136.41,131.37,135.51,264879700,yfinance
2024-10-17,NVDA,Technology,139.12,140.67,136.66,136.72,306435900,yfinance
2024-10-18,NVDA,Technology,138.45,138.68,137.07,137.78,176090200,yfinance
2024-10-21,NVDA,Technology,137.91,143.49,137.78,143.49,264554500,yfinance
2024-10-22,NVDA,Technology,142.69,144.19,141.56,143.37,226311600,yfinance
2024-10-23,NVDA,Technology,141.81,142.21,137.25,139.34,285930000,yfinance
2024-10-24,NVDA,Technology,140.6,141.13,138.24,140.19,172354900,yfinance
2024-10-25,NVDA,Technology,140.71,143.91,140.58,141.32,205122100,yfinance
2024-10-28,NVDA,Technology,142.78,142.92,139.83,140.3,173586700,yfinance
2024-10-29,NVDA,Technology,140.07,142.04,138.68,141.03,157593600,yfinance
2024-10-30,NVDA,Technology,139.32,140.11,136.6,139.12,179418100,yfinance
2024-10-31,NVDA,Technology,137.39,137.4,131.9,132.55,270039600,yfinance
2024-11-01,NVDA,Technology,134.49,137.1,134.36,135.19,207127800,yfinance
2024-11-04,NVDA,Technology,137.0,138.74,135.36,135.84,187528200,yfinance
2024-11-05,NVDA,Technology,137.24,140.15,137.12,139.69,160537400,yfinance
2024-11-06,NVDA,Technology,142.74,146.26,141.74,145.38,242043900,yfinance
2024-11-07,NVDA,Technology,146.16,148.7,145.94,148.65,207323300,yfinance
2024-11-08,NVDA,Technology,148.54,149.54,146.03,147.4,175665800,yfinance
2024-11-11,NVDA,Technology,148.45,148.62,143.35,145.03,182325600,yfinance
2024-11-12,NVDA,Technology,146.55,149.42,145.78,148.06,198634700,yfinance
2024-11-13,NVDA,Technology,148.84,149.1,145.67,146.04,191903300,yfinance
2024-11-14,NVDA,Technology,147.41,148.77,145.32,146.53,194463300,yfinance
2024-11-15,NVDA,Technology,144.64,145.01,139.86,141.76,250132900,yfinance
2024-11-18,NVDA,Technology,139.28,141.33,136.94,139.93,221205300,yfinance
2024-11-19,NVDA,Technology,141.1,146.9,140.77,146.78,227834900,yfinance
2024-11-20,NVDA,Technology,147.18,147.33,142.51,145.66,309871700,yfinance
2024-11-21,NVDA,Technology,149.12,152.65,140.48,146.44,400946600,yfinance
2024-11-22,NVDA,Technology,145.7,146.93,140.88,141.73,236406200,yfinance
2024-11-25,NVDA,Technology,141.77,141.83,135.61,135.81,344941900,yfinance
2024-11-26,NVDA,Technology,137.49,139.08,135.46,136.71,190287700,yfinance
2024-11-27,NVDA,Technology,134.8,137.01,131.59,135.13,226370900,yfinance
2024-11-29,NVDA,Technology,136.57,139.13,135.84,138.03,141863200,yfinance
2024-12-02,NVDA,Technology,138.61,140.23,137.6,138.41,171682800,yfinance
2024-12-03,NVDA,Technology,138.04,140.32,137.73,140.04,164414000,yfinance
2024-12-04,NVDA,Technology,141.78,145.56,140.07,144.91,231224300,yfinance
2024-12-05,NVDA,Technology,144.89,146.32,143.74,144.84,172621200,yfinance
2024-12-06,NVDA,Technology,144.38,145.48,141.1,142.23,188505600,yfinance
2024-12-09,NVDA,Technology,138.76,139.74,136.93,138.6,189308600,yfinance
2024-12-10,NVDA,Technology,138.8,141.61,133.59,134.87,210020900,yfinance
2024-12-11,NVDA,Technology,137.16,139.96,135.01,139.1,184905200,yfinance
2024-12-12,NVDA,Technology,136.88,138.23,135.6,137.14,159211400,yfinance
2024-12-13,NVDA,Technology,138.73,139.39,132.34,134.05,231514900,yfinance
2024-12-16,NVDA,Technology,133.98,134.2,130.23,131.8,237951100,yfinance
2024-12-17,NVDA,Technology,128.9,131.39,126.67,130.2,259410300,yfinance
2024-12-18,NVDA,Technology,133.66,136.5,128.09,128.72,277444500,yfinance
2024-12-19,NVDA,Technology,131.56,133.83,129.36,130.49,209719200,yfinance
2024-12-20,NVDA,Technology,129.62,135.08,128.03,134.5,306528600,yfinance
2024-12-23,NVDA,Technology,136.08,139.58,134.92,139.46,176053500,yfinance
2024-12-24,NVDA,Technology,139.79,141.69,138.44,140.01,105157000,yfinance
2024-12-26,NVDA,Technology,139.49,140.64,137.52,139.72,116205600,yfinance
2024-12-27,NVDA,Technology,138.34,138.81,134.51,136.81,170582600,yfinance
2024-12-30,NVDA,Technology,134.63,140.06,133.82,137.28,167734700,yfinance
2024-12-31,NVDA,Technology,137.82,137.86,133.63,134.09,155659200,yfinance
2025-01-02,NVDA,Technology,135.8,138.67,134.43,138.1,198247200,yfinance
2025-01-03,NVDA,Technology,139.8,144.68,139.52,144.25,229322500,yfinance
2025-01-06,NVDA,Technology,148.37,151.93,147.6,149.21,265377400,yfinance
2025-01-07,NVDA,Technology,152.8,152.9,139.8,139.93,351782200,yfinance
2025-01-08,NVDA,Technology,142.37,143.74,137.35,139.9,227349900,yfinance
2025-01-10,NVDA,Technology,137.25,139.71,134.02,135.71,207602500,yfinance
2025-01-13,NVDA,Technology,129.8,133.29,129.32,133.03,204808900,yfinance
2025-01-14,NVDA,Technology,135.85,136.18,129.86,131.56,195590500,yfinance
2025-01-15,NVDA,Technology,133.45,136.25,131.09,136.04,185217300,yfinance
2025-01-16,NVDA,Technology,138.43,138.54,133.29,133.37,209235600,yfinance
2025-01-17,NVDA,Technology,136.49,138.29,135.26,137.5,201188800,yfinance
2025-01-21,NVDA,Technology,138.95,141.62,136.89,140.62,197749000,yfinance
2025-01-22,NVDA,Technology,144.44,147.57,143.46,146.85,237651400,yfinance
2025-01-23,NVDA,Technology,144.83,147.01,143.51,147.0,155915500,yfinance
2025-01-24,NVDA,Technology,148.15,148.75,141.67,142.41,234657600,yfinance
2025-01-27,NVDA,Technology,124.61,128.21,116.53,118.24,818830900,yfinance
2025-01-28,NVDA,Technology,121.63,128.81,116.08,128.8,579666400,yfinance
2025-01-29,NVDA,Technology,126.31,126.7,119.87,123.52,467120600,yfinance
2025-01-30,NVDA,Technology,122.92,124.81,117.92,124.46,392925500,yfinance
2025-01-31,NVDA,Technology,123.6,127.66,119.01,119.89,388161100,yfinance
2025-02-03,NVDA,Technology,114.58,118.39,112.84,116.49,371235700,yfinance
2025-02-04,NVDA,Technology,116.79,121.02,116.53,118.47,256550000,yfinance
2025-02-05,NVDA,Technology,121.58,124.81,120.58,124.64,262230800,yfinance
2025-02-06,NVDA,Technology,127.23,128.58,125.02,128.49,251483600,yfinance
2025-02-07,NVDA,Technology,129.03,130.18,124.81,129.65,228186300,yfinance
2025-02-10,NVDA,Technology,129.9,134.8,129.77,133.37,216989100,yfinance
2025-02-11,NVDA,Technology,132.38,134.28,130.82,132.6,178902400,yfinance
2025-02-12,NVDA,Technology,129.83,132.04,128.89,130.94,160278600,yfinance
2025-02-13,NVDA,Technology,131.36,136.3,130.97,135.09,197430000,yfinance
2025-02-14,NVDA,Technology,136.28,139.04,135.3,138.64,195479600,yfinance
2025-02-18,NVDA,Technology,141.06,143.23,137.72,139.19,219176600,yfinance
2025-02-19,NVDA,Technology,139.3,141.15,137.02,139.02,167536000,yfinance
2025-02-20,NVDA,Technology,139.82,140.45,136.59,139.9,143903600,yfinance
2025-02-21,NVDA,Technology,139.83,141.25,133.83,134.23,228217600,yfinance
2025-02-24,NVDA,Technology,136.36,138.38,129.89,130.09,251381100,yfinance
2025-02-25,NVDA,Technology,129.79,130.01,124.25,126.44,271428700,yfinance
2025-02-26,NVDA,Technology,129.8,133.53,128.3,131.08,322553800,yfinance
2025-02-27,NVDA,Technology,134.8,134.81,119.83,119.97,443175800,yfinance
2025-02-28,NVDA,Technology,117.84,124.9,116.23,124.73,389091100,yfinance
2025-03-03,NVDA,Technology,123.33,123.52,112.11,113.89,411381400,yfinance
2025-03-04,NVDA,Technology,110.48,119.13,109.95,115.82,398163300,yfinance
2025-03-05,NVDA,Technology,117.4,118.1,114.34,117.13,284337900,yfinance
2025-03-06,NVDA,Technology,113.36,115.18,110.06,110.41,321181900,yfinance
2025-03-07,NVDA,Technology,111.08,113.31,107.4,112.52,341755500,yfinance
2025-03-10,NVDA,Technology,109.74,111.68,105.3,106.82,366487400,yfinance
2025-03-11,NVDA,Technology,106.83,112.07,104.61,108.6,354865700,yfinance
2025-03-12,NVDA,Technology,113.96,116.6,112.72,115.58,323857500,yfinance
2025-03-13,NVDA,Technology,116.87,117.6,113.63,115.42,299033100,yfinance
2025-03-14,NVDA,Technology,118.44,121.71,117.98,121.5,277593500,yfinance
2025-03-17,NVDA,Technology,122.57,122.72,117.86,119.36,255501500,yfinance
2025-03-18,NVDA,Technology,117.83,118.85,114.38,115.27,299686900,yfinance
2025-03-19,NVDA,Technology,117.11,120.28,115.52,117.36,273426200,yfinance
2025-03-20,NVDA,Technology,116.39,120.03,116.31,118.36,248829700,yfinance
2025-03-21,NVDA,Technology,116.78,117.82,115.26,117.54,266498500,yfinance
2025-03-24,NVDA,Technology,119.71,122.05,119.17,121.24,228452500,yfinance
2025-03-25,NVDA,Technology,120.38,121.12,118.75,120.52,167447200,yfinance
2025-03-26,NVDA,Technology,118.56,118.67,112.55,113.6,293463300,yfinance
2025-03-27,NVDA,Technology,111.19,114.29,110.51,111.27,236902100,yfinance
2025-03-28,NVDA,Technology,111.33,112.71,108.92,109.52,229872500,yfinance
2025-03-31,NVDA,Technology,104.98,110.8,103.5,108.23,299212700,yfinance
2025-04-01,NVDA,Technology,108.37,110.05,106.32,110.0,222614000,yfinance
2025-04-02,NVDA,Technology,107.14,111.82,106.64,110.27,220601200,yfinance
2025-04-03,NVDA,Technology,103.37,105.48,101.46,101.66,338769400,yfinance
2025-04-04,NVDA,Technology,98.77,99.99,91.98,94.18,532273800,yfinance
2025-04-07,NVDA,Technology,87.34,101.61,86.5,97.5,611041300,yfinance
2025-04-08,NVDA,Technology,103.66,105.7,94.33,96.17,476243400,yfinance
2025-04-09,NVDA,Technology,98.75,114.94,97.39,114.17,612918300,yfinance
2025-04-10,NVDA,Technology,109.22,110.7,99.01,107.42,437812400,yfinance
2025-04-11,NVDA,Technology,108.35,111.39,107.33,110.77,313417300,yfinance
2025-04-14,NVDA,Technology,113.95,114.13,108.92,110.56,264705000,yfinance
2025-04-15,NVDA,Technology,110.81,113.46,110.35,112.04,228966900,yfinance
2025-04-16,NVDA,Technology,104.4,106.64,100.31,104.34,397016900,yfinance
2025-04-17,NVDA,Technology,104.3,104.32,99.91,101.35,292517500,yfinance
2025-04-21,NVDA,Technology,98.63,99.3,94.91,96.77,288501100,yfinance
2025-04-22,NVDA,Technology,98.64,99.67,97.14,98.75,241004800,yfinance
2025-04-23,NVDA,Technology,104.37,104.65,101.88,102.57,247526000,yfinance
2025-04-24,NVDA,Technology,103.34,106.39,102.97,106.28,220815000,yfinance
2025-04-25,NVDA,Technology,106.7,111.76,105.58,110.85,251064700,yfinance
2025-04-28,NVDA,Technology,109.54,110.22,105.87,108.58,207708500,yfinance
2025-04-29,NVDA,Technology,107.52,110.05,107.29,108.87,170444300,yfinance
2025-04-30,NVDA,Technology,104.32,108.77,103.93,108.77,235044600,yfinance
2025-05-01,NVDA,Technology,112.92,114.78,111.14,111.45,236121500,yfinance
2025-05-02,NVDA,Technology,114.02,115.24,113.21,114.34,190194800,yfinance
2025-05-05,NVDA,Technology,112.75,114.51,112.5,113.66,133163200,yfinance
2025-05-06,NVDA,Technology,111.32,114.58,110.66,113.38,158525600,yfinance
2025-05-07,NVDA,Technology,112.89,117.52,112.12,116.9,206758800,yfinance
2025-05-08,NVDA,Technology,118.08,118.51,115.69,117.21,198428100,yfinance
2025-05-09,NVDA,Technology,117.19,118.06,115.05,116.49,132972200,yfinance
2025-05-12,NVDA,Technology,121.8,122.83,120.11,122.83,225023300,yfinance
2025-05-13,NVDA,Technology,124.81,131.04,124.3,129.75,330430100,yfinance
2025-05-14,NVDA,Technology,133.01,135.25,131.5,135.15,281180800,yfinance
2025-05-15,NVDA,Technology,134.1,136.11,132.47,134.64,226632600,yfinance
2025-05-16,NVDA,Technology,136.03,136.16,133.27,135.21,226542500,yfinance
2025-05-19,NVDA,Technology,132.2,135.68,132.2,135.38,193154600,yfinance
2025-05-20,NVDA,Technology,134.1,134.39,132.43,134.19,161514200,yfinance
2025-05-21,NVDA,Technology,132.87,137.21,130.41,131.62,270608700,yfinance
2025-05-22,NVDA,Technology,132.04,134.06,131.37,132.64,187344000,yfinance
2025-05-23,NVDA,Technology,129.82,132.49,128.98,131.11,198821300,yfinance
2025-05-27,NVDA,Technology,133.96,135.47,133.12,135.31,192953600,yfinance
2025-05-28,NVDA,Technology,135.84,137.06,134.6,134.62,304021100,yfinance
2025-05-29,NVDA,Technology,142.05,143.29,137.72,139.0,369241900,yfinance
2025-05-30,NVDA,Technology,138.53,139.42,132.73,134.94,333170900,yfinance
2025-06-02,NVDA,Technology,135.3,137.93,135.21,137.19,197663100,yfinance
2025-06-03,NVDA,Technology,138.59,141.8,137.76,141.02,225578800,yfinance
2025-06-04,NVDA,Technology,141.99,142.19,139.34,141.72,167120800,yfinance
2025-06-05,NVDA,Technology,141.97,143.8,138.64,139.79,231397900,yfinance
2025-06-06,NVDA,Technology,142.31,143.07,141.31,141.52,153986200,yfinance
2025-06-09,NVDA,Technology,142.99,144.8,141.74,142.43,185114500,yfinance
2025-06-10,NVDA,Technology,142.49,144.09,141.33,143.76,155881900,yfinance
2025-06-11,NVDA,Technology,144.42,144.8,141.68,142.64,167694000,yfinance
2025-06-12,NVDA,Technology,141.78,144.81,141.66,144.81,162365000,yfinance
2025-06-13,NVDA,Technology,142.29,143.39,140.66,141.78,180820600,yfinance
2025-06-16,NVDA,Technology,143.16,145.99,143.01,144.5,183133700,yfinance
2025-06-17,NVDA,Technology,144.3,145.03,143.59,143.93,139108000,yfinance
2025-06-18,NVDA,Technology,143.82,145.46,142.93,145.29,161494100,yfinance
2025-06-20,NVDA,Technology,145.26,146.01,142.46,143.66,242956200,yfinance
2025-06-23,NVDA,Technology,142.31,144.59,141.84,143.98,154308900,yfinance
2025-06-24,NVDA,Technology,145.37,147.76,145.31,147.7,187566100,yfinance
2025-06-25,NVDA,Technology,149.07,154.24,149.06,154.1,269146500,yfinance
2025-06-26,NVDA,Technology,155.77,156.51,153.8,154.81,198145700,yfinance
2025-06-27,NVDA,Technology,155.83,158.5,155.05,157.54,263234500,yfinance
2025-06-30,NVDA,Technology,158.19,158.45,155.75,157.78,194580300,yfinance
2025-07-01,NVDA,Technology,156.08,156.99,151.29,153.1,213143600,yfinance
2025-07-02,NVDA,Technology,152.78,157.39,152.77,157.04,171224100,yfinance
2025-07-03,NVDA,Technology,158.16,160.77,157.56,159.13,143716100,yfinance
2025-07-07,NVDA,Technology,157.99,159.1,157.13,158.03,140139000,yfinance
2025-07-08,NVDA,Technology,159.12,160.01,158.18,159.79,138133000,yfinance
2025-07-09,NVDA,Technology,161.01,164.2,160.95,162.66,183656400,yfinance
2025-07-10,NVDA,Technology,164.1,164.28,161.4,163.88,167704100,yfinance
2025-07-11,NVDA,Technology,163.5,167.67,163.25,164.7,193633300,yfinance
2025-07-14,NVDA,Technology,165.15,165.27,161.8,163.85,136975800,yfinance
2025-07-15,NVDA,Technology,170.96,172.17,168.97,170.47,230627400,yfinance
2025-07-16,NVDA,Technology,170.83,171.52,168.68,171.14,158831500,yfinance
2025-07-17,NVDA,Technology,171.79,173.93,170.6,172.77,160841100,yfinance
2025-07-18,NVDA,Technology,173.41,174.02,171.03,172.18,146456400,yfinance
2025-07-21,NVDA,Technology,172.52,173.15,170.77,171.15,123126100,yfinance
2025-07-22,NVDA,Technology,171.11,171.16,164.36,166.81,193114300,yfinance
2025-07-23,NVDA,Technology,169.3,171.03,167.75,170.55,154082200,yfinance
2025-07-24,NVDA,Technology,172.21,173.6,171.07,173.51,128984600,yfinance
2025-07-25,NVDA,Technology,173.38,174.49,172.73,173.27,122316800,yfinance
2025-07-28,NVDA,Technology,173.79,176.76,173.74,176.51,140023500,yfinance
2025-07-29,NVDA,Technology,177.72,179.14,174.79,175.28,154077500,yfinance
2025-07-30,NVDA,Technology,176.28,179.65,175.81,179.03,174312200,yfinance
2025-07-31,NVDA,Technology,182.66,183.06,175.7,177.63,221685400,yfinance
2025-08-01,NVDA,Technology,173.86,176.31,170.66,173.49,204529000,yfinance
2025-08-04,NVDA,Technology,174.93,179.96,174.29,179.76,148174600,yfinance
2025-08-05,NVDA,Technology,179.38,180.02,175.67,178.02,156407600,yfinance
2025-08-06,NVDA,Technology,176.1,179.66,176.02,179.18,137192300,yfinance
2025-08-07,NVDA,Technology,181.33,183.64,178.56,180.53,151878400,yfinance
2025-08-08,NVDA,Technology,181.31,183.06,180.16,182.46,123396700,yfinance
2025-08-11,NVDA,Technology,181.81,183.6,180.01,181.82,138323200,yfinance
2025-08-12,NVDA,Technology,182.72,184.23,179.22,182.92,145485700,yfinance
2025-08-13,NVDA,Technology,182.38,183.73,179.11,181.35,179871700,yfinance
2025-08-14,NVDA,Technology,179.51,182.78,179.22,181.78,129554000,yfinance
2025-08-15,NVDA,Technology,181.64,181.66,177.8,180.21,156602200,yfinance
2025-08-18,NVDA,Technology,180.36,182.7,180.35,181.77,132008000,yfinance
2025-08-19,NVDA,Technology,182.19,182.26,175.26,175.41,185229200,yfinance
2025-08-20,NVDA,Technology,174.94,175.77,168.58,175.17,215142700,yfinance
2025-08-21,NVDA,Technology,174.62,176.66,173.58,174.75,140040900,yfinance
2025-08-22,NVDA,Technology,172.38,178.35,170.97,177.75,172789400,yfinance
2025-08-25,NVDA,Technology,178.11,181.67,176.34,179.57,163012800,yfinance
2025-08-26,NVDA,Technology,179.82,182.15,178.57,181.53,168688200,yfinance
2025-08-27,NVDA,Technology,181.74,182.25,178.86,181.36,235518900,yfinance
2025-08-28,NVDA,Technology,180.58,184.22,176.18,179.93,281787800,yfinance
2025-08-29,NVDA,Technology,177.87,177.91,172.92,173.95,243257900,yfinance
2025-09-02,NVDA,Technology,169.77,172.15,167.0,170.55,231164900,yfinance
2025-09-03,NVDA,Technology,170.83,172.18,168.66,170.39,164424900,yfinance
2025-09-04,NVDA,Technology,170.34,171.63,169.18,171.43,141670100,yfinance
2025-09-05,NVDA,Technology,167.81,168.81,163.85,166.8,224441400,yfinance
2025-09-08,NVDA,Technology,167.33,170.73,167.13,168.09,163769100,yfinance
2025-09-09,NVDA,Technology,168.87,170.75,166.52,170.53,157548400,yfinance
2025-09-10,NVDA,Technology,176.41,179.05,175.24,177.09,226852000,yfinance
2025-09-11,NVDA,Technology,179.45,180.05,176.26,176.94,151159300,yfinance
2025-09-12,NVDA,Technology,177.54,178.37,176.23,177.59,124911000,yfinance
2025-09-15,NVDA,Technology,175.45,178.62,174.29,177.52,147061600,yfinance
2025-09-16,NVDA,Technology,176.77,177.27,174.16,174.66,140737800,yfinance
2025-09-17,NVDA,Technology,172.42,172.98,168.2,170.07,211843800,yfinance
2025-09-18,NVDA,Technology,173.76,176.87,172.74,176.02,191763300,yfinance
2025-09-19,NVDA,Technology,175.55,177.85,174.96,176.44,237182100,yfinance
2025-09-22,NVDA,Technology,175.08,184.31,174.49,183.38,269637000,yfinance
2025-09-23,NVDA,Technology,181.74,182.19,175.99,178.2,192559600,yfinance
2025-09-24,NVDA,Technology,179.54,179.55,175.18,176.74,143564100,yfinance
2025-09-25,NVDA,Technology,174.26,180.03,172.91,177.46,191586700,yfinance
2025-09-26,NVDA,Technology,177.94,179.54,174.71,177.96,148573700,yfinance
2025-09-29,NVDA,Technology,180.2,183.77,180.09,181.62,193063500,yfinance
2025-09-30,NVDA,Technology,181.85,187.11,181.25,186.34,236981000,yfinance
2025-10-01,NVDA,Technology,185.0,187.9,183.67,187.0,173844900,yfinance
2025-10-02,NVDA,Technology,189.36,190.81,187.82,188.65,136805800,yfinance
2025-10-03,NVDA,Technology,188.95,190.12,185.14,187.38,137596900,yfinance
2025-10-06,NVDA,Technology,185.26,186.99,183.1,185.3,157678100,yfinance
2025-10-07,NVDA,Technology,185.99,188.82,183.77,184.8,140088000,yfinance
2025-10-08,NVDA,Technology,186.33,189.36,186.3,188.87,130168900,yfinance
2025-10-09,NVDA,Technology,191.99,195.05,190.82,192.32,182997200,yfinance
2025-10-10,NVDA,Technology,193.26,195.37,181.82,182.93,268774400,yfinance
2025-10-13,NVDA,Technology,187.73,189.87,185.72,188.08,153482800,yfinance
2025-10-14,NVDA,Technology,184.53,184.56,179.47,179.8,205641400,yfinance
2025-10-15,NVDA,Technology,184.56,184.63,177.06,179.6,214450500,yfinance
2025-10-16,NVDA,Technology,182.0,183.05,179.54,181.58,179723300,yfinance
2025-10-17,NVDA,Technology,179.95,183.87,179.52,182.99,173135200,yfinance
2025-10-20,NVDA,Technology,182.9,184.96,181.5,182.41,128544700,yfinance
2025-10-21,NVDA,Technology,182.56,182.56,179.57,180.93,124240200,yfinance
2025-10-22,NVDA,Technology,180.91,183.21,176.53,180.05,162249600,yfinance
2025-10-23,NVDA,Technology,180.19,182.8,179.56,181.93,111363700,yfinance
2025-10-24,NVDA,Technology,183.61,187.23,183.27,186.02,131296700,yfinance
2025-10-27,NVDA,Technology,189.75,191.76,188.19,191.25,153452700,yfinance
2025-10-28,NVDA,Technology,192.8,202.89,191.67,200.77,297986200,yfinance
2025-10-29,NVDA,Technology,207.72,211.92,204.52,206.78,308829600,yfinance
2025-10-30,NVDA,Technology,204.89,205.9,201.15,202.63,178864400,yfinance
2025-10-31,NVDA,Technology,206.19,207.71,201.81,202.23,179802200,yfinance
2025-11-03,NVDA,Technology,207.81,211.07,205.3,206.62,180267300,yfinance
2025-11-04,NVDA,Technology,202.74,203.71,197.68,198.44,188919300,yfinance
2025-11-05,NVDA,Technology,198.52,202.66,194.4,194.96,171350300,yfinance
2025-11-06,NVDA,Technology,196.17,197.37,186.14,187.84,223029800,yfinance
2025-11-07,NVDA,Technology,184.66,188.08,178.68,187.91,264942300,yfinance
2025-11-10,NVDA,Technology,194.86,199.69,193.54,198.8,198897100,yfinance
2025-11-11,NVDA,Technology,194.91,195.17,191.06,192.91,176483300,yfinance
2025-11-12,NVDA,Technology,195.47,195.64,190.89,193.55,154935300,yfinance
2025-11-13,NVDA,Technology,190.81,191.2,183.62,186.62,207423100,yfinance
2025-11-14,NVDA,Technology,182.63,190.77,180.35,189.93,186591900,yfinance
2025-11-17,NVDA,Technology,185.73,188.76,184.09,186.36,173628900,yfinance
2025-11-18,NVDA,Technology,183.15,184.56,179.42,181.13,213598900,yfinance
2025-11-19,NVDA,Technology,184.55,187.62,182.6,186.28,247246400,yfinance
2025-11-20,NVDA,Technology,195.7,195.75,179.62,180.41,343504800,yfinance
2025-11-21,NVDA,Technology,181.01,184.32,172.71,178.65,346926200,yfinance
2025-11-24,NVDA,Technology,179.26,183.27,176.26,182.32,256618300,yfinance
2025-11-25,NVDA,Technology,174.69,177.93,169.33,177.59,320600300,yfinance
2025-11-26,NVDA,Technology,181.4,182.68,178.01,180.03,183852000,yfinance
2025-11-28,NVDA,Technology,178.78,179.06,176.28,176.77,121332800,yfinance
2025-12-01,NVDA,Technology,174.54,180.07,173.46,179.69,188131000,yfinance
2025-12-02,NVDA,Technology,181.53,185.42,179.77,181.23,182632200,yfinance
2025-12-03,NVDA,Technology,180.85,182.22,178.88,179.36,165138000,yfinance
2025-12-04,NVDA,Technology,181.4,184.3,179.74,183.16,167364900,yfinance
2025-12-05,NVDA,Technology,183.67,184.44,180.69,182.19,143971100,yfinance
2025-12-08,NVDA,Technology,182.42,187.77,182.18,185.32,204378100,yfinance
2025-12-09,NVDA,Technology,185.33,185.49,183.1,184.74,144719700,yfinance
2025-12-10,NVDA,Technology,184.74,185.25,181.82,183.56,162785400,yfinance
2025-12-11,NVDA,Technology,180.06,181.1,176.4,180.71,182136600,yfinance
2025-12-12,NVDA,Technology,180.89,182.6,174.41,174.81,204274900,yfinance
2025-12-15,NVDA,Technology,177.72,178.2,174.82,176.08,164775600,yfinance
2025-12-16,NVDA,Technology,176.05,178.27,174.69,177.5,148588100,yfinance
2025-12-17,NVDA,Technology,175.89,175.92,170.1,170.73,222775500,yfinance
2025-12-18,NVDA,Technology,174.32,175.94,171.61,173.93,176096000,yfinance
2025-12-19,NVDA,Technology,176.45,181.23,176.13,180.77,324925900,yfinance
2025-12-22,NVDA,Technology,183.7,183.94,182.13,183.47,129064400,yfinance
2025-12-23,NVDA,Technology,182.75,189.1,182.68,188.98,174873600,yfinance
2025-12-24,NVDA,Technology,187.71,188.68,186.36,188.38,65528500,yfinance
2025-12-26,NVDA,Technology,189.69,192.46,187.77,190.3,139740300,yfinance
2025-12-29,NVDA,Technology,187.48,188.53,185.68,187.99,120006100,yfinance
2025-12-30,NVDA,Technology,188.01,188.76,186.7,187.31,97687300,yfinance
2025-12-31,NVDA,Technology,189.34,190.33,186.26,186.27,120100500,yfinance
2026-01-02,NVDA,Technology,189.61,192.69,188.03,188.62,148240500,yfinance
2026-01-05,NVDA,Technology,191.53,193.39,185.92,187.89,183529700,yfinance
2026-01-06,NVDA,Technology,190.29,191.94,186.59,187.01,176862600,yfinance
2026-01-07,NVDA,Technology,188.34,191.14,186.33,188.88,153543200,yfinance
2026-01-08,NVDA,Technology,188.88,189.32,183.49,184.81,172457000,yfinance
2026-01-09,NVDA,Technology,184.85,186.11,183.45,184.63,131327500,yfinance
2026-01-12,NVDA,Technology,183.0,186.89,182.8,184.71,137968500,yfinance
2026-01-13,NVDA,Technology,184.77,187.88,183.18,185.58,160128900,yfinance
2026-01-14,NVDA,Technology,184.1,184.24,180.58,182.92,159586100,yfinance
2026-01-15,NVDA,Technology,186.27,189.47,186.1,186.82,206188600,yfinance
2026-01-16,NVDA,Technology,188.85,190.21,185.85,186.0,187967200,yfinance
2026-01-20,NVDA,Technology,181.68,182.16,177.39,177.85,223345300,yfinance
2026-01-21,NVDA,Technology,178.83,185.15,178.18,183.1,200381000,yfinance
2026-01-22,NVDA,Technology,184.52,185.94,183.71,184.61,139636600,yfinance
2026-01-23,NVDA,Technology,187.27,189.37,186.59,187.44,142748100,yfinance
2026-01-26,NVDA,Technology,186.93,188.89,185.76,186.24,124799600,yfinance
2026-01-27,NVDA,Technology,187.01,189.77,185.47,188.29,143711600,yfinance
2026-01-28,NVDA,Technology,191.04,192.12,189.61,191.29,148552700,yfinance
2026-01-29,NVDA,Technology,191.11,193.24,185.83,192.28,171764400,yfinance
2026-01-30,NVDA,Technology,190.98,194.25,189.24,190.9,179489500,yfinance
2026-02-02,NVDA,Technology,186.97,190.07,184.65,185.38,165794100,yfinance
2026-02-03,NVDA,Technology,186.01,186.04,176.02,180.12,204019600,yfinance
2026-02-04,NVDA,Technology,179.24,179.36,171.7,173.98,207014100,yfinance
2026-02-05,NVDA,Technology,174.72,176.6,170.82,171.67,206312900,yfinance
2026-02-06,NVDA,Technology,176.47,186.77,174.39,185.18,231346200,yfinance
2026-02-09,NVDA,Technology,184.04,193.42,183.73,189.81,196387400,yfinance
2026-02-10,NVDA,Technology,191.15,192.25,187.89,188.31,136764800,yfinance
2026-02-11,NVDA,Technology,192.22,193.02,188.54,189.82,144192700,yfinance
2026-02-12,NVDA,Technology,192.79,193.37,186.28,186.71,189932500,yfinance
2026-02-13,NVDA,Technology,187.25,187.27,181.37,182.59,161888000,yfinance
2026-02-17,NVDA,Technology,181.53,186.92,178.96,184.74,162276900,yfinance
2026-02-18,NVDA,Technology,188.52,190.14,186.53,187.75,164749100,yfinance
2026-02-19,NVDA,Technology,186.83,188.2,185.43,187.67,126554500,yfinance
2026-02-20,NVDA,Technology,186.34,190.1,185.71,189.59,178422300,yfinance
2026-02-23,NVDA,Technology,191.17,193.71,189.35,191.32,171584800,yfinance
2026-02-24,NVDA,Technology,191.26,193.53,187.17,192.62,175123600,yfinance
2026-02-25,NVDA,Technology,194.21,197.39,193.55,195.32,250637100,yfinance
2026-02-26,NVDA,Technology,194.03,194.05,184.1,184.66,360807900,yfinance
2026-02-27,NVDA,Technology,181.03,182.37,176.17,176.97,311636500,yfinance
2026-03-02,NVDA,Technology,174.8,183.24,174.43,182.26,209095300,yfinance
2026-03-03,NVDA,Technology,178.27,180.68,176.7,179.83,178099400,yfinance
2026-03-04,NVDA,Technology,180.22,184.47,179.84,182.82,177731200,yfinance
2026-03-05,NVDA,Technology,180.95,183.84,177.66,183.12,198779700,yfinance
2026-03-06,NVDA,Technology,179.62,182.54,176.6,177.6,189021900,yfinance
2026-03-09,NVDA,Technology,176.61,182.69,175.35,182.43,177213600,yfinance
2026-03-10,NVDA,Technology,182.18,186.21,181.79,184.54,179118500,yfinance
2026-03-11,NVDA,Technology,185.69,187.4,184.24,185.81,145280400,yfinance
2026-03-12,NVDA,Technology,183.84,184.72,181.54,182.93,155762700,yfinance
2026-03-13,NVDA,Technology,184.7,185.87,179.73,180.04,160988400,yfinance
2026-03-16,NVDA,Technology,182.76,188.66,181.2,183.01,217307400,yfinance
2026-03-17,NVDA,Technology,184.84,185.18,181.47,181.72,182497800,yfinance
2026-03-18,NVDA,Technology,182.27,183.17,180.12,180.19,156683100,yfinance
2026-03-19,NVDA,Technology,177.8,179.77,175.59,178.35,170968500,yfinance
2026-03-20,NVDA,Technology,177.79,178.05,171.52,172.5,241323500,yfinance
2026-03-23,NVDA,Technology,177.05,178.16,174.56,175.44,182836300,yfinance
2026-03-24,NVDA,Technology,174.63,176.01,173.78,175.0,147667800,yfinance
2026-03-25,NVDA,Technology,176.89,181.01,176.64,178.47,162602100,yfinance
2026-03-26,NVDA,Technology,175.87,176.3,170.94,171.04,186152200,yfinance
2026-03-27,NVDA,Technology,169.8,170.77,166.82,167.32,196212700,yfinance
2026-03-30,NVDA,Technology,168.58,169.25,164.08,164.98,185627000,yfinance
2026-03-31,NVDA,Technology,166.78,174.42,166.77,174.2,226181300,yfinance
2026-04-01,NVDA,Technology,175.8,177.16,174.55,175.55,168132000,yfinance
2026-04-02,NVDA,Technology,171.98,177.28,171.17,177.18,143143200,yfinance
2026-04-06,NVDA,Technology,176.95,177.58,175.56,177.43,107564300,yfinance
2026-04-07,NVDA,Technology,175.53,178.02,173.46,177.89,132534900,yfinance
2026-04-08,NVDA,Technology,184.29,185.04,180.09,181.87,147732700,yfinance
2026-04-09,NVDA,Technology,181.63,183.87,180.41,183.7,116428500,yfinance
2026-04-10,NVDA,Technology,184.1,189.78,184.09,188.41,160459500,yfinance
2026-04-13,NVDA,Technology,185.81,189.44,185.52,189.09,133648200,yfinance
2026-04-14,NVDA,Technology,190.62,196.28,190.55,196.28,161307000,yfinance
2026-04-15,NVDA,Technology,196.31,200.17,195.51,198.64,185338400,yfinance
2026-04-16,NVDA,Technology,197.2,199.62,195.58,198.12,134012900,yfinance
2026-04-17,NVDA,Technology,199.67,201.47,199.04,201.45,160324400,yfinance
2026-04-20,NVDA,Technology,199.75,201.93,197.61,201.82,119381400,yfinance
2026-04-21,NVDA,Technology,201.89,202.51,198.77,199.65,107945300,yfinance
2026-04-22,NVDA,Technology,200.76,202.26,198.77,202.26,107501000,yfinance
2026-04-23,NVDA,Technology,202.22,203.59,196.99,199.41,113561800,yfinance
2026-04-24,NVDA,Technology,199.73,210.7,199.58,208.03,214134400,yfinance
2026-04-27,NVDA,Technology,209.41,216.58,207.14,216.36,187172400,yfinance
2026-04-28,NVDA,Technology,209.25,214.48,207.96,212.92,180275400,yfinance
2026-04-29,NVDA,Technology,212.45,212.47,207.34,209.01,123711800,yfinance
2026-04-30,NVDA,Technology,209.69,210.06,198.47,199.34,225239200,yfinance
2026-05-01,NVDA,Technology,201.05,202.76,196.89,198.22,128647000,yfinance
2026-05-04,NVDA,Technology,199.27,201.5,194.51,198.25,125368100,yfinance
2026-05-05,NVDA,Technology,199.07,200.01,195.8,196.27,113406600,yfinance
2026-05-06,NVDA,Technology,199.66,208.03,198.38,207.59,188362800,yfinance
2026-05-07,NVDA,Technology,208.1,213.95,206.26,211.25,168307900,yfinance
2026-05-08,NVDA,Technology,212.78,217.55,212.64,214.95,136421400,yfinance
2026-05-11,NVDA,Technology,213.79,222.04,213.64,219.18,160685800,yfinance
2026-05-12,NVDA,Technology,218.3,223.49,214.67,220.52,159176600,yfinance
2026-05-13,NVDA,Technology,224.67,227.57,221.31,225.57,150405400,yfinance
2026-05-14,NVDA,Technology,229.58,236.26,229.03,235.47,180782900,yfinance
2026-05-15,NVDA,Technology,229.49,231.23,223.98,225.06,180977600,yfinance
2026-05-18,NVDA,Technology,229.6,229.73,218.12,222.06,146280900,yfinance
2026-05-19,NVDA,Technology,219.36,224.22,217.66,220.35,140948200,yfinance
2026-05-20,NVDA,Technology,222.92,225.87,220.24,223.21,184201600,yfinance
2026-05-21,NVDA,Technology,222.03,227.14,217.68,219.25,203381800,yfinance
2026-05-22,NVDA,Technology,220.64,220.75,214.55,215.08,169275700,yfinance
2026-05-26,NVDA,Technology,216.29,217.93,211.75,214.61,187202600,yfinance
2026-05-27,NVDA,Technology,213.87,213.9,208.54,212.35,167601200,yfinance
2026-05-28,NVDA,Technology,211.03,215.27,210.97,214.0,143996000,yfinance
2026-05-29,NVDA,Technology,214.33,217.61,210.88,210.89,289410600,yfinance
2026-06-01,NVDA,Technology,215.48,224.61,215.45,224.1,212850700,yfinance
2026-06-02,NVDA,Technology,226.92,232.01,221.09,222.56,193362900,yfinance
2026-06-03,NVDA,Technology,221.46,222.56,214.26,214.5,160907000,yfinance
2026-06-04,NVDA,Technology,213.91,221.6,210.97,218.66,169022200,yfinance
2026-06-05,NVDA,Technology,214.53,214.87,204.33,205.1,219655500,yfinance
2023-09-12,UNH,Healthcare,453.64,459.59,448.64,456.03,2195200,yfinance
2023-09-13,UNH,Healthcare,457.49,459.97,455.61,455.98,2197800,yfinance
2023-09-14,UNH,Healthcare,458.63,461.14,454.97,459.55,2334300,yfinance
2023-09-15,UNH,Healthcare,461.58,465.46,460.06,462.49,5334300,yfinance
2023-09-18,UNH,Healthcare,464.12,464.43,459.55,461.89,1997500,yfinance
2023-09-19,UNH,Healthcare,459.7,461.57,452.84,456.75,3230700,yfinance
2023-09-20,UNH,Healthcare,458.74,470.49,455.31,467.65,3724800,yfinance
2023-09-21,UNH,Healthcare,469.61,480.02,468.56,476.22,4703900,yfinance
2023-09-22,UNH,Healthcare,474.18,484.09,473.26,480.93,4558500,yfinance
2023-09-25,UNH,Healthcare,482.98,485.53,481.43,484.9,2758500,yfinance
2023-09-26,UNH,Healthcare,483.63,484.08,479.29,480.31,2420200,yfinance
2023-09-27,UNH,Healthcare,481.05,481.18,476.13,478.68,2593700,yfinance
2023-09-28,UNH,Healthcare,480.81,488.58,479.89,484.73,2922000,yfinance
2023-09-29,UNH,Healthcare,484.49,484.52,478.74,479.11,3006200,yfinance
2023-10-02,UNH,Healthcare,480.39,489.23,478.12,488.98,3550400,yfinance
2023-10-03,UNH,Healthcare,487.77,488.42,483.08,484.13,3143200,yfinance
2023-10-04,UNH,Healthcare,484.15,486.36,481.41,485.22,2801700,yfinance
2023-10-05,UNH,Healthcare,486.17,492.44,485.8,490.56,2790700,yfinance
2023-10-06,UNH,Healthcare,490.76,499.79,490.32,498.71,3647200,yfinance
2023-10-09,UNH,Healthcare,495.23,500.67,494.38,500.32,2341600,yfinance
2023-10-10,UNH,Healthcare,500.31,501.87,497.06,498.17,2455700,yfinance
2023-10-11,UNH,Healthcare,495.01,499.45,494.36,498.06,2819300,yfinance
2023-10-12,UNH,Healthcare,498.39,502.29,496.28,499.4,2377300,yfinance
2023-10-13,UNH,Healthcare,506.73,517.38,505.54,512.57,5245400,yfinance
2023-10-16,UNH,Healthcare,516.17,519.59,509.46,511.27,3827600,yfinance
2023-10-17,UNH,Healthcare,513.09,515.45,507.98,509.96,2586000,yfinance
2023-10-18,UNH,Healthcare,516.03,516.93,508.77,509.4,2551400,yfinance
2023-10-19,UNH,Healthcare,510.12,511.57,502.93,505.19,2351200,yfinance
2023-10-20,UNH,Healthcare,504.59,507.85,500.57,500.82,2811100,yfinance
2023-10-23,UNH,Healthcare,500.82,501.53,494.41,495.63,2357700,yfinance
2023-10-24,UNH,Healthcare,496.86,504.28,496.11,498.89,1978200,yfinance
2023-10-25,UNH,Healthcare,501.05,505.88,494.21,503.84,2380100,yfinance
2023-10-26,UNH,Healthcare,499.55,504.09,496.53,502.08,2675800,yfinance
2023-10-27,UNH,Healthcare,499.83,501.49,495.34,498.57,2585600,yfinance
2023-10-30,UNH,Healthcare,498.89,505.37,496.93,503.63,2555400,yfinance
2023-10-31,UNH,Healthcare,508.39,509.99,505.18,508.92,2464200,yfinance
2023-11-01,UNH,Healthcare,503.62,509.18,500.6,505.16,2747400,yfinance
2023-11-02,UNH,Healthcare,505.54,510.14,500.74,509.47,2350900,yfinance
2023-11-03,UNH,Healthcare,507.98,509.32,502.5,504.5,2739500,yfinance
2023-11-06,UNH,Healthcare,505.19,509.36,503.69,506.93,2684900,yfinance
2023-11-07,UNH,Healthcare,508.73,512.81,505.09,511.08,2604800,yfinance
2023-11-08,UNH,Healthcare,513.14,514.47,507.57,510.04,1769200,yfinance
2023-11-09,UNH,Healthcare,510.86,514.01,507.9,512.19,1819600,yfinance
2023-11-10,UNH,Healthcare,515.69,515.69,509.36,514.29,2480800,yfinance
2023-11-13,UNH,Healthcare,514.24,517.09,511.16,515.59,1507900,yfinance
2023-11-14,UNH,Healthcare,512.22,515.68,509.83,513.58,2454000,yfinance
2023-11-15,UNH,Healthcare,513.19,513.58,505.26,511.63,2473700,yfinance
2023-11-16,UNH,Healthcare,511.63,517.76,510.74,512.97,2360300,yfinance
2023-11-17,UNH,Healthcare,513.4,513.64,502.06,509.62,2676900,yfinance
2023-11-20,UNH,Healthcare,507.07,509.67,505.35,508.49,2518400,yfinance
2023-11-21,UNH,Healthcare,511.02,514.73,507.62,512.75,2115700,yfinance
2023-11-22,UNH,Healthcare,515.97,517.32,513.39,516.72,2234500,yfinance
2023-11-24,UNH,Healthcare,517.83,520.36,515.81,519.89,1135000,yfinance
2023-11-27,UNH,Healthcare,519.89,523.49,514.6,516.55,2675800,yfinance
2023-11-28,UNH,Healthcare,518.49,518.67,513.21,513.65,2859300,yfinance
2023-11-29,UNH,Healthcare,503.64,514.91,502.36,508.37,4550000,yfinance
2023-11-30,UNH,Healthcare,509.14,526.39,507.45,525.47,7121200,yfinance
2023-12-01,UNH,Healthcare,524.83,528.91,519.81,521.72,3462200,yfinance
2023-12-04,UNH,Healthcare,522.77,526.21,517.79,522.79,2709200,yfinance
2023-12-05,UNH,Healthcare,523.57,526.84,520.0,524.68,2645600,yfinance
2023-12-06,UNH,Healthcare,522.1,526.22,521.66,523.98,2239700,yfinance
2023-12-07,UNH,Healthcare,525.72,525.87,519.2,522.78,2511700,yfinance
2023-12-08,UNH,Healthcare,524.64,526.08,519.22,524.21,2039900,yfinance
2023-12-11,UNH,Healthcare,524.2,524.43,514.0,518.4,3655300,yfinance
2023-12-12,UNH,Healthcare,520.42,522.04,517.42,520.35,2706100,yfinance
2023-12-13,UNH,Healthcare,518.71,523.88,513.55,523.49,2876600,yfinance
2023-12-14,UNH,Healthcare,518.99,519.59,504.79,509.4,5386800,yfinance
2023-12-15,UNH,Healthcare,505.36,508.7,498.65,506.43,9030100,yfinance
2023-12-18,UNH,Healthcare,504.51,506.76,500.81,502.07,3260300,yfinance
2023-12-19,UNH,Healthcare,500.2,503.09,497.52,499.68,3645600,yfinance
2023-12-20,UNH,Healthcare,499.49,500.43,491.89,491.94,3847800,yfinance
2023-12-21,UNH,Healthcare,494.76,496.61,492.49,495.71,2491600,yfinance
2023-12-22,UNH,Healthcare,495.71,498.69,493.94,496.12,1759500,yfinance
2023-12-26,UNH,Healthcare,495.71,497.24,493.89,495.85,1390800,yfinance
2023-12-27,UNH,Healthcare,495.59,498.84,495.21,498.48,1851800,yfinance
2023-12-28,UNH,Healthcare,499.13,503.33,498.63,500.5,2001000,yfinance
2023-12-29,UNH,Healthcare,501.53,503.68,499.56,501.99,2080100,yfinance
2024-01-02,UNH,Healthcare,502.35,514.57,502.18,514.26,3415700,yfinance
2024-01-03,UNH,Healthcare,517.79,521.37,514.4,516.83,2891400,yfinance
2024-01-04,UNH,Healthcare,519.66,523.48,517.75,520.06,2994400,yfinance
2024-01-05,UNH,Healthcare,521.57,521.57,508.92,512.4,2815400,yfinance
2024-01-08,UNH,Healthcare,514.32,515.13,503.45,511.58,2648900,yfinance
2024-01-09,UNH,Healthcare,512.99,514.52,507.58,513.34,2677000,yfinance
2024-01-10,UNH,Healthcare,513.08,516.04,511.22,512.64,2180000,yfinance
2024-01-11,UNH,Healthcare,511.2,515.05,509.68,514.59,2814100,yfinance
2024-01-12,UNH,Healthcare,494.74,503.91,489.27,497.26,6327300,yfinance
2024-01-16,UNH,Healthcare,499.36,500.11,492.53,495.01,3736700,yfinance
2024-01-17,UNH,Healthcare,497.04,505.99,495.82,500.53,3791300,yfinance
2024-01-18,UNH,Healthcare,481.74,492.81,474.33,492.33,7367000,yfinance
2024-01-19,UNH,Healthcare,491.06,493.49,478.49,480.15,6143400,yfinance
2024-01-22,UNH,Healthcare,480.51,489.69,473.42,489.14,5922900,yfinance
2024-01-23,UNH,Healthcare,488.67,493.99,488.27,491.55,2672900,yfinance
2024-01-24,UNH,Healthcare,493.82,497.47,489.1,489.37,2918800,yfinance
2024-01-25,UNH,Healthcare,464.92,472.47,456.73,470.46,14671000,yfinance
2024-01-26,UNH,Healthcare,470.35,480.27,467.12,479.8,6212200,yfinance
2024-01-29,UNH,Healthcare,479.72,482.96,477.85,481.08,4554100,yfinance
2024-01-30,UNH,Healthcare,481.08,482.52,476.01,480.2,4931200,yfinance
2024-01-31,UNH,Healthcare,481.05,491.06,481.05,487.95,5358100,yfinance
2024-02-01,UNH,Healthcare,485.17,486.5,479.61,483.56,4242600,yfinance
2024-02-02,UNH,Healthcare,484.62,489.06,481.89,486.51,3804500,yfinance
2024-02-05,UNH,Healthcare,486.25,490.29,476.8,479.58,3646300,yfinance
2024-02-06,UNH,Healthcare,480.51,487.19,479.09,486.93,2745400,yfinance
2024-02-07,UNH,Healthcare,490.11,496.78,488.85,495.24,4109100,yfinance
2024-02-08,UNH,Healthcare,496.42,497.88,493.23,495.91,3343000,yfinance
2024-02-09,UNH,Healthcare,494.86,496.2,492.29,494.13,2715400,yfinance
2024-02-12,UNH,Healthcare,494.13,494.86,488.97,493.57,3194000,yfinance
2024-02-13,UNH,Healthcare,497.73,502.43,490.3,492.82,3436000,yfinance
2024-02-14,UNH,Healthcare,491.3,494.42,490.38,492.91,1918500,yfinance
2024-02-15,UNH,Healthcare,493.29,497.49,491.82,496.66,2292100,yfinance
2024-02-16,UNH,Healthcare,498.02,499.44,494.77,497.3,2135500,yfinance
2024-02-20,UNH,Healthcare,499.84,500.94,495.26,496.83,2600200,yfinance
2024-02-21,UNH,Healthcare,499.32,499.34,493.48,497.7,2095900,yfinance
2024-02-22,UNH,Healthcare,499.83,502.25,494.48,502.02,3186800,yfinance
2024-02-23,UNH,Healthcare,502.26,505.84,499.79,502.73,2502000,yfinance
2024-02-26,UNH,Healthcare,503.76,508.04,499.93,500.9,2308900,yfinance
2024-02-27,UNH,Healthcare,500.36,501.15,488.24,489.55,3780600,yfinance
2024-02-28,UNH,Healthcare,472.41,475.37,461.87,475.11,9558600,yfinance
2024-02-29,UNH,Healthcare,475.32,478.42,468.74,470.65,6833200,yfinance
2024-03-01,UNH,Healthcare,466.67,467.24,455.06,466.77,7315000,yfinance
2024-03-04,UNH,Healthcare,460.77,464.4,457.78,459.47,5239800,yfinance
2024-03-05,UNH,Healthcare,459.96,460.45,448.74,451.15,5296200,yfinance
2024-03-06,UNH,Healthcare,452.38,457.49,446.42,450.63,5577500,yfinance
2024-03-07,UNH,Healthcare,451.96,458.82,451.58,456.52,5102000,yfinance
2024-03-08,UNH,Healthcare,457.89,463.56,454.48,456.2,4673600,yfinance
2024-03-11,UNH,Healthcare,456.62,469.36,455.66,468.25,4410100,yfinance
2024-03-12,UNH,Healthcare,467.27,471.24,466.52,468.44,4153800,yfinance
2024-03-13,UNH,Healthcare,472.43,474.8,464.59,467.15,3669000,yfinance
2024-03-14,UNH,Healthcare,467.84,468.75,464.46,468.1,3378500,yfinance
2024-03-15,UNH,Healthcare,466.62,470.23,466.62,469.85,5713500,yfinance
2024-03-18,UNH,Healthcare,471.07,471.07,465.6,466.24,2970500,yfinance
2024-03-19,UNH,Healthcare,468.74,472.35,466.94,472.24,2511700,yfinance
2024-03-20,UNH,Healthcare,471.42,473.46,468.52,473.11,3548200,yfinance
2024-03-21,UNH,Healthcare,471.24,475.0,470.29,470.68,3693400,yfinance
2024-03-22,UNH,Healthcare,474.04,474.64,468.84,469.13,2847300,yfinance
2024-03-25,UNH,Healthcare,469.63,470.48,463.38,465.12,2786100,yfinance
2024-03-26,UNH,Healthcare,467.27,472.26,464.49,471.27,3113300,yfinance
2024-03-27,UNH,Healthcare,472.6,474.55,470.31,472.03,2653100,yfinance
2024-03-28,UNH,Healthcare,473.85,474.68,468.39,473.56,3820000,yfinance
2024-04-01,UNH,Healthcare,473.34,474.59,467.82,468.77,2928700,yfinance
2024-04-02,UNH,Healthcare,439.96,443.87,430.39,438.56,11867000,yfinance
2024-04-03,UNH,Healthcare,442.26,443.07,436.08,440.09,4460400,yfinance
2024-04-04,UNH,Healthcare,441.13,441.99,432.61,435.92,5182000,yfinance
2024-04-05,UNH,Healthcare,431.43,438.19,430.78,436.26,5747400,yfinance
2024-04-08,UNH,Healthcare,436.48,437.66,434.21,436.51,4532300,yfinance
2024-04-09,UNH,Healthcare,434.87,440.11,433.12,440.07,3521200,yfinance
2024-04-10,UNH,Healthcare,436.03,439.14,430.56,430.82,4493500,yfinance
2024-04-11,UNH,Healthcare,431.14,431.51,422.61,422.84,5844100,yfinance
2024-04-12,UNH,Healthcare,421.52,423.34,417.73,420.43,6045700,yfinance
2024-04-15,UNH,Healthcare,423.11,429.19,423.1,426.59,5376800,yfinance
2024-04-16,UNH,Healthcare,456.4,459.25,445.7,448.85,11816500,yfinance
2024-04-17,UNH,Healthcare,458.15,467.15,454.31,458.52,8759800,yfinance
2024-04-18,UNH,Healthcare,465.36,480.55,465.2,472.1,8880400,yfinance
2024-04-19,UNH,Healthcare,475.76,485.62,474.38,479.71,6618600,yfinance
2024-04-22,UNH,Healthcare,476.51,478.08,469.67,470.24,4697700,yfinance
2024-04-23,UNH,Healthcare,470.02,473.19,464.25,465.4,3646700,yfinance
2024-04-24,UNH,Healthcare,463.11,467.97,460.17,466.48,3724400,yfinance
2024-04-25,UNH,Healthcare,468.06,475.89,466.7,472.76,4329700,yfinance
2024-04-26,UNH,Healthcare,470.98,475.98,470.4,474.18,2727000,yfinance
2024-04-29,UNH,Healthcare,474.53,476.1,466.93,468.13,2192100,yfinance
2024-04-30,UNH,Healthcare,468.06,468.78,461.97,463.03,3367500,yfinance
2024-05-01,UNH,Healthcare,458.78,468.29,456.68,463.42,2729200,yfinance
2024-05-02,UNH,Healthcare,463.58,472.59,463.26,471.9,3561400,yfinance
2024-05-03,UNH,Healthcare,469.88,471.73,465.02,471.41,2487600,yfinance
2024-05-06,UNH,Healthcare,471.43,473.72,470.98,473.25,2029500,yfinance
2024-05-07,UNH,Healthcare,474.8,480.21,473.89,479.55,3752100,yfinance
2024-05-08,UNH,Healthcare,482.62,485.33,478.71,481.71,3078900,yfinance
2024-05-09,UNH,Healthcare,480.68,486.26,480.68,485.36,2342900,yfinance
2024-05-10,UNH,Healthcare,487.25,491.63,485.33,490.9,2784600,yfinance
2024-05-13,UNH,Healthcare,490.17,492.68,485.63,489.87,2454500,yfinance
2024-05-14,UNH,Healthcare,492.59,494.11,485.62,491.92,2949700,yfinance
2024-05-15,UNH,Healthcare,492.83,500.26,492.83,495.43,2981200,yfinance
2024-05-16,UNH,Healthcare,497.78,505.59,497.31,498.99,3655800,yfinance
2024-05-17,UNH,Healthcare,500.59,503.38,497.79,502.21,2657200,yfinance
2024-05-20,UNH,Healthcare,502.21,502.21,494.47,495.13,2476200,yfinance
2024-05-21,UNH,Healthcare,496.17,502.3,493.87,501.18,2521900,yfinance
2024-05-22,UNH,Healthcare,500.48,503.79,498.4,499.07,2299100,yfinance
2024-05-23,UNH,Healthcare,496.17,498.0,493.21,494.74,3055400,yfinance
2024-05-24,UNH,Healthcare,494.05,495.04,485.83,486.45,2527800,yfinance
2024-05-28,UNH,Healthcare,485.0,485.0,480.45,482.16,2912800,yfinance
2024-05-29,UNH,Healthcare,471.3,472.79,453.05,464.01,7521600,yfinance
2024-05-30,UNH,Healthcare,461.71,465.26,457.57,461.07,5169700,yfinance
2024-05-31,UNH,Healthcare,461.79,477.11,461.79,474.2,6694800,yfinance
2024-06-03,UNH,Healthcare,473.01,477.37,472.0,476.18,2795100,yfinance
2024-06-04,UNH,Healthcare,477.25,486.55,473.45,483.89,3178400,yfinance
2024-06-05,UNH,Healthcare,486.96,487.34,477.48,481.62,2464400,yfinance
2024-06-06,UNH,Healthcare,482.13,483.13,476.03,480.47,2419600,yfinance
2024-06-07,UNH,Healthcare,480.59,481.37,469.46,469.72,3416300,yfinance
2024-06-10,UNH,Healthcare,470.02,474.22,465.41,473.85,3332800,yfinance
2024-06-11,UNH,Healthcare,469.88,476.51,469.34,475.01,4599700,yfinance
2024-06-12,UNH,Healthcare,478.63,478.63,466.59,472.0,4048200,yfinance
2024-06-13,UNH,Healthcare,469.33,480.55,463.68,476.05,4951700,yfinance
2024-06-14,UNH,Healthcare,475.6,476.58,470.72,475.88,3188400,yfinance
2024-06-17,UNH,Healthcare,472.33,474.05,469.8,470.31,2407200,yfinance
2024-06-18,UNH,Healthcare,471.73,472.65,460.51,462.45,3692700,yfinance
2024-06-20,UNH,Healthcare,461.48,467.13,459.62,465.78,5258100,yfinance
2024-06-21,UNH,Healthcare,465.71,469.42,462.0,463.93,6368600,yfinance
2024-06-24,UNH,Healthcare,469.95,471.91,465.76,471.03,5139800,yfinance
2024-06-25,UNH,Healthcare,471.67,471.67,462.01,465.76,2916100,yfinance
2024-06-26,UNH,Healthcare,465.76,468.59,462.85,465.32,3153100,yfinance
2024-06-27,UNH,Healthcare,466.29,470.07,463.41,467.63,2991900,yfinance
2024-06-28,UNH,Healthcare,477.17,489.7,470.48,489.57,22734200,yfinance
2024-07-01,UNH,Healthcare,487.15,489.23,473.83,475.52,4523100,yfinance
2024-07-02,UNH,Healthcare,475.15,479.19,474.31,478.97,3312000,yfinance
2024-07-03,UNH,Healthcare,477.89,478.82,467.7,470.94,2239200,yfinance
2024-07-05,UNH,Healthcare,470.09,470.73,465.76,469.14,3499000,yfinance
2024-07-08,UNH,Healthcare,470.27,474.78,467.37,470.42,3450600,yfinance
2024-07-09,UNH,Healthcare,469.44,476.24,467.29,473.08,3056800,yfinance
2024-07-10,UNH,Healthcare,471.95,482.11,471.17,481.56,3189800,yfinance
2024-07-11,UNH,Healthcare,478.45,489.06,478.45,484.85,3535100,yfinance
2024-07-12,UNH,Healthcare,487.32,494.67,483.96,491.75,3570600,yfinance
2024-07-15,UNH,Healthcare,503.97,510.3,493.93,495.44,5128000,yfinance
2024-07-16,UNH,Healthcare,513.25,528.65,506.74,527.64,11062000,yfinance
2024-07-17,UNH,Healthcare,532.58,551.43,529.98,551.11,10330800,yfinance
2024-07-18,UNH,Healthcare,542.67,559.01,539.71,542.52,6834800,yfinance
2024-07-19,UNH,Healthcare,545.19,547.86,539.82,543.47,4290400,yfinance
2024-07-22,UNH,Healthcare,541.28,542.43,535.54,536.93,3377300,yfinance
2024-07-23,UNH,Healthcare,537.18,537.23,531.43,533.25,2785600,yfinance
2024-07-24,UNH,Healthcare,538.34,539.43,531.63,538.1,3156200,yfinance
2024-07-25,UNH,Healthcare,540.27,547.85,536.98,538.04,3102900,yfinance
2024-07-26,UNH,Healthcare,538.34,556.73,538.34,547.69,3201900,yfinance
2024-07-29,UNH,Healthcare,543.83,549.25,540.04,544.83,2965000,yfinance
2024-07-30,UNH,Healthcare,544.98,557.02,544.1,554.04,4139100,yfinance
2024-07-31,UNH,Healthcare,543.57,558.44,540.57,553.88,4713200,yfinance
2024-08-01,UNH,Healthcare,554.88,564.78,545.17,550.62,3680800,yfinance
2024-08-02,UNH,Healthcare,559.81,568.66,553.0,567.02,5094000,yfinance
2024-08-05,UNH,Healthcare,559.61,564.13,544.84,547.92,4587400,yfinance
2024-08-06,UNH,Healthcare,546.24,555.19,540.78,546.37,3216500,yfinance
2024-08-07,UNH,Healthcare,544.7,549.54,535.49,544.19,4320700,yfinance
2024-08-08,UNH,Healthcare,542.54,550.31,542.54,544.34,2860800,yfinance
2024-08-09,UNH,Healthcare,542.71,544.04,536.06,537.15,2976700,yfinance
2024-08-12,UNH,Healthcare,540.57,547.0,539.35,543.43,2532400,yfinance
2024-08-13,UNH,Healthcare,547.95,553.46,547.0,552.03,2369400,yfinance
2024-08-14,UNH,Healthcare,552.99,558.65,551.1,557.25,2344400,yfinance
2024-08-15,UNH,Healthcare,557.25,560.78,551.33,557.19,2751800,yfinance
2024-08-16,UNH,Healthcare,558.45,559.16,551.9,555.34,2728900,yfinance
2024-08-19,UNH,Healthcare,555.72,560.74,554.75,556.4,1847900,yfinance
2024-08-20,UNH,Healthcare,557.43,561.23,553.24,558.19,1677500,yfinance
2024-08-21,UNH,Healthcare,559.02,560.83,555.1,555.71,2844300,yfinance
2024-08-22,UNH,Healthcare,556.85,560.41,548.55,556.34,2282000,yfinance
2024-08-23,UNH,Healthcare,558.53,562.58,556.08,561.91,2376400,yfinance
2024-08-26,UNH,Healthcare,565.31,569.19,563.09,564.42,1800000,yfinance
2024-08-27,UNH,Healthcare,566.67,569.43,561.2,564.64,1581900,yfinance
2024-08-28,UNH,Healthcare,566.23,569.91,561.29,565.78,1657000,yfinance
2024-08-29,UNH,Healthcare,567.84,569.69,561.77,568.69,1953200,yfinance
2024-08-30,UNH,Healthcare,567.18,570.32,563.9,567.38,2944700,yfinance
2024-09-03,UNH,Healthcare,569.61,577.43,568.93,575.53,3175500,yfinance
2024-09-04,UNH,Healthcare,576.8,584.43,574.76,580.81,2935000,yfinance
2024-09-05,UNH,Healthcare,580.82,582.56,566.87,572.46,2144800,yfinance
2024-09-06,UNH,Healthcare,572.83,577.38,569.36,573.8,2926400,yfinance
2024-09-09,UNH,Healthcare,575.18,576.3,553.02,571.12,3411400,yfinance
2024-09-10,UNH,Healthcare,572.19,581.41,568.29,575.86,2863500,yfinance
2024-09-11,UNH,Healthcare,566.36,568.53,556.58,566.94,3563600,yfinance
2024-09-12,UNH,Healthcare,565.77,567.67,560.66,565.66,3395800,yfinance
2024-09-13,UNH,Healthcare,568.22,574.57,564.52,571.34,2241900,yfinance
2024-09-16,UNH,Healthcare,574.02,577.67,567.03,568.36,2548600,yfinance
2024-09-17,UNH,Healthcare,565.34,566.03,556.06,557.58,3416000,yfinance
2024-09-18,UNH,Healthcare,556.52,563.91,552.13,560.17,2988300,yfinance
2024-09-19,UNH,Healthcare,563.14,564.21,554.32,556.72,2945700,yfinance
2024-09-20,UNH,Healthcare,551.54,558.43,549.56,554.72,5398700,yfinance
2024-09-23,UNH,Healthcare,556.16,559.0,551.83,553.19,2386100,yfinance
2024-09-24,UNH,Healthcare,550.69,556.95,546.04,554.91,3188500,yfinance
2024-09-25,UNH,Healthcare,557.49,560.62,552.87,555.99,2658800,yfinance
2024-09-26,UNH,Healthcare,554.72,556.27,550.78,554.54,2751900,yfinance
2024-09-27,UNH,Healthcare,557.31,566.02,556.26,561.33,2986200,yfinance
2024-09-30,UNH,Healthcare,562.92,565.74,558.33,564.06,3009700,yfinance
2024-10-01,UNH,Healthcare,564.37,567.94,560.29,562.73,2648400,yfinance
2024-10-02,UNH,Healthcare,582.95,583.2,563.65,571.42,3667000,yfinance
2024-10-03,UNH,Healthcare,569.78,572.31,563.76,571.85,2645800,yfinance
2024-10-04,UNH,Healthcare,571.25,575.11,567.69,570.35,2462600,yfinance
2024-10-07,UNH,Healthcare,568.03,571.55,562.76,562.98,2591100,yfinance
2024-10-08,UNH,Healthcare,567.32,568.43,559.12,561.07,2231400,yfinance
2024-10-09,UNH,Healthcare,561.63,571.9,560.14,570.37,2207700,yfinance
2024-10-10,UNH,Healthcare,574.19,577.83,571.86,576.62,2143200,yfinance
2024-10-11,UNH,Healthcare,575.46,580.31,575.18,576.96,1909700,yfinance
2024-10-14,UNH,Healthcare,577.98,587.17,576.31,584.05,2447100,yfinance
2024-10-15,UNH,Healthcare,532.55,549.61,523.85,536.67,11939400,yfinance
2024-10-16,UNH,Healthcare,537.37,555.86,535.54,551.19,5103900,yfinance
2024-10-17,UNH,Healthcare,540.81,549.39,539.02,546.07,5588700,yfinance
2024-10-18,UNH,Healthcare,546.86,550.82,543.18,549.52,3687000,yfinance
2024-10-21,UNH,Healthcare,549.55,558.85,548.65,551.32,3018000,yfinance
2024-10-22,UNH,Healthcare,547.83,552.83,545.55,549.76,2593800,yfinance
2024-10-23,UNH,Healthcare,551.95,553.89,540.25,544.73,2911900,yfinance
2024-10-24,UNH,Healthcare,545.07,551.54,540.55,541.03,2590200,yfinance
2024-10-25,UNH,Healthcare,546.19,551.35,543.73,544.65,2513700,yfinance
2024-10-28,UNH,Healthcare,546.28,548.29,542.96,545.31,1826500,yfinance
2024-10-29,UNH,Healthcare,542.97,547.66,540.89,542.31,2600300,yfinance
2024-10-30,UNH,Healthcare,541.46,550.2,541.17,543.11,2323600,yfinance
2024-10-31,UNH,Healthcare,541.1,548.4,541.1,544.59,2490000,yfinance
2024-11-01,UNH,Healthcare,545.19,550.22,544.01,547.55,2548300,yfinance
2024-11-04,UNH,Healthcare,546.75,548.54,535.83,538.1,2656600,yfinance
2024-11-05,UNH,Healthcare,538.59,548.68,534.85,547.03,2608100,yfinance
2024-11-06,UNH,Healthcare,582.6,584.15,570.01,575.65,6591300,yfinance
2024-11-07,UNH,Healthcare,577.58,586.21,575.13,584.1,5254300,yfinance
2024-11-08,UNH,Healthcare,587.52,597.94,583.86,594.09,3875800,yfinance
2024-11-11,UNH,Healthcare,595.15,608.49,592.27,603.2,3003200,yfinance
2024-11-12,UNH,Healthcare,597.73,602.46,592.14,592.99,2809400,yfinance
2024-11-13,UNH,Healthcare,591.38,591.39,581.79,584.5,3409400,yfinance
2024-11-14,UNH,Healthcare,582.2,584.63,568.22,572.23,3079200,yfinance
2024-11-15,UNH,Healthcare,571.05,577.81,569.15,571.35,3423900,yfinance
2024-11-18,UNH,Healthcare,568.65,573.19,564.68,568.86,2577100,yfinance
2024-11-19,UNH,Healthcare,562.17,566.15,556.43,556.65,3198300,yfinance
2024-11-20,UNH,Healthcare,562.16,581.39,561.04,579.32,3928600,yfinance
2024-11-21,UNH,Healthcare,578.84,582.7,575.69,576.42,2722900,yfinance
2024-11-22,UNH,Healthcare,577.45,580.06,567.91,570.03,3197900,yfinance
2024-11-25,UNH,Healthcare,576.51,588.33,574.03,584.47,5146200,yfinance
2024-11-26,UNH,Healthcare,586.79,587.01,577.76,585.39,2693600,yfinance
2024-11-27,UNH,Healthcare,589.48,595.68,585.31,586.93,2269800,yfinance
2024-11-29,UNH,Healthcare,587.33,594.07,585.23,588.68,2010800,yfinance
2024-12-02,UNH,Healthcare,592.35,592.35,579.58,587.06,3364900,yfinance
2024-12-03,UNH,Healthcare,589.31,594.04,583.49,583.89,2329900,yfinance
2024-12-04,UNH,Healthcare,589.47,600.87,585.57,589.25,4147600,yfinance
2024-12-05,UNH,Healthcare,584.28,587.51,553.65,558.55,5943700,yfinance
2024-12-06,UNH,Healthcare,561.58,561.58,524.95,530.24,13003600,yfinance
2024-12-09,UNH,Healthcare,534.58,545.21,527.45,542.92,7684700,yfinance
2024-12-10,UNH,Healthcare,544.26,549.83,539.45,547.35,5360600,yfinance
2024-12-11,UNH,Healthcare,538.12,540.48,515.86,516.69,10363000,yfinance
2024-12-12,UNH,Healthcare,514.75,517.14,497.96,499.48,9403800,yfinance
2024-12-13,UNH,Healthcare,499.36,510.88,494.6,504.05,8202900,yfinance
2024-12-16,UNH,Healthcare,501.65,505.23,480.42,482.77,8880000,yfinance
2024-12-17,UNH,Healthcare,471.63,479.96,460.8,470.2,14132700,yfinance
2024-12-18,UNH,Healthcare,473.01,490.55,470.66,483.95,10147600,yfinance
2024-12-19,UNH,Healthcare,484.35,487.75,470.89,473.81,7418100,yfinance
2024-12-20,UNH,Healthcare,473.85,486.77,473.3,484.34,10956900,yfinance
2024-12-23,UNH,Healthcare,484.95,492.72,483.3,490.36,4286000,yfinance
2024-12-24,UNH,Healthcare,488.48,490.13,484.79,490.13,1824400,yfinance
2024-12-26,UNH,Healthcare,489.69,496.05,488.8,495.02,3387000,yfinance
2024-12-27,UNH,Healthcare,493.34,496.98,491.77,493.89,3471800,yfinance
2024-12-30,UNH,Healthcare,490.86,493.64,484.86,491.77,5408600,yfinance
2024-12-31,UNH,Healthcare,493.27,494.87,487.45,489.89,4214000,yfinance
2025-01-02,UNH,Healthcare,491.97,495.95,487.4,488.59,4234900,yfinance
2025-01-03,UNH,Healthcare,490.37,499.99,489.43,496.81,3019500,yfinance
2025-01-06,UNH,Healthcare,496.81,503.88,493.73,497.46,4444800,yfinance
2025-01-07,UNH,Healthcare,502.47,503.1,495.08,498.02,3914500,yfinance
2025-01-08,UNH,Healthcare,498.26,508.11,493.43,507.96,4141700,yfinance
2025-01-10,UNH,Healthcare,510.02,518.55,502.11,504.26,5467500,yfinance
2025-01-13,UNH,Healthcare,518.15,530.12,516.31,524.06,6472500,yfinance
2025-01-14,UNH,Healthcare,522.62,527.36,519.61,526.58,3978300,yfinance
2025-01-15,UNH,Healthcare,520.15,529.05,517.46,526.27,4103900,yfinance
2025-01-16,UNH,Healthcare,513.61,522.8,493.9,494.47,9059900,yfinance
2025-01-17,UNH,Healthcare,489.66,505.35,486.93,493.67,7495700,yfinance
2025-01-21,UNH,Healthcare,497.82,508.43,496.63,508.42,5682100,yfinance
2025-01-22,UNH,Healthcare,505.19,507.89,499.71,503.32,3756100,yfinance
2025-01-23,UNH,Healthcare,511.21,514.7,502.93,513.05,4580800,yfinance
2025-01-24,UNH,Healthcare,511.44,517.76,507.95,515.7,3671200,yfinance
2025-01-27,UNH,Healthcare,522.94,534.49,522.94,526.36,4263000,yfinance
2025-01-28,UNH,Healthcare,525.87,529.25,520.86,525.36,3162700,yfinance
2025-01-29,UNH,Healthcare,524.63,526.33,517.15,521.12,2737600,yfinance
2025-01-30,UNH,Healthcare,522.44,529.84,518.11,528.35,2924700,yfinance
2025-01-31,UNH,Healthcare,526.09,531.83,524.32,525.37,4120500,yfinance
2025-02-03,UNH,Healthcare,524.89,536.43,523.99,530.88,4083600,yfinance
2025-02-04,UNH,Healthcare,527.99,531.49,524.42,528.23,2869900,yfinance
2025-02-05,UNH,Healthcare,513.98,523.63,505.44,522.77,4621600,yfinance
2025-02-06,UNH,Healthcare,520.91,522.08,508.69,513.31,3926800,yfinance
2025-02-07,UNH,Healthcare,512.5,515.59,508.81,510.4,3349100,yfinance
2025-02-10,UNH,Healthcare,511.01,517.3,506.86,516.53,3143100,yfinance
2025-02-11,UNH,Healthcare,518.11,530.26,511.6,517.07,2631900,yfinance
2025-02-12,UNH,Healthcare,522.81,525.23,508.92,510.75,3859200,yfinance
2025-02-13,UNH,Healthcare,514.14,517.46,510.46,514.41,2835100,yfinance
2025-02-14,UNH,Healthcare,512.3,516.37,506.4,506.99,3705300,yfinance
2025-02-18,UNH,Healthcare,494.81,499.71,481.31,484.93,8759300,yfinance
2025-02-19,UNH,Healthcare,485.51,495.7,482.43,494.91,4380300,yfinance
2025-02-20,UNH,Healthcare,489.24,492.38,484.45,486.56,4144300,yfinance
2025-02-21,UNH,Healthcare,425.68,454.87,424.66,451.7,19864900,yfinance
2025-02-24,UNH,Healthcare,451.95,453.23,442.58,446.95,6919300,yfinance
2025-02-25,UNH,Healthcare,446.23,455.9,435.86,455.53,9101000,yfinance
2025-02-26,UNH,Healthcare,449.98,458.12,443.74,448.96,5108400,yfinance
2025-02-27,UNH,Healthcare,451.46,460.39,450.34,453.77,4216800,yfinance
2025-02-28,UNH,Healthcare,452.26,461.32,449.82,459.97,6146300,yfinance
2025-03-03,UNH,Healthcare,459.4,462.21,450.53,452.31,5700200,yfinance
2025-03-04,UNH,Healthcare,454.92,464.08,451.74,459.63,5864100,yfinance
2025-03-05,UNH,Healthcare,456.2,463.96,456.14,460.96,3637100,yfinance
2025-03-06,UNH,Healthcare,460.98,472.71,457.1,472.33,4964000,yfinance
2025-03-07,UNH,Healthcare,468.56,484.14,468.11,477.9,5434100,yfinance
2025-03-10,UNH,Healthcare,478.78,484.2,464.61,467.05,5108900,yfinance
2025-03-11,UNH,Healthcare,469.27,473.42,464.05,472.71,4101000,yfinance
2025-03-12,UNH,Healthcare,469.89,474.23,465.69,467.92,3680800,yfinance
2025-03-13,UNH,Healthcare,466.3,470.78,461.97,468.31,2876600,yfinance
2025-03-14,UNH,Healthcare,467.81,476.03,465.12,475.25,3915900,yfinance
2025-03-17,UNH,Healthcare,474.14,486.88,472.62,485.33,5152300,yfinance
2025-03-18,UNH,Healthcare,488.47,492.09,484.17,489.98,3617600,yfinance
2025-03-19,UNH,Healthcare,491.19,492.46,486.35,489.4,3317600,yfinance
2025-03-20,UNH,Healthcare,491.39,500.28,489.7,497.28,4965400,yfinance
2025-03-21,UNH,Healthcare,497.65,504.77,491.24,502.68,10244900,yfinance
2025-03-24,UNH,Healthcare,500.95,504.04,497.1,502.34,3840900,yfinance
2025-03-25,UNH,Healthcare,504.07,504.77,497.5,499.35,3015100,yfinance
2025-03-26,UNH,Healthcare,501.07,508.61,498.79,503.99,3253800,yfinance
2025-03-27,UNH,Healthcare,502.13,506.79,498.88,501.58,2822200,yfinance
2025-03-28,UNH,Healthcare,502.69,506.69,500.92,501.89,2379100,yfinance
2025-03-31,UNH,Healthcare,504.94,513.64,504.37,509.39,5238700,yfinance
2025-04-01,UNH,Healthcare,511.32,513.68,506.66,508.77,2962500,yfinance
2025-04-02,UNH,Healthcare,508.61,510.6,502.63,508.85,2378900,yfinance
2025-04-03,UNH,Healthcare,515.46,533.46,514.77,525.62,6457900,yfinance
2025-04-04,UNH,Healthcare,525.81,536.61,510.45,510.65,9919000,yfinance
2025-04-07,UNH,Healthcare,499.32,514.69,489.78,510.31,7356700,yfinance
2025-04-08,UNH,Healthcare,566.2,568.97,532.45,537.91,11762300,yfinance
2025-04-09,UNH,Healthcare,544.78,573.24,539.25,562.63,12691900,yfinance
2025-04-10,UNH,Healthcare,564.33,585.37,564.09,578.1,8646000,yfinance
2025-04-11,UNH,Healthcare,572.77,589.73,570.44,583.03,6121500,yfinance
2025-04-14,UNH,Healthcare,578.68,579.29,563.4,570.96,4839300,yfinance
2025-04-15,UNH,Healthcare,576.0,576.6,566.05,567.59,3871300,yfinance
2025-04-16,UNH,Healthcare,569.27,578.5,566.97,569.0,4192100,yfinance
2025-04-17,UNH,Healthcare,468.73,476.36,434.84,441.66,29120200,yfinance
2025-04-21,UNH,Healthcare,437.43,441.06,413.16,413.67,13029900,yfinance
2025-04-22,UNH,Healthcare,412.99,419.67,405.68,415.46,10156900,yfinance
2025-04-23,UNH,Healthcare,415.36,426.81,412.13,416.22,8345700,yfinance
2025-04-24,UNH,Healthcare,415.84,418.11,412.03,412.61,7629100,yfinance
2025-04-25,UNH,Healthcare,411.94,411.94,400.72,407.16,9263800,yfinance
2025-04-28,UNH,Healthcare,408.24,412.49,404.15,408.48,6614300,yfinance
2025-04-29,UNH,Healthcare,409.64,410.18,397.88,398.01,9909100,yfinance
2025-04-30,UNH,Healthcare,397.81,401.93,390.0,400.16,9192800,yfinance
2025-05-01,UNH,Healthcare,400.04,400.69,388.89,389.69,9316800,yfinance
2025-05-02,UNH,Healthcare,388.99,390.98,382.33,388.95,11392900,yfinance
2025-05-05,UNH,Healthcare,388.17,398.46,386.69,393.71,8157200,yfinance
2025-05-06,UNH,Healthcare,391.75,393.62,382.63,383.69,7858600,yfinance
2025-05-07,UNH,Healthcare,384.51,384.67,375.12,380.34,8517200,yfinance
2025-05-08,UNH,Healthcare,379.3,380.2,374.8,374.98,7218300,yfinance
2025-05-09,UNH,Healthcare,375.09,375.95,368.16,370.2,8381100,yfinance
2025-05-12,UNH,Healthcare,370.55,376.59,366.51,368.36,11004800,yfinance
2025-05-13,UNH,Healthcare,326.53,332.62,300.62,302.84,59478300,yfinance
2025-05-14,UNH,Healthcare,312.63,314.08,298.69,299.56,40029600,yfinance
2025-05-15,UNH,Healthcare,267.36,269.06,242.05,266.83,121849200,yfinance
2025-05-16,UNH,Healthcare,271.63,286.41,261.76,283.9,71094300,yfinance
2025-05-19,UNH,Healthcare,296.41,307.62,289.1,307.23,62524700,yfinance
2025-05-20,UNH,Healthcare,312.12,315.74,304.01,312.76,41487000,yfinance
2025-05-21,UNH,Healthcare,292.75,301.46,291.84,294.67,45506900,yfinance
2025-05-22,UNH,Healthcare,285.83,297.29,284.48,288.53,27159600,yfinance
2025-05-23,UNH,Healthcare,287.98,291.48,283.64,287.46,16873600,yfinance
2025-05-27,UNH,Healthcare,291.29,291.72,281.2,286.91,20144600,yfinance
2025-05-28,UNH,Healthcare,285.94,295.45,285.24,289.93,16114200,yfinance
2025-05-29,UNH,Healthcare,288.66,295.06,286.91,289.99,16221100,yfinance
2025-05-30,UNH,Healthcare,289.8,297.26,287.73,293.63,16309300,yfinance
2025-06-02,UNH,Healthcare,294.81,304.95,292.72,296.36,19074400,yfinance
2025-06-03,UNH,Healthcare,294.79,297.34,291.78,292.96,12805700,yfinance
2025-06-04,UNH,Healthcare,295.22,299.2,291.97,292.14,11255600,yfinance
2025-06-05,UNH,Healthcare,292.14,294.13,286.04,287.73,13529000,yfinance
2025-06-06,UNH,Healthcare,289.08,296.04,289.0,294.9,12589000,yfinance
2025-06-09,UNH,Healthcare,296.67,298.97,292.88,294.88,12170300,yfinance
2025-06-10,UNH,Healthcare,295.47,296.75,292.35,295.46,11384100,yfinance
2025-06-11,UNH,Healthcare,294.38,303.03,293.94,302.04,14711400,yfinance
2025-06-12,UNH,Healthcare,302.86,310.06,300.05,309.77,15957200,yfinance
2025-06-13,UNH,Healthcare,307.24,308.71,303.36,304.93,13762400,yfinance
2025-06-16,UNH,Healthcare,306.58,306.84,298.54,301.35,14240100,yfinance
2025-06-17,UNH,Healthcare,301.14,303.59,299.25,302.53,11593900,yfinance
2025-06-18,UNH,Healthcare,301.24,305.39,299.95,300.9,12205600,yfinance
2025-06-20,UNH,Healthcare,303.15,303.24,295.4,295.81,16177900,yfinance
2025-06-23,UNH,Healthcare,295.7,296.26,289.46,294.51,12274700,yfinance
2025-06-24,UNH,Healthcare,295.26,299.54,293.19,299.35,8781400,yfinance
2025-06-25,UNH,Healthcare,298.13,298.13,293.65,295.82,8722100,yfinance
2025-06-26,UNH,Healthcare,296.36,300.42,295.11,296.41,6532700,yfinance
2025-06-27,UNH,Healthcare,296.73,304.08,296.0,302.77,15304400,yfinance
2025-06-30,UNH,Healthcare,302.66,305.97,300.05,305.57,10074100,yfinance
2025-07-01,UNH,Healthcare,305.57,319.85,304.7,319.45,17865500,yfinance
2025-07-02,UNH,Healthcare,314.16,315.8,300.14,301.25,18177200,yfinance
2025-07-03,UNH,Healthcare,303.48,305.84,301.9,302.22,6161100,yfinance
2025-07-07,UNH,Healthcare,301.68,302.28,295.02,297.48,9031200,yfinance
2025-07-08,UNH,Healthcare,297.99,301.97,297.57,301.39,9613800,yfinance
2025-07-09,UNH,Healthcare,296.97,297.37,292.62,296.69,12816700,yfinance
2025-07-10,UNH,Healthcare,296.84,298.67,290.51,293.36,11355600,yfinance
2025-07-11,UNH,Healthcare,293.86,297.88,291.88,297.86,9808200,yfinance
2025-07-14,UNH,Healthcare,295.45,297.8,292.86,294.41,10681400,yfinance
2025-07-15,UNH,Healthcare,293.56,294.51,285.06,285.72,16019000,yfinance
2025-07-16,UNH,Healthcare,286.55,289.92,284.78,286.49,9714000,yfinance
2025-07-17,UNH,Healthcare,286.33,286.99,278.01,282.16,14792700,yfinance
2025-07-18,UNH,Healthcare,281.98,282.16,275.05,276.85,14979700,yfinance
2025-07-21,UNH,Healthcare,278.8,280.62,275.43,276.35,10319200,yfinance
2025-07-22,UNH,Healthcare,276.83,281.22,276.21,279.28,14600300,yfinance
2025-07-23,UNH,Healthcare,281.6,286.63,279.1,286.51,13111100,yfinance
2025-07-24,UNH,Healthcare,277.29,283.28,272.51,272.86,22585200,yfinance
2025-07-25,UNH,Healthcare,275.23,280.27,274.2,275.29,16486600,yfinance
2025-07-28,UNH,Healthcare,277.68,279.15,273.95,276.33,15779400,yfinance
2025-07-29,UNH,Healthcare,260.25,267.31,255.2,255.71,41706000,yfinance
2025-07-30,UNH,Healthcare,259.37,261.16,252.82,260.58,22371800,yfinance
2025-07-31,UNH,Healthcare,256.04,256.04,242.67,244.44,29606900,yfinance
2025-08-01,UNH,Healthcare,245.47,246.33,229.79,232.89,39989200,yfinance
2025-08-04,UNH,Healthcare,233.35,237.28,232.09,236.03,17427900,yfinance
2025-08-05,UNH,Healthcare,236.21,246.9,235.12,245.85,23795900,yfinance
2025-08-06,UNH,Healthcare,245.5,247.96,240.28,240.74,12946400,yfinance
2025-08-07,UNH,Healthcare,241.36,243.65,234.59,239.65,11369900,yfinance
2025-08-08,UNH,Healthcare,239.77,245.93,239.36,245.74,10185700,yfinance
2025-08-11,UNH,Healthcare,248.66,253.1,246.97,247.19,11779500,yfinance
2025-08-12,UNH,Healthcare,248.81,257.49,248.46,256.2,12171800,yfinance
2025-08-13,UNH,Healthcare,258.96,266.6,257.5,266.23,19480300,yfinance
2025-08-14,UNH,Healthcare,266.52,268.23,261.52,265.92,25011100,yfinance
2025-08-15,UNH,Healthcare,295.52,303.93,288.66,297.77,68198500,yfinance
2025-08-18,UNH,Healthcare,306.75,309.91,301.11,302.16,39600500,yfinance
2025-08-19,UNH,Healthcare,302.56,304.13,293.07,298.0,22348600,yfinance
2025-08-20,UNH,Healthcare,300.11,300.9,289.63,293.69,16679000,yfinance
2025-08-21,UNH,Healthcare,296.09,300.28,291.69,297.13,13359000,yfinance
2025-08-22,UNH,Healthcare,299.82,304.3,298.33,301.11,14930000,yfinance
2025-08-25,UNH,Healthcare,302.16,302.53,296.52,298.6,8917100,yfinance
2025-08-26,UNH,Healthcare,298.07,302.62,288.16,294.26,16303200,yfinance
2025-08-27,UNH,Healthcare,294.37,299.69,294.33,297.64,9982800,yfinance
2025-08-28,UNH,Healthcare,298.01,298.22,293.26,296.09,11235000,yfinance
2025-08-29,UNH,Healthcare,296.1,303.64,294.74,303.51,12065400,yfinance
2025-09-02,UNH,Healthcare,301.98,306.47,300.99,302.46,10957100,yfinance
2025-09-03,UNH,Healthcare,301.79,303.24,297.47,301.56,9654600,yfinance
2025-09-04,UNH,Healthcare,299.82,305.51,297.86,304.01,7725700,yfinance
2025-09-05,UNH,Healthcare,304.07,311.42,301.88,308.92,14126700,yfinance
2025-09-08,UNH,Healthcare,313.15,315.05,307.36,313.68,18438600,yfinance
2025-09-09,UNH,Healthcare,325.68,344.49,320.45,340.78,46408900,yfinance
2025-09-10,UNH,Healthcare,338.47,341.42,334.39,339.66,17804300,yfinance
2025-09-11,UNH,Healthcare,341.84,353.57,338.74,346.35,18943500,yfinance
2025-09-12,UNH,Healthcare,348.6,354.88,345.23,345.28,14016200,yfinance
2025-09-15,UNH,Healthcare,346.22,346.67,337.62,342.9,11035900,yfinance
2025-09-16,UNH,Healthcare,342.52,344.03,333.47,334.91,12695800,yfinance
2025-09-17,UNH,Healthcare,332.85,338.08,332.85,336.71,8467700,yfinance
2025-09-18,UNH,Healthcare,338.6,339.98,329.33,330.02,11255600,yfinance
2025-09-19,UNH,Healthcare,331.67,336.07,329.05,331.86,13656800,yfinance
2025-09-22,UNH,Healthcare,329.66,337.57,327.83,336.41,8903700,yfinance
2025-09-23,UNH,Healthcare,336.11,347.64,335.08,342.7,12504100,yfinance
2025-09-24,UNH,Healthcare,345.18,349.42,342.85,346.76,9016300,yfinance
2025-09-25,UNH,Healthcare,343.9,345.17,338.67,340.6,8104900,yfinance
2025-09-26,UNH,Healthcare,342.94,344.95,336.41,339.15,6774700,yfinance
2025-09-29,UNH,Healthcare,339.05,340.59,336.55,340.23,6878900,yfinance
2025-09-30,UNH,Healthcare,338.82,344.31,337.42,340.35,7429700,yfinance
2025-10-01,UNH,Healthcare,338.97,343.7,336.73,343.3,8825500,yfinance
2025-10-02,UNH,Healthcare,342.31,349.99,339.71,348.65,8564200,yfinance
2025-10-03,UNH,Healthcare,352.13,362.72,351.5,355.03,13494800,yfinance
2025-10-06,UNH,Healthcare,355.85,357.32,351.99,353.62,7181700,yfinance
2025-10-07,UNH,Healthcare,354.26,359.49,352.92,358.44,7236200,yfinance
2025-10-08,UNH,Healthcare,361.67,369.26,360.55,364.61,9438300,yfinance
2025-10-09,UNH,Healthcare,367.18,370.82,360.83,362.42,8759800,yfinance
2025-10-10,UNH,Healthcare,364.1,364.1,347.45,349.42,13141900,yfinance
2025-10-13,UNH,Healthcare,349.65,354.01,348.25,353.52,5659400,yfinance
2025-10-14,UNH,Healthcare,349.86,357.13,348.33,354.77,5974800,yfinance
2025-10-15,UNH,Healthcare,354.24,359.0,350.75,355.97,6579600,yfinance
2025-10-16,UNH,Healthcare,356.65,356.81,349.32,351.55,5872100,yfinance
2025-10-17,UNH,Healthcare,345.97,353.25,345.8,351.49,8608400,yfinance
2025-10-20,UNH,Healthcare,353.4,360.33,352.38,359.25,5996500,yfinance
2025-10-21,UNH,Healthcare,359.9,365.73,356.32,360.13,6885300,yfinance
2025-10-22,UNH,Healthcare,358.74,358.78,352.87,356.31,7833000,yfinance
2025-10-23,UNH,Healthcare,350.48,357.08,348.57,355.28,5756700,yfinance
2025-10-24,UNH,Healthcare,356.19,360.18,354.87,357.3,5462100,yfinance
2025-10-27,UNH,Healthcare,358.29,360.97,356.22,360.73,7766400,yfinance
2025-10-28,UNH,Healthcare,375.22,375.54,353.49,362.56,18858700,yfinance
2025-10-29,UNH,Healthcare,359.06,360.9,348.8,350.17,11874900,yfinance
2025-10-30,UNH,Healthcare,342.54,349.46,338.67,339.81,11441900,yfinance
2025-10-31,UNH,Healthcare,339.45,341.31,332.29,336.66,8390800,yfinance
2025-11-03,UNH,Healthcare,334.27,335.81,321.92,329.0,11181400,yfinance
2025-11-04,UNH,Healthcare,322.93,331.67,322.51,326.09,9646600,yfinance
2025-11-05,UNH,Healthcare,321.62,325.47,319.57,323.04,9697100,yfinance
2025-11-06,UNH,Healthcare,324.2,327.6,316.84,316.95,7922100,yfinance
2025-11-07,UNH,Healthcare,315.08,319.9,309.65,319.56,9402900,yfinance
2025-11-10,UNH,Healthcare,315.4,319.6,312.62,316.97,9283800,yfinance
2025-11-11,UNH,Healthcare,318.66,323.16,315.29,322.75,7157800,yfinance
2025-11-12,UNH,Healthcare,323.74,338.25,322.39,334.2,10403300,yfinance
2025-11-13,UNH,Healthcare,333.5,334.17,326.54,327.75,7788700,yfinance
2025-11-14,UNH,Healthcare,322.26,323.5,315.89,317.24,8676500,yfinance
2025-11-17,UNH,Healthcare,316.0,323.18,314.85,315.92,6485400,yfinance
2025-11-18,UNH,Healthcare,312.46,312.95,304.34,309.08,9182100,yfinance
2025-11-19,UNH,Healthcare,309.43,310.48,300.16,304.66,8181100,yfinance
2025-11-20,UNH,Healthcare,306.35,310.24,305.55,307.07,7337600,yfinance
2025-11-21,UNH,Healthcare,307.44,319.2,306.97,315.38,8406300,yfinance
2025-11-24,UNH,Healthcare,319.88,321.18,313.06,314.47,10773800,yfinance
2025-11-25,UNH,Healthcare,316.51,323.3,316.3,321.6,6149100,yfinance
2025-11-26,UNH,Healthcare,321.91,330.38,321.22,324.98,5504200,yfinance
2025-11-28,UNH,Healthcare,326.91,327.3,324.17,325.04,2464500,yfinance
2025-12-01,UNH,Healthcare,322.47,325.33,318.4,318.57,6154600,yfinance
2025-12-02,UNH,Healthcare,318.73,323.99,318.17,319.89,7978100,yfinance
2025-12-03,UNH,Healthcare,321.32,336.51,320.35,334.84,9770000,yfinance
2025-12-04,UNH,Healthcare,334.53,336.37,324.01,328.71,8061600,yfinance
2025-12-05,UNH,Healthcare,330.2,330.9,323.8,326.16,5906000,yfinance
2025-12-08,UNH,Healthcare,326.16,326.56,320.34,321.12,4782800,yfinance
2025-12-09,UNH,Healthcare,320.67,323.84,319.99,321.1,4628400,yfinance
2025-12-10,UNH,Healthcare,320.26,326.19,317.13,325.84,5910500,yfinance
2025-12-11,UNH,Healthcare,327.82,336.63,326.22,334.13,7513200,yfinance
2025-12-12,UNH,Healthcare,334.9,342.32,334.77,339.2,7979000,yfinance
2025-12-15,UNH,Healthcare,338.36,342.3,334.4,338.47,6447200,yfinance
2025-12-16,UNH,Healthcare,337.79,338.36,328.48,331.62,6334000,yfinance
2025-12-17,UNH,Healthcare,331.04,332.93,327.93,329.07,4685600,yfinance
2025-12-18,UNH,Healthcare,326.39,327.63,322.07,325.61,6354900,yfinance
2025-12-19,UNH,Healthcare,325.53,332.02,323.55,324.89,10553000,yfinance
2025-12-22,UNH,Healthcare,320.41,327.26,319.17,322.65,7872400,yfinance
2025-12-23,UNH,Healthcare,321.5,325.27,321.26,322.29,4463300,yfinance
2025-12-24,UNH,Healthcare,322.69,326.45,321.63,325.05,2842700,yfinance
2025-12-26,UNH,Healthcare,324.68,329.33,323.74,329.27,4359300,yfinance
2025-12-29,UNH,Healthcare,328.34,331.67,325.75,326.4,4346800,yfinance
2025-12-30,UNH,Healthcare,327.19,333.56,326.97,329.6,4432500,yfinance
2025-12-31,UNH,Healthcare,329.76,330.76,327.34,327.56,4285200,yfinance
2026-01-02,UNH,Healthcare,328.35,337.64,324.97,333.8,6863600,yfinance
2026-01-05,UNH,Healthcare,332.86,344.26,331.27,339.38,7956600,yfinance
2026-01-06,UNH,Healthcare,345.66,349.89,342.46,346.28,9441900,yfinance
2026-01-07,UNH,Healthcare,346.29,347.41,335.43,339.06,7461400,yfinance
2026-01-08,UNH,Healthcare,338.38,345.22,338.17,344.17,5059300,yfinance
2026-01-09,UNH,Healthcare,344.57,346.37,339.84,341.33,4129100,yfinance
2026-01-12,UNH,Healthcare,338.79,340.01,331.36,337.88,7146400,yfinance
2026-01-13,UNH,Healthcare,338.87,339.2,330.28,331.35,5605900,yfinance
2026-01-14,UNH,Healthcare,332.78,337.49,331.52,332.38,5740900,yfinance
2026-01-15,UNH,Healthcare,332.61,336.83,325.53,336.35,6943500,yfinance
2026-01-16,UNH,Healthcare,332.28,333.61,327.88,328.47,8039100,yfinance
2026-01-20,UNH,Healthcare,324.87,337.27,323.98,335.82,7596500,yfinance
2026-01-21,UNH,Healthcare,336.81,345.39,336.08,345.07,8933300,yfinance
2026-01-22,UNH,Healthcare,344.5,352.21,344.09,351.74,7491400,yfinance
2026-01-23,UNH,Healthcare,351.55,355.11,350.27,353.51,9082200,yfinance
2026-01-26,UNH,Healthcare,351.22,352.05,344.59,348.93,10399500,yfinance
2026-01-27,UNH,Healthcare,291.7,297.19,278.24,280.52,65836900,yfinance
2026-01-28,UNH,Healthcare,281.53,292.66,281.53,291.75,23396900,yfinance
2026-01-29,UNH,Healthcare,292.06,293.32,286.99,290.04,13456400,yfinance
2026-01-30,UNH,Healthcare,289.85,290.69,282.5,284.72,12022200,yfinance
2026-02-02,UNH,Healthcare,283.81,288.16,280.1,283.39,8664200,yfinance
2026-02-03,UNH,Healthcare,282.5,285.87,276.45,281.99,10809100,yfinance
2026-02-04,UNH,Healthcare,279.83,282.31,271.94,273.79,12944100,yfinance
2026-02-05,UNH,Healthcare,272.17,274.75,264.24,266.48,13035300,yfinance
2026-02-06,UNH,Healthcare,265.0,275.67,264.35,274.52,9572800,yfinance
2026-02-09,UNH,Healthcare,272.04,278.02,271.21,273.57,10371600,yfinance
2026-02-10,UNH,Healthcare,275.38,277.33,270.55,271.11,7284700,yfinance
2026-02-11,UNH,Healthcare,270.34,277.53,267.72,276.76,6333100,yfinance
2026-02-12,UNH,Healthcare,276.01,284.1,273.68,282.18,12336900,yfinance
2026-02-13,UNH,Healthcare,283.43,291.2,282.32,290.93,10281900,yfinance
2026-02-17,UNH,Healthcare,291.73,291.96,286.12,286.86,6091700,yfinance
2026-02-18,UNH,Healthcare,287.76,287.89,284.08,285.98,6632000,yfinance
2026-02-19,UNH,Healthcare,288.65,288.65,284.68,287.69,4931800,yfinance
2026-02-20,UNH,Healthcare,286.67,288.56,283.35,287.76,6974100,yfinance
2026-02-23,UNH,Healthcare,286.32,289.52,279.5,280.16,7247500,yfinance
2026-02-24,UNH,Healthcare,280.02,280.22,269.7,271.84,9684500,yfinance
2026-02-25,UNH,Healthcare,275.15,282.54,274.73,282.01,11380600,yfinance
2026-02-26,UNH,Healthcare,284.77,292.98,283.03,284.45,10210000,yfinance
2026-02-27,UNH,Healthcare,282.5,291.86,281.66,291.01,9723300,yfinance
2026-03-02,UNH,Healthcare,285.94,293.03,285.28,292.65,8141400,yfinance
2026-03-03,UNH,Healthcare,286.76,291.47,282.17,286.98,7051100,yfinance
2026-03-04,UNH,Healthcare,286.78,292.07,285.46,289.71,7796000,yfinance
2026-03-05,UNH,Healthcare,287.81,289.14,284.53,286.54,5397900,yfinance
2026-03-06,UNH,Healthcare,285.12,289.08,280.87,284.27,6816900,yfinance
2026-03-09,UNH,Healthcare,282.0,285.2,278.66,285.17,10348800,yfinance
2026-03-10,UNH,Healthcare,287.38,287.58,278.9,282.34,6075600,yfinance
2026-03-11,UNH,Healthcare,282.38,286.22,280.6,285.25,6878800,yfinance
2026-03-12,UNH,Healthcare,284.78,287.56,276.29,277.05,10512300,yfinance
2026-03-13,UNH,Healthcare,278.06,282.88,277.81,282.09,4737600,yfinance
2026-03-16,UNH,Healthcare,283.98,287.4,281.04,285.49,4854000,yfinance
2026-03-17,UNH,Healthcare,287.8,288.99,284.84,287.57,5752000,yfinance
2026-03-18,UNH,Healthcare,285.2,288.4,283.07,284.33,4544100,yfinance
2026-03-19,UNH,Healthcare,284.0,287.55,280.07,280.44,5542100,yfinance
2026-03-20,UNH,Healthcare,278.99,283.1,275.0,275.59,38893000,yfinance
2026-03-23,UNH,Healthcare,279.14,280.75,269.09,269.54,10424200,yfinance
2026-03-24,UNH,Healthcare,268.87,273.38,267.59,272.28,5911700,yfinance
2026-03-25,UNH,Healthcare,275.0,276.08,267.11,270.55,8121200,yfinance
2026-03-26,UNH,Healthcare,269.99,274.64,267.18,268.05,6218800,yfinance
2026-03-27,UNH,Healthcare,267.5,267.67,255.97,259.02,10735300,yfinance
2026-03-30,UNH,Healthcare,260.18,262.33,256.67,261.79,7774700,yfinance
2026-03-31,UNH,Healthcare,263.0,271.88,262.61,270.59,9170800,yfinance
2026-04-01,UNH,Healthcare,274.21,275.3,270.76,273.98,5473400,yfinance
2026-04-02,UNH,Healthcare,272.29,279.04,271.53,277.26,6407000,yfinance
2026-04-06,UNH,Healthcare,277.88,283.3,277.25,281.36,7097000,yfinance
2026-04-07,UNH,Healthcare,308.85,312.43,300.75,307.73,22099800,yfinance
2026-04-08,UNH,Healthcare,312.0,312.97,304.83,305.98,9645000,yfinance
2026-04-09,UNH,Healthcare,305.82,307.89,304.14,306.91,5742000,yfinance
2026-04-10,UNH,Healthcare,307.95,310.37,304.2,304.33,5212900,yfinance
2026-04-13,UNH,Healthcare,303.25,313.32,302.92,313.0,7972200,yfinance
2026-04-14,UNH,Healthcare,312.51,319.62,312.51,314.19,5864500,yfinance
2026-04-15,UNH,Healthcare,316.0,317.76,311.15,314.05,5041200,yfinance
2026-04-16,UNH,Healthcare,315.0,318.61,313.11,316.4,5205600,yfinance
2026-04-17,UNH,Healthcare,320.05,325.27,317.14,324.63,9414700,yfinance
2026-04-20,UNH,Healthcare,324.19,325.4,320.12,323.48,9050600,yfinance
2026-04-21,UNH,Healthcare,353.01,357.68,345.23,346.01,26097300,yfinance
2026-04-22,UNH,Healthcare,350.88,358.56,349.1,353.52,11807300,yfinance
2026-04-23,UNH,Healthcare,354.68,356.85,350.5,354.56,7255800,yfinance
2026-04-24,UNH,Healthcare,356.49,358.28,351.39,354.92,8554600,yfinance
2026-04-27,UNH,Healthcare,353.91,356.49,348.95,354.69,7256100,yfinance
2026-04-28,UNH,Healthcare,356.84,369.63,355.72,366.77,10604100,yfinance
2026-04-29,UNH,Healthcare,366.0,370.84,365.01,370.74,9046600,yfinance
2026-04-30,UNH,Healthcare,368.51,371.99,363.0,370.48,6879900,yfinance
2026-05-01,UNH,Healthcare,371.96,372.9,367.02,368.78,4945400,yfinance
2026-05-04,UNH,Healthcare,368.55,370.83,364.65,370.75,4916900,yfinance
2026-05-05,UNH,Healthcare,370.48,371.8,361.81,363.87,6489000,yfinance
2026-05-06,UNH,Healthcare,363.1,368.55,358.25,367.28,6695500,yfinance
2026-05-07,UNH,Healthcare,366.64,369.81,364.72,369.74,5235400,yfinance
2026-05-08,UNH,Healthcare,371.99,379.98,371.99,379.98,6455100,yfinance
2026-05-11,UNH,Healthcare,380.45,384.81,376.07,384.44,6949600,yfinance
2026-05-12,UNH,Healthcare,382.85,397.42,382.01,396.39,9236300,yfinance
2026-05-13,UNH,Healthcare,396.5,404.15,393.0,401.16,8454100,yfinance
2026-05-14,UNH,Healthcare,401.0,401.9,396.0,399.09,5342500,yfinance
2026-05-15,UNH,Healthcare,394.3,397.63,390.25,393.85,9811200,yfinance
2026-05-18,UNH,Healthcare,390.0,392.14,383.5,391.13,8400700,yfinance
2026-05-19,UNH,Healthcare,390.0,394.99,387.51,389.24,5016800,yfinance
2026-05-20,UNH,Healthcare,389.55,393.38,380.7,383.3,7783900,yfinance
2026-05-21,UNH,Healthcare,381.12,386.11,380.54,382.48,4732500,yfinance
2026-05-22,UNH,Healthcare,381.92,390.54,381.01,388.47,5598600,yfinance
2026-05-26,UNH,Healthcare,386.0,386.52,376.41,376.86,6498100,yfinance
2026-05-27,UNH,Healthcare,378.43,384.53,377.09,384.01,4544000,yfinance
2026-05-28,UNH,Healthcare,384.96,389.26,380.96,382.53,4330800,yfinance
2026-05-29,UNH,Healthcare,383.78,385.12,375.45,380.31,10257900,yfinance
2026-06-01,UNH,Healthcare,376.11,383.35,375.92,379.86,6623700,yfinance
2026-06-02,UNH,Healthcare,377.98,380.08,374.72,377.92,3874400,yfinance
2026-06-03,UNH,Healthcare,380.0,387.46,376.81,377.0,6808400,yfinance
2026-06-04,UNH,Healthcare,390.0,401.38,389.82,396.47,12666100,yfinance
2026-06-05,UNH,Healthcare,399.54,404.04,397.2,399.47,10897300,yfinance
2023-09-12,V,Financials,241.82,242.62,240.91,242.17,3499600,yfinance
2023-09-13,V,Financials,242.03,244.88,241.5,242.69,5657000,yfinance
2023-09-14,V,Financials,239.92,240.45,233.8,236.49,12000000,yfinance
2023-09-15,V,Financials,236.88,239.04,235.05,236.07,13077900,yfinance
2023-09-18,V,Financials,235.94,240.15,235.78,239.59,4771600,yfinance
2023-09-19,V,Financials,239.92,240.04,236.45,238.51,4709000,yfinance
2023-09-20,V,Financials,238.58,239.46,236.66,236.85,5756600,yfinance
2023-09-21,V,Financials,235.78,235.79,231.37,231.7,6881500,yfinance
2023-09-22,V,Financials,231.84,232.86,230.01,230.21,5935500,yfinance
2023-09-25,V,Financials,230.5,230.59,227.4,228.52,5921600,yfinance
2023-09-26,V,Financials,227.12,227.85,224.84,224.89,6193200,yfinance
2023-09-27,V,Financials,225.49,225.9,223.19,224.74,6006700,yfinance
2023-09-28,V,Financials,225.89,227.72,224.91,226.86,4203900,yfinance
2023-09-29,V,Financials,228.01,228.2,224.89,225.24,6045200,yfinance
2023-10-02,V,Financials,224.49,226.57,224.03,226.48,5175200,yfinance
2023-10-03,V,Financials,225.69,226.95,223.06,224.07,5585700,yfinance
2023-10-04,V,Financials,224.72,226.9,224.13,226.43,5430900,yfinance
2023-10-05,V,Financials,225.63,229.33,225.45,228.64,6126200,yfinance
2023-10-06,V,Financials,228.34,231.69,227.92,230.17,6401300,yfinance
2023-10-09,V,Financials,227.97,230.29,226.9,229.58,5372200,yfinance
2023-10-10,V,Financials,230.03,233.28,229.42,231.69,4644000,yfinance
2023-10-11,V,Financials,232.63,233.57,230.02,230.79,4760900,yfinance
2023-10-12,V,Financials,231.8,232.8,230.02,231.87,4472800,yfinance
2023-10-13,V,Financials,231.49,233.7,231.33,232.74,4966800,yfinance
2023-10-16,V,Financials,234.05,235.72,233.39,235.09,6227300,yfinance
2023-10-17,V,Financials,234.66,236.47,233.35,236.2,4527600,yfinance
2023-10-18,V,Financials,234.99,235.84,232.08,232.55,9528300,yfinance
2023-10-19,V,Financials,232.55,232.99,228.57,228.96,5927400,yfinance
2023-10-20,V,Financials,229.28,230.88,227.82,228.54,5748300,yfinance
2023-10-23,V,Financials,226.56,229.6,226.49,226.73,5071700,yfinance
2023-10-24,V,Financials,228.06,231.63,228.06,229.79,6844100,yfinance
2023-10-25,V,Financials,227.44,233.54,226.49,231.94,10365300,yfinance
2023-10-26,V,Financials,229.71,230.73,225.58,226.49,6414500,yfinance
2023-10-27,V,Financials,226.38,226.59,223.3,224.52,5540900,yfinance
2023-10-30,V,Financials,227.38,228.54,225.26,228.25,5170300,yfinance
2023-10-31,V,Financials,228.73,230.83,228.16,230.23,4828400,yfinance
2023-11-01,V,Financials,231.24,234.08,230.79,233.63,4996200,yfinance
2023-11-02,V,Financials,234.94,238.21,234.24,238.21,6286700,yfinance
2023-11-03,V,Financials,240.04,240.23,237.24,238.55,5029800,yfinance
2023-11-06,V,Financials,238.94,239.71,237.58,238.44,5254100,yfinance
2023-11-07,V,Financials,238.36,239.99,238.33,239.7,4219700,yfinance
2023-11-08,V,Financials,238.95,240.19,238.27,239.36,5117500,yfinance
2023-11-09,V,Financials,239.77,239.92,236.48,237.13,4866600,yfinance
2023-11-10,V,Financials,239.43,240.7,237.46,240.68,4094400,yfinance
2023-11-13,V,Financials,240.43,241.1,239.56,240.11,4088500,yfinance
2023-11-14,V,Financials,241.58,243.31,241.0,242.34,14092000,yfinance
2023-11-15,V,Financials,242.21,243.61,240.77,243.48,13258900,yfinance
2023-11-16,V,Financials,243.95,244.8,242.66,243.93,7051600,yfinance
2023-11-17,V,Financials,244.8,245.57,244.02,244.91,7238200,yfinance
2023-11-20,V,Financials,244.96,246.25,241.02,245.31,8604200,yfinance
2023-11-21,V,Financials,245.37,248.62,245.37,247.53,7213700,yfinance
2023-11-22,V,Financials,248.28,249.79,247.95,248.99,5701400,yfinance
2023-11-24,V,Financials,249.45,249.95,248.77,249.56,1640900,yfinance
2023-11-27,V,Financials,249.56,250.23,247.81,249.4,5478900,yfinance
2023-11-28,V,Financials,249.12,249.41,246.92,248.22,5234900,yfinance
2023-11-29,V,Financials,249.19,251.3,248.79,249.49,4955100,yfinance
2023-11-30,V,Financials,249.51,251.98,248.45,251.89,6874700,yfinance
2023-12-01,V,Financials,251.02,252.12,249.17,251.67,3939400,yfinance
2023-12-04,V,Financials,251.14,252.59,249.61,249.7,5247500,yfinance
2023-12-05,V,Financials,249.45,250.07,247.44,249.86,4199100,yfinance
2023-12-06,V,Financials,251.03,252.04,248.8,249.55,3874000,yfinance
2023-12-07,V,Financials,250.14,251.36,248.77,251.05,3589300,yfinance
2023-12-08,V,Financials,250.25,251.27,249.14,250.97,3732300,yfinance
2023-12-11,V,Financials,250.25,252.83,250.25,251.74,6479300,yfinance
2023-12-12,V,Financials,252.5,254.88,251.62,254.72,5946600,yfinance
2023-12-13,V,Financials,254.32,257.59,253.87,257.49,4859900,yfinance
2023-12-14,V,Financials,258.28,258.34,251.62,253.91,8168700,yfinance
2023-12-15,V,Financials,249.76,253.55,249.71,253.22,13374000,yfinance
2023-12-18,V,Financials,253.88,254.75,253.14,253.55,6041100,yfinance
2023-12-19,V,Financials,253.79,255.49,252.4,255.14,8731200,yfinance
2023-12-20,V,Financials,255.64,255.96,252.29,252.32,7240900,yfinance
2023-12-21,V,Financials,252.71,255.14,252.25,254.7,6246700,yfinance
2023-12-22,V,Financials,255.15,256.34,253.41,253.61,5111500,yfinance
2023-12-26,V,Financials,253.71,254.9,253.71,254.33,2085100,yfinance
2023-12-27,V,Financials,254.42,254.93,253.49,254.1,4034700,yfinance
2023-12-28,V,Financials,253.72,256.1,253.72,255.54,3020500,yfinance
2023-12-29,V,Financials,255.71,256.58,254.83,255.5,4074900,yfinance
2024-01-02,V,Financials,254.77,255.24,252.87,254.04,5471000,yfinance
2024-01-03,V,Financials,253.73,254.03,252.07,253.17,4148300,yfinance
2024-01-04,V,Financials,253.26,256.17,253.19,254.77,3843000,yfinance
2024-01-05,V,Financials,255.92,256.58,253.93,254.85,3748400,yfinance
2024-01-08,V,Financials,256.07,257.72,255.1,257.64,4659000,yfinance
2024-01-09,V,Financials,257.11,258.7,256.27,258.42,7055800,yfinance
2024-01-10,V,Financials,260.03,260.42,257.96,259.63,4355800,yfinance
2024-01-11,V,Financials,260.51,261.23,257.51,259.11,5599000,yfinance
2024-01-12,V,Financials,260.19,260.6,258.79,259.24,4656100,yfinance
2024-01-16,V,Financials,258.61,260.71,257.46,260.29,6196400,yfinance
2024-01-17,V,Financials,259.49,262.12,259.46,261.66,5118700,yfinance
2024-01-18,V,Financials,262.88,263.77,261.45,263.14,6694300,yfinance
2024-01-19,V,Financials,263.18,266.09,262.07,265.85,7226500,yfinance
2024-01-22,V,Financials,267.16,267.27,265.32,266.14,5984300,yfinance
2024-01-23,V,Financials,266.49,266.8,264.88,266.2,5883000,yfinance
2024-01-24,V,Financials,267.49,267.77,266.03,266.58,5021700,yfinance
2024-01-25,V,Financials,266.88,267.69,265.75,267.53,6894900,yfinance
2024-01-26,V,Financials,260.98,265.82,260.65,262.94,8586500,yfinance
2024-01-29,V,Financials,261.99,269.94,261.74,268.56,6574500,yfinance
2024-01-30,V,Financials,269.47,273.44,269.08,271.98,6549000,yfinance
2024-01-31,V,Financials,271.95,274.77,268.09,268.16,6139300,yfinance
2024-02-01,V,Financials,268.29,272.02,268.26,271.88,7065000,yfinance
2024-02-02,V,Financials,272.43,273.31,270.54,272.01,4848700,yfinance
2024-02-05,V,Financials,272.23,272.82,270.0,270.44,4899100,yfinance
2024-02-06,V,Financials,269.68,271.72,268.92,271.6,4400000,yfinance
2024-02-07,V,Financials,274.17,274.33,271.89,274.18,4785900,yfinance
2024-02-08,V,Financials,274.84,274.96,270.65,271.14,5833400,yfinance
2024-02-09,V,Financials,270.38,272.52,269.48,271.78,4618300,yfinance
2024-02-12,V,Financials,271.78,272.02,269.63,270.44,3676200,yfinance
2024-02-13,V,Financials,269.15,273.32,268.17,271.17,5493800,yfinance
2024-02-14,V,Financials,271.82,272.97,270.09,272.89,4218400,yfinance
2024-02-15,V,Financials,272.98,276.39,272.89,276.25,4834800,yfinance
2024-02-16,V,Financials,276.24,276.39,273.2,273.88,6630700,yfinance
2024-02-20,V,Financials,269.95,272.18,268.74,270.52,6157200,yfinance
2024-02-21,V,Financials,270.01,272.31,268.93,272.11,4770100,yfinance
2024-02-22,V,Financials,274.49,279.28,274.29,278.98,5100200,yfinance
2024-02-23,V,Financials,279.93,281.14,278.73,278.83,5107700,yfinance
2024-02-26,V,Financials,278.28,280.55,277.91,279.37,3856900,yfinance
2024-02-27,V,Financials,279.39,279.39,276.81,278.41,4145200,yfinance
2024-02-28,V,Financials,277.36,281.32,277.34,280.83,4358800,yfinance
2024-02-29,V,Financials,280.7,280.86,277.43,277.89,6633700,yfinance
2024-03-01,V,Financials,278.44,280.12,277.37,278.4,3955700,yfinance
2024-03-04,V,Financials,278.05,278.24,273.45,275.81,5920300,yfinance
2024-03-05,V,Financials,275.56,276.26,273.01,274.68,6227900,yfinance
2024-03-06,V,Financials,275.29,277.26,274.61,275.71,4535200,yfinance
2024-03-07,V,Financials,276.16,276.44,271.52,273.58,5668500,yfinance
2024-03-08,V,Financials,274.31,276.93,274.14,275.33,3928800,yfinance
2024-03-11,V,Financials,274.75,276.05,273.32,275.84,4614000,yfinance
2024-03-12,V,Financials,276.58,279.7,275.58,279.15,7988700,yfinance
2024-03-13,V,Financials,279.87,281.29,279.05,280.34,5783800,yfinance
2024-03-14,V,Financials,284.1,284.18,279.76,281.59,5484500,yfinance
2024-03-15,V,Financials,278.78,280.83,277.89,278.28,9845000,yfinance
2024-03-18,V,Financials,279.1,281.42,278.49,280.26,4095600,yfinance
2024-03-19,V,Financials,281.84,283.22,280.45,282.52,6595200,yfinance
2024-03-20,V,Financials,282.8,285.0,281.9,284.42,6105000,yfinance
2024-03-21,V,Financials,285.09,286.07,283.06,285.49,5057600,yfinance
2024-03-22,V,Financials,285.12,285.6,278.13,278.5,8744100,yfinance
2024-03-25,V,Financials,278.25,278.73,275.33,276.48,8519200,yfinance
2024-03-26,V,Financials,279.35,279.35,273.73,275.88,8752400,yfinance
2024-03-27,V,Financials,275.54,276.52,272.32,274.33,5190700,yfinance
2024-03-28,V,Financials,273.81,275.09,272.46,274.39,5844400,yfinance
2024-04-01,V,Financials,275.65,276.17,272.14,273.6,5084000,yfinance
2024-04-02,V,Financials,273.32,274.63,272.32,273.76,6912300,yfinance
2024-04-03,V,Financials,275.76,275.76,271.91,272.3,4536600,yfinance
2024-04-04,V,Financials,273.68,274.39,268.96,269.39,4018600,yfinance
2024-04-05,V,Financials,271.46,273.29,270.4,272.48,4392100,yfinance
2024-04-08,V,Financials,271.6,273.31,270.52,273.09,5542400,yfinance
2024-04-09,V,Financials,272.96,273.32,268.72,272.07,7313900,yfinance
2024-04-10,V,Financials,270.79,272.16,269.51,269.86,5276000,yfinance
2024-04-11,V,Financials,269.39,271.83,267.6,271.04,8102300,yfinance
2024-04-12,V,Financials,270.92,272.34,269.45,271.32,9038400,yfinance
2024-04-15,V,Financials,273.22,273.24,265.79,266.72,10267500,yfinance
2024-04-16,V,Financials,265.99,269.52,265.63,266.79,8237100,yfinance
2024-04-17,V,Financials,268.7,269.39,266.93,268.1,5940900,yfinance
2024-04-18,V,Financials,267.99,268.56,265.32,266.81,8231800,yfinance
2024-04-19,V,Financials,266.9,267.43,263.78,265.24,7905400,yfinance
2024-04-22,V,Financials,266.39,269.16,264.83,267.75,6463700,yfinance
2024-04-23,V,Financials,269.4,270.27,268.12,269.5,6438000,yfinance
2024-04-24,V,Financials,277.82,278.24,269.87,270.39,8807200,yfinance
2024-04-25,V,Financials,268.38,271.57,265.94,270.53,8064600,yfinance
2024-04-26,V,Financials,270.39,272.12,269.22,269.9,6840600,yfinance
2024-04-29,V,Financials,267.74,269.85,266.53,267.27,4128600,yfinance
2024-04-30,V,Financials,265.98,267.5,264.06,264.09,6376400,yfinance
2024-05-01,V,Financials,263.64,266.35,262.22,262.82,6119900,yfinance
2024-05-02,V,Financials,264.82,264.94,262.17,263.11,5061700,yfinance
2024-05-03,V,Financials,264.48,264.92,262.02,263.97,3862000,yfinance
2024-05-06,V,Financials,265.12,268.19,265.04,268.08,3958700,yfinance
2024-05-07,V,Financials,269.12,273.21,268.24,271.81,6377100,yfinance
2024-05-08,V,Financials,273.13,273.87,270.3,272.53,9029700,yfinance
2024-05-09,V,Financials,272.15,274.1,271.75,273.86,8948800,yfinance
2024-05-10,V,Financials,274.85,276.3,274.54,276.02,8986400,yfinance
2024-05-13,V,Financials,276.73,277.41,274.41,274.69,10528400,yfinance
2024-05-14,V,Financials,274.74,275.28,269.66,273.07,18526100,yfinance
2024-05-15,V,Financials,272.49,276.99,272.41,276.77,21288400,yfinance
2024-05-16,V,Financials,277.51,278.15,275.07,275.64,10341500,yfinance
2024-05-17,V,Financials,275.85,276.7,273.93,275.9,6177800,yfinance
2024-05-20,V,Financials,275.03,276.07,274.01,274.36,5460900,yfinance
2024-05-21,V,Financials,273.83,274.25,270.76,271.81,6578200,yfinance
2024-05-22,V,Financials,271.4,273.91,270.99,271.45,4202500,yfinance
2024-05-23,V,Financials,271.11,273.28,268.94,270.12,6115900,yfinance
2024-05-24,V,Financials,270.89,271.11,269.25,270.37,4339700,yfinance
2024-05-28,V,Financials,270.12,270.34,266.18,266.92,6212100,yfinance
2024-05-29,V,Financials,264.97,267.07,264.24,264.83,5469700,yfinance
2024-05-30,V,Financials,264.67,267.57,264.29,267.23,4901900,yfinance
2024-05-31,V,Financials,267.37,268.67,264.98,268.37,8910000,yfinance
2024-06-03,V,Financials,268.99,269.03,264.04,266.33,4838800,yfinance
2024-06-04,V,Financials,265.59,268.9,265.27,268.33,4188500,yfinance
2024-06-05,V,Financials,269.43,270.81,267.94,270.38,5368700,yfinance
2024-06-06,V,Financials,270.68,272.99,269.97,272.89,4862400,yfinance
2024-06-07,V,Financials,273.55,276.13,272.71,274.49,4515600,yfinance
2024-06-10,V,Financials,273.97,274.38,269.28,270.92,5213800,yfinance
2024-06-11,V,Financials,270.42,270.74,268.14,270.55,6244600,yfinance
2024-06-12,V,Financials,272.62,273.44,265.85,266.27,7536600,yfinance
2024-06-13,V,Financials,266.27,267.78,265.28,267.12,7361200,yfinance
2024-06-14,V,Financials,266.05,267.48,265.23,266.6,8537300,yfinance
2024-06-17,V,Financials,264.97,267.75,264.97,267.1,9258200,yfinance
2024-06-18,V,Financials,267.23,269.79,267.23,269.52,6707500,yfinance
2024-06-20,V,Financials,269.09,273.87,269.0,272.67,10164400,yfinance
2024-06-21,V,Financials,273.01,273.38,270.46,271.09,14594700,yfinance
2024-06-24,V,Financials,271.19,276.18,271.14,272.16,24149600,yfinance
2024-06-25,V,Financials,272.7,273.76,269.43,269.43,18325800,yfinance
2024-06-26,V,Financials,268.82,270.34,267.67,269.5,12172000,yfinance
2024-06-27,V,Financials,264.48,266.53,262.5,262.59,10529100,yfinance
2024-06-28,V,Financials,263.19,264.57,257.33,258.53,13957300,yfinance
2024-07-01,V,Financials,259.83,261.78,257.38,259.29,7955800,yfinance
2024-07-02,V,Financials,259.29,264.21,258.46,264.21,8697800,yfinance
2024-07-03,V,Financials,265.03,265.7,264.13,264.96,5017800,yfinance
2024-07-05,V,Financials,264.97,266.49,264.22,266.31,7986400,yfinance
2024-07-08,V,Financials,266.2,267.37,261.98,262.4,8561100,yfinance
2024-07-09,V,Financials,263.0,263.54,259.96,261.46,6431300,yfinance
2024-07-10,V,Financials,255.23,259.53,254.63,259.06,9635500,yfinance
2024-07-11,V,Financials,258.2,259.68,256.85,258.61,8803600,yfinance
2024-07-12,V,Financials,260.38,263.39,259.71,261.75,6627800,yfinance
2024-07-15,V,Financials,261.69,265.2,261.27,264.42,6845200,yfinance
2024-07-16,V,Financials,264.49,266.16,263.36,265.21,7869900,yfinance
2024-07-17,V,Financials,264.41,268.82,264.22,268.61,5324700,yfinance
2024-07-18,V,Financials,268.21,269.52,264.53,265.11,5550800,yfinance
2024-07-19,V,Financials,266.27,266.89,260.35,261.48,6839900,yfinance
2024-07-22,V,Financials,263.22,264.37,261.05,263.7,5313600,yfinance
2024-07-23,V,Financials,263.52,263.69,259.9,260.82,8109200,yfinance
2024-07-24,V,Financials,252.23,253.34,249.33,250.36,13065900,yfinance
2024-07-25,V,Financials,251.56,254.35,248.91,249.93,8573300,yfinance
2024-07-26,V,Financials,251.76,257.28,251.76,255.57,7062200,yfinance
2024-07-29,V,Financials,256.42,258.77,254.7,257.68,6068100,yfinance
2024-07-30,V,Financials,259.28,260.34,257.1,259.15,5941800,yfinance
2024-07-31,V,Financials,260.57,262.37,260.29,261.69,7642500,yfinance
2024-08-01,V,Financials,262.34,263.0,260.22,261.94,7269700,yfinance
2024-08-02,V,Financials,259.87,263.94,258.94,262.58,7017900,yfinance
2024-08-05,V,Financials,257.53,258.98,250.69,252.59,9631300,yfinance
2024-08-06,V,Financials,252.65,256.58,251.93,254.39,21586800,yfinance
2024-08-07,V,Financials,255.77,258.1,252.47,252.67,12908600,yfinance
2024-08-08,V,Financials,254.26,256.54,254.05,255.93,8223700,yfinance
2024-08-09,V,Financials,255.8,258.11,255.64,256.38,7228100,yfinance
2024-08-12,V,Financials,257.11,258.19,255.86,256.51,26769400,yfinance
2024-08-13,V,Financials,256.74,258.27,255.89,256.74,12005700,yfinance
2024-08-14,V,Financials,257.47,258.09,255.37,257.74,8552300,yfinance
2024-08-15,V,Financials,259.42,263.91,259.42,263.33,7397800,yfinance
2024-08-16,V,Financials,263.38,264.94,261.93,263.9,5111100,yfinance
2024-08-19,V,Financials,263.94,264.82,261.78,263.0,6555900,yfinance
2024-08-20,V,Financials,263.52,264.55,262.32,264.55,6803600,yfinance
2024-08-21,V,Financials,265.06,265.76,263.91,264.71,6639700,yfinance
2024-08-22,V,Financials,265.44,265.99,263.1,264.45,4425200,yfinance
2024-08-23,V,Financials,265.2,265.7,261.86,263.96,3697400,yfinance
2024-08-26,V,Financials,264.23,266.85,264.18,264.72,4612200,yfinance
2024-08-27,V,Financials,265.02,267.42,264.4,267.19,6594100,yfinance
2024-08-28,V,Financials,267.63,268.44,264.18,265.68,5455100,yfinance
2024-08-29,V,Financials,267.45,272.4,266.93,270.75,5565100,yfinance
2024-08-30,V,Financials,271.42,273.38,270.69,272.77,6296100,yfinance
2024-09-03,V,Financials,272.77,278.42,272.77,274.91,7278300,yfinance
2024-09-04,V,Financials,275.08,277.98,275.07,276.84,6107500,yfinance
2024-09-05,V,Financials,277.34,277.83,273.8,274.99,6447400,yfinance
2024-09-06,V,Financials,274.15,276.63,273.82,275.73,7187700,yfinance
2024-09-09,V,Financials,278.42,283.23,277.98,281.89,10933900,yfinance
2024-09-10,V,Financials,282.21,282.67,279.88,281.62,5314400,yfinance
2024-09-11,V,Financials,281.31,281.46,274.68,280.26,6281800,yfinance
2024-09-12,V,Financials,280.3,282.28,277.8,281.65,4160800,yfinance
2024-09-13,V,Financials,282.76,284.98,281.83,283.61,4987600,yfinance
2024-09-16,V,Financials,284.3,287.11,283.99,286.7,4458900,yfinance
2024-09-17,V,Financials,287.11,289.25,286.3,287.76,5135700,yfinance
2024-09-18,V,Financials,288.04,288.22,284.38,284.72,5890000,yfinance
2024-09-19,V,Financials,287.3,287.68,279.19,281.53,10382100,yfinance
2024-09-20,V,Financials,281.78,283.26,279.56,281.06,27810900,yfinance
2024-09-23,V,Financials,281.19,285.12,280.91,284.87,6505600,yfinance
2024-09-24,V,Financials,276.53,277.34,269.16,269.23,13690200,yfinance
2024-09-25,V,Financials,270.62,270.68,264.74,266.12,11671300,yfinance
2024-09-26,V,Financials,266.98,269.68,266.48,268.15,9552500,yfinance
2024-09-27,V,Financials,269.6,274.36,269.23,271.59,6509600,yfinance
2024-09-30,V,Financials,271.42,272.1,269.64,271.37,5969900,yfinance
2024-10-01,V,Financials,273.36,275.43,270.79,273.99,5781600,yfinance
2024-10-02,V,Financials,272.97,274.02,271.78,273.39,4741600,yfinance
2024-10-03,V,Financials,273.07,274.07,272.25,273.25,3036700,yfinance
2024-10-04,V,Financials,273.74,274.81,271.52,274.31,4259300,yfinance
2024-10-07,V,Financials,273.98,274.0,269.68,270.22,4339300,yfinance
2024-10-08,V,Financials,271.13,272.5,270.44,271.38,4370900,yfinance
2024-10-09,V,Financials,271.42,273.88,270.85,273.32,4115800,yfinance
2024-10-10,V,Financials,273.18,274.05,271.76,273.86,4063900,yfinance
2024-10-11,V,Financials,272.45,275.17,271.78,274.22,4746300,yfinance
2024-10-14,V,Financials,275.45,277.71,274.37,277.02,3996600,yfinance
2024-10-15,V,Financials,277.34,278.96,275.2,275.65,5807000,yfinance
2024-10-16,V,Financials,274.99,283.85,274.73,283.78,9442700,yfinance
2024-10-17,V,Financials,284.81,287.14,283.86,286.61,8815800,yfinance
2024-10-18,V,Financials,286.14,287.25,284.33,286.84,5350900,yfinance
2024-10-21,V,Financials,285.83,286.66,282.6,283.11,6313100,yfinance
2024-10-22,V,Financials,281.34,282.8,279.84,281.08,5736500,yfinance
2024-10-23,V,Financials,282.32,282.33,279.84,280.06,5249300,yfinance
2024-10-24,V,Financials,278.71,279.93,278.06,279.53,4679900,yfinance
2024-10-25,V,Financials,280.3,281.38,277.12,278.06,4464600,yfinance
2024-10-28,V,Financials,278.37,280.93,277.86,280.49,4306200,yfinance
2024-10-29,V,Financials,280.57,281.98,277.69,278.21,7534800,yfinance
2024-10-30,V,Financials,288.53,291.93,284.58,286.38,9606800,yfinance
2024-10-31,V,Financials,288.29,292.48,285.85,286.08,7950200,yfinance
2024-11-01,V,Financials,284.73,288.86,283.45,286.95,5470700,yfinance
2024-11-04,V,Financials,287.75,289.33,286.97,288.05,4281600,yfinance
2024-11-05,V,Financials,287.91,290.94,287.78,289.47,3753700,yfinance
2024-11-06,V,Financials,302.33,304.98,298.88,303.4,10320500,yfinance
2024-11-07,V,Financials,303.5,303.62,300.46,301.82,6237300,yfinance
2024-11-08,V,Financials,302.89,307.1,301.71,303.86,6240600,yfinance
2024-11-11,V,Financials,306.05,308.37,305.27,306.87,4674100,yfinance
2024-11-12,V,Financials,305.6,307.09,304.68,306.4,4616400,yfinance
2024-11-13,V,Financials,306.04,307.48,304.41,306.03,4046400,yfinance
2024-11-14,V,Financials,305.85,307.82,304.4,304.81,4415800,yfinance
2024-11-15,V,Financials,304.13,307.26,303.24,306.19,5106300,yfinance
2024-11-18,V,Financials,306.03,308.93,305.26,308.68,4585600,yfinance
2024-11-19,V,Financials,306.54,308.75,305.07,308.37,4885500,yfinance
2024-11-20,V,Financials,308.38,308.81,302.81,303.96,6349900,yfinance
2024-11-21,V,Financials,303.87,307.45,303.23,306.45,5757100,yfinance
2024-11-22,V,Financials,304.54,308.12,304.47,306.47,5919200,yfinance
2024-11-25,V,Financials,308.38,310.16,306.41,309.7,14189300,yfinance
2024-11-26,V,Financials,310.7,310.99,308.07,308.34,7071500,yfinance
2024-11-27,V,Financials,307.31,312.84,306.04,311.19,5204300,yfinance
2024-11-29,V,Financials,310.79,312.73,310.2,311.57,3853300,yfinance
2024-12-02,V,Financials,313.37,313.88,310.21,313.12,5597500,yfinance
2024-12-03,V,Financials,313.57,313.78,309.28,309.52,5009900,yfinance
2024-12-04,V,Financials,308.94,309.36,305.36,306.45,5981800,yfinance
2024-12-05,V,Financials,306.53,307.62,305.39,305.64,5200100,yfinance
2024-12-06,V,Financials,305.43,309.08,305.36,307.54,4302700,yfinance
2024-12-09,V,Financials,308.35,309.52,304.21,304.86,5785300,yfinance
2024-12-10,V,Financials,303.93,309.49,303.22,308.9,4539500,yfinance
2024-12-11,V,Financials,309.55,312.03,307.74,310.29,4321800,yfinance
2024-12-12,V,Financials,311.31,312.03,309.94,310.73,3218500,yfinance
2024-12-13,V,Financials,312.31,313.42,310.84,311.23,4682200,yfinance
2024-12-16,V,Financials,311.23,314.02,310.6,312.37,6562500,yfinance
2024-12-17,V,Financials,312.3,315.29,311.63,314.75,8843900,yfinance
2024-12-18,V,Financials,314.95,318.04,306.11,306.33,10479200,yfinance
2024-12-19,V,Financials,308.35,313.34,307.76,311.37,8317100,yfinance
2024-12-20,V,Financials,310.08,316.43,308.8,314.17,24387000,yfinance
2024-12-23,V,Financials,312.13,314.43,309.86,313.68,7984600,yfinance
2024-12-24,V,Financials,314.62,317.96,313.74,317.08,2684100,yfinance
2024-12-26,V,Financials,316.21,317.87,315.9,317.33,2856000,yfinance
2024-12-27,V,Financials,315.71,317.92,314.02,315.11,3489200,yfinance
2024-12-30,V,Financials,311.17,313.58,309.74,311.8,3478500,yfinance
2024-12-31,V,Financials,312.6,314.12,311.68,312.52,3963800,yfinance
2025-01-02,V,Financials,314.24,316.12,308.93,310.9,5369500,yfinance
2025-01-03,V,Financials,310.68,312.4,308.53,311.4,4271300,yfinance
2025-01-06,V,Financials,311.5,311.87,308.59,309.55,6567300,yfinance
2025-01-07,V,Financials,309.4,311.68,307.85,308.2,4958600,yfinance
2025-01-08,V,Financials,307.53,310.54,306.75,309.12,5161600,yfinance
2025-01-10,V,Financials,307.73,308.37,302.58,304.28,6660100,yfinance
2025-01-13,V,Financials,301.6,303.5,300.45,303.5,9568400,yfinance
2025-01-14,V,Financials,305.31,306.7,304.09,305.64,5107600,yfinance
2025-01-15,V,Financials,310.18,313.65,309.64,312.75,5222000,yfinance
2025-01-16,V,Financials,312.23,315.62,312.23,313.71,4606700,yfinance
2025-01-17,V,Financials,313.96,317.02,313.18,316.06,5805800,yfinance
2025-01-21,V,Financials,316.74,320.96,316.43,320.02,5653000,yfinance
2025-01-22,V,Financials,321.15,322.11,318.79,319.95,5026500,yfinance
2025-01-23,V,Financials,320.15,324.85,319.96,324.55,5297100,yfinance
2025-01-24,V,Financials,324.36,327.4,324.16,326.52,4327500,yfinance
2025-01-27,V,Financials,326.32,331.75,324.39,330.81,6636500,yfinance
2025-01-28,V,Financials,330.94,334.06,329.18,330.75,5999600,yfinance
2025-01-29,V,Financials,330.77,333.35,330.77,332.14,5087300,yfinance
2025-01-30,V,Financials,335.73,340.6,335.22,339.23,8081300,yfinance
2025-01-31,V,Financials,342.61,347.34,337.9,337.99,8624100,yfinance
2025-02-03,V,Financials,336.21,342.14,335.46,341.97,8004500,yfinance
2025-02-04,V,Financials,340.76,342.15,338.72,341.3,5532600,yfinance
2025-02-05,V,Financials,342.14,345.58,341.4,345.55,4939100,yfinance
2025-02-06,V,Financials,345.88,346.74,342.74,343.61,4294500,yfinance
2025-02-07,V,Financials,344.12,346.84,343.34,344.14,4261200,yfinance
2025-02-10,V,Financials,344.81,347.98,343.82,347.32,6067000,yfinance
2025-02-11,V,Financials,345.0,348.78,342.97,347.39,5154800,yfinance
2025-02-12,V,Financials,345.85,348.49,344.2,348.16,6760100,yfinance
2025-02-13,V,Financials,349.77,352.7,347.4,352.26,4279200,yfinance
2025-02-14,V,Financials,351.07,352.06,349.87,350.46,5720300,yfinance
2025-02-18,V,Financials,350.34,353.36,349.06,353.35,5822000,yfinance
2025-02-19,V,Financials,352.64,353.76,350.82,351.86,4152300,yfinance
2025-02-20,V,Financials,351.86,352.75,345.75,347.17,5697000,yfinance
2025-02-21,V,Financials,347.17,349.97,344.19,345.23,6924100,yfinance
2025-02-24,V,Financials,345.45,347.47,344.07,346.54,5055900,yfinance
2025-02-25,V,Financials,348.04,349.25,342.72,348.75,6191900,yfinance
2025-02-26,V,Financials,346.68,348.49,345.68,347.31,5960600,yfinance
2025-02-27,V,Financials,348.56,356.89,348.35,352.37,7298100,yfinance
2025-02-28,V,Financials,351.35,360.55,350.36,359.27,15857300,yfinance
2025-03-03,V,Financials,359.56,363.06,356.13,358.39,9099600,yfinance
2025-03-04,V,Financials,356.7,356.85,347.08,348.89,8955800,yfinance
2025-03-05,V,Financials,347.5,350.75,345.63,349.34,8244200,yfinance
2025-03-06,V,Financials,342.68,345.56,337.16,340.9,8611100,yfinance
2025-03-07,V,Financials,337.64,343.11,335.92,342.05,6358700,yfinance
2025-03-10,V,Financials,336.72,341.74,334.44,338.24,8204300,yfinance
2025-03-11,V,Financials,335.2,336.39,326.45,328.99,9776100,yfinance
2025-03-12,V,Financials,332.78,332.97,325.99,329.68,6295400,yfinance
2025-03-13,V,Financials,327.85,333.01,324.59,325.43,7915300,yfinance
2025-03-14,V,Financials,324.11,329.61,323.29,328.65,7810600,yfinance
2025-03-17,V,Financials,326.9,332.92,326.63,331.38,6149400,yfinance
2025-03-18,V,Financials,332.11,332.62,329.15,331.6,7778300,yfinance
2025-03-19,V,Financials,333.61,337.8,331.33,336.65,5614900,yfinance
2025-03-20,V,Financials,335.79,338.99,334.46,336.28,5432700,yfinance
2025-03-21,V,Financials,334.17,336.21,332.34,332.48,17279700,yfinance
2025-03-24,V,Financials,335.44,341.95,334.45,340.61,5675100,yfinance
2025-03-25,V,Financials,341.29,342.25,337.44,341.35,3931200,yfinance
2025-03-26,V,Financials,342.71,344.09,339.75,340.92,6187100,yfinance
2025-03-27,V,Financials,340.74,347.51,340.06,346.54,7254800,yfinance
2025-03-28,V,Financials,345.88,348.29,338.37,339.6,5687600,yfinance
2025-03-31,V,Financials,336.13,348.52,331.32,347.14,9950800,yfinance
2025-04-01,V,Financials,347.12,347.13,339.32,343.07,7473300,yfinance
2025-04-02,V,Financials,340.18,344.9,339.8,343.05,5682500,yfinance
2025-04-03,V,Financials,330.73,341.47,327.86,336.17,8792900,yfinance
2025-04-04,V,Financials,326.87,331.48,309.16,310.16,13201700,yfinance
2025-04-07,V,Financials,299.21,319.13,296.16,309.36,12163400,yfinance
2025-04-08,V,Financials,319.18,323.19,301.05,305.35,9569300,yfinance
2025-04-09,V,Financials,302.74,330.86,302.74,329.28,11361800,yfinance
2025-04-10,V,Financials,324.91,327.03,310.3,321.53,8709800,yfinance
2025-04-11,V,Financials,321.35,333.78,319.48,330.24,6804500,yfinance
2025-04-14,V,Financials,333.22,336.39,329.98,332.0,5011800,yfinance
2025-04-15,V,Financials,333.53,336.17,331.82,332.63,4386200,yfinance
2025-04-16,V,Financials,331.82,334.02,325.74,328.19,5850600,yfinance
2025-04-17,V,Financials,327.93,331.15,325.33,326.48,5655900,yfinance
2025-04-21,V,Financials,325.88,326.03,313.65,317.06,6362300,yfinance
2025-04-22,V,Financials,320.79,329.41,319.33,328.26,5435500,yfinance
2025-04-23,V,Financials,334.04,338.01,330.04,331.2,8906000,yfinance
2025-04-24,V,Financials,330.12,333.58,328.11,332.53,8055200,yfinance
2025-04-25,V,Financials,331.59,333.18,329.02,331.99,4452800,yfinance
2025-04-28,V,Financials,333.59,336.12,331.84,334.31,5422900,yfinance
2025-04-29,V,Financials,335.29,339.02,333.27,338.28,5519500,yfinance
2025-04-30,V,Financials,331.27,343.23,330.08,342.22,9526700,yfinance
2025-05-01,V,Financials,342.3,342.44,336.89,339.2,5849900,yfinance
2025-05-02,V,Financials,343.93,346.77,342.84,344.3,6113700,yfinance
2025-05-05,V,Financials,343.71,347.72,342.84,345.33,3865300,yfinance
2025-05-06,V,Financials,343.12,346.33,342.48,344.4,3438500,yfinance
2025-05-07,V,Financials,345.39,347.82,343.92,346.53,5454000,yfinance
2025-05-08,V,Financials,348.66,351.96,347.62,347.94,4156400,yfinance
2025-05-09,V,Financials,348.49,350.45,347.35,349.2,3086600,yfinance
2025-05-12,V,Financials,355.73,358.46,347.8,352.48,7985400,yfinance
2025-05-13,V,Financials,352.73,356.06,351.8,353.35,5406200,yfinance
2025-05-14,V,Financials,353.87,355.6,352.43,353.67,6207600,yfinance
2025-05-15,V,Financials,354.09,360.88,353.88,359.46,5826100,yfinance
2025-05-16,V,Financials,360.11,363.32,358.06,362.26,5838100,yfinance
2025-05-19,V,Financials,360.18,366.26,359.48,365.02,5081500,yfinance
2025-05-20,V,Financials,364.9,365.36,361.83,363.97,5281400,yfinance
2025-05-21,V,Financials,360.87,363.12,355.27,355.49,6125500,yfinance
2025-05-22,V,Financials,354.96,357.18,353.77,355.16,4936600,yfinance
2025-05-23,V,Financials,350.98,353.21,349.46,350.77,5345900,yfinance
2025-05-27,V,Financials,352.62,357.18,351.7,356.48,6316000,yfinance
2025-05-28,V,Financials,356.52,358.08,355.23,356.91,3299000,yfinance
2025-05-29,V,Financials,357.53,360.19,355.91,359.56,4590400,yfinance
2025-05-30,V,Financials,358.52,364.16,358.52,362.33,8726900,yfinance
2025-06-02,V,Financials,359.93,362.6,357.14,362.46,3845700,yfinance
2025-06-03,V,Financials,361.72,364.0,358.67,362.99,5221300,yfinance
2025-06-04,V,Financials,363.84,366.76,363.44,365.12,4202300,yfinance
2025-06-05,V,Financials,367.1,368.09,363.06,363.9,6881900,yfinance
2025-06-06,V,Financials,366.12,368.09,364.67,367.32,5008500,yfinance
2025-06-09,V,Financials,366.89,366.89,359.21,363.79,4999900,yfinance
2025-06-10,V,Financials,364.12,368.53,363.81,367.79,4109300,yfinance
2025-06-11,V,Financials,367.1,372.57,366.49,370.38,5562700,yfinance
2025-06-12,V,Financials,369.31,371.24,366.65,368.49,4874000,yfinance
2025-06-13,V,Financials,358.68,360.17,342.3,350.08,14181700,yfinance
2025-06-16,V,Financials,353.7,357.4,351.55,352.69,7234700,yfinance
2025-06-17,V,Financials,350.72,356.78,350.55,355.04,5559600,yfinance
2025-06-18,V,Financials,355.05,355.67,335.39,337.71,15008600,yfinance
2025-06-20,V,Financials,336.29,337.34,332.3,335.92,19332100,yfinance
2025-06-23,V,Financials,334.86,341.6,333.0,341.06,7553300,yfinance
2025-06-24,V,Financials,348.77,351.78,345.19,348.87,10172000,yfinance
2025-06-25,V,Financials,347.7,348.54,342.55,342.55,6836300,yfinance
2025-06-26,V,Financials,341.09,344.19,339.35,343.32,8829500,yfinance
2025-06-27,V,Financials,343.87,349.25,342.95,345.88,6601900,yfinance
2025-06-30,V,Financials,346.61,352.82,346.32,352.27,7080100,yfinance
2025-07-01,V,Financials,351.05,354.2,348.67,352.68,6653400,yfinance
2025-07-02,V,Financials,351.82,353.57,347.26,351.44,5131400,yfinance
2025-07-03,V,Financials,351.81,356.19,350.84,356.05,3702800,yfinance
2025-07-07,V,Financials,356.11,356.84,351.71,353.85,5138000,yfinance
2025-07-08,V,Financials,353.88,355.47,350.48,351.77,6966800,yfinance
2025-07-09,V,Financials,352.29,354.96,350.98,354.96,7297100,yfinance
2025-07-10,V,Financials,354.03,354.82,350.68,353.09,6121300,yfinance
2025-07-11,V,Financials,349.75,351.04,341.69,345.2,7580200,yfinance
2025-07-14,V,Financials,344.67,349.21,342.31,347.75,5598900,yfinance
2025-07-15,V,Financials,345.39,347.47,344.04,344.3,4891700,yfinance
2025-07-16,V,Financials,344.57,347.92,343.09,347.16,5544200,yfinance
2025-07-17,V,Financials,347.26,348.62,345.75,347.07,4747100,yfinance
2025-07-18,V,Financials,346.76,346.76,344.44,346.31,4927600,yfinance
2025-07-21,V,Financials,346.32,350.88,345.67,348.19,5216300,yfinance
2025-07-22,V,Financials,348.35,351.7,347.46,349.1,4614200,yfinance
2025-07-23,V,Financials,350.23,352.99,348.46,352.51,4385600,yfinance
2025-07-24,V,Financials,352.04,354.38,351.09,351.2,5887200,yfinance
2025-07-25,V,Financials,351.23,354.85,350.24,354.24,3915400,yfinance
2025-07-28,V,Financials,353.59,355.51,351.95,352.68,3921000,yfinance
2025-07-29,V,Financials,353.5,355.51,348.06,348.54,7402300,yfinance
2025-07-30,V,Financials,348.94,353.83,344.51,348.16,12129700,yfinance
2025-07-31,V,Financials,346.2,350.06,342.39,342.76,8641700,yfinance
2025-08-01,V,Financials,341.4,343.46,335.45,336.69,8658700,yfinance
2025-08-04,V,Financials,339.02,341.68,337.34,339.47,7335300,yfinance
2025-08-05,V,Financials,339.47,339.78,332.92,334.79,7295600,yfinance
2025-08-06,V,Financials,335.65,338.75,332.8,337.08,5944100,yfinance
2025-08-07,V,Financials,338.75,339.47,326.12,329.49,8797100,yfinance
2025-08-08,V,Financials,331.06,334.74,330.12,334.14,6073900,yfinance
2025-08-11,V,Financials,334.09,335.21,331.89,333.27,5715800,yfinance
2025-08-12,V,Financials,333.16,336.59,332.77,334.69,5682800,yfinance
2025-08-13,V,Financials,334.93,341.39,334.73,340.46,5693400,yfinance
2025-08-14,V,Financials,340.85,343.97,339.59,343.39,6224000,yfinance
2025-08-15,V,Financials,344.14,346.24,340.77,342.37,4946600,yfinance
2025-08-18,V,Financials,341.75,343.62,338.87,340.65,3999600,yfinance
2025-08-19,V,Financials,340.47,344.23,339.81,340.36,4457200,yfinance
2025-08-20,V,Financials,341.31,345.32,340.76,341.84,5834400,yfinance
2025-08-21,V,Financials,340.8,342.42,337.65,341.6,6073600,yfinance
2025-08-22,V,Financials,343.12,349.06,343.12,347.91,4973200,yfinance
2025-08-25,V,Financials,347.48,348.58,345.38,346.7,8019800,yfinance
2025-08-26,V,Financials,346.57,351.25,345.33,349.04,5876200,yfinance
2025-08-27,V,Financials,348.57,351.28,347.71,348.22,5531100,yfinance
2025-08-28,V,Financials,348.46,348.9,346.48,347.73,4987100,yfinance
2025-08-29,V,Financials,348.33,350.48,346.87,349.64,3671900,yfinance
2025-09-02,V,Financials,347.18,348.04,343.97,347.94,4940300,yfinance
2025-09-03,V,Financials,347.21,348.75,345.14,348.73,4176400,yfinance
2025-09-04,V,Financials,348.59,350.48,347.02,348.85,4324000,yfinance
2025-09-05,V,Financials,349.24,350.47,338.13,341.13,5448300,yfinance
2025-09-08,V,Financials,340.25,342.28,338.92,340.21,4711600,yfinance
2025-09-09,V,Financials,339.61,344.21,339.21,341.89,4646200,yfinance
2025-09-10,V,Financials,340.52,340.52,334.39,336.06,6557900,yfinance
2025-09-11,V,Financials,336.67,341.44,335.81,341.4,5157600,yfinance
2025-09-12,V,Financials,339.14,341.1,337.1,337.36,3518300,yfinance
2025-09-15,V,Financials,338.54,340.62,336.33,336.98,4367500,yfinance
2025-09-16,V,Financials,334.19,338.47,331.44,337.96,5527700,yfinance
2025-09-17,V,Financials,337.87,344.09,337.45,344.09,5763500,yfinance
2025-09-18,V,Financials,342.63,343.17,336.12,336.12,7526600,yfinance
2025-09-19,V,Financials,338.38,340.6,336.19,339.53,13674300,yfinance
2025-09-22,V,Financials,336.95,342.76,336.6,342.26,5621800,yfinance
2025-09-23,V,Financials,342.49,343.16,335.57,336.64,10142700,yfinance
2025-09-24,V,Financials,337.06,337.83,335.86,336.62,5207400,yfinance
2025-09-25,V,Financials,336.29,338.13,332.47,332.89,5398700,yfinance
2025-09-26,V,Financials,335.18,337.43,334.18,335.32,9619200,yfinance
2025-09-29,V,Financials,335.32,338.57,333.51,338.09,7217800,yfinance
2025-09-30,V,Financials,337.75,343.5,336.45,339.3,8164400,yfinance
2025-10-01,V,Financials,338.24,347.23,338.24,345.71,8381000,yfinance
2025-10-02,V,Financials,344.11,345.07,341.47,343.84,5198000,yfinance
2025-10-03,V,Financials,344.0,351.01,343.89,347.71,5199700,yfinance
2025-10-06,V,Financials,347.88,348.98,342.25,347.15,4735600,yfinance
2025-10-07,V,Financials,347.93,352.28,347.93,350.27,5044600,yfinance
2025-10-08,V,Financials,351.63,352.84,348.96,349.22,3927500,yfinance
2025-10-09,V,Financials,349.33,350.72,343.48,344.93,4434800,yfinance
2025-10-10,V,Financials,345.51,348.27,341.16,341.56,6296200,yfinance
2025-10-13,V,Financials,341.63,345.54,338.65,341.21,4030700,yfinance
2025-10-14,V,Financials,338.92,347.88,338.15,346.26,5731000,yfinance
2025-10-15,V,Financials,346.26,347.95,341.9,343.58,3778200,yfinance
2025-10-16,V,Financials,342.9,343.58,332.13,333.36,6241500,yfinance
2025-10-17,V,Financials,335.71,341.36,334.95,339.81,6267100,yfinance
2025-10-20,V,Financials,339.82,342.86,336.88,342.31,4665000,yfinance
2025-10-21,V,Financials,341.03,347.52,340.91,345.1,4121800,yfinance
2025-10-22,V,Financials,345.7,346.05,342.4,343.26,5074400,yfinance
2025-10-23,V,Financials,344.09,345.04,342.36,343.85,7217200,yfinance
2025-10-24,V,Financials,346.08,346.95,343.22,345.26,3576700,yfinance
2025-10-27,V,Financials,346.87,347.39,342.91,345.7,5400300,yfinance
2025-10-28,V,Financials,346.46,347.76,344.39,344.79,7445400,yfinance
2025-10-29,V,Financials,343.89,348.84,336.94,339.2,8361700,yfinance
2025-10-30,V,Financials,340.14,347.59,339.71,342.93,6411800,yfinance
2025-10-31,V,Financials,340.0,340.91,336.11,338.66,7301600,yfinance
2025-11-03,V,Financials,338.92,339.13,332.78,334.85,5538000,yfinance
2025-11-04,V,Financials,334.43,338.25,332.21,338.23,5920200,yfinance
2025-11-05,V,Financials,338.06,340.03,334.31,337.97,4984600,yfinance
2025-11-06,V,Financials,336.53,336.59,331.68,334.91,8507900,yfinance
2025-11-07,V,Financials,334.68,336.23,332.81,333.97,5318400,yfinance
2025-11-10,V,Financials,334.6,336.62,332.28,332.81,5295800,yfinance
2025-11-11,V,Financials,333.46,337.02,331.17,336.86,4453300,yfinance
2025-11-12,V,Financials,336.86,342.84,336.01,337.48,6389600,yfinance
2025-11-13,V,Financials,337.64,340.05,334.22,334.69,4961700,yfinance
2025-11-14,V,Financials,334.51,334.69,327.67,328.66,6422300,yfinance
2025-11-17,V,Financials,329.79,331.99,323.59,324.41,6494800,yfinance
2025-11-18,V,Financials,323.16,323.66,316.69,319.86,9170400,yfinance
2025-11-19,V,Financials,320.19,323.23,318.55,322.78,7066700,yfinance
2025-11-20,V,Financials,322.78,327.05,321.81,322.44,6510300,yfinance
2025-11-21,V,Financials,324.04,329.72,322.95,326.63,8930000,yfinance
2025-11-24,V,Financials,327.88,329.37,324.66,327.94,9337100,yfinance
2025-11-25,V,Financials,327.54,334.67,327.54,333.15,5854300,yfinance
2025-11-26,V,Financials,333.15,334.33,331.69,332.41,4309900,yfinance
2025-11-28,V,Financials,332.06,333.64,330.63,333.06,4586200,yfinance
2025-12-01,V,Financials,331.57,331.93,328.78,329.03,7082300,yfinance
2025-12-02,V,Financials,330.08,331.43,325.86,328.26,8201900,yfinance
2025-12-03,V,Financials,328.25,330.98,327.99,328.25,6296700,yfinance
2025-12-04,V,Financials,329.91,331.01,322.94,325.75,6277500,yfinance
2025-12-05,V,Financials,325.48,332.73,325.05,329.87,5266600,yfinance
2025-12-08,V,Financials,328.52,329.97,323.37,325.49,6059400,yfinance
2025-12-09,V,Financials,325.26,326.88,323.73,325.15,4325400,yfinance
2025-12-10,V,Financials,325.29,327.4,323.96,324.39,5467500,yfinance
2025-12-11,V,Financials,331.23,345.89,328.7,344.21,12953600,yfinance
2025-12-12,V,Financials,346.57,348.4,344.54,346.4,6942300,yfinance
2025-12-15,V,Financials,346.4,347.01,342.41,345.46,7004600,yfinance
2025-12-16,V,Financials,344.57,346.19,342.3,343.69,7269300,yfinance
2025-12-17,V,Financials,344.13,346.36,342.26,342.99,7263500,yfinance
2025-12-18,V,Financials,343.75,346.1,342.85,344.58,6805000,yfinance
2025-12-19,V,Financials,344.62,348.47,344.62,347.81,18623900,yfinance
2025-12-22,V,Financials,348.56,351.98,348.15,350.64,5043500,yfinance
2025-12-23,V,Financials,350.55,354.91,350.55,351.92,3703200,yfinance
2025-12-24,V,Financials,351.92,354.52,351.55,353.68,2023600,yfinance
2025-12-26,V,Financials,353.64,355.26,352.25,353.54,2017000,yfinance
2025-12-29,V,Financials,354.02,355.08,352.34,353.15,3989900,yfinance
2025-12-30,V,Financials,352.54,353.41,351.21,352.16,3366500,yfinance
2025-12-31,V,Financials,352.19,353.74,349.24,349.26,3503200,yfinance
2026-01-02,V,Financials,348.43,348.61,342.06,345.05,5403800,yfinance
2026-01-05,V,Financials,343.08,356.07,342.63,352.34,7592200,yfinance
2026-01-06,V,Financials,352.22,357.14,350.55,356.09,6775400,yfinance
2026-01-07,V,Financials,355.68,356.8,353.05,354.41,6333900,yfinance
2026-01-08,V,Financials,353.54,354.88,348.06,350.78,6357600,yfinance
2026-01-09,V,Financials,350.71,353.24,347.72,348.33,4902900,yfinance
2026-01-12,V,Financials,341.37,345.08,335.93,341.79,13281300,yfinance
2026-01-13,V,Financials,335.61,336.13,322.5,326.53,20383500,yfinance
2026-01-14,V,Financials,327.31,328.54,322.6,327.81,9388400,yfinance
2026-01-15,V,Financials,327.97,330.32,325.02,326.4,8587700,yfinance
2026-01-16,V,Financials,325.43,327.89,324.06,326.95,8341600,yfinance
2026-01-20,V,Financials,320.9,326.97,320.23,324.48,8279900,yfinance
2026-01-21,V,Financials,325.08,327.32,321.67,323.94,8974600,yfinance
2026-01-22,V,Financials,325.11,327.04,322.66,325.01,6938700,yfinance
2026-01-23,V,Financials,324.52,326.45,323.28,324.84,5667900,yfinance
2026-01-26,V,Financials,326.65,330.63,323.69,327.14,7540200,yfinance
2026-01-27,V,Financials,327.13,327.57,323.57,323.92,6365800,yfinance
2026-01-28,V,Financials,325.38,327.04,323.54,325.63,8106000,yfinance
2026-01-29,V,Financials,328.64,331.99,322.18,330.43,10214200,yfinance
2026-01-30,V,Financials,330.85,331.63,320.27,320.5,11199100,yfinance
2026-02-02,V,Financials,323.49,333.31,322.77,332.46,8502400,yfinance
2026-02-03,V,Financials,330.28,334.41,327.51,327.57,9081200,yfinance
2026-02-04,V,Financials,325.76,329.94,323.08,328.59,8472300,yfinance
2026-02-05,V,Financials,331.63,336.2,327.46,327.77,8339000,yfinance
2026-02-06,V,Financials,330.41,333.75,325.75,330.21,7798800,yfinance
2026-02-09,V,Financials,329.4,331.45,322.29,324.24,8513400,yfinance
2026-02-10,V,Financials,324.04,329.2,323.88,327.49,5801800,yfinance
2026-02-11,V,Financials,326.24,330.36,325.74,328.56,8264300,yfinance
2026-02-12,V,Financials,328.21,331.55,323.33,323.51,9392600,yfinance
2026-02-13,V,Financials,323.16,325.8,312.17,313.43,11653900,yfinance
2026-02-17,V,Financials,313.76,320.72,313.76,318.84,8591700,yfinance
2026-02-18,V,Financials,318.84,321.61,316.06,319.64,7091900,yfinance
2026-02-19,V,Financials,316.83,319.54,315.08,318.27,5967600,yfinance
2026-02-20,V,Financials,317.45,321.68,317.16,320.29,6831100,yfinance
2026-02-23,V,Financials,318.38,319.86,304.08,305.89,13048000,yfinance
2026-02-24,V,Financials,304.87,308.63,302.45,306.58,9120200,yfinance
2026-02-25,V,Financials,307.91,313.29,307.61,312.34,7624200,yfinance
2026-02-26,V,Financials,313.83,318.76,313.29,316.04,8725500,yfinance
2026-02-27,V,Financials,313.81,319.57,311.3,319.48,12412900,yfinance
2026-03-02,V,Financials,314.85,321.93,313.95,319.85,6674900,yfinance
2026-03-03,V,Financials,315.16,321.37,313.7,320.17,5474300,yfinance
2026-03-04,V,Financials,320.78,325.1,319.14,319.81,5257900,yfinance
2026-03-05,V,Financials,318.67,322.13,314.12,319.14,8267200,yfinance
2026-03-06,V,Financials,315.4,317.03,311.65,316.7,6439700,yfinance
2026-03-09,V,Financials,312.81,315.75,309.51,315.32,8381500,yfinance
2026-03-10,V,Financials,314.78,316.47,310.81,313.78,5271300,yfinance
2026-03-11,V,Financials,312.6,314.43,307.75,308.32,6376700,yfinance
2026-03-12,V,Financials,307.5,310.31,305.39,305.87,7514900,yfinance
2026-03-13,V,Financials,306.95,309.71,305.79,306.5,4814100,yfinance
2026-03-16,V,Financials,307.21,310.49,306.74,309.47,6401200,yfinance
2026-03-17,V,Financials,310.68,312.04,306.74,307.82,6872200,yfinance
2026-03-18,V,Financials,306.77,307.3,297.88,298.4,7191700,yfinance
2026-03-19,V,Financials,297.42,301.84,296.42,299.09,6826400,yfinance
2026-03-20,V,Financials,299.23,302.29,298.39,301.0,14398100,yfinance
2026-03-23,V,Financials,304.57,307.21,302.22,303.81,7824500,yfinance
2026-03-24,V,Financials,301.38,305.41,300.0,303.13,5375900,yfinance
2026-03-25,V,Financials,304.85,307.85,301.54,304.28,6280900,yfinance
2026-03-26,V,Financials,303.53,307.23,302.37,304.9,7652700,yfinance
2026-03-27,V,Financials,303.69,303.96,293.71,294.91,9974400,yfinance
2026-03-30,V,Financials,298.11,300.06,295.28,298.92,9330300,yfinance
2026-03-31,V,Financials,300.98,302.71,295.98,301.61,10246900,yfinance
2026-04-01,V,Financials,304.42,304.42,293.28,297.89,7707600,yfinance
2026-04-02,V,Financials,297.18,301.84,295.24,300.18,4376000,yfinance
2026-04-06,V,Financials,300.12,303.79,298.84,302.7,5501000,yfinance
2026-04-07,V,Financials,301.81,304.35,300.5,301.92,4413900,yfinance
2026-04-08,V,Financials,307.09,310.44,307.06,308.32,6879300,yfinance
2026-04-09,V,Financials,307.36,308.94,302.96,307.65,4811500,yfinance
2026-04-10,V,Financials,308.07,308.36,302.88,303.73,5190000,yfinance
2026-04-13,V,Financials,303.3,309.11,301.71,308.75,6787200,yfinance
2026-04-14,V,Financials,307.83,311.47,306.85,310.73,5571000,yfinance
2026-04-15,V,Financials,312.35,316.07,310.88,315.26,4831400,yfinance
2026-04-16,V,Financials,315.7,317.34,313.92,314.45,5695800,yfinance
2026-04-17,V,Financials,315.95,318.78,314.53,316.36,8082300,yfinance
2026-04-20,V,Financials,315.75,316.89,311.7,313.29,5506800,yfinance
2026-04-21,V,Financials,313.36,316.23,308.18,309.3,6806900,yfinance
2026-04-22,V,Financials,310.37,310.72,307.42,310.65,5666600,yfinance
2026-04-23,V,Financials,309.86,311.55,304.38,308.24,7275000,yfinance
2026-04-24,V,Financials,306.46,309.34,303.87,308.78,5616900,yfinance
2026-04-27,V,Financials,306.87,310.18,305.43,309.01,6261500,yfinance
2026-04-28,V,Financials,311.55,313.31,308.1,308.66,8839900,yfinance
2026-04-29,V,Financials,335.7,341.27,333.1,334.17,16658600,yfinance
2026-04-30,V,Financials,331.43,331.81,327.4,329.16,11241100,yfinance
2026-05-01,V,Financials,332.19,335.16,327.25,327.35,6726100,yfinance
2026-05-04,V,Financials,327.32,329.11,324.73,326.17,6712400,yfinance
2026-05-05,V,Financials,324.44,324.91,318.99,321.36,5893200,yfinance
2026-05-06,V,Financials,323.08,323.91,317.34,318.14,7808400,yfinance
2026-05-07,V,Financials,318.88,323.02,318.88,320.62,7186100,yfinance
2026-05-08,V,Financials,320.33,320.41,315.51,318.13,5950200,yfinance
2026-05-11,V,Financials,318.44,324.51,317.35,323.19,9586200,yfinance
2026-05-12,V,Financials,324.32,328.91,324.2,326.42,6235200,yfinance
2026-05-13,V,Financials,323.79,325.42,319.8,320.31,7950400,yfinance
2026-05-14,V,Financials,321.37,323.33,320.25,322.52,5277400,yfinance
2026-05-15,V,Financials,324.0,329.01,323.84,325.75,6054500,yfinance
2026-05-18,V,Financials,324.43,333.43,323.77,332.64,5305800,yfinance
2026-05-19,V,Financials,333.33,335.17,329.49,329.91,12858100,yfinance
2026-05-20,V,Financials,330.09,331.66,326.82,330.75,9422500,yfinance
2026-05-21,V,Financials,329.84,332.52,327.24,331.12,7034500,yfinance
2026-05-22,V,Financials,330.52,333.43,328.82,328.88,7462100,yfinance
2026-05-26,V,Financials,326.46,328.5,324.51,326.48,8705100,yfinance
2026-05-27,V,Financials,325.83,331.46,325.66,327.61,5917400,yfinance
2026-05-28,V,Financials,326.01,327.08,320.9,324.95,8105400,yfinance
2026-05-29,V,Financials,325.5,331.67,325.35,326.36,14104500,yfinance
2026-06-01,V,Financials,327.26,327.86,318.68,322.77,10079300,yfinance
2026-06-02,V,Financials,322.51,323.5,313.39,317.32,10125300,yfinance
2026-06-03,V,Financials,317.65,317.65,309.0,312.4,8992800,yfinance
2026-06-04,V,Financials,316.79,324.76,316.7,320.18,6981700,yfinance
2026-06-05,V,Financials,322.4,325.98,320.97,323.57,7176300,yfinance
2023-09-12,XOM,Energy,105.19,107.32,105.13,107.15,20145800,yfinance
2023-09-13,XOM,Energy,107.08,107.58,105.7,106.2,13472800,yfinance
2023-09-14,XOM,Energy,107.21,108.22,107.01,108.09,15210700,yfinance
2023-09-15,XOM,Energy,107.53,108.08,106.25,106.43,34568400,yfinance
2023-09-18,XOM,Energy,107.19,107.84,106.43,107.29,14045300,yfinance
2023-09-19,XOM,Energy,108.18,108.38,106.35,107.01,12562900,yfinance
2023-09-20,XOM,Energy,106.29,107.64,106.09,106.16,11879900,yfinance
2023-09-21,XOM,Energy,106.69,107.04,104.52,104.66,14400600,yfinance
2023-09-22,XOM,Energy,105.53,106.41,104.71,104.83,13197300,yfinance
2023-09-25,XOM,Energy,104.96,106.39,104.73,106.0,11316000,yfinance
2023-09-26,XOM,Energy,105.34,106.46,105.22,106.17,11805400,yfinance
2023-09-27,XOM,Energy,107.52,109.9,107.07,109.62,23976200,yfinance
2023-09-28,XOM,Energy,109.42,110.08,107.79,108.96,16808100,yfinance
2023-09-29,XOM,Energy,108.62,108.69,106.46,107.23,18813600,yfinance
2023-10-02,XOM,Energy,107.19,107.43,104.47,105.46,14395000,yfinance
2023-10-03,XOM,Energy,105.28,106.2,104.91,105.64,13297100,yfinance
2023-10-04,XOM,Energy,104.02,104.05,100.78,101.69,19622200,yfinance
2023-10-05,XOM,Energy,100.14,101.14,99.14,99.4,20128800,yfinance
2023-10-06,XOM,Energy,96.43,98.74,95.86,97.74,25367500,yfinance
2023-10-09,XOM,Energy,100.72,102.21,99.88,101.16,22369900,yfinance
2023-10-10,XOM,Energy,101.25,101.64,100.43,100.73,13892000,yfinance
2023-10-11,XOM,Energy,97.55,97.74,95.61,97.12,57939000,yfinance
2023-10-12,XOM,Energy,98.12,98.35,96.76,97.1,31183000,yfinance
2023-10-13,XOM,Energy,98.53,100.5,98.35,100.2,30276500,yfinance
2023-10-16,XOM,Energy,100.78,100.94,99.53,100.28,18452000,yfinance
2023-10-17,XOM,Energy,100.08,101.96,100.03,101.59,19775400,yfinance
2023-10-18,XOM,Energy,101.98,103.41,101.87,103.01,23380300,yfinance
2023-10-19,XOM,Energy,102.8,103.94,101.53,103.08,20972500,yfinance
2023-10-20,XOM,Energy,102.98,103.35,101.04,101.31,22445300,yfinance
2023-10-23,XOM,Energy,100.9,101.2,99.12,99.82,18185000,yfinance
2023-10-24,XOM,Energy,100.05,100.16,98.61,98.85,16786100,yfinance
2023-10-25,XOM,Energy,98.97,99.87,98.62,99.04,22047300,yfinance
2023-10-26,XOM,Energy,98.0,98.81,97.13,98.13,18768300,yfinance
2023-10-27,XOM,Energy,99.31,100.19,95.73,96.26,23092000,yfinance
2023-10-30,XOM,Energy,96.44,97.06,95.95,96.56,19379900,yfinance
2023-10-31,XOM,Energy,96.29,96.82,95.34,96.54,22185200,yfinance
2023-11-01,XOM,Energy,97.16,97.74,96.18,96.35,28984900,yfinance
2023-11-02,XOM,Energy,96.56,99.58,96.22,99.51,25212700,yfinance
2023-11-03,XOM,Energy,98.86,99.21,97.17,98.3,30555600,yfinance
2023-11-06,XOM,Energy,98.65,98.74,96.46,96.56,19097300,yfinance
2023-11-07,XOM,Energy,95.28,95.63,94.2,95.04,20272500,yfinance
2023-11-08,XOM,Energy,94.6,95.67,93.84,93.87,19184100,yfinance
2023-11-09,XOM,Energy,94.55,94.82,93.81,93.9,18380500,yfinance
2023-11-10,XOM,Energy,94.79,95.22,93.86,94.62,17825500,yfinance
2023-11-13,XOM,Energy,94.9,95.89,94.68,95.62,15308400,yfinance
2023-11-14,XOM,Energy,95.99,96.47,95.6,95.98,18260500,yfinance
2023-11-15,XOM,Energy,95.68,96.78,95.26,95.4,20137600,yfinance
2023-11-16,XOM,Energy,94.7,95.05,93.09,94.3,22469100,yfinance
2023-11-17,XOM,Energy,94.85,97.03,94.57,96.6,22984900,yfinance
2023-11-20,XOM,Energy,96.99,97.45,96.11,96.18,17458800,yfinance
2023-11-21,XOM,Energy,95.91,96.36,95.0,96.14,14989000,yfinance
2023-11-22,XOM,Energy,94.41,95.83,93.82,95.73,18072000,yfinance
2023-11-24,XOM,Energy,95.74,97.07,95.63,96.24,9480800,yfinance
2023-11-27,XOM,Energy,95.81,96.09,94.96,95.68,18013500,yfinance
2023-11-28,XOM,Energy,95.94,96.55,95.61,95.63,20629500,yfinance
2023-11-29,XOM,Energy,95.97,96.25,93.55,94.19,26802100,yfinance
2023-11-30,XOM,Energy,94.9,96.16,93.7,94.56,29254700,yfinance
2023-12-01,XOM,Energy,94.34,95.92,94.08,94.79,17845300,yfinance
2023-12-04,XOM,Energy,94.0,95.13,93.5,94.27,21523900,yfinance
2023-12-05,XOM,Energy,94.12,94.19,92.3,92.44,22250300,yfinance
2023-12-06,XOM,Energy,92.04,92.7,90.51,91.22,31154800,yfinance
2023-12-07,XOM,Energy,91.91,92.81,90.28,90.58,29990700,yfinance
2023-12-08,XOM,Energy,91.13,91.84,90.89,91.62,22074900,yfinance
2023-12-11,XOM,Energy,91.85,91.91,90.73,91.69,22252300,yfinance
2023-12-12,XOM,Energy,90.82,90.82,89.72,90.24,26084000,yfinance
2023-12-13,XOM,Energy,90.23,91.14,89.88,91.04,19915400,yfinance
2023-12-14,XOM,Energy,91.9,94.01,91.78,93.49,26165700,yfinance
2023-12-15,XOM,Energy,92.58,92.96,92.32,92.86,55527000,yfinance
2023-12-18,XOM,Energy,94.0,94.9,93.43,93.55,21610400,yfinance
2023-12-19,XOM,Energy,93.88,94.97,93.68,94.79,18904700,yfinance
2023-12-20,XOM,Energy,95.26,95.66,93.08,93.2,20988900,yfinance
2023-12-21,XOM,Energy,93.39,93.89,92.78,93.63,19250900,yfinance
2023-12-22,XOM,Energy,94.16,94.74,93.71,93.79,12927800,yfinance
2023-12-26,XOM,Energy,94.56,94.82,93.99,94.01,16835100,yfinance
2023-12-27,XOM,Energy,93.91,94.38,93.27,93.56,14558800,yfinance
2023-12-28,XOM,Energy,93.31,93.52,92.16,92.21,16329300,yfinance
2023-12-29,XOM,Energy,92.38,92.58,91.69,92.02,17746400,yfinance
2024-01-02,XOM,Energy,92.88,94.89,92.82,94.21,23483000,yfinance
2024-01-03,XOM,Energy,94.12,95.37,93.56,95.0,23490800,yfinance
2024-01-04,XOM,Energy,95.79,96.24,93.92,94.17,19395200,yfinance
2024-01-05,XOM,Energy,94.95,95.16,94.0,94.46,15827400,yfinance
2024-01-08,XOM,Energy,92.71,92.99,91.02,92.88,23370100,yfinance
2024-01-09,XOM,Energy,93.22,93.22,91.29,91.73,19496600,yfinance
2024-01-10,XOM,Energy,91.85,91.85,90.34,90.83,18206100,yfinance
2024-01-11,XOM,Energy,91.15,91.58,90.71,90.81,15833400,yfinance
2024-01-12,XOM,Energy,92.16,92.63,91.27,91.99,18041700,yfinance
2024-01-16,XOM,Energy,91.87,92.04,89.76,89.91,20235700,yfinance
2024-01-17,XOM,Energy,88.91,90.16,88.89,89.26,18384000,yfinance
2024-01-18,XOM,Energy,89.27,89.36,88.19,89.09,20940300,yfinance
2024-01-19,XOM,Energy,89.02,89.29,88.73,89.23,20088400,yfinance
2024-01-22,XOM,Energy,89.0,89.37,88.14,89.11,19955900,yfinance
2024-01-23,XOM,Energy,89.1,90.66,89.03,90.11,15863400,yfinance
2024-01-24,XOM,Energy,90.49,91.71,89.96,91.67,17330600,yfinance
2024-01-25,XOM,Energy,92.32,94.04,91.69,94.0,22089500,yfinance
2024-01-26,XOM,Energy,93.85,94.87,93.13,94.8,20817200,yfinance
2024-01-29,XOM,Energy,94.78,94.98,93.75,94.92,18317500,yfinance
2024-01-30,XOM,Energy,94.25,96.53,93.97,96.5,19610900,yfinance
2024-01-31,XOM,Energy,96.4,96.53,94.59,94.62,22415300,yfinance
2024-02-01,XOM,Energy,95.32,95.73,93.53,94.24,19240700,yfinance
2024-02-02,XOM,Energy,95.49,95.72,93.52,93.85,21973400,yfinance
2024-02-05,XOM,Energy,93.37,94.23,92.5,93.46,17190900,yfinance
2024-02-06,XOM,Energy,93.94,94.83,93.48,94.11,13347900,yfinance
2024-02-07,XOM,Energy,94.11,94.55,93.12,94.08,13826800,yfinance
2024-02-08,XOM,Energy,94.19,96.1,93.98,95.69,19636900,yfinance
2024-02-09,XOM,Energy,95.81,96.49,93.6,93.66,20410500,yfinance
2024-02-12,XOM,Energy,94.02,95.16,93.88,94.95,18173100,yfinance
2024-02-13,XOM,Energy,95.45,95.76,93.45,94.14,18917400,yfinance
2024-02-14,XOM,Energy,94.63,95.32,93.28,93.67,17651300,yfinance
2024-02-15,XOM,Energy,93.45,96.55,93.45,96.36,23196300,yfinance
2024-02-16,XOM,Energy,96.62,97.19,96.16,96.36,20151400,yfinance
2024-02-20,XOM,Energy,96.46,96.72,95.35,95.45,17650000,yfinance
2024-02-21,XOM,Energy,95.7,97.52,95.67,97.4,20991300,yfinance
2024-02-22,XOM,Energy,96.76,97.92,96.1,97.31,20470700,yfinance
2024-02-23,XOM,Energy,96.5,96.69,95.57,96.46,15975900,yfinance
2024-02-26,XOM,Energy,96.35,97.48,95.72,96.84,13360800,yfinance
2024-02-27,XOM,Energy,97.24,97.67,96.47,96.63,16360000,yfinance
2024-02-28,XOM,Energy,97.04,97.93,96.61,96.9,14810500,yfinance
2024-02-29,XOM,Energy,97.24,97.6,96.81,97.09,17566100,yfinance
2024-03-01,XOM,Energy,98.2,98.83,97.89,98.32,18460100,yfinance
2024-03-04,XOM,Energy,98.15,98.33,96.63,96.94,18138000,yfinance
2024-03-05,XOM,Energy,97.1,98.72,96.9,98.13,19952700,yfinance
2024-03-06,XOM,Energy,99.04,99.92,98.6,99.18,20472800,yfinance
2024-03-07,XOM,Energy,99.02,100.3,99.02,99.74,15195400,yfinance
2024-03-08,XOM,Energy,99.61,100.69,99.18,100.68,16281500,yfinance
2024-03-11,XOM,Energy,100.55,101.36,99.71,101.27,17577300,yfinance
2024-03-12,XOM,Energy,101.31,101.51,100.35,100.62,14957200,yfinance
2024-03-13,XOM,Energy,101.38,102.51,101.35,101.74,17122200,yfinance
2024-03-14,XOM,Energy,102.02,103.62,101.89,103.55,22121000,yfinance
2024-03-15,XOM,Energy,102.97,104.32,102.97,103.36,38264400,yfinance
2024-03-18,XOM,Energy,103.84,104.84,103.2,104.32,16770500,yfinance
2024-03-19,XOM,Energy,104.24,105.42,104.09,105.05,14878800,yfinance
2024-03-20,XOM,Energy,104.71,105.34,104.16,104.96,16119700,yfinance
2024-03-21,XOM,Energy,104.89,105.81,104.57,105.42,14878000,yfinance
2024-03-22,XOM,Energy,105.41,105.61,104.8,105.42,14701900,yfinance
2024-03-25,XOM,Energy,105.74,107.55,105.74,106.5,14011700,yfinance
2024-03-26,XOM,Energy,106.51,106.81,105.35,105.7,13152300,yfinance
2024-03-27,XOM,Energy,105.41,106.88,105.35,106.8,12415700,yfinance
2024-03-28,XOM,Energy,107.32,108.17,106.88,107.98,18482100,yfinance
2024-04-01,XOM,Energy,108.13,108.91,107.18,108.67,13817000,yfinance
2024-04-02,XOM,Energy,109.54,111.1,108.99,110.8,19919600,yfinance
2024-04-03,XOM,Energy,110.99,111.24,110.29,110.82,16504300,yfinance
2024-04-04,XOM,Energy,110.59,111.36,110.21,111.21,18467400,yfinance
2024-04-05,XOM,Energy,111.45,113.47,111.13,112.74,21720600,yfinance
2024-04-08,XOM,Energy,112.47,113.09,111.66,111.98,17513900,yfinance
2024-04-09,XOM,Energy,112.4,113.0,111.79,112.57,14132300,yfinance
2024-04-10,XOM,Energy,112.6,113.76,112.15,113.51,17409200,yfinance
2024-04-11,XOM,Energy,113.97,113.97,111.79,113.13,17555900,yfinance
2024-04-12,XOM,Energy,114.21,114.95,111.16,111.81,21556200,yfinance
2024-04-15,XOM,Energy,112.48,113.04,110.96,111.17,15029500,yfinance
2024-04-16,XOM,Energy,111.06,111.67,109.54,110.25,18082200,yfinance
2024-04-17,XOM,Energy,110.12,110.87,108.79,110.2,14538600,yfinance
2024-04-18,XOM,Energy,110.54,111.21,109.58,110.09,13821400,yfinance
2024-04-19,XOM,Energy,110.69,112.33,110.49,111.36,21572400,yfinance
2024-04-22,XOM,Energy,110.78,112.93,110.01,111.99,16340700,yfinance
2024-04-23,XOM,Energy,111.47,112.45,110.96,112.43,13929800,yfinance
2024-04-24,XOM,Energy,111.75,112.64,110.9,112.44,12101200,yfinance
2024-04-25,XOM,Energy,112.43,113.1,110.91,112.7,16041000,yfinance
2024-04-26,XOM,Energy,110.54,110.63,107.96,109.57,27289500,yfinance
2024-04-29,XOM,Energy,109.39,111.52,109.39,111.13,17309900,yfinance
2024-04-30,XOM,Energy,110.64,111.65,109.59,109.86,21083300,yfinance
2024-05-01,XOM,Energy,109.87,110.05,107.44,107.78,27777700,yfinance
2024-05-02,XOM,Energy,108.0,108.92,107.66,107.98,25513600,yfinance
2024-05-03,XOM,Energy,107.75,107.82,106.02,107.75,28023300,yfinance
2024-05-06,XOM,Energy,108.38,109.93,108.13,108.45,31401300,yfinance
2024-05-07,XOM,Energy,108.94,109.22,107.69,107.91,30122000,yfinance
2024-05-08,XOM,Energy,107.48,108.64,107.21,107.89,18957200,yfinance
2024-05-09,XOM,Energy,107.94,110.1,107.93,110.02,17564000,yfinance
2024-05-10,XOM,Energy,110.11,110.22,109.22,109.57,13648100,yfinance
2024-05-13,XOM,Energy,110.0,110.58,108.79,109.53,15060600,yfinance
2024-05-14,XOM,Energy,109.37,110.26,109.08,110.19,15079100,yfinance
2024-05-15,XOM,Energy,110.14,111.29,108.7,111.04,18244300,yfinance
2024-05-16,XOM,Energy,111.01,111.72,110.07,110.38,15745200,yfinance
2024-05-17,XOM,Energy,110.78,112.22,110.46,112.04,15104500,yfinance
2024-05-20,XOM,Energy,112.12,112.27,111.02,111.13,11551300,yfinance
2024-05-21,XOM,Energy,110.88,111.86,110.3,110.36,14495000,yfinance
2024-05-22,XOM,Energy,110.0,110.0,107.65,108.14,17879300,yfinance
2024-05-23,XOM,Energy,108.25,110.04,106.16,106.3,15979800,yfinance
2024-05-24,XOM,Energy,107.54,107.77,105.86,106.21,12212900,yfinance
2024-05-28,XOM,Energy,106.31,107.8,105.88,107.56,13978300,yfinance
2024-05-29,XOM,Energy,107.25,107.27,105.64,106.41,13902000,yfinance
2024-05-30,XOM,Energy,106.07,106.88,105.78,106.75,14683700,yfinance
2024-05-31,XOM,Energy,106.87,110.02,106.75,109.81,29037400,yfinance
2024-06-03,XOM,Energy,108.91,108.97,106.53,107.18,19589300,yfinance
2024-06-04,XOM,Energy,105.82,105.9,103.87,105.51,19412200,yfinance
2024-06-05,XOM,Energy,105.72,106.0,104.4,105.93,14863500,yfinance
2024-06-06,XOM,Energy,105.59,106.79,104.99,106.73,13154100,yfinance
2024-06-07,XOM,Energy,106.56,107.6,105.51,105.59,13289200,yfinance
2024-06-10,XOM,Energy,105.88,106.96,105.54,105.89,15239700,yfinance
2024-06-11,XOM,Energy,105.34,105.51,104.24,105.04,12462400,yfinance
2024-06-12,XOM,Energy,106.1,106.1,103.52,103.88,13606800,yfinance
2024-06-13,XOM,Energy,103.8,103.82,102.75,103.05,14466900,yfinance
2024-06-14,XOM,Energy,103.03,103.21,101.69,102.18,13313400,yfinance
2024-06-17,XOM,Energy,102.23,102.5,101.31,101.47,21147900,yfinance
2024-06-18,XOM,Energy,102.1,103.68,101.89,102.43,17762900,yfinance
2024-06-20,XOM,Energy,102.93,105.46,102.63,104.64,17433200,yfinance
2024-06-21,XOM,Energy,104.79,105.54,103.72,103.72,52212500,yfinance
2024-06-24,XOM,Energy,104.55,107.25,104.55,106.8,16266700,yfinance
2024-06-25,XOM,Energy,106.86,107.27,106.25,107.1,14188900,yfinance
2024-06-26,XOM,Energy,107.12,107.52,105.95,107.14,15771800,yfinance
2024-06-27,XOM,Energy,107.68,107.68,106.86,107.6,16812700,yfinance
2024-06-28,XOM,Energy,108.5,109.13,107.39,107.8,24565900,yfinance
2024-07-01,XOM,Energy,108.36,109.32,107.25,107.65,11972900,yfinance
2024-07-02,XOM,Energy,108.54,108.57,106.28,106.92,13326700,yfinance
2024-07-03,XOM,Energy,107.01,108.31,107.01,107.47,7732900,yfinance
2024-07-05,XOM,Energy,107.33,107.35,105.53,106.17,12631000,yfinance
2024-07-08,XOM,Energy,105.25,106.33,104.34,105.05,13350500,yfinance
2024-07-09,XOM,Energy,104.05,105.39,103.59,103.89,11727000,yfinance
2024-07-10,XOM,Energy,103.87,104.85,103.4,104.81,10004100,yfinance
2024-07-11,XOM,Energy,104.35,106.12,103.88,106.05,13082700,yfinance
2024-07-12,XOM,Energy,106.75,106.9,105.47,106.07,11684900,yfinance
2024-07-15,XOM,Energy,107.01,108.78,106.36,107.89,13032500,yfinance
2024-07-16,XOM,Energy,107.08,108.96,106.48,108.67,13614100,yfinance
2024-07-17,XOM,Energy,109.32,110.67,109.14,110.16,13602800,yfinance
2024-07-18,XOM,Energy,110.45,112.3,109.98,111.25,13033600,yfinance
2024-07-19,XOM,Energy,111.05,111.33,108.51,108.69,16157700,yfinance
2024-07-22,XOM,Energy,107.86,108.57,107.3,107.95,12065900,yfinance
2024-07-23,XOM,Energy,107.51,107.85,105.98,106.2,11251700,yfinance
2024-07-24,XOM,Energy,106.54,107.88,105.88,107.7,14925200,yfinance
2024-07-25,XOM,Energy,107.85,110.53,107.28,109.97,17021700,yfinance
2024-07-26,XOM,Energy,109.35,110.53,109.07,109.87,11252500,yfinance
2024-07-29,XOM,Energy,109.86,109.93,108.05,108.72,8861800,yfinance
2024-07-30,XOM,Energy,108.97,111.06,108.84,110.66,12483900,yfinance
2024-07-31,XOM,Energy,112.04,112.15,111.03,111.05,15137700,yfinance
2024-08-01,XOM,Energy,110.83,111.9,108.97,109.52,15051500,yfinance
2024-08-02,XOM,Energy,108.6,111.32,108.09,109.45,20403800,yfinance
2024-08-05,XOM,Energy,108.2,108.66,106.05,107.48,18025900,yfinance
2024-08-06,XOM,Energy,107.18,108.28,106.41,106.91,13647800,yfinance
2024-08-07,XOM,Energy,108.11,109.68,107.94,108.33,13660700,yfinance
2024-08-08,XOM,Energy,108.7,110.6,108.38,110.4,13851000,yfinance
2024-08-09,XOM,Energy,110.4,111.73,109.9,111.3,12151900,yfinance
2024-08-12,XOM,Energy,111.95,112.53,110.52,111.44,13228900,yfinance
2024-08-13,XOM,Energy,110.76,110.98,110.03,110.37,11585100,yfinance
2024-08-14,XOM,Energy,110.6,112.28,110.16,111.39,12194500,yfinance
2024-08-15,XOM,Energy,111.63,112.93,111.5,112.08,11579400,yfinance
2024-08-16,XOM,Energy,111.38,111.84,111.07,111.55,10056000,yfinance
2024-08-19,XOM,Energy,111.77,113.75,111.55,111.89,12417500,yfinance
2024-08-20,XOM,Energy,112.0,112.0,108.1,108.16,15632000,yfinance
2024-08-21,XOM,Energy,108.57,109.1,107.39,107.47,11752400,yfinance
2024-08-22,XOM,Energy,107.41,108.57,107.28,108.3,10609500,yfinance
2024-08-23,XOM,Energy,108.59,110.18,108.59,109.81,10381400,yfinance
2024-08-26,XOM,Energy,111.16,112.28,110.37,112.16,13671000,yfinance
2024-08-27,XOM,Energy,112.3,112.72,110.82,111.09,9991600,yfinance
2024-08-28,XOM,Energy,110.45,110.99,109.75,109.99,10742900,yfinance
2024-08-29,XOM,Energy,110.64,112.14,109.83,111.51,10753900,yfinance
2024-08-30,XOM,Energy,110.25,111.41,109.78,111.33,13284700,yfinance
2024-09-03,XOM,Energy,109.35,109.59,107.65,109.0,15725100,yfinance
2024-09-04,XOM,Energy,108.83,109.64,107.6,107.67,12620600,yfinance
2024-09-05,XOM,Energy,108.63,108.82,106.74,106.83,17200800,yfinance
2024-09-06,XOM,Energy,107.23,107.79,105.47,106.33,13467700,yfinance
2024-09-09,XOM,Energy,106.55,109.64,106.35,108.57,21645300,yfinance
2024-09-10,XOM,Energy,108.65,108.94,104.0,104.61,20913400,yfinance
2024-09-11,XOM,Energy,104.58,104.74,101.73,103.58,19571900,yfinance
2024-09-12,XOM,Energy,103.74,105.09,103.61,105.0,15919500,yfinance
2024-09-13,XOM,Energy,105.23,106.17,104.72,104.92,10035400,yfinance
2024-09-16,XOM,Energy,105.77,106.76,105.43,106.4,11729000,yfinance
2024-09-17,XOM,Energy,106.03,107.96,105.84,107.79,12202600,yfinance
2024-09-18,XOM,Energy,107.72,109.15,107.44,108.16,12569900,yfinance
2024-09-19,XOM,Energy,109.65,110.99,108.74,109.5,12660600,yfinance
2024-09-20,XOM,Energy,108.99,109.04,107.85,108.81,36206200,yfinance
2024-09-23,XOM,Energy,108.87,111.19,108.67,110.79,16066300,yfinance
2024-09-24,XOM,Energy,111.24,111.54,110.29,110.49,11984900,yfinance
2024-09-25,XOM,Energy,109.97,110.49,107.65,108.34,13816000,yfinance
2024-09-26,XOM,Energy,104.92,107.12,104.92,106.48,16887900,yfinance
2024-09-27,XOM,Energy,107.39,109.59,106.91,109.33,15964000,yfinance
2024-09-30,XOM,Energy,108.99,110.82,108.52,110.65,13247600,yfinance
2024-10-01,XOM,Energy,109.54,113.85,109.44,113.21,23235900,yfinance
2024-10-02,XOM,Energy,115.1,115.94,113.47,114.71,17129700,yfinance
2024-10-03,XOM,Energy,115.07,116.27,114.16,115.71,16524300,yfinance
2024-10-04,XOM,Energy,116.3,118.18,115.57,117.84,19752300,yfinance
2024-10-07,XOM,Energy,118.24,119.26,117.87,118.35,15714400,yfinance
2024-10-08,XOM,Energy,116.94,117.07,114.47,115.21,14818500,yfinance
2024-10-09,XOM,Energy,114.13,115.71,114.03,115.25,11144900,yfinance
2024-10-10,XOM,Energy,116.26,116.77,115.44,116.24,10243300,yfinance
2024-10-11,XOM,Energy,116.21,117.08,116.05,116.69,8294800,yfinance
2024-10-14,XOM,Energy,116.34,117.3,115.75,117.13,9808100,yfinance
2024-10-15,XOM,Energy,114.05,115.12,113.07,113.61,15771300,yfinance
2024-10-16,XOM,Energy,114.12,114.64,113.85,113.9,8426800,yfinance
2024-10-17,XOM,Energy,114.0,114.77,113.01,113.61,11204900,yfinance
2024-10-18,XOM,Energy,113.69,113.88,112.48,113.29,12898600,yfinance
2024-10-21,XOM,Energy,114.2,114.68,113.01,113.35,10177800,yfinance
2024-10-22,XOM,Energy,113.52,114.4,113.22,113.94,9201400,yfinance
2024-10-23,XOM,Energy,113.25,113.99,112.71,113.53,8320300,yfinance
2024-10-24,XOM,Energy,113.28,113.69,112.46,112.89,9905600,yfinance
2024-10-25,XOM,Energy,113.47,113.69,112.64,112.8,10714600,yfinance
2024-10-28,XOM,Energy,110.25,112.34,110.23,112.24,11844500,yfinance
2024-10-29,XOM,Energy,111.94,112.5,110.51,110.71,14731000,yfinance
2024-10-30,XOM,Energy,111.07,111.65,109.96,110.15,12303700,yfinance
2024-10-31,XOM,Energy,110.59,112.02,110.15,110.24,20512000,yfinance
2024-11-01,XOM,Energy,113.21,113.23,108.41,108.51,20939300,yfinance
2024-11-04,XOM,Energy,109.57,112.05,109.44,111.97,14965400,yfinance
2024-11-05,XOM,Energy,112.41,112.53,111.4,112.3,10436700,yfinance
2024-11-06,XOM,Energy,114.36,115.08,112.62,114.22,20807700,yfinance
2024-11-07,XOM,Energy,114.51,114.7,112.91,114.36,12184400,yfinance
2024-11-08,XOM,Energy,114.2,114.62,112.96,114.33,12836000,yfinance
2024-11-11,XOM,Energy,114.22,114.81,113.35,113.72,11969700,yfinance
2024-11-12,XOM,Energy,114.35,114.52,113.13,113.61,11972800,yfinance
2024-11-13,XOM,Energy,113.82,115.21,112.15,114.67,15127900,yfinance
2024-11-14,XOM,Energy,115.79,116.0,114.52,114.74,13041800,yfinance
2024-11-15,XOM,Energy,114.59,115.39,113.38,113.55,19051700,yfinance
2024-11-18,XOM,Energy,114.01,114.8,113.52,114.51,14239700,yfinance
2024-11-19,XOM,Energy,113.97,113.97,112.5,112.91,11584400,yfinance
2024-11-20,XOM,Energy,113.42,114.66,112.92,114.51,11360900,yfinance
2024-11-21,XOM,Energy,115.24,116.64,114.47,116.05,14675400,yfinance
2024-11-22,XOM,Energy,115.94,117.27,115.77,115.91,13323400,yfinance
2024-11-25,XOM,Energy,115.57,116.0,113.84,114.18,26580300,yfinance
2024-11-26,XOM,Energy,113.76,113.91,112.16,112.28,14827300,yfinance
2024-11-27,XOM,Energy,112.39,113.0,111.76,111.98,11079100,yfinance
2024-11-29,XOM,Energy,111.77,112.78,111.31,112.27,9426500,yfinance
2024-12-02,XOM,Energy,112.35,112.5,111.18,112.16,12687300,yfinance
2024-12-03,XOM,Energy,112.99,112.99,111.6,111.99,11756600,yfinance
2024-12-04,XOM,Energy,111.83,111.88,108.37,108.77,19520600,yfinance
2024-12-05,XOM,Energy,109.18,110.04,108.56,109.24,15751200,yfinance
2024-12-06,XOM,Energy,109.01,109.23,108.02,108.09,16171100,yfinance
2024-12-09,XOM,Energy,109.11,109.39,107.31,107.45,17412600,yfinance
2024-12-10,XOM,Energy,108.11,108.39,106.36,107.23,20990900,yfinance
2024-12-11,XOM,Energy,106.6,106.97,105.75,106.52,32392200,yfinance
2024-12-12,XOM,Energy,106.21,106.96,105.43,106.42,14543300,yfinance
2024-12-13,XOM,Energy,106.5,106.5,104.93,105.49,13106100,yfinance
2024-12-16,XOM,Energy,104.88,105.07,102.94,103.24,20256100,yfinance
2024-12-17,XOM,Energy,102.07,102.95,101.64,102.8,17554000,yfinance
2024-12-18,XOM,Energy,102.38,103.58,101.18,101.29,17114500,yfinance
2024-12-19,XOM,Energy,102.21,102.48,100.13,100.42,20565600,yfinance
2024-12-20,XOM,Energy,100.36,101.02,99.78,100.76,40141200,yfinance
2024-12-23,XOM,Energy,100.23,101.46,99.86,101.17,12285100,yfinance
2024-12-24,XOM,Energy,101.38,102.02,100.6,101.27,7807000,yfinance
2024-12-26,XOM,Energy,101.38,101.87,100.83,101.35,9652400,yfinance
2024-12-27,XOM,Energy,101.17,102.78,100.67,101.34,11943900,yfinance
2024-12-30,XOM,Energy,101.17,101.42,100.42,100.66,11080800,yfinance
2024-12-31,XOM,Energy,101.05,102.69,100.68,102.38,12387800,yfinance
2025-01-02,XOM,Energy,103.06,103.74,101.72,102.13,12685400,yfinance
2025-01-03,XOM,Energy,102.79,103.26,102.28,102.66,14237900,yfinance
2025-01-06,XOM,Energy,103.02,104.48,102.33,102.54,15623700,yfinance
2025-01-07,XOM,Energy,103.68,104.75,103.06,103.5,12625900,yfinance
2025-01-08,XOM,Energy,102.13,102.51,100.9,101.77,17858100,yfinance
2025-01-10,XOM,Energy,103.46,104.79,100.68,101.4,19304500,yfinance
2025-01-13,XOM,Energy,101.96,104.34,101.96,104.02,17073400,yfinance
2025-01-14,XOM,Energy,103.54,104.46,102.63,104.43,11191200,yfinance
2025-01-15,XOM,Energy,104.74,106.34,104.19,106.13,14521100,yfinance
2025-01-16,XOM,Energy,105.83,106.3,105.22,105.95,10366600,yfinance
2025-01-17,XOM,Energy,105.67,107.42,105.47,106.9,19298500,yfinance
2025-01-21,XOM,Energy,106.64,106.77,105.77,106.09,20416300,yfinance
2025-01-22,XOM,Energy,105.83,106.19,104.12,104.25,15718000,yfinance
2025-01-23,XOM,Energy,104.99,105.78,104.32,104.84,13726800,yfinance
2025-01-24,XOM,Energy,104.92,105.37,103.18,103.42,14235900,yfinance
2025-01-27,XOM,Energy,103.75,105.12,103.16,104.85,15926700,yfinance
2025-01-28,XOM,Energy,105.08,105.52,102.59,102.83,15862000,yfinance
2025-01-29,XOM,Energy,102.51,103.53,102.28,103.43,12345500,yfinance
2025-01-30,XOM,Energy,103.97,104.55,103.46,104.28,14346300,yfinance
2025-01-31,XOM,Energy,105.22,105.22,100.98,101.68,20376500,yfinance
2025-02-03,XOM,Energy,101.49,102.12,100.24,101.92,14623200,yfinance
2025-02-04,XOM,Energy,101.56,104.96,101.39,104.65,14835700,yfinance
2025-02-05,XOM,Energy,104.45,104.7,103.84,104.58,13364400,yfinance
2025-02-06,XOM,Energy,105.43,105.69,102.78,103.2,13411400,yfinance
2025-02-07,XOM,Energy,103.53,104.44,103.09,103.64,10051600,yfinance
2025-02-10,XOM,Energy,104.7,105.67,104.58,105.62,12142200,yfinance
2025-02-11,XOM,Energy,106.22,107.08,105.47,106.28,12713100,yfinance
2025-02-12,XOM,Energy,105.68,105.85,102.92,103.08,18244100,yfinance
2025-02-13,XOM,Energy,102.89,104.1,102.29,103.83,15460000,yfinance
2025-02-14,XOM,Energy,104.21,105.85,103.8,103.94,15733500,yfinance
2025-02-18,XOM,Energy,104.31,106.58,104.02,105.76,20060300,yfinance
2025-02-19,XOM,Energy,106.36,107.67,105.69,105.92,10964700,yfinance
2025-02-20,XOM,Energy,106.18,107.95,105.58,107.55,16325800,yfinance
2025-02-21,XOM,Energy,106.9,107.41,106.17,106.29,14710000,yfinance
2025-02-24,XOM,Energy,106.52,107.42,105.94,106.85,13153500,yfinance
2025-02-25,XOM,Energy,106.88,107.67,104.56,105.37,14497000,yfinance
2025-02-26,XOM,Energy,105.38,105.5,104.21,105.11,10446400,yfinance
2025-02-27,XOM,Energy,105.64,106.87,104.94,105.77,15293200,yfinance
2025-02-28,XOM,Energy,105.73,107.15,105.0,106.91,18821700,yfinance
2025-03-03,XOM,Energy,107.26,107.7,102.28,103.48,18706900,yfinance
2025-03-04,XOM,Energy,102.13,104.63,101.73,103.27,19394900,yfinance
2025-03-05,XOM,Energy,101.63,102.1,99.55,101.25,24822200,yfinance
2025-03-06,XOM,Energy,101.24,103.81,100.21,103.34,17150200,yfinance
2025-03-07,XOM,Energy,104.1,106.01,104.0,104.69,19625000,yfinance
2025-03-10,XOM,Energy,104.94,108.1,104.75,107.36,22749100,yfinance
2025-03-11,XOM,Energy,107.47,107.65,104.47,104.82,19904700,yfinance
2025-03-12,XOM,Energy,104.72,105.75,104.11,104.79,14051500,yfinance
2025-03-13,XOM,Energy,104.03,106.42,103.35,104.35,17767800,yfinance
2025-03-14,XOM,Energy,104.61,107.72,104.01,107.45,15890100,yfinance
2025-03-17,XOM,Energy,107.36,109.95,107.29,109.24,19908800,yfinance
2025-03-18,XOM,Energy,109.56,109.99,108.1,109.12,15998700,yfinance
2025-03-19,XOM,Energy,109.66,111.22,109.31,110.82,17315000,yfinance
2025-03-20,XOM,Energy,110.16,111.84,109.67,111.29,16230800,yfinance
2025-03-21,XOM,Energy,110.91,111.38,109.81,110.91,41102800,yfinance
2025-03-24,XOM,Energy,111.08,112.26,110.99,111.2,14207500,yfinance
2025-03-25,XOM,Energy,111.8,112.97,111.35,111.96,12081800,yfinance
2025-03-26,XOM,Energy,113.0,114.44,113.0,113.57,14110800,yfinance
2025-03-27,XOM,Energy,113.41,114.34,112.6,113.21,12740800,yfinance
2025-03-28,XOM,Energy,113.41,113.75,112.58,113.05,10233400,yfinance
2025-03-31,XOM,Energy,113.11,115.15,113.11,114.2,21652300,yfinance
2025-04-01,XOM,Energy,114.48,114.54,113.24,114.31,12425400,yfinance
2025-04-02,XOM,Energy,113.69,114.12,112.98,113.95,12614600,yfinance
2025-04-03,XOM,Energy,109.83,110.86,107.77,107.96,21204600,yfinance
2025-04-04,XOM,Energy,105.5,106.43,99.7,100.19,30841300,yfinance
2025-04-07,XOM,Energy,96.4,101.6,94.55,98.85,35068500,yfinance
2025-04-08,XOM,Energy,101.27,101.4,95.08,96.77,27147800,yfinance
2025-04-09,XOM,Energy,95.42,102.34,94.23,101.6,30063300,yfinance
2025-04-10,XOM,Energy,99.59,99.66,93.91,95.96,33999300,yfinance
2025-04-11,XOM,Energy,96.31,99.8,94.86,99.04,22884600,yfinance
2025-04-14,XOM,Energy,100.86,100.91,98.64,99.28,18020000,yfinance
2025-04-15,XOM,Energy,99.52,101.22,98.91,99.0,13164900,yfinance
2025-04-16,XOM,Energy,99.82,101.39,99.58,100.05,13607000,yfinance
2025-04-17,XOM,Energy,100.53,104.24,100.31,102.67,17916500,yfinance
2025-04-21,XOM,Energy,101.41,101.43,99.98,101.16,16926500,yfinance
2025-04-22,XOM,Energy,101.92,104.61,101.92,104.0,13147000,yfinance
2025-04-23,XOM,Energy,104.49,104.96,102.24,103.1,14235700,yfinance
2025-04-24,XOM,Energy,103.68,104.55,102.71,104.31,9849600,yfinance
2025-04-25,XOM,Energy,103.84,104.44,103.15,104.26,11245800,yfinance
2025-04-28,XOM,Energy,104.43,104.91,103.4,104.31,13890900,yfinance
2025-04-29,XOM,Energy,103.46,104.51,103.25,104.05,9483100,yfinance
2025-04-30,XOM,Energy,103.15,103.15,100.01,101.43,20379300,yfinance
2025-05-01,XOM,Energy,100.92,102.67,100.81,101.58,18610300,yfinance
2025-05-02,XOM,Energy,103.44,104.67,100.4,101.99,16581900,yfinance
2025-05-05,XOM,Energy,100.49,100.5,98.97,99.17,19624000,yfinance
2025-05-06,XOM,Energy,99.76,101.77,99.37,100.55,16303400,yfinance
2025-05-07,XOM,Energy,100.82,101.11,99.93,100.45,12332200,yfinance
2025-05-08,XOM,Energy,101.15,103.12,101.15,101.86,19196500,yfinance
2025-05-09,XOM,Energy,102.88,103.47,102.15,103.05,10992100,yfinance
2025-05-12,XOM,Energy,105.89,106.05,104.02,104.82,14244600,yfinance
2025-05-13,XOM,Energy,104.98,106.12,104.69,105.11,13350800,yfinance
2025-05-14,XOM,Energy,104.53,104.53,103.64,104.17,15494900,yfinance
2025-05-15,XOM,Energy,103.2,105.29,102.7,105.23,15004300,yfinance
2025-05-16,XOM,Energy,105.29,105.53,104.13,104.85,14042500,yfinance
2025-05-19,XOM,Energy,104.25,104.25,102.45,103.18,16802700,yfinance
2025-05-20,XOM,Energy,103.1,103.42,101.54,101.71,12429300,yfinance
2025-05-21,XOM,Energy,101.3,101.73,100.44,100.46,16716100,yfinance
2025-05-22,XOM,Energy,99.88,100.27,98.74,99.79,13417400,yfinance
2025-05-23,XOM,Energy,99.43,100.27,98.92,99.85,12061600,yfinance
2025-05-27,XOM,Energy,100.29,100.65,99.72,100.32,13043600,yfinance
2025-05-28,XOM,Energy,101.07,101.2,98.65,98.96,14292400,yfinance
2025-05-29,XOM,Energy,99.12,99.67,98.61,99.52,13825300,yfinance
2025-05-30,XOM,Energy,99.0,99.23,98.06,99.14,28645800,yfinance
2025-06-02,XOM,Energy,100.55,100.64,99.06,99.87,17290500,yfinance
2025-06-03,XOM,Energy,99.72,101.43,99.05,100.59,19194300,yfinance
2025-06-04,XOM,Energy,100.71,101.68,99.14,99.14,15648500,yfinance
2025-06-05,XOM,Energy,99.8,99.87,98.59,98.68,13924800,yfinance
2025-06-06,XOM,Energy,99.59,101.27,99.51,101.05,15487800,yfinance
2025-06-09,XOM,Energy,101.11,102.58,100.62,101.73,17087300,yfinance
2025-06-10,XOM,Energy,102.8,104.32,102.66,103.91,17634800,yfinance
2025-06-11,XOM,Energy,104.43,106.01,103.17,105.93,22648200,yfinance
2025-06-12,XOM,Energy,105.56,106.79,104.88,106.34,17469400,yfinance
2025-06-13,XOM,Energy,108.88,109.05,107.26,108.66,28540200,yfinance
2025-06-16,XOM,Energy,108.37,109.66,107.7,109.01,22986100,yfinance
2025-06-17,XOM,Energy,110.43,111.38,109.62,110.48,19451700,yfinance
2025-06-18,XOM,Energy,111.07,111.68,109.45,109.69,17968900,yfinance
2025-06-20,XOM,Energy,109.95,111.49,109.68,111.16,36273300,yfinance
2025-06-23,XOM,Energy,113.09,113.34,107.73,108.29,26631100,yfinance
2025-06-24,XOM,Energy,105.88,107.51,104.58,104.99,24828300,yfinance
2025-06-25,XOM,Energy,104.77,105.87,104.37,105.02,17483200,yfinance
2025-06-26,XOM,Energy,105.57,107.03,105.2,106.59,18304800,yfinance
2025-06-27,XOM,Energy,106.54,106.7,105.02,106.0,22002100,yfinance
2025-06-30,XOM,Energy,105.28,105.48,104.39,104.47,19199000,yfinance
2025-07-01,XOM,Energy,104.79,106.25,103.84,105.87,15536900,yfinance
2025-07-02,XOM,Energy,106.6,107.92,105.47,107.62,11892200,yfinance
2025-07-03,XOM,Energy,107.44,109.0,107.2,108.73,11223600,yfinance
2025-07-07,XOM,Energy,108.09,108.59,106.82,107.68,15415900,yfinance
2025-07-08,XOM,Energy,107.46,110.92,107.43,110.66,17913400,yfinance
2025-07-09,XOM,Energy,110.4,110.74,109.77,110.28,10652100,yfinance
2025-07-10,XOM,Energy,110.2,111.71,109.58,111.38,14901700,yfinance
2025-07-11,XOM,Energy,111.3,112.18,110.97,111.86,11683900,yfinance
2025-07-14,XOM,Energy,111.67,111.67,109.72,110.4,13220300,yfinance
2025-07-15,XOM,Energy,110.15,110.54,109.12,109.42,10959300,yfinance
2025-07-16,XOM,Energy,109.39,109.99,108.64,108.76,11158900,yfinance
2025-07-17,XOM,Energy,108.05,108.76,107.66,108.21,13151400,yfinance
2025-07-18,XOM,Energy,107.68,108.28,104.02,104.44,32366600,yfinance
2025-07-21,XOM,Energy,104.28,105.41,104.12,104.71,17010400,yfinance
2025-07-22,XOM,Energy,104.64,106.06,104.29,105.19,13970900,yfinance
2025-07-23,XOM,Energy,105.56,106.6,105.49,106.53,12002700,yfinance
2025-07-24,XOM,Energy,106.27,107.52,105.76,107.37,15647200,yfinance
2025-07-25,XOM,Energy,107.31,107.55,106.31,106.99,10548900,yfinance
2025-07-28,XOM,Energy,107.57,108.65,107.42,108.0,12353000,yfinance
2025-07-29,XOM,Energy,108.44,109.51,107.97,109.39,15928000,yfinance
2025-07-30,XOM,Energy,108.94,109.13,107.82,108.44,12996900,yfinance
2025-07-31,XOM,Energy,106.95,109.02,106.95,108.19,17233700,yfinance
2025-08-01,XOM,Energy,108.54,109.06,105.5,106.25,19652000,yfinance
2025-08-04,XOM,Energy,105.85,106.52,103.78,104.05,19129500,yfinance
2025-08-05,XOM,Energy,103.91,104.49,102.79,103.93,21314300,yfinance
2025-08-06,XOM,Energy,104.96,105.68,103.08,103.22,15321800,yfinance
2025-08-07,XOM,Energy,103.83,104.72,102.62,102.68,13468300,yfinance
2025-08-08,XOM,Energy,103.21,104.19,102.68,103.5,14417700,yfinance
2025-08-11,XOM,Energy,103.8,104.21,102.27,102.56,13570700,yfinance
2025-08-12,XOM,Energy,103.05,103.97,102.51,102.85,14109400,yfinance
2025-08-13,XOM,Energy,102.73,104.28,102.47,104.28,17958700,yfinance
2025-08-14,XOM,Energy,104.23,104.27,103.15,104.06,13683500,yfinance
2025-08-15,XOM,Energy,103.87,105.21,103.63,104.16,19271900,yfinance
2025-08-18,XOM,Energy,103.78,104.88,103.36,104.39,13040000,yfinance
2025-08-19,XOM,Energy,103.88,105.11,103.83,105.07,16113600,yfinance
2025-08-20,XOM,Energy,105.52,106.94,105.32,106.16,18959700,yfinance
2025-08-21,XOM,Energy,106.05,107.17,105.6,106.84,12194900,yfinance
2025-08-22,XOM,Energy,107.2,108.97,107.2,108.85,13586700,yfinance
2025-08-25,XOM,Energy,108.47,109.47,108.12,109.3,9744900,yfinance
2025-08-26,XOM,Energy,108.93,109.36,107.95,109.05,18143900,yfinance
2025-08-27,XOM,Energy,108.98,110.51,108.98,110.28,15262600,yfinance
2025-08-28,XOM,Energy,110.4,111.16,109.62,110.87,14189800,yfinance
2025-08-29,XOM,Energy,111.23,112.28,111.1,111.79,14597900,yfinance
2025-09-02,XOM,Energy,111.68,112.72,110.85,112.18,15206700,yfinance
2025-09-03,XOM,Energy,111.48,111.93,109.02,109.46,14920100,yfinance
2025-09-04,XOM,Energy,109.66,110.66,108.94,109.94,12864400,yfinance
2025-09-05,XOM,Energy,109.16,109.33,106.64,106.84,16826700,yfinance
2025-09-08,XOM,Energy,107.33,107.64,105.98,107.45,15440500,yfinance
2025-09-09,XOM,Energy,108.11,110.05,108.11,108.23,14899500,yfinance
2025-09-10,XOM,Energy,108.73,110.1,108.42,110.04,15837600,yfinance
2025-09-11,XOM,Energy,108.96,110.3,108.44,109.69,11534500,yfinance
2025-09-12,XOM,Energy,110.39,110.74,109.43,109.71,11105700,yfinance
2025-09-15,XOM,Energy,109.73,110.0,108.89,109.89,12880500,yfinance
2025-09-16,XOM,Energy,110.49,112.8,110.31,112.17,17208000,yfinance
2025-09-17,XOM,Energy,112.02,112.96,111.56,112.77,13302000,yfinance
2025-09-18,XOM,Energy,112.65,112.83,110.92,111.44,14628700,yfinance
2025-09-19,XOM,Energy,111.41,111.49,110.18,110.35,38746500,yfinance
2025-09-22,XOM,Energy,109.99,110.33,109.12,109.57,15611500,yfinance
2025-09-23,XOM,Energy,110.25,112.24,110.02,111.46,25369100,yfinance
2025-09-24,XOM,Energy,112.06,113.23,111.97,112.05,14756100,yfinance
2025-09-25,XOM,Energy,112.13,113.36,111.91,113.06,15012600,yfinance
2025-09-26,XOM,Energy,113.42,115.77,113.38,114.66,18568900,yfinance
2025-09-29,XOM,Energy,113.52,113.95,111.18,111.72,19189300,yfinance
2025-09-30,XOM,Energy,110.87,111.01,109.49,110.28,18076200,yfinance
2025-10-01,XOM,Energy,110.1,110.55,108.86,109.54,16614000,yfinance
2025-10-02,XOM,Energy,109.52,110.62,108.6,108.86,13062600,yfinance
2025-10-03,XOM,Energy,109.45,111.26,109.45,110.78,12950100,yfinance
2025-10-06,XOM,Energy,110.81,112.26,110.7,111.7,12036800,yfinance
2025-10-07,XOM,Energy,111.57,112.01,109.3,111.76,11945000,yfinance
2025-10-08,XOM,Energy,111.88,112.49,110.93,111.53,12301000,yfinance
2025-10-09,XOM,Energy,111.93,112.98,110.27,110.44,10976200,yfinance
2025-10-10,XOM,Energy,109.8,110.16,108.29,108.31,13811600,yfinance
2025-10-13,XOM,Energy,109.1,109.84,108.89,109.78,10296500,yfinance
2025-10-14,XOM,Energy,108.34,110.49,108.29,109.83,11167200,yfinance
2025-10-15,XOM,Energy,110.33,111.09,108.54,109.17,12182900,yfinance
2025-10-16,XOM,Energy,109.43,109.74,107.98,108.22,11782200,yfinance
2025-10-17,XOM,Energy,109.19,110.44,108.75,109.78,13460100,yfinance
2025-10-20,XOM,Energy,109.55,110.68,109.53,110.23,9523600,yfinance
2025-10-21,XOM,Energy,110.42,110.88,109.54,110.24,9202300,yfinance
2025-10-22,XOM,Energy,110.97,112.66,110.61,112.2,12938800,yfinance
2025-10-23,XOM,Energy,114.08,114.29,112.84,113.44,15001100,yfinance
2025-10-24,XOM,Energy,113.81,113.92,112.66,112.87,9919400,yfinance
2025-10-27,XOM,Energy,113.17,113.45,112.58,113.4,10975400,yfinance
2025-10-28,XOM,Energy,112.96,113.64,112.47,112.51,9535200,yfinance
2025-10-29,XOM,Energy,112.41,114.49,112.3,113.9,12570600,yfinance
2025-10-30,XOM,Energy,113.88,113.97,112.02,112.18,16172900,yfinance
2025-10-31,XOM,Energy,111.49,112.71,110.16,111.86,20213400,yfinance
2025-11-03,XOM,Energy,112.0,112.47,111.15,111.27,12290300,yfinance
2025-11-04,XOM,Energy,110.9,111.85,110.05,111.64,16860700,yfinance
2025-11-05,XOM,Energy,111.59,112.66,111.18,111.19,12400900,yfinance
2025-11-06,XOM,Energy,111.15,112.43,111.15,112.0,14219700,yfinance
2025-11-07,XOM,Energy,112.69,114.94,112.39,114.66,17181100,yfinance
2025-11-10,XOM,Energy,114.87,115.86,112.93,115.63,13048000,yfinance
2025-11-11,XOM,Energy,116.23,118.17,116.23,117.16,16077100,yfinance
2025-11-12,XOM,Energy,116.49,116.67,115.21,115.54,13790900,yfinance
2025-11-13,XOM,Energy,116.04,117.14,115.69,116.19,17291900,yfinance
2025-11-14,XOM,Energy,116.87,117.89,115.11,117.7,17064300,yfinance
2025-11-17,XOM,Energy,117.39,117.91,115.55,116.11,16034900,yfinance
2025-11-18,XOM,Energy,115.7,117.89,114.93,117.44,15808500,yfinance
2025-11-19,XOM,Energy,115.29,116.61,114.39,115.79,15919200,yfinance
2025-11-20,XOM,Energy,116.41,117.42,115.19,115.46,14401000,yfinance
2025-11-21,XOM,Energy,115.43,115.82,114.11,115.52,15667600,yfinance
2025-11-24,XOM,Energy,115.64,115.64,113.21,114.43,18034900,yfinance
2025-11-25,XOM,Energy,113.65,114.36,112.67,112.98,14434600,yfinance
2025-11-26,XOM,Energy,112.89,114.2,112.79,113.24,11650600,yfinance
2025-11-28,XOM,Energy,113.42,117.16,113.29,114.38,7240800,yfinance
2025-12-01,XOM,Energy,114.55,115.85,114.55,115.08,12658100,yfinance
2025-12-02,XOM,Energy,114.89,115.05,113.16,113.84,14607700,yfinance
2025-12-03,XOM,Energy,114.41,116.41,114.34,116.23,16819100,yfinance
2025-12-04,XOM,Energy,115.94,116.76,115.11,115.58,13686900,yfinance
2025-12-05,XOM,Energy,115.2,117.2,114.86,114.99,12516900,yfinance
2025-12-08,XOM,Energy,114.29,115.44,113.51,114.44,14904200,yfinance
2025-12-09,XOM,Energy,115.34,118.87,115.33,116.68,23790800,yfinance
2025-12-10,XOM,Energy,117.15,118.27,116.79,117.95,19845200,yfinance
2025-12-11,XOM,Energy,117.52,118.76,117.48,117.95,14781800,yfinance
2025-12-12,XOM,Energy,117.85,118.32,116.73,117.24,14459500,yfinance
2025-12-15,XOM,Energy,117.42,117.44,115.29,116.19,16358700,yfinance
2025-12-16,XOM,Energy,115.21,115.28,113.08,113.15,17638700,yfinance
2025-12-17,XOM,Energy,113.68,116.05,113.64,115.85,18502200,yfinance
2025-12-18,XOM,Energy,115.43,115.43,114.09,114.99,13705600,yfinance
2025-12-19,XOM,Energy,115.2,116.0,114.42,115.14,45412800,yfinance
2025-12-22,XOM,Energy,115.78,116.88,115.78,116.58,11768600,yfinance
2025-12-23,XOM,Energy,116.89,118.43,116.74,117.83,12567600,yfinance
2025-12-24,XOM,Energy,117.74,118.45,117.53,117.63,6137400,yfinance
2025-12-26,XOM,Energy,117.31,117.96,116.95,117.52,8066100,yfinance
2025-12-29,XOM,Energy,118.55,119.68,117.81,118.92,14782500,yfinance
2025-12-30,XOM,Energy,119.49,120.18,119.02,119.38,11150500,yfinance
2025-12-31,XOM,Energy,119.57,119.65,118.27,118.74,10559900,yfinance
2026-01-02,XOM,Energy,118.49,121.05,118.02,121.02,14175100,yfinance
2026-01-05,XOM,Energy,123.54,124.25,120.76,123.69,30112200,yfinance
2026-01-06,XOM,Energy,123.68,124.12,119.39,119.44,23328600,yfinance
2026-01-07,XOM,Energy,118.2,118.52,116.69,116.91,20353000,yfinance
2026-01-08,XOM,Energy,117.4,121.98,117.08,121.27,20232700,yfinance
2026-01-09,XOM,Energy,121.59,123.2,121.46,122.95,16137700,yfinance
2026-01-12,XOM,Energy,122.8,122.84,120.93,122.38,15314900,yfinance
2026-01-13,XOM,Energy,123.34,125.45,123.15,124.85,21619700,yfinance
2026-01-14,XOM,Energy,125.65,129.97,125.44,128.47,27593900,yfinance
2026-01-15,XOM,Energy,127.41,128.47,126.59,127.41,17400000,yfinance
2026-01-16,XOM,Energy,127.19,128.43,127.15,128.16,16592400,yfinance
2026-01-20,XOM,Energy,129.76,130.18,128.34,128.72,16477300,yfinance
2026-01-21,XOM,Energy,130.15,131.95,130.15,131.83,18879900,yfinance
2026-01-22,XOM,Energy,131.28,132.39,130.09,131.86,16600100,yfinance
2026-01-23,XOM,Energy,133.29,134.17,132.69,133.17,17758200,yfinance
2026-01-26,XOM,Energy,135.11,135.12,132.38,133.04,16056100,yfinance
2026-01-27,XOM,Energy,133.45,135.11,132.92,135.01,14517000,yfinance
2026-01-28,XOM,Energy,135.86,136.17,134.85,135.75,15637300,yfinance
2026-01-29,XOM,Energy,138.45,140.44,137.26,138.64,35760600,yfinance
2026-01-30,XOM,Energy,136.89,140.32,135.99,139.52,29657700,yfinance
2026-02-02,XOM,Energy,137.97,138.45,136.22,136.56,27735600,yfinance
2026-02-03,XOM,Energy,136.79,143.08,136.47,141.82,37577800,yfinance
2026-02-04,XOM,Energy,142.2,145.87,142.2,145.62,29426200,yfinance
2026-02-05,XOM,Energy,144.63,144.78,141.88,144.13,18431700,yfinance
2026-02-06,XOM,Energy,144.67,147.58,144.14,147.06,17216000,yfinance
2026-02-09,XOM,Energy,147.27,149.53,146.65,149.2,21297300,yfinance
2026-02-10,XOM,Energy,149.33,149.76,147.82,149.57,15800300,yfinance
2026-02-11,XOM,Energy,151.92,154.84,151.52,153.49,23091500,yfinance
2026-02-12,XOM,Energy,152.85,154.2,148.87,148.92,30652500,yfinance
2026-02-13,XOM,Energy,149.54,150.64,146.98,147.45,20166000,yfinance
2026-02-17,XOM,Energy,147.2,148.12,144.17,145.2,19766600,yfinance
2026-02-18,XOM,Energy,147.15,149.96,146.61,149.66,19849700,yfinance
2026-02-19,XOM,Energy,151.17,152.35,149.82,149.95,20305000,yfinance
2026-02-20,XOM,Energy,149.48,149.79,145.47,146.29,25908600,yfinance
2026-02-23,XOM,Energy,147.15,150.25,147.13,149.74,16073100,yfinance
2026-02-24,XOM,Energy,149.41,149.7,147.03,148.25,14185500,yfinance
2026-02-25,XOM,Energy,148.9,149.17,146.34,148.06,15225700,yfinance
2026-02-26,XOM,Energy,146.81,149.94,145.78,147.54,15632100,yfinance
2026-02-27,XOM,Energy,149.98,152.61,148.24,151.47,30275100,yfinance
2026-03-02,XOM,Energy,158.28,158.53,152.0,153.18,31493100,yfinance
2026-03-03,XOM,Energy,154.38,155.0,149.29,150.81,25198900,yfinance
2026-03-04,XOM,Energy,149.7,150.14,146.86,148.81,16764800,yfinance
2026-03-05,XOM,Energy,149.98,151.3,148.46,149.74,22969300,yfinance
2026-03-06,XOM,Energy,152.12,152.76,148.95,150.19,21136400,yfinance
2026-03-09,XOM,Energy,151.0,152.85,148.46,149.43,25532700,yfinance
2026-03-10,XOM,Energy,148.24,149.39,146.7,147.13,19617600,yfinance
2026-03-11,XOM,Energy,146.99,150.79,146.66,150.56,15297400,yfinance
2026-03-12,XOM,Energy,151.24,153.96,150.61,152.49,26054000,yfinance
2026-03-13,XOM,Energy,153.26,155.83,151.95,155.07,22414100,yfinance
2026-03-16,XOM,Energy,154.95,156.72,153.72,156.17,22835600,yfinance
2026-03-17,XOM,Energy,157.18,159.37,155.74,157.74,21592200,yfinance
2026-03-18,XOM,Energy,158.58,159.1,156.47,156.53,18947100,yfinance
2026-03-19,XOM,Energy,157.19,158.48,153.8,157.09,27082700,yfinance
2026-03-20,XOM,Energy,158.28,161.34,158.03,158.59,53942100,yfinance
2026-03-23,XOM,Energy,155.07,160.33,153.97,160.04,25021300,yfinance
2026-03-24,XOM,Energy,160.62,166.35,160.16,164.27,26131800,yfinance
2026-03-25,XOM,Energy,162.77,163.89,161.83,162.16,17192300,yfinance
2026-03-26,XOM,Energy,162.98,164.56,160.97,164.31,18625200,yfinance
2026-03-27,XOM,Energy,164.46,170.08,163.69,169.84,30338300,yfinance
2026-03-30,XOM,Energy,171.35,175.22,169.9,170.31,29813500,yfinance
2026-03-31,XOM,Energy,171.51,173.2,164.85,168.52,32006700,yfinance
2026-04-01,XOM,Energy,164.65,166.87,158.45,159.7,37927600,yfinance
2026-04-02,XOM,Energy,163.38,165.77,158.51,159.61,25377700,yfinance
2026-04-06,XOM,Energy,159.49,162.65,158.45,162.27,16344300,yfinance
2026-04-07,XOM,Energy,163.11,165.12,160.68,162.8,25227500,yfinance
2026-04-08,XOM,Energy,152.49,155.3,149.96,155.17,31311200,yfinance
2026-04-09,XOM,Energy,155.8,158.16,153.27,153.99,25868400,yfinance
2026-04-10,XOM,Energy,153.0,154.07,150.9,151.48,21065000,yfinance
2026-04-13,XOM,Energy,153.23,153.58,150.26,151.61,18685600,yfinance
2026-04-14,XOM,Energy,149.06,149.1,145.73,148.23,18528200,yfinance
2026-04-15,XOM,Energy,147.6,149.22,145.91,148.01,15626500,yfinance
2026-04-16,XOM,Energy,148.52,151.75,148.34,150.96,15191000,yfinance
2026-04-17,XOM,Energy,143.88,145.81,141.01,145.45,28947400,yfinance
2026-04-20,XOM,Energy,146.39,148.36,145.36,146.68,16354400,yfinance
2026-04-21,XOM,Energy,146.38,147.81,145.25,147.36,17515900,yfinance
2026-04-22,XOM,Energy,148.36,149.66,147.18,148.49,13738700,yfinance
2026-04-23,XOM,Energy,148.84,150.21,147.5,149.52,12970400,yfinance
2026-04-24,XOM,Energy,148.63,149.29,145.96,147.91,13735900,yfinance
2026-04-27,XOM,Energy,148.15,150.16,146.97,147.19,13940800,yfinance
2026-04-28,XOM,Energy,150.51,151.28,148.82,149.54,15173600,yfinance
2026-04-29,XOM,Energy,151.0,153.91,149.99,153.63,14669100,yfinance
2026-04-30,XOM,Energy,151.4,154.64,150.32,153.29,22885900,yfinance
2026-05-01,XOM,Energy,151.58,153.96,150.11,151.72,15458200,yfinance
2026-05-04,XOM,Energy,151.64,153.43,148.51,152.65,14238500,yfinance
2026-05-05,XOM,Energy,152.07,154.24,151.38,153.84,12494600,yfinance
2026-05-06,XOM,Energy,148.07,149.32,146.1,147.69,20527000,yfinance
2026-05-07,XOM,Energy,145.81,146.09,143.22,145.59,22509400,yfinance
2026-05-08,XOM,Energy,144.87,145.51,142.95,143.6,19550100,yfinance
2026-05-11,XOM,Energy,145.04,148.71,145.02,148.67,14849500,yfinance
2026-05-12,XOM,Energy,150.23,150.79,148.76,149.61,16443100,yfinance
2026-05-13,XOM,Energy,149.05,150.77,148.67,150.55,15772800,yfinance
2026-05-14,XOM,Energy,150.88,152.09,150.24,151.75,11331500,yfinance
2026-05-15,XOM,Energy,153.75,158.0,153.0,157.92,27882400,yfinance
2026-05-18,XOM,Energy,157.32,161.73,155.23,160.49,20065200,yfinance
2026-05-19,XOM,Energy,161.5,163.32,159.64,162.55,20715600,yfinance
2026-05-20,XOM,Energy,161.61,163.68,156.27,156.28,18509700,yfinance
2026-05-21,XOM,Energy,158.42,159.39,153.46,155.29,17061700,yfinance
2026-05-22,XOM,Energy,154.03,155.55,153.17,154.92,12948500,yfinance
2026-05-26,XOM,Energy,153.5,154.55,149.47,149.81,13057800,yfinance
2026-05-27,XOM,Energy,147.23,148.69,145.75,147.9,16241100,yfinance
2026-05-28,XOM,Energy,149.34,150.21,146.87,146.96,14012500,yfinance
2026-05-29,XOM,Energy,146.19,146.93,144.71,145.26,27959900,yfinance
2026-06-01,XOM,Energy,147.02,149.65,147.0,149.38,16732100,yfinance
2026-06-02,XOM,Energy,149.03,150.83,148.5,149.56,10462400,yfinance
2026-06-03,XOM,Energy,150.61,154.91,150.02,152.53,14373000,yfinance
2026-06-04,XOM,Energy,152.05,153.43,150.94,152.04,11799400,yfinance
2026-06-05,XOM,Energy,152.01,152.13,149.3,149.92,16584000,yfinance
